SK_ID_CURR,TARGET
100001,0.24
100005,0.3
100013,0.19
100028,0.19
100038,0.27
100042,0.19
100057,0.14
100065,0.21
100066,0.13
100067,0.25
100074,0.24
100090,0.14
100091,0.22
100092,0.24
100106,0.2
100107,0.33
100109,0.17
100117,0.24
100128,0.16
100141,0.17
100150,0.13
100168,0.24
100169,0.19
100170,0.11
100171,0.21
100172,0.33
100184,0.19
100187,0.25
100212,0.31
100222,0.24
100223,0.22
100232,0.18
100241,0.19
100245,0.26
100253,0.14
100256,0.26
100271,0.23
100278,0.38
100280,0.21
100306,0.32
100311,0.33
100312,0.26
100330,0.31
100331,0.22
100352,0.21
100358,0.17
100367,0.2
100382,0.34
100384,0.18
100385,0.27
100386,0.2
100399,0.16
100404,0.22
100416,0.18
100422,0.28
100426,0.14
100438,0.08
100444,0.31
100445,0.18
100446,0.17
100447,0.17
100450,0.32
100466,0.17
100483,0.2
100484,0.16
100494,0.27
100510,0.23
100512,0.23
100517,0.17
100548,0.22
100551,0.18
100552,0.25
100553,0.2
100561,0.25
100568,0.4
100569,0.19
100591,0.28
100592,0.2
100602,0.17
100607,0.26
100613,0.29
100617,0.28
100618,0.25
100622,0.29
100625,0.28
100677,0.38
100699,0.11
100702,0.3
100711,0.28
100729,0.26
100740,0.3
100744,0.31
100745,0.19
100747,0.26
100751,0.33
100752,0.23
100753,0.32
100754,0.22
100760,0.26
100762,0.13
100763,0.21
100765,0.23
100770,0.21
100772,0.15
100777,0.13
100791,0.18
100792,0.13
100797,0.13
100823,0.21
100826,0.16
100830,0.16
100836,0.31
100872,0.15
100910,0.17
100913,0.24
100918,0.21
100931,0.17
100952,0.16
100953,0.17
100965,0.33
100970,0.21
100982,0.26
100983,0.36
100984,0.15
100987,0.33
100997,0.23
100998,0.25
101002,0.16
101005,0.3
101008,0.33
101020,0.14
101021,0.16
101024,0.29
101025,0.36
101026,0.3
101031,0.15
101041,0.21
101051,0.12
101055,0.11
101056,0.36
101057,0.13
101064,0.22
101079,0.24
101087,0.13
101090,0.14
101092,0.22
101097,0.18
101099,0.16
101107,0.25
101118,0.29
101125,0.21
101126,0.17
101128,0.17
101136,0.22
101140,0.29
101149,0.21
101160,0.16
101169,0.33
101181,0.21
101186,0.2
101190,0.27
101193,0.27
101194,0.31
101198,0.3
101200,0.19
101204,0.15
101211,0.23
101213,0.26
101223,0.21
101225,0.14
101237,0.23
101243,0.27
101244,0.28
101258,0.21
101259,0.31
101268,0.26
101269,0.17
101271,0.28
101279,0.14
101281,0.18
101287,0.16
101292,0.2
101294,0.13
101296,0.26
101297,0.16
101299,0.25
101301,0.17
101305,0.26
101308,0.22
101318,0.13
101327,0.25
101329,0.11
101332,0.15
101337,0.18
101343,0.17
101345,0.16
101346,0.15
101353,0.11
101354,0.29
101355,0.22
101356,0.2
101362,0.13
101363,0.26
101365,0.14
101366,0.21
101367,0.29
101368,0.07
101374,0.24
101380,0.09
101383,0.14
101398,0.09
101399,0.33
101401,0.27
101412,0.16
101426,0.31
101427,0.32
101428,0.33
101429,0.27
101434,0.22
101440,0.22
101448,0.14
101449,0.18
101465,0.18
101467,0.18
101472,0.19
101478,0.33
101497,0.28
101504,0.22
101547,0.15
101548,0.22
101555,0.23
101570,0.14
101572,0.25
101578,0.26
101580,0.19
101588,0.36
101602,0.14
101610,0.26
101614,0.21
101616,0.15
101643,0.2
101644,0.28
101649,0.18
101650,0.25
101665,0.14
101667,0.26
101669,0.26
101674,0.2
101675,0.1
101678,0.19
101682,0.16
101686,0.14
101697,0.43
101700,0.32
101711,0.17
101714,0.15
101715,0.32
101728,0.31
101732,0.17
101757,0.25
101758,0.1
101759,0.15
101762,0.14
101764,0.21
101780,0.36
101784,0.12
101789,0.08
101816,0.23
101819,0.23
101827,0.11
101863,0.22
101867,0.23
101870,0.11
101873,0.29
101878,0.15
101879,0.23
101880,0.12
101887,0.1
101897,0.19
101901,0.23
101903,0.38
101920,0.18
101921,0.21
101922,0.24
101961,0.18
101962,0.19
101971,0.27
101976,0.25
102002,0.21
102005,0.18
102007,0.44
102017,0.27
102019,0.39
102029,0.23
102051,0.24
102052,0.14
102054,0.12
102062,0.21
102067,0.31
102068,0.22
102070,0.31
102090,0.27
102092,0.18
102099,0.22
102100,0.2
102112,0.27
102113,0.15
102122,0.34
102123,0.22
102125,0.18
102126,0.35
102146,0.16
102147,0.31
102151,0.18
102158,0.19
102159,0.19
102162,0.21
102165,0.13
102166,0.15
102174,0.14
102193,0.33
102198,0.24
102205,0.2
102206,0.16
102218,0.21
102221,0.15
102230,0.16
102238,0.2
102248,0.23
102252,0.31
102259,0.19
102262,0.26
102273,0.25
102286,0.25
102293,0.11
102294,0.15
102296,0.16
102298,0.16
102303,0.21
102309,0.21
102315,0.17
102340,0.14
102342,0.25
102344,0.23
102346,0.18
102347,0.26
102374,0.28
102380,0.08
102387,0.24
102393,0.23
102403,0.2
102413,0.19
102414,0.16
102415,0.19
102416,0.19
102439,0.14
102441,0.17
102443,0.14
102444,0.23
102445,0.23
102448,0.16
102449,0.18
102450,0.29
102456,0.14
102458,0.24
102459,0.18
102465,0.15
102470,0.26
102471,0.14
102475,0.18
102476,0.19
102506,0.26
102509,0.05
102519,0.3
102522,0.25
102545,0.18
102549,0.11
102562,0.2
102563,0.23
102568,0.32
102582,0.18
102592,0.09
102597,0.29
102605,0.17
102614,0.17
102617,0.26
102634,0.19
102652,0.12
102655,0.13
102671,0.22
102694,0.23
102701,0.17
102703,0.1
102704,0.21
102713,0.2
102720,0.18
102731,0.18
102733,0.23
102749,0.2
102755,0.18
102763,0.17
102770,0.23
102772,0.26
102799,0.26
102838,0.18
102854,0.23
102862,0.2
102863,0.21
102867,0.18
102868,0.19
102878,0.16
102887,0.16
102898,0.35
102904,0.24
102912,0.22
102919,0.19
102927,0.27
102932,0.24
102933,0.23
102935,0.14
102958,0.14
102969,0.24
102971,0.19
102975,0.12
102979,0.23
102982,0.18
102987,0.26
102989,0.2
102995,0.29
102996,0.28
103000,0.15
103001,0.32
103004,0.22
103010,0.11
103025,0.27
103029,0.15
103046,0.23
103056,0.14
103062,0.16
103078,0.17
103083,0.2
103092,0.23
103096,0.23
103097,0.3
103102,0.2
103112,0.3
103132,0.18
103144,0.14
103145,0.17
103146,0.13
103147,0.25
103158,0.2
103171,0.2
103173,0.14
103184,0.15
103195,0.33
103196,0.15
103206,0.11
103230,0.18
103231,0.3
103232,0.19
103239,0.27
103240,0.29
103243,0.15
103252,0.19
103258,0.22
103259,0.29
103279,0.15
103280,0.16
103286,0.22
103287,0.43
103290,0.2
103298,0.17
103315,0.16
103319,0.13
103334,0.27
103336,0.17
103345,0.14
103368,0.14
103371,0.25
103377,0.19
103398,0.17
103404,0.23
103408,0.26
103410,0.21
103418,0.22
103420,0.29
103432,0.19
103433,0.2
103436,0.2
103440,0.1
103453,0.19
103459,0.16
103460,0.23
103461,0.15
103462,0.15
103473,0.28
103474,0.17
103475,0.28
103478,0.18
103480,0.15
103484,0.16
103494,0.27
103513,0.26
103515,0.19
103516,0.29
103525,0.3
103541,0.24
103544,0.16
103562,0.27
103570,0.22
103572,0.3
103574,0.23
103575,0.23
103591,0.14
103594,0.24
103609,0.16
103613,0.16
103614,0.23
103615,0.24
103624,0.2
103625,0.28
103628,0.33
103629,0.15
103647,0.13
103648,0.15
103651,0.2
103658,0.2
103668,0.14
103669,0.16
103676,0.2
103682,0.21
103683,0.18
103689,0.19
103725,0.18
103733,0.29
103744,0.17
103762,0.22
103771,0.35
103773,0.12
103783,0.14
103784,0.18
103808,0.11
103812,0.22
103813,0.21
103814,0.17
103818,0.27
103824,0.1
103828,0.12
103830,0.27
103840,0.17
103842,0.32
103847,0.32
103848,0.18
103851,0.08
103854,0.26
103857,0.33
103861,0.19
103862,0.32
103865,0.23
103870,0.19
103876,0.16
103891,0.48
103908,0.16
103914,0.27
103918,0.2
103940,0.22
103963,0.24
103966,0.26
103971,0.26
103980,0.2
103984,0.27
103985,0.15
103998,0.24
104019,0.07
104026,0.13
104035,0.18
104044,0.29
104045,0.25
104047,0.37
104051,0.18
104058,0.28
104063,0.16
104066,0.22
104087,0.13
104089,0.15
104095,0.15
104098,0.29
104104,0.12
104110,0.29
104120,0.28
104122,0.11
104131,0.13
104132,0.27
104135,0.2
104136,0.22
104149,0.16
104150,0.2
104156,0.24
104165,0.2
104175,0.18
104179,0.22
104184,0.31
104206,0.15
104216,0.33
104230,0.34
104257,0.17
104272,0.17
104273,0.21
104278,0.24
104294,0.22
104295,0.13
104297,0.14
104298,0.22
104308,0.19
104318,0.13
104319,0.2
104320,0.3
104327,0.17
104334,0.21
104344,0.26
104350,0.18
104351,0.2
104354,0.15
104369,0.22
104376,0.15
104381,0.16
104384,0.19
104391,0.13
104394,0.15
104398,0.25
104402,0.09
104408,0.21
104409,0.15
104410,0.23
104412,0.28
104417,0.36
104424,0.26
104426,0.08
104435,0.22
104445,0.19
104458,0.16
104460,0.09
104466,0.19
104472,0.21
104473,0.23
104479,0.15
104480,0.17
104482,0.24
104499,0.18
104501,0.12
104502,0.15
104506,0.13
104510,0.17
104512,0.35
104520,0.23
104528,0.25
104529,0.13
104541,0.14
104578,0.26
104584,0.19
104588,0.25
104602,0.31
104610,0.25
104611,0.19
104618,0.22
104620,0.19
104622,0.15
104624,0.28
104625,0.24
104634,0.31
104639,0.28
104646,0.13
104647,0.18
104652,0.16
104670,0.24
104677,0.14
104685,0.35
104691,0.16
104696,0.21
104699,0.22
104712,0.16
104714,0.19
104717,0.28
104718,0.14
104740,0.19
104741,0.16
104743,0.12
104744,0.2
104747,0.26
104767,0.13
104772,0.33
104776,0.31
104779,0.17
104814,0.18
104815,0.2
104830,0.23
104831,0.34
104833,0.22
104839,0.24
104840,0.17
104860,0.23
104861,0.22
104866,0.17
104870,0.1
104877,0.19
104878,0.08
104879,0.08
104880,0.22
104899,0.17
104906,0.21
104907,0.2
104913,0.26
104916,0.17
104921,0.23
104930,0.08
104931,0.28
104936,0.17
104937,0.19
104942,0.24
104943,0.19
104969,0.28
104972,0.23
104988,0.27
105013,0.19
105015,0.13
105019,0.13
105027,0.23
105030,0.21
105035,0.41
105041,0.2
105051,0.3
105056,0.15
105067,0.48
105071,0.19
105072,0.18
105074,0.27
105091,0.18
105101,0.18
105103,0.16
105134,0.12
105139,0.13
105142,0.24
105146,0.14
105163,0.16
105168,0.2
105172,0.13
105176,0.49
105195,0.15
105196,0.26
105197,0.18
105203,0.12
105223,0.22
105227,0.34
105228,0.22
105230,0.27
105231,0.27
105239,0.23
105242,0.21
105244,0.2
105245,0.12
105248,0.16
105249,0.1
105266,0.18
105271,0.24
105276,0.12
105282,0.2
105292,0.21
105297,0.16
105332,0.23
105333,0.17
105343,0.16
105344,0.22
105345,0.2
105357,0.14
105359,0.22
105366,0.18
105367,0.18
105370,0.13
105377,0.19
105390,0.19
105399,0.14
105403,0.23
105404,0.15
105414,0.1
105417,0.17
105425,0.36
105452,0.24
105454,0.33
105456,0.16
105470,0.05
105471,0.19
105483,0.17
105493,0.12
105508,0.25
105514,0.17
105515,0.08
105528,0.34
105529,0.29
105531,0.24
105532,0.21
105558,0.13
105574,0.16
105578,0.14
105584,0.42
105595,0.22
105617,0.31
105618,0.21
105621,0.21
105625,0.23
105629,0.18
105630,0.18
105634,0.21
105635,0.15
105641,0.12
105647,0.22
105648,0.15
105655,0.2
105657,0.17
105672,0.22
105678,0.25
105682,0.19
105691,0.19
105692,0.15
105706,0.21
105712,0.12
105720,0.19
105734,0.16
105735,0.18
105736,0.24
105737,0.1
105738,0.19
105740,0.21
105744,0.22
105747,0.24
105749,0.25
105754,0.22
105758,0.13
105760,0.29
105767,0.25
105784,0.24
105791,0.19
105802,0.33
105807,0.31
105809,0.15
105816,0.18
105817,0.2
105824,0.16
105832,0.16
105856,0.09
105865,0.27
105899,0.28
105906,0.13
105916,0.18
105923,0.23
105937,0.15
105965,0.16
105966,0.14
105968,0.26
105973,0.17
105976,0.2
105978,0.24
105979,0.21
105991,0.26
105998,0.17
105999,0.13
106000,0.33
106001,0.16
106010,0.16
106011,0.17
106013,0.35
106015,0.12
106026,0.18
106032,0.15
106035,0.28
106040,0.1
106041,0.28
106044,0.17
106053,0.28
106054,0.2
106065,0.38
106081,0.11
106083,0.17
106087,0.26
106090,0.27
106101,0.24
106102,0.21
106109,0.19
106116,0.23
106150,0.19
106155,0.32
106166,0.1
106176,0.18
106189,0.26
106199,0.23
106205,0.24
106206,0.23
106211,0.14
106214,0.26
106216,0.2
106217,0.17
106225,0.16
106249,0.18
106256,0.28
106258,0.18
106261,0.18
106262,0.28
106264,0.13
106271,0.14
106276,0.09
106277,0.21
106286,0.25
106293,0.21
106295,0.16
106296,0.18
106297,0.27
106298,0.16
106311,0.1
106314,0.24
106320,0.16
106334,0.22
106346,0.28
106347,0.18
106349,0.16
106354,0.23
106360,0.12
106373,0.3
106377,0.14
106386,0.27
106387,0.18
106391,0.17
106401,0.42
106411,0.17
106413,0.35
106426,0.18
106427,0.22
106428,0.21
106434,0.2
106438,0.26
106440,0.17
106441,0.1
106452,0.26
106453,0.2
106454,0.19
106457,0.25
106484,0.19
106488,0.24
106491,0.27
106514,0.1
106527,0.21
106528,0.24
106529,0.09
106534,0.31
106550,0.32
106577,0.18
106585,0.19
106590,0.13
106607,0.17
106610,0.17
106611,0.19
106612,0.24
106624,0.13
106631,0.11
106647,0.35
106660,0.22
106674,0.16
106687,0.22
106712,0.15
106713,0.31
106717,0.18
106720,0.21
106721,0.22
106724,0.13
106735,0.2
106739,0.16
106740,0.26
106754,0.18
106760,0.27
106761,0.21
106784,0.18
106787,0.19
106797,0.09
106798,0.09
106802,0.28
106803,0.11
106804,0.34
106805,0.12
106810,0.23
106812,0.36
106813,0.25
106817,0.21
106822,0.19
106823,0.13
106827,0.19
106841,0.2
106851,0.41
106852,0.19
106853,0.32
106854,0.39
106861,0.17
106873,0.13
106877,0.17
106878,0.18
106881,0.23
106900,0.11
106906,0.18
106907,0.28
106914,0.23
106916,0.18
106924,0.28
106931,0.19
106936,0.19
106937,0.2
106938,0.13
106939,0.23
106943,0.27
106944,0.32
106967,0.14
106980,0.18
106986,0.29
106987,0.17
106990,0.14
107013,0.2
107023,0.26
107033,0.18
107037,0.2
107048,0.19
107071,0.18
107081,0.2
107113,0.34
107130,0.26
107131,0.24
107145,0.19
107156,0.19
107219,0.21
107222,0.19
107223,0.38
107232,0.2
107245,0.23
107246,0.25
107247,0.26
107256,0.16
107259,0.14
107260,0.18
107279,0.29
107280,0.25
107281,0.17
107285,0.17
107329,0.12
107337,0.23
107349,0.25
107350,0.16
107351,0.16
107359,0.24
107391,0.3
107394,0.23
107395,0.11
107406,0.25
107416,0.17
107417,0.26
107418,0.23
107419,0.22
107444,0.1
107445,0.09
107446,0.22
107460,0.32
107470,0.14
107475,0.26
107520,0.23
107526,0.26
107527,0.26
107530,0.1
107532,0.19
107534,0.25
107535,0.25
107554,0.3
107556,0.17
107559,0.21
107561,0.15
107564,0.21
107566,0.09
107571,0.23
107590,0.35
107602,0.16
107625,0.22
107626,0.33
107635,0.2
107636,0.28
107645,0.24
107652,0.29
107655,0.25
107668,0.13
107670,0.15
107677,0.13
107680,0.41
107683,0.23
107684,0.16
107691,0.17
107692,0.21
107703,0.15
107709,0.09
107710,0.24
107721,0.3
107725,0.18
107727,0.23
107739,0.18
107740,0.23
107741,0.23
107747,0.17
107765,0.39
107768,0.21
107775,0.24
107782,0.28
107790,0.2
107801,0.13
107807,0.17
107811,0.13
107817,0.18
107826,0.17
107838,0.17
107839,0.24
107843,0.23
107847,0.12
107849,0.15
107850,0.29
107867,0.22
107871,0.17
107908,0.17
107913,0.21
107927,0.15
107931,0.2
107955,0.13
107962,0.18
107977,0.12
107978,0.17
107993,0.12
108010,0.27
108016,0.13
108018,0.3
108027,0.29
108045,0.28
108069,0.18
108082,0.1
108089,0.15
108092,0.18
108106,0.14
108112,0.2
108120,0.32
108122,0.37
108135,0.27
108170,0.16
108171,0.19
108177,0.13
108180,0.2
108183,0.09
108184,0.18
108185,0.23
108192,0.24
108195,0.3
108196,0.24
108218,0.12
108219,0.34
108243,0.24
108249,0.12
108251,0.19
108274,0.21
108280,0.36
108289,0.14
108292,0.24
108295,0.17
108327,0.19
108332,0.19
108346,0.2
108349,0.2
108353,0.29
108362,0.2
108363,0.2
108377,0.45
108378,0.19
108381,0.22
108383,0.34
108390,0.27
108407,0.16
108408,0.23
108411,0.11
108412,0.15
108419,0.15
108436,0.3
108437,0.27
108438,0.27
108441,0.25
108448,0.16
108449,0.17
108466,0.2
108467,0.16
108473,0.22
108474,0.23
108476,0.18
108479,0.17
108486,0.22
108493,0.16
108501,0.18
108506,0.38
108510,0.34
108511,0.23
108514,0.16
108517,0.1
108519,0.21
108522,0.15
108548,0.34
108554,0.21
108555,0.19
108559,0.18
108562,0.15
108571,0.13
108572,0.14
108579,0.15
108583,0.13
108584,0.2
108592,0.2
108602,0.15
108609,0.19
108613,0.22
108616,0.26
108618,0.32
108620,0.19
108643,0.16
108649,0.1
108654,0.21
108655,0.18
108656,0.19
108667,0.18
108668,0.18
108682,0.3
108690,0.2
108691,0.28
108692,0.25
108695,0.22
108699,0.22
108710,0.2
108718,0.31
108739,0.29
108740,0.17
108741,0.16
108742,0.14
108763,0.18
108767,0.27
108769,0.28
108779,0.29
108788,0.18
108801,0.2
108802,0.18
108810,0.21
108811,0.13
108813,0.16
108814,0.2
108825,0.19
108826,0.22
108830,0.23
108834,0.17
108852,0.15
108887,0.22
108901,0.21
108908,0.17
108910,0.11
108920,0.12
108922,0.18
108929,0.27
108930,0.13
108937,0.31
108938,0.19
108943,0.3
108948,0.14
108953,0.14
108956,0.22
108965,0.2
108985,0.27
108986,0.16
108987,0.17
108990,0.19
108991,0.27
108993,0.22
109000,0.26
109001,0.23
109012,0.45
109014,0.21
109015,0.27
109021,0.21
109037,0.12
109042,0.14
109044,0.13
109046,0.37
109064,0.23
109084,0.25
109086,0.19
109092,0.17
109093,0.26
109100,0.22
109101,0.13
109110,0.23
109114,0.18
109126,0.23
109152,0.16
109162,0.17
109167,0.22
109168,0.29
109169,0.15
109179,0.26
109184,0.2
109191,0.19
109192,0.2
109193,0.22
109196,0.13
109206,0.25
109210,0.2
109244,0.24
109249,0.25
109273,0.2
109276,0.26
109281,0.12
109287,0.22
109297,0.27
109298,0.13
109306,0.16
109309,0.37
109321,0.38
109328,0.25
109336,0.17
109342,0.25
109346,0.2
109347,0.14
109348,0.34
109362,0.22
109363,0.17
109367,0.15
109370,0.17
109393,0.27
109405,0.19
109413,0.16
109414,0.35
109421,0.17
109427,0.2
109428,0.12
109429,0.23
109437,0.14
109443,0.19
109461,0.22
109468,0.24
109469,0.17
109471,0.24
109479,0.11
109484,0.11
109501,0.29
109505,0.16
109535,0.22
109539,0.2
109544,0.2
109545,0.13
109551,0.26
109553,0.15
109555,0.16
109561,0.19
109580,0.15
109583,0.38
109593,0.23
109604,0.22
109620,0.19
109635,0.17
109637,0.34
109638,0.23
109642,0.24
109649,0.14
109652,0.22
109656,0.17
109663,0.23
109696,0.32
109700,0.37
109709,0.21
109735,0.22
109740,0.14
109741,0.19
109749,0.14
109764,0.16
109771,0.2
109772,0.16
109773,0.24
109798,0.15
109802,0.21
109804,0.13
109813,0.19
109818,0.16
109848,0.22
109850,0.11
109851,0.24
109855,0.13
109871,0.31
109877,0.27
109883,0.12
109886,0.13
109905,0.17
109936,0.28
109950,0.22
109958,0.14
109959,0.21
109969,0.14
109971,0.17
109984,0.23
109985,0.27
109988,0.12
109992,0.15
110005,0.27
110009,0.15
110011,0.35
110014,0.16
110026,0.11
110042,0.17
110058,0.23
110069,0.26
110080,0.14
110087,0.22
110091,0.16
110094,0.17
110098,0.15
110105,0.17
110117,0.17
110136,0.18
110138,0.33
110149,0.23
110164,0.18
110202,0.26
110212,0.18
110226,0.08
110236,0.1
110249,0.11
110257,0.13
110258,0.14
110277,0.12
110282,0.17
110284,0.13
110286,0.15
110289,0.14
110304,0.23
110319,0.24
110324,0.17
110326,0.11
110335,0.27
110337,0.3
110338,0.19
110343,0.13
110345,0.15
110347,0.19
110355,0.07
110359,0.09
110360,0.28
110364,0.16
110371,0.24
110372,0.16
110376,0.21
110379,0.23
110380,0.17
110393,0.27
110401,0.33
110406,0.12
110411,0.17
110416,0.13
110420,0.12
110443,0.18
110465,0.18
110468,0.16
110469,0.16
110471,0.29
110487,0.3
110491,0.21
110504,0.2
110547,0.14
110550,0.19
110559,0.28
110578,0.37
110582,0.19
110590,0.15
110598,0.19
110601,0.25
110602,0.21
110604,0.24
110625,0.29
110626,0.26
110636,0.18
110637,0.25
110638,0.2
110646,0.22
110648,0.15
110652,0.17
110681,0.16
110682,0.1
110687,0.26
110691,0.11
110694,0.05
110695,0.13
110696,0.26
110708,0.12
110710,0.11
110717,0.19
110730,0.23
110740,0.22
110742,0.12
110747,0.1
110761,0.14
110766,0.1
110769,0.07
110774,0.25
110803,0.13
110805,0.13
110809,0.36
110827,0.25
110832,0.19
110839,0.2
110859,0.24
110861,0.13
110863,0.29
110865,0.35
110881,0.18
110889,0.16
110891,0.12
110894,0.24
110895,0.22
110907,0.3
110914,0.18
110933,0.12
110934,0.09
110937,0.18
110953,0.11
110954,0.17
110958,0.28
110970,0.28
110974,0.18
110977,0.17
110989,0.1
110993,0.35
110994,0.26
111018,0.16
111019,0.15
111030,0.21
111032,0.13
111041,0.17
111045,0.08
111048,0.25
111052,0.19
111070,0.33
111084,0.3
111091,0.18
111104,0.14
111108,0.15
111112,0.16
111127,0.11
111142,0.12
111146,0.26
111165,0.23
111168,0.21
111169,0.38
111172,0.06
111173,0.17
111174,0.25
111175,0.21
111176,0.12
111177,0.09
111180,0.15
111182,0.14
111192,0.14
111194,0.19
111196,0.24
111197,0.19
111198,0.15
111205,0.14
111207,0.11
111222,0.09
111228,0.18
111233,0.16
111256,0.12
111258,0.09
111262,0.12
111263,0.17
111267,0.1
111269,0.18
111276,0.14
111277,0.35
111279,0.21
111290,0.14
111294,0.16
111295,0.2
111315,0.28
111318,0.21
111327,0.11
111328,0.28
111332,0.22
111338,0.12
111343,0.28
111344,0.18
111345,0.38
111347,0.11
111356,0.18
111359,0.21
111367,0.18
111368,0.19
111391,0.3
111408,0.1
111412,0.13
111419,0.27
111422,0.22
111423,0.34
111439,0.24
111452,0.43
111456,0.2
111467,0.18
111478,0.28
111482,0.25
111488,0.3
111503,0.18
111510,0.16
111512,0.15
111518,0.19
111532,0.2
111537,0.13
111541,0.15
111544,0.23
111550,0.2
111554,0.27
111560,0.34
111566,0.2
111567,0.28
111592,0.16
111618,0.21
111620,0.26
111627,0.13
111641,0.23
111646,0.37
111652,0.12
111657,0.15
111664,0.19
111665,0.2
111669,0.15
111673,0.22
111687,0.18
111688,0.16
111689,0.28
111694,0.17
111695,0.24
111698,0.2
111703,0.12
111709,0.14
111712,0.16
111715,0.15
111724,0.21
111730,0.12
111747,0.11
111760,0.14
111761,0.1
111763,0.15
111776,0.13
111777,0.14
111781,0.13
111793,0.22
111804,0.37
111810,0.3
111816,0.14
111818,0.18
111830,0.21
111832,0.14
111841,0.14
111842,0.21
111843,0.17
111846,0.23
111848,0.26
111856,0.14
111857,0.11
111877,0.12
111882,0.22
111883,0.26
111891,0.2
111893,0.18
111901,0.12
111912,0.2
111913,0.16
111955,0.14
111958,0.22
111960,0.25
111967,0.21
112000,0.2
112003,0.2
112015,0.28
112019,0.28
112020,0.17
112028,0.2
112029,0.23
112031,0.23
112039,0.14
112042,0.19
112049,0.17
112052,0.14
112054,0.16
112055,0.19
112063,0.24
112070,0.21
112071,0.18
112080,0.19
112083,0.23
112085,0.2
112089,0.19
112098,0.37
112100,0.12
112105,0.27
112124,0.12
112126,0.21
112127,0.13
112128,0.23
112148,0.18
112149,0.16
112165,0.25
112170,0.24
112171,0.17
112176,0.25
112186,0.14
112199,0.2
112203,0.16
112214,0.18
112215,0.13
112216,0.26
112224,0.19
112225,0.16
112231,0.3
112234,0.21
112235,0.13
112236,0.23
112254,0.23
112265,0.23
112271,0.15
112284,0.18
112287,0.24
112295,0.17
112303,0.22
112307,0.23
112310,0.19
112312,0.23
112313,0.25
112326,0.19
112333,0.26
112334,0.19
112339,0.15
112347,0.23
112350,0.26
112356,0.28
112357,0.16
112359,0.27
112360,0.29
112371,0.25
112385,0.22
112392,0.25
112401,0.25
112405,0.18
112414,0.26
112429,0.17
112448,0.13
112467,0.1
112468,0.2
112469,0.21
112491,0.25
112500,0.18
112510,0.42
112535,0.2
112537,0.21
112551,0.19
112552,0.07
112556,0.31
112577,0.22
112590,0.27
112593,0.16
112596,0.2
112601,0.19
112604,0.26
112622,0.11
112655,0.27
112663,0.13
112667,0.22
112670,0.14
112676,0.16
112677,0.19
112679,0.17
112683,0.21
112688,0.18
112692,0.19
112696,0.27
112702,0.11
112709,0.21
112720,0.25
112735,0.19
112738,0.24
112742,0.18
112748,0.17
112749,0.15
112766,0.16
112767,0.11
112769,0.23
112771,0.19
112775,0.15
112794,0.23
112795,0.18
112796,0.16
112815,0.22
112817,0.18
112821,0.23
112822,0.19
112829,0.26
112831,0.29
112835,0.15
112838,0.2
112842,0.17
112844,0.27
112845,0.08
112846,0.08
112847,0.08
112867,0.14
112868,0.22
112874,0.21
112879,0.16
112882,0.21
112886,0.16
112895,0.17
112896,0.22
112902,0.18
112904,0.17
112917,0.43
112932,0.27
112944,0.23
112946,0.26
112947,0.22
112948,0.2
112966,0.27
112967,0.22
112971,0.16
112973,0.29
112974,0.17
112978,0.37
112988,0.16
112992,0.34
113003,0.16
113004,0.07
113007,0.31
113020,0.24
113025,0.33
113032,0.14
113042,0.27
113047,0.22
113066,0.21
113067,0.34
113071,0.18
113087,0.2
113108,0.08
113109,0.18
113123,0.14
113128,0.42
113134,0.21
113151,0.22
113175,0.35
113181,0.15
113188,0.43
113191,0.2
113193,0.3
113201,0.22
113209,0.16
113222,0.14
113248,0.12
113272,0.28
113276,0.09
113287,0.16
113302,0.21
113308,0.25
113316,0.28
113318,0.21
113320,0.2
113322,0.28
113325,0.27
113326,0.32
113332,0.21
113346,0.38
113352,0.11
113361,0.23
113362,0.19
113365,0.2
113366,0.18
113368,0.22
113382,0.15
113385,0.17
113390,0.23
113391,0.18
113393,0.28
113396,0.25
113397,0.2
113402,0.29
113403,0.25
113405,0.29
113406,0.19
113410,0.38
113413,0.14
113418,0.12
113419,0.31
113435,0.23
113438,0.26
113447,0.18
113458,0.31
113466,0.19
113475,0.18
113482,0.23
113490,0.19
113505,0.14
113508,0.15
113520,0.15
113532,0.16
113535,0.18
113549,0.16
113557,0.21
113558,0.17
113561,0.16
113566,0.15
113569,0.22
113574,0.18
113576,0.2
113577,0.18
113585,0.18
113587,0.27
113599,0.16
113601,0.14
113602,0.25
113605,0.19
113609,0.24
113611,0.22
113616,0.12
113627,0.49
113631,0.35
113643,0.3
113652,0.18
113657,0.2
113659,0.17
113672,0.23
113680,0.18
113692,0.33
113694,0.19
113695,0.26
113701,0.16
113733,0.16
113738,0.26
113740,0.26
113742,0.15
113777,0.13
113783,0.19
113788,0.22
113789,0.21
113791,0.3
113795,0.22
113799,0.17
113805,0.16
113820,0.18
113822,0.18
113824,0.16
113829,0.2
113832,0.12
113833,0.14
113841,0.17
113849,0.17
113862,0.26
113863,0.37
113864,0.14
113870,0.14
113875,0.2
113882,0.17
113887,0.25
113894,0.24
113909,0.14
113930,0.3
113936,0.21
113939,0.19
113942,0.2
113943,0.22
113945,0.27
113947,0.15
113950,0.18
113951,0.28
113957,0.27
113966,0.29
113967,0.26
113977,0.19
113984,0.23
113986,0.18
113992,0.17
113998,0.14
113999,0.34
114003,0.21
114010,0.16
114011,0.28
114032,0.18
114047,0.22
114055,0.2
114056,0.28
114064,0.23
114065,0.27
114067,0.27
114068,0.16
114075,0.17
114076,0.26
114077,0.17
114094,0.07
114095,0.09
114109,0.21
114114,0.19
114116,0.17
114127,0.16
114158,0.31
114168,0.25
114169,0.2
114171,0.2
114180,0.39
114193,0.11
114198,0.09
114201,0.13
114202,0.42
114207,0.2
114210,0.2
114221,0.18
114222,0.22
114227,0.18
114250,0.12
114253,0.19
114265,0.18
114267,0.32
114273,0.33
114280,0.2
114281,0.16
114283,0.39
114291,0.38
114310,0.26
114316,0.16
114326,0.14
114327,0.13
114339,0.17
114352,0.08
114359,0.26
114360,0.23
114382,0.33
114396,0.26
114397,0.13
114415,0.21
114425,0.15
114434,0.16
114456,0.28
114463,0.19
114469,0.18
114476,0.14
114480,0.14
114482,0.21
114492,0.17
114493,0.25
114501,0.22
114506,0.21
114510,0.1
114515,0.27
114524,0.25
114545,0.3
114546,0.15
114560,0.2
114562,0.23
114563,0.2
114566,0.19
114599,0.19
114601,0.11
114607,0.24
114612,0.14
114622,0.24
114625,0.31
114634,0.15
114635,0.17
114641,0.19
114644,0.25
114645,0.2
114651,0.2
114653,0.15
114654,0.2
114667,0.19
114668,0.23
114670,0.21
114686,0.26
114688,0.33
114690,0.26
114691,0.16
114700,0.13
114706,0.14
114740,0.16
114741,0.15
114755,0.18
114757,0.14
114767,0.26
114772,0.32
114780,0.24
114782,0.21
114791,0.24
114815,0.28
114823,0.3
114835,0.15
114838,0.14
114840,0.15
114842,0.21
114844,0.22
114850,0.33
114853,0.14
114856,0.33
114857,0.19
114858,0.23
114864,0.17
114871,0.11
114875,0.17
114879,0.17
114893,0.18
114912,0.17
114922,0.1
114930,0.25
114945,0.24
114951,0.24
114958,0.19
114962,0.16
114976,0.3
114978,0.19
114987,0.21
115002,0.21
115005,0.16
115023,0.23
115030,0.18
115033,0.23
115034,0.12
115038,0.14
115046,0.24
115049,0.28
115055,0.11
115059,0.13
115076,0.19
115078,0.25
115081,0.19
115085,0.14
115096,0.21
115101,0.24
115114,0.21
115119,0.17
115121,0.18
115122,0.23
115144,0.21
115147,0.33
115151,0.09
115172,0.22
115175,0.19
115183,0.18
115185,0.27
115197,0.19
115200,0.17
115207,0.16
115217,0.2
115230,0.29
115237,0.15
115246,0.18
115251,0.14
115269,0.16
115290,0.17
115299,0.15
115309,0.26
115310,0.21
115311,0.11
115312,0.14
115323,0.15
115324,0.09
115341,0.21
115342,0.1
115343,0.12
115350,0.2
115354,0.15
115360,0.25
115368,0.22
115373,0.3
115396,0.4
115400,0.15
115401,0.16
115404,0.13
115405,0.27
115406,0.14
115407,0.17
115412,0.18
115413,0.29
115415,0.16
115423,0.18
115427,0.21
115428,0.19
115439,0.24
115440,0.26
115447,0.19
115450,0.2
115457,0.17
115459,0.18
115463,0.17
115473,0.3
115477,0.13
115479,0.17
115480,0.23
115481,0.2
115485,0.3
115489,0.19
115495,0.17
115500,0.21
115521,0.15
115572,0.09
115580,0.1
115582,0.15
115586,0.15
115587,0.16
115588,0.19
115591,0.25
115592,0.19
115618,0.25
115619,0.28
115621,0.46
115632,0.14
115646,0.15
115658,0.17
115671,0.26
115680,0.26
115686,0.22
115688,0.22
115705,0.26
115707,0.08
115708,0.24
115726,0.26
115759,0.16
115773,0.1
115777,0.11
115778,0.24
115781,0.22
115801,0.25
115804,0.25
115810,0.23
115812,0.25
115820,0.25
115827,0.19
115831,0.14
115841,0.2
115846,0.25
115852,0.16
115857,0.13
115858,0.29
115860,0.12
115865,0.2
115867,0.34
115869,0.27
115877,0.19
115904,0.16
115913,0.16
115916,0.17
115928,0.18
115932,0.14
115933,0.16
115937,0.32
115938,0.16
115957,0.21
115958,0.13
115969,0.11
115980,0.36
115984,0.16
116006,0.14
116007,0.23
116008,0.2
116009,0.2
116011,0.15
116012,0.21
116015,0.27
116025,0.3
116047,0.13
116052,0.2
116068,0.13
116077,0.12
116084,0.14
116089,0.23
116093,0.08
116097,0.16
116102,0.22
116118,0.19
116119,0.1
116125,0.22
116128,0.19
116135,0.12
116140,0.25
116141,0.25
116142,0.28
116153,0.26
116156,0.16
116157,0.28
116167,0.14
116168,0.3
116175,0.13
116187,0.13
116189,0.24
116191,0.23
116201,0.22
116210,0.24
116213,0.19
116215,0.31
116223,0.21
116226,0.22
116228,0.15
116241,0.18
116247,0.23
116266,0.18
116276,0.34
116287,0.13
116289,0.16
116292,0.28
116306,0.11
116309,0.13
116312,0.13
116313,0.22
116335,0.15
116342,0.26
116348,0.14
116367,0.22
116380,0.28
116383,0.28
116389,0.13
116395,0.33
116397,0.17
116398,0.26
116402,0.17
116404,0.23
116406,0.11
116424,0.26
116428,0.16
116436,0.19
116440,0.17
116448,0.13
116458,0.18
116466,0.14
116469,0.17
116473,0.27
116474,0.12
116479,0.15
116480,0.12
116491,0.21
116493,0.25
116505,0.22
116511,0.15
116525,0.17
116535,0.12
116544,0.23
116546,0.13
116562,0.16
116565,0.23
116578,0.14
116579,0.17
116580,0.29
116582,0.12
116584,0.09
116586,0.21
116596,0.15
116597,0.32
116598,0.18
116604,0.35
116608,0.12
116609,0.27
116613,0.29
116614,0.25
116615,0.25
116633,0.2
116637,0.14
116643,0.14
116647,0.18
116656,0.22
116659,0.27
116662,0.2
116676,0.18
116680,0.19
116681,0.19
116683,0.22
116684,0.25
116712,0.14
116720,0.19
116726,0.31
116729,0.17
116737,0.19
116745,0.25
116747,0.13
116766,0.13
116781,0.15
116783,0.22
116787,0.15
116788,0.23
116789,0.09
116801,0.12
116803,0.17
116804,0.24
116806,0.18
116815,0.19
116817,0.13
116825,0.24
116828,0.14
116829,0.15
116853,0.19
116854,0.22
116859,0.23
116860,0.21
116865,0.22
116872,0.34
116880,0.29
116882,0.22
116893,0.22
116896,0.12
116906,0.24
116908,0.13
116925,0.2
116926,0.2
116948,0.14
116949,0.15
116955,0.22
116964,0.21
116974,0.18
116976,0.29
116990,0.11
116993,0.2
116994,0.19
116997,0.28
117003,0.17
117007,0.13
117011,0.11
117012,0.17
117019,0.14
117021,0.19
117030,0.17
117036,0.15
117043,0.18
117054,0.14
117070,0.17
117077,0.31
117087,0.18
117093,0.21
117105,0.15
117112,0.1
117129,0.25
117135,0.22
117138,0.32
117142,0.19
117148,0.2
117157,0.14
117170,0.2
117171,0.14
117172,0.18
117178,0.12
117186,0.15
117187,0.24
117193,0.29
117194,0.15
117199,0.11
117207,0.16
117211,0.21
117216,0.28
117217,0.22
117218,0.14
117219,0.15
117224,0.16
117225,0.18
117239,0.24
117242,0.21
117249,0.35
117255,0.24
117257,0.18
117272,0.25
117284,0.21
117287,0.19
117293,0.17
117298,0.37
117299,0.14
117307,0.21
117321,0.2
117323,0.23
117326,0.2
117327,0.2
117341,0.13
117350,0.23
117362,0.34
117375,0.15
117391,0.28
117392,0.09
117396,0.28
117399,0.2
117400,0.14
117402,0.19
117406,0.25
117417,0.35
117418,0.2
117425,0.23
117428,0.25
117443,0.21
117448,0.18
117449,0.12
117450,0.28
117463,0.18
117467,0.18
117478,0.27
117480,0.24
117483,0.29
117484,0.27
117495,0.23
117498,0.13
117501,0.15
117503,0.19
117520,0.22
117524,0.23
117525,0.23
117526,0.18
117527,0.2
117531,0.22
117545,0.17
117547,0.35
117557,0.12
117563,0.17
117564,0.12
117598,0.36
117599,0.25
117610,0.21
117614,0.12
117616,0.23
117623,0.22
117625,0.32
117633,0.21
117634,0.17
117639,0.21
117652,0.15
117653,0.15
117660,0.31
117661,0.09
117662,0.14
117676,0.21
117677,0.34
117681,0.15
117684,0.21
117707,0.15
117736,0.29
117737,0.12
117741,0.2
117746,0.22
117753,0.38
117755,0.22
117775,0.17
117784,0.2
117786,0.16
117791,0.1
117801,0.22
117805,0.2
117816,0.18
117824,0.29
117835,0.17
117837,0.28
117847,0.22
117853,0.18
117854,0.23
117886,0.22
117900,0.15
117920,0.29
117924,0.19
117925,0.24
117934,0.22
117957,0.21
117959,0.27
117967,0.28
117969,0.23
117981,0.13
117982,0.18
117996,0.33
118000,0.36
118018,0.24
118025,0.08
118026,0.24
118044,0.23
118045,0.28
118048,0.2
118055,0.29
118058,0.24
118060,0.28
118066,0.1
118071,0.22
118072,0.25
118082,0.18
118089,0.17
118106,0.22
118115,0.22
118127,0.36
118144,0.28
118150,0.17
118151,0.09
118157,0.43
118162,0.16
118163,0.21
118166,0.17
118181,0.18
118191,0.14
118202,0.26
118205,0.24
118214,0.15
118251,0.24
118264,0.26
118271,0.32
118272,0.14
118276,0.2
118287,0.44
118291,0.22
118292,0.18
118294,0.32
118305,0.23
118312,0.13
118319,0.18
118321,0.18
118326,0.34
118342,0.25
118343,0.14
118353,0.17
118354,0.13
118358,0.13
118359,0.2
118365,0.15
118367,0.12
118368,0.15
118371,0.16
118378,0.25
118379,0.23
118383,0.07
118386,0.19
118387,0.2
118400,0.13
118403,0.12
118428,0.24
118440,0.2
118459,0.23
118490,0.16
118491,0.28
118492,0.26
118498,0.21
118499,0.21
118509,0.14
118518,0.18
118531,0.3
118532,0.1
118546,0.08
118548,0.1
118558,0.26
118560,0.34
118561,0.15
118562,0.36
118564,0.15
118569,0.28
118578,0.21
118585,0.13
118591,0.13
118592,0.27
118594,0.2
118611,0.19
118614,0.22
118622,0.15
118641,0.23
118642,0.14
118650,0.16
118666,0.2
118696,0.15
118697,0.21
118710,0.17
118717,0.23
118720,0.19
118735,0.12
118747,0.19
118750,0.17
118789,0.22
118791,0.18
118803,0.23
118804,0.23
118806,0.29
118809,0.19
118823,0.18
118842,0.23
118871,0.47
118874,0.35
118876,0.13
118886,0.18
118888,0.27
118889,0.14
118894,0.21
118898,0.17
118905,0.14
118911,0.17
118915,0.32
118916,0.31
118925,0.15
118926,0.18
118929,0.22
118935,0.13
118947,0.09
118951,0.24
118953,0.16
118960,0.18
118973,0.25
119001,0.24
119003,0.17
119009,0.22
119011,0.12
119012,0.21
119014,0.23
119025,0.16
119047,0.18
119049,0.12
119057,0.21
119062,0.21
119064,0.18
119069,0.28
119079,0.1
119088,0.16
119091,0.34
119095,0.29
119104,0.2
119108,0.41
119109,0.23
119115,0.15
119125,0.2
119146,0.23
119148,0.12
119160,0.25
119164,0.33
119169,0.27
119179,0.18
119187,0.26
119191,0.12
119205,0.15
119207,0.24
119208,0.1
119217,0.22
119230,0.15
119232,0.32
119236,0.27
119238,0.09
119240,0.24
119250,0.25
119251,0.19
119252,0.22
119266,0.19
119267,0.17
119270,0.2
119272,0.27
119276,0.2
119281,0.13
119295,0.13
119313,0.2
119318,0.14
119321,0.25
119340,0.13
119341,0.12
119344,0.16
119348,0.16
119353,0.24
119361,0.17
119362,0.55
119376,0.3
119383,0.15
119391,0.22
119394,0.17
119395,0.16
119415,0.07
119430,0.09
119441,0.18
119454,0.17
119468,0.19
119474,0.36
119492,0.17
119496,0.2
119500,0.24
119501,0.3
119510,0.28
119518,0.2
119524,0.29
119533,0.28
119540,0.24
119553,0.13
119573,0.14
119593,0.23
119594,0.14
119595,0.26
119596,0.18
119607,0.31
119609,0.23
119616,0.16
119618,0.27
119619,0.3
119628,0.17
119630,0.22
119632,0.16
119648,0.33
119671,0.38
119675,0.22
119683,0.31
119689,0.16
119697,0.14
119698,0.3
119702,0.32
119709,0.15
119715,0.14
119718,0.2
119719,0.27
119731,0.3
119736,0.29
119745,0.17
119749,0.18
119751,0.18
119757,0.28
119761,0.11
119762,0.22
119771,0.3
119778,0.17
119784,0.09
119788,0.17
119802,0.1
119803,0.21
119806,0.15
119810,0.13
119811,0.2
119813,0.27
119820,0.31
119821,0.24
119842,0.23
119843,0.14
119844,0.2
119861,0.18
119866,0.09
119868,0.27
119875,0.16
119896,0.37
119898,0.2
119921,0.14
119922,0.23
119929,0.23
119934,0.24
119938,0.23
119947,0.17
119948,0.29
119967,0.17
119977,0.14
119980,0.23
119984,0.16
119989,0.18
119990,0.19
119994,0.13
119999,0.23
120004,0.27
120020,0.22
120030,0.12
120036,0.23
120050,0.26
120051,0.28
120053,0.26
120075,0.24
120076,0.16
120088,0.2
120099,0.15
120101,0.1
120102,0.26
120108,0.14
120145,0.24
120146,0.18
120154,0.14
120156,0.2
120165,0.22
120166,0.18
120176,0.1
120179,0.35
120182,0.14
120198,0.18
120205,0.28
120208,0.17
120214,0.06
120220,0.19
120227,0.2
120233,0.23
120240,0.15
120243,0.26
120266,0.15
120268,0.26
120280,0.19
120281,0.17
120284,0.14
120298,0.15
120304,0.22
120306,0.27
120320,0.22
120325,0.2
120326,0.16
120335,0.32
120341,0.2
120343,0.16
120388,0.19
120390,0.13
120404,0.13
120405,0.14
120408,0.29
120415,0.15
120421,0.24
120422,0.16
120433,0.24
120437,0.3
120440,0.19
120441,0.17
120449,0.22
120457,0.16
120459,0.27
120460,0.16
120463,0.27
120464,0.22
120470,0.22
120488,0.27
120535,0.09
120538,0.17
120539,0.36
120541,0.34
120562,0.22
120570,0.15
120580,0.23
120581,0.22
120591,0.42
120593,0.24
120598,0.17
120603,0.14
120607,0.31
120642,0.07
120647,0.2
120649,0.11
120664,0.11
120665,0.13
120671,0.28
120678,0.26
120679,0.18
120680,0.28
120681,0.25
120691,0.24
120696,0.14
120697,0.31
120713,0.15
120721,0.33
120725,0.21
120734,0.32
120740,0.32
120748,0.25
120755,0.23
120759,0.14
120761,0.14
120764,0.22
120770,0.21
120777,0.13
120796,0.22
120803,0.18
120809,0.18
120811,0.17
120826,0.25
120829,0.25
120832,0.12
120840,0.35
120857,0.15
120885,0.11
120891,0.15
120894,0.14
120905,0.22
120913,0.29
120914,0.16
120918,0.13
120921,0.17
120923,0.21
120927,0.44
120928,0.17
120934,0.26
120936,0.12
120942,0.17
120946,0.16
120947,0.22
120953,0.16
120955,0.14
120956,0.28
120977,0.18
120980,0.28
120981,0.14
120982,0.14
120991,0.3
121011,0.12
121013,0.18
121018,0.21
121020,0.19
121037,0.07
121038,0.16
121039,0.13
121045,0.23
121046,0.18
121059,0.31
121066,0.33
121078,0.23
121080,0.37
121081,0.28
121086,0.16
121099,0.2
121100,0.08
121107,0.16
121108,0.21
121111,0.19
121130,0.17
121131,0.39
121135,0.28
121152,0.09
121156,0.24
121160,0.18
121162,0.25
121175,0.27
121181,0.16
121186,0.16
121197,0.16
121201,0.36
121208,0.06
121215,0.18
121220,0.29
121225,0.34
121227,0.12
121228,0.36
121243,0.28
121258,0.21
121259,0.17
121265,0.12
121279,0.25
121280,0.18
121281,0.16
121283,0.13
121288,0.16
121296,0.18
121300,0.22
121308,0.19
121321,0.19
121323,0.16
121332,0.12
121334,0.18
121348,0.2
121350,0.14
121351,0.19
121363,0.14
121379,0.2
121380,0.28
121383,0.14
121387,0.15
121414,0.13
121416,0.12
121422,0.2
121423,0.15
121427,0.16
121431,0.19
121438,0.18
121460,0.19
121479,0.19
121482,0.16
121483,0.23
121488,0.26
121489,0.21
121492,0.13
121502,0.11
121503,0.17
121513,0.13
121544,0.22
121545,0.1
121546,0.17
121552,0.28
121553,0.14
121556,0.32
121557,0.25
121583,0.17
121588,0.1
121596,0.24
121597,0.17
121612,0.13
121618,0.19
121619,0.15
121621,0.24
121622,0.2
121626,0.16
121628,0.18
121630,0.32
121631,0.11
121632,0.1
121641,0.15
121695,0.16
121733,0.31
121754,0.21
121762,0.27
121765,0.15
121766,0.09
121771,0.08
121772,0.41
121778,0.27
121791,0.2
121792,0.14
121822,0.19
121825,0.25
121832,0.04
121841,0.18
121846,0.21
121850,0.21
121851,0.22
121853,0.41
121857,0.2
121862,0.18
121863,0.13
121875,0.14
121881,0.17
121896,0.38
121901,0.09
121908,0.2
121909,0.21
121916,0.22
121919,0.24
121921,0.22
121933,0.2
121947,0.15
121948,0.32
121963,0.25
121968,0.14
121970,0.19
121978,0.26
121991,0.18
121996,0.18
121997,0.46
122000,0.14
122015,0.27
122017,0.28
122027,0.3
122044,0.18
122047,0.14
122055,0.39
122065,0.27
122069,0.11
122074,0.17
122086,0.15
122089,0.21
122099,0.17
122102,0.18
122118,0.23
122124,0.14
122125,0.15
122129,0.2
122133,0.14
122135,0.34
122136,0.19
122142,0.16
122154,0.21
122158,0.19
122160,0.14
122165,0.2
122166,0.21
122170,0.22
122175,0.09
122192,0.18
122207,0.14
122210,0.26
122215,0.13
122222,0.14
122234,0.32
122235,0.2
122236,0.23
122248,0.28
122256,0.09
122257,0.29
122258,0.23
122259,0.15
122260,0.18
122264,0.18
122266,0.32
122268,0.15
122271,0.17
122283,0.13
122286,0.14
122288,0.18
122301,0.13
122313,0.22
122322,0.15
122323,0.12
122324,0.11
122336,0.16
122338,0.27
122349,0.11
122351,0.15
122354,0.19
122358,0.25
122376,0.31
122378,0.17
122387,0.1
122392,0.21
122405,0.34
122409,0.26
122411,0.22
122415,0.19
122416,0.29
122425,0.38
122452,0.2
122453,0.35
122456,0.1
122458,0.27
122465,0.12
122468,0.21
122477,0.09
122483,0.1
122517,0.17
122521,0.4
122537,0.16
122538,0.17
122552,0.25
122557,0.22
122561,0.16
122568,0.18
122573,0.28
122583,0.27
122590,0.33
122609,0.18
122617,0.19
122621,0.18
122635,0.16
122638,0.17
122639,0.19
122644,0.07
122675,0.19
122699,0.25
122703,0.23
122706,0.24
122712,0.16
122730,0.19
122731,0.09
122736,0.14
122741,0.21
122745,0.16
122751,0.26
122768,0.21
122785,0.14
122797,0.17
122812,0.19
122816,0.12
122817,0.13
122826,0.16
122838,0.19
122845,0.15
122848,0.18
122850,0.16
122856,0.12
122862,0.25
122869,0.18
122871,0.2
122874,0.37
122875,0.32
122885,0.26
122901,0.2
122902,0.12
122903,0.19
122904,0.15
122910,0.14
122921,0.12
122925,0.1
122964,0.31
122975,0.2
122977,0.22
122984,0.32
122999,0.2
123004,0.26
123009,0.26
123012,0.17
123018,0.24
123025,0.27
123037,0.18
123038,0.21
123039,0.18
123045,0.24
123046,0.13
123051,0.17
123052,0.18
123056,0.14
123061,0.19
123072,0.15
123074,0.16
123086,0.22
123087,0.25
123091,0.22
123094,0.17
123105,0.3
123110,0.23
123113,0.07
123114,0.28
123124,0.21
123131,0.17
123136,0.38
123146,0.17
123147,0.18
123155,0.27
123163,0.17
123182,0.2
123196,0.2
123200,0.11
123204,0.21
123207,0.21
123210,0.13
123215,0.3
123227,0.1
123234,0.17
123239,0.24
123249,0.29
123252,0.15
123255,0.14
123257,0.23
123260,0.14
123263,0.31
123274,0.18
123275,0.23
123276,0.14
123292,0.26
123308,0.18
123316,0.15
123328,0.15
123330,0.18
123331,0.26
123334,0.33
123343,0.19
123344,0.27
123345,0.23
123352,0.3
123356,0.19
123365,0.3
123368,0.15
123376,0.19
123381,0.21
123384,0.24
123389,0.17
123401,0.18
123419,0.14
123433,0.24
123438,0.29
123441,0.25
123456,0.23
123457,0.33
123476,0.17
123477,0.29
123489,0.19
123490,0.26
123496,0.33
123502,0.21
123503,0.32
123513,0.17
123515,0.22
123530,0.16
123532,0.1
123537,0.19
123539,0.23
123540,0.27
123546,0.1
123547,0.27
123554,0.27
123572,0.21
123574,0.28
123575,0.28
123576,0.18
123584,0.15
123586,0.31
123591,0.21
123606,0.19
123607,0.21
123615,0.16
123616,0.24
123619,0.21
123621,0.19
123622,0.16
123633,0.2
123635,0.16
123658,0.19
123659,0.18
123663,0.2
123666,0.2
123670,0.2
123678,0.1
123688,0.25
123707,0.14
123709,0.15
123720,0.18
123741,0.2
123751,0.23
123759,0.21
123765,0.21
123766,0.16
123793,0.31
123794,0.18
123809,0.25
123837,0.19
123839,0.17
123843,0.22
123851,0.21
123854,0.22
123860,0.16
123863,0.14
123879,0.13
123888,0.26
123891,0.15
123912,0.14
123942,0.2
123952,0.29
123953,0.17
123958,0.18
123966,0.19
123977,0.23
123981,0.12
124000,0.13
124023,0.18
124026,0.22
124027,0.12
124033,0.23
124053,0.15
124057,0.14
124065,0.24
124074,0.16
124079,0.25
124095,0.14
124110,0.27
124138,0.22
124167,0.26
124168,0.18
124175,0.17
124176,0.23
124181,0.15
124195,0.31
124197,0.1
124206,0.17
124225,0.15
124230,0.19
124231,0.21
124253,0.15
124257,0.14
124263,0.21
124277,0.16
124285,0.19
124289,0.2
124299,0.36
124303,0.29
124309,0.36
124316,0.23
124319,0.2
124335,0.2
124347,0.44
124359,0.12
124362,0.11
124363,0.21
124389,0.16
124390,0.25
124393,0.32
124401,0.44
124406,0.15
124407,0.16
124416,0.21
124423,0.12
124429,0.17
124431,0.24
124439,0.11
124441,0.26
124451,0.15
124454,0.22
124463,0.23
124492,0.19
124493,0.19
124503,0.14
124506,0.21
124514,0.11
124516,0.19
124519,0.21
124520,0.2
124539,0.19
124545,0.25
124546,0.24
124552,0.2
124553,0.35
124555,0.12
124575,0.16
124586,0.15
124587,0.14
124591,0.32
124595,0.18
124597,0.13
124625,0.19
124628,0.23
124647,0.31
124648,0.16
124654,0.31
124655,0.14
124656,0.22
124658,0.14
124674,0.24
124675,0.19
124686,0.31
124696,0.31
124698,0.15
124702,0.17
124704,0.24
124705,0.17
124719,0.18
124732,0.14
124734,0.33
124737,0.14
124742,0.19
124793,0.18
124816,0.36
124820,0.19
124823,0.2
124826,0.12
124829,0.18
124844,0.33
124850,0.14
124866,0.14
124868,0.16
124874,0.19
124875,0.2
124876,0.2
124887,0.14
124893,0.29
124901,0.16
124905,0.31
124906,0.28
124931,0.22
124938,0.18
124940,0.29
124947,0.16
124948,0.14
124949,0.22
124971,0.2
124974,0.11
124976,0.13
125004,0.21
125025,0.15
125029,0.27
125031,0.21
125037,0.3
125046,0.25
125052,0.25
125053,0.22
125090,0.25
125093,0.12
125100,0.18
125101,0.21
125104,0.27
125111,0.11
125133,0.17
125144,0.24
125145,0.18
125149,0.23
125157,0.15
125158,0.31
125164,0.27
125167,0.09
125170,0.19
125177,0.13
125185,0.18
125190,0.17
125196,0.26
125200,0.22
125203,0.28
125215,0.23
125221,0.19
125224,0.16
125227,0.13
125252,0.1
125256,0.22
125264,0.17
125266,0.14
125267,0.21
125268,0.34
125270,0.12
125271,0.2
125276,0.16
125290,0.21
125300,0.22
125311,0.18
125327,0.23
125338,0.09
125359,0.17
125360,0.12
125366,0.15
125373,0.24
125376,0.33
125384,0.17
125387,0.3
125388,0.18
125393,0.16
125394,0.25
125396,0.15
125397,0.18
125408,0.23
125409,0.21
125414,0.31
125423,0.14
125425,0.29
125436,0.22
125450,0.25
125465,0.2
125471,0.32
125488,0.18
125496,0.15
125500,0.26
125505,0.22
125507,0.19
125519,0.19
125521,0.25
125524,0.22
125531,0.41
125542,0.2
125552,0.13
125560,0.28
125573,0.11
125574,0.2
125576,0.18
125592,0.13
125604,0.2
125622,0.23
125628,0.21
125649,0.11
125668,0.12
125695,0.18
125698,0.22
125701,0.24
125705,0.19
125709,0.18
125713,0.13
125720,0.2
125727,0.26
125747,0.11
125752,0.22
125758,0.15
125772,0.23
125779,0.4
125798,0.22
125804,0.21
125814,0.23
125817,0.18
125835,0.09
125838,0.18
125842,0.2
125852,0.41
125878,0.1
125886,0.27
125896,0.32
125924,0.21
125930,0.18
125939,0.17
125957,0.23
125961,0.19
125972,0.17
125973,0.26
125975,0.19
125983,0.14
125984,0.3
125990,0.25
126016,0.22
126022,0.23
126028,0.22
126047,0.28
126048,0.17
126067,0.16
126068,0.1
126069,0.12
126088,0.25
126121,0.12
126123,0.23
126125,0.13
126136,0.24
126159,0.17
126162,0.18
126165,0.14
126172,0.25
126175,0.22
126178,0.25
126184,0.13
126198,0.1
126202,0.19
126203,0.07
126205,0.21
126214,0.23
126231,0.34
126238,0.19
126242,0.15
126252,0.12
126263,0.28
126265,0.24
126267,0.17
126274,0.19
126299,0.18
126307,0.2
126310,0.26
126329,0.25
126331,0.19
126340,0.12
126341,0.3
126348,0.22
126349,0.13
126351,0.17
126354,0.13
126366,0.07
126370,0.15
126398,0.23
126407,0.12
126409,0.24
126431,0.13
126438,0.12
126448,0.13
126462,0.21
126464,0.25
126468,0.19
126472,0.21
126473,0.15
126479,0.11
126484,0.21
126486,0.14
126488,0.24
126490,0.15
126494,0.19
126506,0.23
126510,0.22
126513,0.24
126526,0.21
126533,0.26
126538,0.32
126549,0.23
126553,0.14
126554,0.18
126555,0.2
126579,0.17
126584,0.11
126594,0.16
126595,0.21
126596,0.23
126602,0.16
126611,0.09
126614,0.1
126636,0.09
126638,0.15
126651,0.21
126658,0.15
126674,0.21
126685,0.11
126688,0.22
126689,0.3
126707,0.35
126715,0.15
126716,0.12
126721,0.31
126722,0.26
126732,0.2
126738,0.17
126743,0.09
126744,0.19
126752,0.18
126759,0.21
126763,0.25
126775,0.16
126778,0.3
126784,0.19
126791,0.12
126792,0.18
126804,0.3
126816,0.26
126817,0.14
126822,0.17
126832,0.23
126842,0.21
126849,0.23
126850,0.16
126861,0.07
126871,0.05
126872,0.22
126880,0.18
126888,0.2
126896,0.27
126913,0.2
126918,0.11
126954,0.11
126961,0.12
126963,0.19
126965,0.29
126968,0.27
126971,0.14
126981,0.25
126984,0.2
126985,0.16
126995,0.26
126999,0.28
127007,0.19
127015,0.2
127038,0.12
127054,0.22
127057,0.18
127062,0.34
127083,0.17
127098,0.12
127102,0.12
127110,0.13
127111,0.25
127116,0.19
127126,0.12
127135,0.08
127137,0.26
127142,0.09
127151,0.21
127155,0.27
127156,0.16
127160,0.26
127169,0.18
127174,0.16
127175,0.17
127177,0.19
127192,0.17
127193,0.15
127196,0.17
127197,0.17
127204,0.1
127207,0.11
127215,0.17
127226,0.22
127230,0.17
127244,0.23
127247,0.19
127249,0.18
127259,0.33
127299,0.21
127304,0.18
127308,0.25
127309,0.13
127313,0.19
127316,0.16
127317,0.21
127318,0.18
127333,0.12
127334,0.15
127336,0.19
127346,0.16
127370,0.13
127375,0.21
127390,0.18
127392,0.13
127398,0.19
127400,0.26
127402,0.21
127407,0.18
127412,0.14
127413,0.15
127415,0.16
127418,0.33
127425,0.27
127432,0.14
127436,0.17
127448,0.06
127449,0.18
127463,0.17
127464,0.28
127468,0.13
127481,0.16
127492,0.27
127495,0.15
127496,0.2
127501,0.13
127508,0.21
127531,0.19
127554,0.14
127562,0.24
127565,0.13
127567,0.26
127582,0.16
127593,0.21
127595,0.18
127614,0.09
127627,0.2
127630,0.16
127638,0.16
127639,0.14
127641,0.16
127643,0.21
127665,0.23
127674,0.19
127676,0.3
127693,0.21
127701,0.1
127702,0.21
127709,0.19
127720,0.21
127733,0.16
127739,0.23
127753,0.21
127756,0.18
127757,0.19
127777,0.22
127810,0.31
127811,0.23
127821,0.18
127835,0.21
127839,0.21
127870,0.24
127878,0.3
127887,0.21
127918,0.24
127919,0.18
127920,0.16
127932,0.27
127933,0.24
127953,0.28
127955,0.15
127957,0.15
127961,0.17
127967,0.24
127970,0.1
127975,0.25
127985,0.11
127991,0.23
127997,0.1
127999,0.14
128004,0.16
128005,0.23
128015,0.16
128018,0.21
128044,0.13
128046,0.23
128047,0.23
128048,0.24
128054,0.18
128066,0.24
128070,0.19
128071,0.19
128094,0.18
128095,0.17
128099,0.25
128116,0.17
128130,0.16
128132,0.24
128133,0.36
128140,0.15
128154,0.14
128156,0.39
128160,0.14
128165,0.26
128166,0.14
128169,0.2
128171,0.26
128177,0.1
128178,0.22
128182,0.1
128191,0.24
128199,0.23
128213,0.19
128214,0.3
128216,0.23
128217,0.24
128226,0.2
128229,0.13
128232,0.16
128246,0.12
128273,0.19
128274,0.13
128283,0.15
128284,0.2
128294,0.26
128295,0.29
128297,0.15
128300,0.16
128314,0.16
128317,0.18
128339,0.19
128340,0.19
128342,0.3
128343,0.13
128364,0.1
128368,0.24
128377,0.25
128380,0.22
128383,0.22
128407,0.2
128409,0.22
128423,0.22
128428,0.2
128433,0.15
128438,0.22
128439,0.27
128446,0.24
128447,0.16
128450,0.24
128455,0.28
128457,0.17
128464,0.17
128465,0.19
128471,0.15
128474,0.19
128483,0.19
128514,0.21
128516,0.2
128519,0.29
128528,0.2
128529,0.29
128536,0.29
128541,0.16
128542,0.23
128545,0.12
128557,0.2
128560,0.13
128568,0.25
128571,0.2
128578,0.08
128582,0.19
128588,0.3
128597,0.18
128610,0.27
128619,0.24
128630,0.13
128680,0.26
128684,0.19
128687,0.27
128699,0.23
128702,0.19
128704,0.16
128710,0.23
128720,0.34
128724,0.17
128727,0.18
128744,0.15
128745,0.14
128760,0.21
128766,0.32
128770,0.23
128782,0.22
128822,0.12
128830,0.28
128836,0.36
128845,0.17
128858,0.17
128859,0.13
128860,0.21
128874,0.26
128880,0.21
128882,0.2
128883,0.27
128884,0.1
128892,0.18
128905,0.34
128910,0.15
128912,0.24
128915,0.18
128917,0.17
128937,0.17
128942,0.15
128945,0.14
128957,0.17
128962,0.18
128970,0.1
128985,0.19
128986,0.2
128992,0.23
128994,0.12
129003,0.18
129005,0.16
129010,0.28
129024,0.17
129038,0.19
129042,0.15
129049,0.14
129062,0.27
129067,0.26
129070,0.11
129073,0.22
129074,0.23
129088,0.16
129090,0.17
129101,0.33
129102,0.22
129106,0.26
129108,0.2
129120,0.17
129122,0.18
129123,0.3
129135,0.28
129141,0.19
129152,0.17
129160,0.26
129168,0.22
129174,0.13
129178,0.23
129183,0.25
129187,0.24
129197,0.19
129200,0.1
129205,0.15
129222,0.18
129230,0.11
129235,0.2
129251,0.13
129274,0.12
129282,0.1
129284,0.2
129298,0.13
129299,0.26
129311,0.15
129312,0.13
129313,0.18
129314,0.1
129321,0.25
129329,0.18
129330,0.3
129332,0.17
129338,0.13
129345,0.15
129349,0.21
129353,0.11
129357,0.13
129358,0.23
129365,0.15
129376,0.19
129380,0.17
129382,0.18
129402,0.14
129403,0.13
129412,0.12
129441,0.21
129442,0.17
129448,0.25
129466,0.16
129475,0.28
129483,0.25
129484,0.14
129499,0.19
129501,0.24
129508,0.12
129510,0.21
129526,0.13
129527,0.29
129533,0.16
129535,0.36
129536,0.26
129545,0.22
129553,0.24
129557,0.24
129560,0.16
129576,0.12
129580,0.16
129585,0.23
129587,0.14
129597,0.16
129611,0.1
129619,0.29
129622,0.21
129631,0.21
129632,0.23
129640,0.27
129647,0.15
129658,0.16
129676,0.17
129683,0.23
129685,0.2
129701,0.16
129706,0.35
129707,0.1
129720,0.13
129727,0.39
129728,0.24
129768,0.18
129775,0.17
129790,0.2
129804,0.14
129805,0.19
129813,0.14
129816,0.12
129823,0.15
129826,0.38
129831,0.22
129833,0.16
129851,0.13
129857,0.28
129860,0.19
129914,0.27
129926,0.15
129933,0.2
129939,0.21
129949,0.15
129959,0.34
129962,0.39
129963,0.21
129964,0.24
129977,0.14
129985,0.18
129987,0.28
129992,0.19
130002,0.26
130016,0.24
130045,0.11
130048,0.21
130051,0.11
130053,0.22
130056,0.13
130061,0.2
130062,0.14
130065,0.32
130066,0.11
130070,0.21
130079,0.12
130080,0.13
130098,0.13
130109,0.13
130110,0.2
130116,0.15
130125,0.3
130134,0.32
130137,0.25
130138,0.22
130146,0.25
130148,0.18
130154,0.17
130156,0.24
130158,0.26
130159,0.23
130177,0.11
130186,0.26
130204,0.26
130205,0.17
130206,0.2
130211,0.14
130217,0.25
130218,0.24
130235,0.26
130236,0.27
130239,0.16
130256,0.18
130260,0.11
130261,0.25
130262,0.14
130263,0.17
130264,0.22
130266,0.25
130277,0.29
130278,0.22
130281,0.36
130297,0.22
130302,0.26
130320,0.14
130325,0.21
130329,0.1
130338,0.31
130339,0.24
130340,0.23
130344,0.23
130347,0.21
130353,0.27
130358,0.15
130366,0.14
130371,0.18
130374,0.17
130389,0.12
130390,0.22
130404,0.23
130426,0.15
130440,0.17
130449,0.4
130451,0.12
130452,0.27
130453,0.26
130463,0.27
130466,0.2
130467,0.16
130475,0.14
130489,0.15
130490,0.17
130495,0.17
130497,0.23
130499,0.11
130504,0.16
130513,0.27
130528,0.14
130533,0.27
130543,0.2
130567,0.21
130571,0.21
130572,0.21
130589,0.17
130592,0.26
130603,0.34
130623,0.19
130641,0.22
130687,0.15
130690,0.26
130698,0.17
130707,0.2
130709,0.22
130718,0.31
130722,0.17
130732,0.14
130735,0.19
130757,0.15
130760,0.18
130771,0.18
130772,0.12
130774,0.24
130779,0.15
130795,0.13
130828,0.16
130833,0.18
130843,0.12
130855,0.2
130871,0.14
130878,0.18
130885,0.23
130889,0.18
130894,0.15
130896,0.3
130905,0.26
130906,0.19
130930,0.1
130931,0.25
130943,0.21
130946,0.1
130947,0.23
130950,0.12
130954,0.18
130966,0.19
130983,0.19
131003,0.18
131005,0.13
131009,0.23
131013,0.18
131027,0.18
131030,0.22
131031,0.21
131033,0.15
131039,0.26
131045,0.26
131057,0.31
131072,0.08
131084,0.19
131088,0.16
131089,0.21
131091,0.25
131093,0.22
131114,0.28
131118,0.15
131123,0.19
131130,0.13
131144,0.2
131162,0.25
131163,0.15
131166,0.22
131179,0.32
131181,0.14
131183,0.28
131219,0.19
131227,0.22
131231,0.19
131235,0.21
131242,0.13
131251,0.26
131257,0.17
131263,0.19
131268,0.22
131271,0.1
131275,0.19
131286,0.2
131290,0.32
131300,0.16
131306,0.29
131316,0.17
131321,0.26
131322,0.19
131326,0.12
131333,0.18
131335,0.26
131352,0.15
131354,0.09
131366,0.16
131373,0.15
131388,0.13
131394,0.17
131404,0.16
131405,0.3
131411,0.14
131416,0.21
131421,0.21
131424,0.17
131426,0.22
131443,0.38
131470,0.23
131471,0.27
131476,0.15
131477,0.17
131479,0.4
131493,0.21
131495,0.19
131496,0.25
131498,0.19
131504,0.23
131525,0.33
131528,0.2
131548,0.16
131549,0.23
131550,0.28
131557,0.38
131564,0.15
131565,0.15
131576,0.21
131602,0.31
131628,0.22
131629,0.17
131641,0.23
131647,0.16
131664,0.13
131677,0.14
131681,0.17
131682,0.17
131688,0.31
131690,0.18
131691,0.14
131709,0.16
131713,0.21
131719,0.2
131733,0.23
131734,0.32
131743,0.25
131747,0.16
131748,0.16
131758,0.19
131759,0.27
131764,0.14
131771,0.18
131788,0.2
131791,0.19
131798,0.17
131810,0.24
131812,0.1
131815,0.24
131823,0.27
131824,0.19
131828,0.19
131844,0.13
131846,0.17
131848,0.12
131863,0.17
131864,0.22
131889,0.17
131890,0.23
131892,0.18
131895,0.16
131896,0.28
131897,0.06
131905,0.1
131906,0.15
131907,0.21
131914,0.22
131921,0.1
131922,0.16
131925,0.2
131936,0.16
131941,0.21
131950,0.17
131952,0.21
131959,0.32
131983,0.13
131987,0.16
131994,0.18
132004,0.22
132009,0.23
132012,0.19
132013,0.14
132014,0.3
132028,0.29
132054,0.18
132061,0.15
132062,0.18
132078,0.33
132082,0.18
132086,0.22
132089,0.19
132095,0.19
132109,0.09
132110,0.26
132121,0.09
132125,0.11
132127,0.11
132128,0.13
132134,0.25
132139,0.11
132141,0.12
132149,0.3
132150,0.23
132152,0.2
132153,0.27
132164,0.17
132179,0.27
132182,0.24
132189,0.2
132193,0.2
132194,0.13
132195,0.2
132208,0.24
132211,0.18
132212,0.22
132216,0.17
132219,0.17
132223,0.12
132238,0.16
132242,0.1
132268,0.14
132275,0.19
132276,0.24
132279,0.14
132289,0.29
132290,0.14
132300,0.4
132319,0.23
132340,0.12
132344,0.22
132345,0.19
132346,0.31
132352,0.25
132353,0.17
132358,0.39
132381,0.19
132382,0.15
132383,0.22
132410,0.15
132419,0.1
132423,0.17
132432,0.27
132434,0.28
132440,0.2
132441,0.19
132452,0.08
132453,0.1
132456,0.28
132459,0.2
132462,0.19
132463,0.19
132468,0.33
132485,0.3
132490,0.13
132500,0.27
132521,0.33
132555,0.21
132560,0.16
132562,0.18
132575,0.26
132587,0.09
132591,0.12
132611,0.23
132615,0.19
132617,0.34
132622,0.33
132629,0.18
132638,0.2
132642,0.16
132658,0.22
132664,0.26
132668,0.2
132676,0.2
132704,0.26
132707,0.21
132719,0.21
132723,0.4
132724,0.15
132732,0.22
132754,0.17
132756,0.25
132766,0.15
132767,0.2
132775,0.23
132776,0.12
132785,0.19
132787,0.16
132793,0.2
132807,0.09
132811,0.11
132818,0.1
132834,0.14
132846,0.25
132861,0.18
132870,0.33
132882,0.2
132884,0.19
132885,0.17
132888,0.2
132898,0.23
132912,0.14
132916,0.17
132917,0.17
132932,0.23
132940,0.16
132943,0.16
132962,0.12
132965,0.21
132969,0.08
132974,0.22
132977,0.12
132978,0.13
132982,0.16
132983,0.09
132996,0.13
133006,0.13
133007,0.17
133025,0.18
133027,0.18
133033,0.19
133038,0.2
133040,0.17
133041,0.15
133044,0.24
133053,0.11
133063,0.15
133065,0.18
133083,0.23
133084,0.21
133091,0.26
133092,0.14
133107,0.26
133111,0.12
133122,0.22
133132,0.18
133140,0.29
133147,0.08
133150,0.17
133168,0.27
133170,0.12
133184,0.18
133228,0.15
133229,0.15
133230,0.23
133232,0.27
133242,0.29
133246,0.22
133247,0.22
133253,0.14
133268,0.2
133271,0.19
133272,0.13
133296,0.31
133299,0.31
133302,0.32
133315,0.14
133330,0.12
133331,0.15
133332,0.25
133333,0.23
133334,0.33
133361,0.37
133363,0.16
133404,0.11
133412,0.35
133418,0.17
133422,0.25
133426,0.23
133450,0.16
133465,0.17
133468,0.22
133469,0.11
133474,0.07
133479,0.22
133490,0.29
133492,0.15
133495,0.12
133496,0.16
133501,0.27
133502,0.18
133511,0.24
133515,0.28
133528,0.26
133539,0.12
133551,0.26
133564,0.2
133569,0.33
133570,0.11
133578,0.16
133586,0.18
133587,0.33
133597,0.22
133608,0.1
133624,0.16
133626,0.31
133645,0.17
133655,0.15
133658,0.21
133659,0.15
133660,0.12
133664,0.1
133684,0.32
133685,0.18
133688,0.22
133706,0.15
133713,0.13
133723,0.19
133730,0.1
133733,0.21
133760,0.25
133762,0.19
133777,0.16
133793,0.17
133816,0.14
133818,0.22
133824,0.16
133841,0.27
133850,0.12
133877,0.16
133880,0.2
133887,0.23
133889,0.32
133896,0.17
133916,0.33
133920,0.2
133936,0.15
133939,0.17
133940,0.21
133942,0.23
133956,0.22
133957,0.2
133965,0.23
133972,0.16
133973,0.16
134008,0.2
134016,0.32
134039,0.25
134040,0.23
134045,0.23
134050,0.17
134056,0.26
134082,0.25
134085,0.19
134089,0.22
134102,0.23
134118,0.11
134131,0.21
134135,0.25
134137,0.15
134150,0.29
134159,0.23
134183,0.1
134186,0.27
134211,0.21
134216,0.21
134217,0.12
134218,0.14
134230,0.3
134233,0.24
134234,0.1
134236,0.2
134241,0.11
134242,0.25
134273,0.21
134277,0.13
134287,0.21
134293,0.22
134302,0.14
134306,0.39
134307,0.15
134325,0.16
134330,0.26
134334,0.22
134338,0.28
134339,0.18
134348,0.17
134355,0.11
134369,0.24
134387,0.15
134399,0.23
134400,0.19
134405,0.21
134407,0.15
134433,0.16
134448,0.11
134460,0.18
134463,0.19
134467,0.17
134485,0.17
134486,0.34
134490,0.3
134494,0.25
134501,0.28
134508,0.16
134512,0.13
134514,0.21
134519,0.13
134528,0.26
134536,0.13
134540,0.26
134546,0.2
134549,0.21
134558,0.28
134560,0.14
134588,0.22
134590,0.18
134591,0.15
134594,0.17
134622,0.22
134626,0.19
134639,0.13
134649,0.18
134654,0.11
134658,0.22
134683,0.21
134688,0.27
134689,0.44
134697,0.21
134698,0.16
134718,0.17
134742,0.13
134751,0.22
134760,0.23
134763,0.16
134764,0.26
134765,0.15
134773,0.22
134790,0.19
134794,0.1
134802,0.12
134805,0.08
134807,0.12
134812,0.23
134813,0.15
134823,0.15
134824,0.24
134838,0.33
134841,0.24
134857,0.16
134862,0.29
134865,0.19
134880,0.26
134883,0.28
134884,0.17
134916,0.17
134918,0.22
134919,0.2
134921,0.13
134928,0.32
134943,0.27
134950,0.14
134968,0.19
134971,0.27
134972,0.21
135011,0.14
135013,0.31
135016,0.2
135031,0.21
135036,0.15
135041,0.14
135052,0.25
135053,0.21
135054,0.28
135060,0.22
135072,0.09
135078,0.18
135079,0.24
135090,0.23
135113,0.19
135123,0.17
135128,0.31
135136,0.25
135152,0.19
135163,0.22
135166,0.16
135186,0.19
135188,0.18
135194,0.17
135214,0.18
135220,0.17
135235,0.11
135236,0.13
135241,0.18
135243,0.26
135253,0.19
135258,0.2
135264,0.21
135271,0.19
135274,0.13
135275,0.22
135288,0.21
135290,0.12
135299,0.24
135304,0.22
135309,0.15
135345,0.4
135359,0.16
135360,0.19
135361,0.22
135363,0.17
135365,0.12
135369,0.18
135380,0.2
135387,0.24
135389,0.2
135390,0.22
135393,0.18
135401,0.23
135409,0.22
135410,0.26
135412,0.23
135430,0.26
135434,0.14
135435,0.23
135445,0.3
135449,0.47
135460,0.15
135461,0.15
135491,0.26
135500,0.12
135504,0.17
135506,0.15
135521,0.18
135523,0.29
135527,0.18
135528,0.15
135530,0.27
135540,0.21
135541,0.35
135562,0.22
135578,0.15
135584,0.21
135589,0.22
135590,0.24
135591,0.31
135596,0.14
135607,0.15
135622,0.14
135626,0.22
135635,0.24
135636,0.2
135650,0.15
135656,0.15
135657,0.17
135672,0.2
135673,0.16
135678,0.26
135679,0.15
135684,0.29
135701,0.18
135704,0.24
135713,0.15
135716,0.27
135718,0.16
135723,0.12
135737,0.15
135738,0.16
135745,0.18
135746,0.21
135752,0.16
135755,0.18
135756,0.16
135765,0.16
135778,0.14
135779,0.18
135788,0.08
135803,0.2
135804,0.15
135809,0.14
135811,0.34
135812,0.13
135823,0.31
135834,0.23
135838,0.18
135843,0.17
135847,0.22
135857,0.47
135865,0.21
135872,0.21
135885,0.25
135888,0.16
135899,0.28
135910,0.1
135930,0.32
135941,0.28
135943,0.23
135949,0.21
135950,0.26
135951,0.22
135954,0.26
135966,0.37
135967,0.21
135971,0.23
135974,0.23
135975,0.27
135985,0.16
136004,0.15
136009,0.23
136033,0.25
136041,0.22
136051,0.18
136057,0.22
136070,0.3
136099,0.19
136103,0.17
136114,0.29
136116,0.12
136140,0.15
136160,0.07
136185,0.23
136201,0.19
136211,0.31
136213,0.31
136224,0.29
136234,0.21
136244,0.15
136255,0.15
136257,0.15
136260,0.1
136261,0.22
136263,0.22
136267,0.2
136277,0.23
136289,0.2
136293,0.2
136296,0.15
136302,0.22
136312,0.13
136317,0.23
136337,0.33
136355,0.13
136356,0.3
136383,0.19
136390,0.18
136406,0.27
136416,0.13
136417,0.2
136429,0.3
136440,0.19
136445,0.17
136449,0.13
136454,0.32
136457,0.09
136467,0.24
136474,0.18
136503,0.2
136505,0.11
136558,0.23
136578,0.32
136579,0.24
136582,0.18
136583,0.07
136588,0.26
136593,0.16
136605,0.21
136617,0.22
136620,0.19
136625,0.23
136640,0.18
136643,0.28
136653,0.3
136654,0.26
136660,0.1
136661,0.08
136663,0.32
136683,0.25
136711,0.17
136726,0.28
136730,0.25
136739,0.26
136740,0.27
136745,0.12
136751,0.2
136754,0.11
136758,0.13
136762,0.24
136763,0.15
136778,0.12
136782,0.17
136798,0.2
136808,0.34
136811,0.22
136829,0.14
136832,0.2
136838,0.19
136846,0.2
136848,0.16
136852,0.22
136854,0.14
136856,0.11
136862,0.45
136863,0.15
136885,0.14
136887,0.22
136902,0.29
136918,0.08
136922,0.16
136923,0.09
136929,0.35
136940,0.17
136967,0.19
136968,0.23
136972,0.19
136984,0.25
136993,0.22
136994,0.17
136995,0.16
136999,0.09
137013,0.13
137015,0.18
137023,0.23
137025,0.21
137032,0.23
137033,0.41
137045,0.29
137049,0.2
137051,0.2
137052,0.2
137101,0.27
137119,0.33
137142,0.23
137149,0.17
137166,0.15
137167,0.12
137192,0.26
137193,0.22
137194,0.16
137204,0.21
137214,0.2
137222,0.28
137223,0.22
137234,0.23
137254,0.17
137269,0.14
137284,0.11
137285,0.27
137286,0.27
137287,0.2
137300,0.24
137305,0.18
137313,0.21
137344,0.36
137346,0.25
137354,0.3
137356,0.3
137357,0.19
137364,0.18
137368,0.18
137380,0.24
137383,0.14
137395,0.21
137432,0.15
137433,0.18
137435,0.19
137444,0.2
137453,0.23
137454,0.17
137455,0.2
137456,0.17
137457,0.25
137465,0.15
137476,0.23
137515,0.19
137544,0.15
137549,0.21
137560,0.29
137577,0.37
137590,0.16
137591,0.22
137592,0.22
137595,0.18
137614,0.16
137624,0.2
137640,0.15
137651,0.18
137657,0.08
137658,0.29
137672,0.2
137673,0.17
137687,0.34
137688,0.21
137689,0.08
137700,0.26
137711,0.19
137715,0.28
137718,0.15
137721,0.12
137722,0.26
137726,0.27
137739,0.18
137741,0.2
137743,0.14
137747,0.23
137761,0.16
137796,0.18
137807,0.2
137809,0.13
137824,0.16
137827,0.22
137846,0.29
137862,0.17
137865,0.14
137868,0.22
137875,0.17
137878,0.14
137883,0.17
137888,0.21
137913,0.2
137915,0.09
137934,0.19
137936,0.23
137937,0.15
137942,0.15
137944,0.32
137947,0.14
137960,0.19
137977,0.26
138006,0.23
138007,0.15
138008,0.17
138019,0.22
138021,0.2
138022,0.22
138025,0.19
138044,0.18
138046,0.15
138050,0.19
138068,0.21
138084,0.15
138085,0.18
138086,0.18
138087,0.23
138089,0.23
138100,0.19
138105,0.15
138107,0.22
138127,0.11
138128,0.25
138129,0.14
138131,0.22
138132,0.15
138150,0.2
138156,0.14
138169,0.17
138174,0.26
138177,0.16
138187,0.14
138189,0.18
138193,0.22
138203,0.15
138209,0.26
138237,0.16
138243,0.21
138273,0.18
138274,0.21
138275,0.1
138277,0.21
138285,0.21
138289,0.26
138308,0.14
138313,0.18
138317,0.11
138326,0.24
138327,0.33
138338,0.14
138367,0.11
138377,0.24
138416,0.17
138417,0.19
138419,0.14
138425,0.22
138430,0.23
138454,0.11
138465,0.17
138470,0.16
138480,0.25
138481,0.24
138486,0.15
138492,0.18
138496,0.14
138519,0.33
138520,0.28
138522,0.27
138545,0.12
138556,0.26
138560,0.15
138564,0.2
138573,0.19
138581,0.37
138585,0.14
138591,0.14
138598,0.14
138600,0.18
138602,0.19
138613,0.26
138639,0.2
138651,0.2
138652,0.12
138661,0.27
138674,0.15
138678,0.4
138679,0.12
138686,0.23
138695,0.17
138711,0.15
138728,0.28
138731,0.13
138744,0.25
138752,0.19
138754,0.41
138756,0.25
138770,0.12
138771,0.28
138807,0.15
138818,0.23
138819,0.27
138820,0.13
138831,0.19
138843,0.14
138871,0.21
138873,0.11
138876,0.23
138880,0.26
138881,0.14
138882,0.11
138890,0.21
138892,0.2
138893,0.17
138917,0.12
138921,0.27
138922,0.18
138924,0.22
138926,0.16
138932,0.22
138946,0.16
138959,0.18
138961,0.23
138964,0.18
138968,0.21
138969,0.22
138980,0.23
138992,0.26
139002,0.23
139010,0.18
139011,0.15
139017,0.23
139030,0.16
139032,0.16
139034,0.25
139039,0.14
139049,0.27
139053,0.14
139058,0.25
139062,0.31
139067,0.37
139069,0.36
139070,0.39
139075,0.2
139082,0.26
139092,0.24
139098,0.2
139108,0.17
139127,0.17
139130,0.23
139145,0.11
139164,0.19
139174,0.23
139175,0.28
139178,0.15
139180,0.08
139181,0.21
139186,0.14
139189,0.2
139190,0.17
139191,0.16
139198,0.12
139201,0.25
139204,0.17
139208,0.14
139211,0.12
139215,0.19
139225,0.18
139226,0.09
139231,0.19
139246,0.24
139252,0.12
139256,0.16
139258,0.13
139268,0.11
139272,0.21
139283,0.18
139286,0.2
139289,0.16
139290,0.29
139291,0.14
139293,0.18
139303,0.23
139304,0.16
139307,0.31
139319,0.19
139321,0.2
139326,0.13
139327,0.14
139355,0.21
139363,0.13
139375,0.24
139397,0.2
139412,0.24
139413,0.25
139415,0.24
139416,0.26
139449,0.29
139461,0.14
139462,0.23
139463,0.27
139486,0.17
139493,0.21
139515,0.23
139516,0.24
139522,0.21
139532,0.08
139542,0.17
139545,0.26
139552,0.34
139553,0.28
139555,0.1
139559,0.18
139560,0.21
139564,0.23
139565,0.16
139567,0.24
139568,0.1
139572,0.11
139573,0.14
139592,0.11
139595,0.39
139597,0.26
139598,0.25
139607,0.19
139609,0.31
139628,0.23
139653,0.17
139656,0.42
139661,0.16
139673,0.15
139674,0.15
139683,0.2
139714,0.29
139724,0.18
139737,0.25
139749,0.2
139755,0.15
139756,0.24
139757,0.19
139763,0.21
139769,0.26
139774,0.4
139775,0.17
139777,0.15
139780,0.26
139788,0.27
139794,0.21
139831,0.31
139832,0.14
139834,0.18
139839,0.11
139843,0.36
139844,0.16
139858,0.3
139861,0.24
139864,0.26
139865,0.31
139874,0.14
139876,0.15
139895,0.12
139903,0.26
139917,0.14
139930,0.19
139934,0.15
139935,0.16
139946,0.16
139958,0.23
139977,0.26
139981,0.13
139989,0.2
139992,0.26
139995,0.23
139996,0.22
139997,0.19
140005,0.21
140010,0.28
140018,0.16
140026,0.19
140027,0.21
140031,0.21
140037,0.15
140039,0.06
140040,0.22
140042,0.08
140049,0.37
140084,0.25
140087,0.22
140096,0.15
140101,0.31
140114,0.19
140117,0.19
140129,0.29
140131,0.4
140132,0.17
140136,0.29
140144,0.2
140151,0.21
140172,0.18
140174,0.17
140190,0.17
140196,0.23
140200,0.13
140204,0.26
140223,0.2
140232,0.13
140234,0.17
140237,0.26
140245,0.2
140247,0.19
140248,0.14
140298,0.17
140305,0.42
140311,0.12
140312,0.25
140318,0.3
140325,0.22
140327,0.32
140334,0.26
140337,0.12
140338,0.13
140343,0.1
140376,0.09
140378,0.33
140381,0.15
140382,0.2
140384,0.21
140386,0.24
140390,0.18
140402,0.14
140406,0.16
140425,0.12
140426,0.15
140434,0.14
140435,0.15
140436,0.29
140451,0.15
140452,0.18
140454,0.13
140455,0.2
140483,0.16
140504,0.15
140512,0.26
140518,0.15
140534,0.09
140545,0.16
140546,0.22
140560,0.18
140563,0.16
140564,0.25
140569,0.12
140577,0.28
140638,0.15
140655,0.22
140664,0.16
140669,0.1
140672,0.37
140682,0.12
140693,0.19
140700,0.19
140701,0.14
140704,0.24
140705,0.19
140719,0.12
140749,0.29
140750,0.2
140751,0.27
140752,0.14
140762,0.26
140772,0.2
140778,0.25
140779,0.29
140780,0.13
140802,0.17
140804,0.3
140807,0.26
140813,0.17
140827,0.14
140840,0.16
140845,0.23
140847,0.26
140861,0.14
140862,0.22
140872,0.14
140879,0.28
140880,0.22
140886,0.18
140924,0.17
140938,0.19
140944,0.23
140945,0.27
140961,0.14
140963,0.16
140967,0.24
140982,0.21
140990,0.15
140993,0.15
140996,0.33
141004,0.19
141025,0.45
141030,0.15
141031,0.12
141032,0.19
141067,0.17
141072,0.14
141081,0.16
141084,0.29
141085,0.25
141089,0.14
141090,0.19
141093,0.18
141095,0.23
141110,0.24
141114,0.18
141119,0.35
141147,0.26
141150,0.42
141159,0.19
141160,0.31
141167,0.11
141206,0.16
141213,0.15
141215,0.39
141222,0.15
141255,0.17
141283,0.1
141298,0.27
141306,0.14
141310,0.28
141320,0.25
141323,0.26
141329,0.18
141333,0.18
141339,0.14
141340,0.25
141344,0.21
141345,0.16
141347,0.21
141350,0.29
141356,0.14
141358,0.23
141365,0.15
141368,0.08
141369,0.17
141376,0.26
141377,0.14
141385,0.19
141387,0.15
141388,0.35
141389,0.22
141390,0.24
141409,0.14
141410,0.19
141411,0.23
141414,0.18
141422,0.22
141426,0.28
141457,0.19
141470,0.17
141480,0.12
141481,0.19
141492,0.14
141493,0.23
141496,0.15
141497,0.17
141502,0.2
141503,0.24
141504,0.39
141507,0.13
141515,0.16
141524,0.33
141528,0.14
141540,0.08
141542,0.24
141551,0.28
141573,0.18
141580,0.14
141588,0.27
141596,0.13
141597,0.21
141602,0.21
141608,0.18
141611,0.14
141612,0.3
141618,0.24
141628,0.16
141632,0.25
141634,0.24
141637,0.18
141638,0.27
141639,0.14
141640,0.25
141644,0.31
141654,0.22
141656,0.14
141668,0.13
141717,0.31
141718,0.16
141723,0.32
141743,0.11
141744,0.14
141750,0.15
141753,0.16
141762,0.29
141809,0.11
141815,0.11
141826,0.18
141832,0.17
141840,0.13
141869,0.24
141870,0.25
141887,0.23
141915,0.1
141925,0.13
141945,0.34
141949,0.17
141958,0.15
141959,0.09
141963,0.11
141989,0.26
141995,0.24
141997,0.16
142005,0.16
142008,0.15
142012,0.2
142014,0.17
142025,0.19
142036,0.13
142037,0.16
142038,0.09
142039,0.19
142064,0.19
142065,0.26
142070,0.19
142074,0.19
142079,0.2
142084,0.3
142087,0.27
142102,0.17
142106,0.16
142115,0.16
142120,0.19
142132,0.2
142139,0.19
142142,0.1
142153,0.25
142160,0.28
142162,0.11
142163,0.14
142167,0.13
142168,0.15
142177,0.26
142180,0.29
142183,0.27
142186,0.23
142189,0.3
142195,0.18
142198,0.15
142210,0.15
142215,0.26
142222,0.14
142223,0.2
142224,0.16
142236,0.14
142237,0.19
142239,0.24
142242,0.14
142243,0.2
142244,0.1
142255,0.17
142273,0.16
142289,0.18
142294,0.19
142303,0.21
142305,0.18
142339,0.2
142359,0.3
142361,0.23
142364,0.17
142378,0.2
142380,0.15
142383,0.14
142387,0.24
142393,0.25
142396,0.25
142407,0.28
142409,0.17
142427,0.17
142429,0.36
142430,0.19
142431,0.25
142433,0.13
142439,0.32
142440,0.21
142446,0.2
142459,0.17
142478,0.22
142481,0.12
142491,0.21
142495,0.17
142497,0.12
142510,0.22
142513,0.27
142521,0.13
142529,0.14
142537,0.17
142542,0.3
142558,0.2
142574,0.26
142575,0.11
142579,0.13
142587,0.18
142590,0.33
142610,0.12
142614,0.19
142621,0.22
142641,0.14
142650,0.13
142653,0.16
142667,0.21
142671,0.3
142676,0.23
142680,0.2
142684,0.16
142685,0.11
142686,0.18
142689,0.15
142691,0.18
142704,0.13
142707,0.21
142724,0.08
142727,0.26
142728,0.19
142741,0.17
142747,0.19
142748,0.16
142752,0.16
142755,0.16
142756,0.19
142759,0.09
142762,0.09
142771,0.16
142778,0.25
142783,0.12
142789,0.37
142790,0.14
142791,0.25
142793,0.22
142795,0.12
142803,0.25
142819,0.16
142822,0.14
142825,0.26
142833,0.15
142871,0.06
142872,0.19
142883,0.14
142905,0.06
142906,0.21
142917,0.21
142921,0.2
142927,0.12
142932,0.2
142940,0.2
142962,0.18
142969,0.22
142976,0.17
142977,0.14
142982,0.21
142988,0.15
142990,0.19
142992,0.18
143012,0.28
143013,0.23
143016,0.18
143017,0.28
143033,0.12
143058,0.21
143059,0.16
143060,0.21
143065,0.26
143076,0.22
143081,0.29
143088,0.14
143089,0.2
143090,0.11
143094,0.09
143100,0.15
143115,0.15
143132,0.13
143135,0.19
143136,0.18
143149,0.28
143151,0.21
143152,0.11
143153,0.26
143162,0.15
143166,0.16
143167,0.21
143187,0.23
143188,0.15
143190,0.19
143191,0.23
143195,0.37
143207,0.22
143209,0.25
143227,0.2
143231,0.27
143232,0.15
143244,0.16
143263,0.23
143268,0.22
143275,0.14
143278,0.25
143302,0.32
143320,0.18
143328,0.22
143336,0.11
143339,0.17
143340,0.31
143353,0.16
143360,0.22
143361,0.23
143385,0.31
143388,0.16
143389,0.25
143390,0.18
143393,0.28
143396,0.19
143419,0.23
143421,0.12
143422,0.17
143431,0.14
143433,0.15
143440,0.15
143442,0.16
143463,0.18
143466,0.12
143475,0.3
143500,0.2
143510,0.12
143528,0.25
143532,0.17
143535,0.24
143538,0.2
143548,0.14
143550,0.26
143555,0.22
143576,0.35
143593,0.18
143595,0.23
143596,0.17
143597,0.22
143599,0.19
143601,0.18
143602,0.12
143605,0.14
143609,0.22
143611,0.13
143613,0.23
143618,0.18
143652,0.12
143667,0.13
143679,0.19
143680,0.23
143692,0.21
143703,0.22
143712,0.22
143714,0.22
143715,0.12
143729,0.36
143732,0.16
143738,0.14
143740,0.19
143743,0.27
143772,0.22
143773,0.16
143792,0.2
143802,0.14
143808,0.13
143819,0.18
143820,0.19
143825,0.16
143828,0.13
143831,0.29
143834,0.08
143835,0.12
143843,0.19
143860,0.14
143874,0.17
143889,0.24
143903,0.16
143921,0.17
143936,0.15
143944,0.12
143947,0.12
143948,0.18
143957,0.36
143964,0.31
143965,0.14
143971,0.26
143976,0.18
143977,0.3
143983,0.18
143991,0.21
144015,0.08
144032,0.15
144057,0.22
144065,0.07
144087,0.09
144090,0.15
144091,0.28
144092,0.15
144139,0.24
144150,0.27
144151,0.11
144153,0.17
144154,0.4
144159,0.29
144168,0.29
144169,0.19
144178,0.33
144179,0.19
144183,0.21
144186,0.3
144190,0.21
144191,0.16
144199,0.2
144226,0.16
144227,0.14
144229,0.2
144237,0.21
144247,0.19
144249,0.18
144259,0.15
144260,0.21
144282,0.24
144295,0.19
144304,0.15
144314,0.12
144318,0.26
144324,0.19
144325,0.19
144333,0.2
144334,0.13
144336,0.16
144350,0.17
144354,0.18
144357,0.1
144359,0.11
144365,0.23
144385,0.18
144386,0.09
144387,0.26
144390,0.26
144393,0.12
144398,0.22
144402,0.16
144416,0.12
144422,0.17
144446,0.25
144451,0.22
144461,0.2
144464,0.19
144483,0.22
144498,0.26
144499,0.15
144534,0.23
144549,0.13
144563,0.16
144570,0.47
144579,0.15
144580,0.08
144581,0.18
144582,0.28
144587,0.14
144588,0.19
144589,0.19
144590,0.16
144598,0.15
144601,0.2
144610,0.16
144611,0.15
144612,0.13
144613,0.11
144617,0.24
144635,0.31
144640,0.27
144644,0.17
144645,0.18
144654,0.21
144656,0.23
144657,0.26
144658,0.12
144659,0.28
144665,0.25
144667,0.16
144675,0.21
144677,0.13
144678,0.19
144690,0.28
144701,0.23
144702,0.31
144716,0.15
144721,0.13
144722,0.27
144729,0.2
144744,0.09
144753,0.11
144761,0.08
144764,0.39
144767,0.13
144780,0.23
144781,0.24
144784,0.14
144806,0.1
144810,0.34
144811,0.2
144824,0.2
144828,0.19
144829,0.14
144835,0.26
144849,0.22
144850,0.14
144870,0.11
144881,0.26
144891,0.19
144898,0.26
144904,0.14
144906,0.15
144909,0.11
144910,0.25
144912,0.25
144963,0.21
144965,0.31
144966,0.22
144979,0.23
144990,0.23
144991,0.12
144992,0.27
144999,0.22
145006,0.28
145007,0.2
145008,0.16
145009,0.19
145011,0.17
145014,0.25
145025,0.14
145036,0.17
145041,0.22
145058,0.26
145071,0.26
145106,0.11
145110,0.19
145142,0.17
145146,0.25
145147,0.1
145148,0.19
145149,0.16
145154,0.28
145157,0.22
145158,0.13
145167,0.12
145172,0.18
145174,0.2
145192,0.15
145195,0.13
145196,0.27
145199,0.13
145209,0.25
145242,0.19
145248,0.12
145249,0.23
145250,0.21
145281,0.27
145287,0.13
145288,0.25
145298,0.23
145303,0.14
145309,0.12
145333,0.24
145336,0.2
145339,0.2
145350,0.11
145353,0.17
145354,0.14
145358,0.19
145382,0.29
145383,0.29
145389,0.16
145390,0.28
145391,0.2
145392,0.23
145407,0.16
145410,0.16
145412,0.23
145415,0.17
145418,0.19
145419,0.17
145440,0.07
145451,0.23
145476,0.24
145481,0.17
145482,0.11
145484,0.23
145502,0.15
145512,0.22
145515,0.12
145521,0.13
145523,0.18
145554,0.2
145557,0.14
145560,0.27
145563,0.21
145569,0.18
145586,0.26
145601,0.24
145602,0.18
145615,0.2
145623,0.14
145638,0.19
145640,0.15
145645,0.2
145654,0.15
145664,0.19
145677,0.16
145679,0.17
145681,0.21
145698,0.18
145709,0.16
145713,0.21
145720,0.18
145780,0.1
145781,0.12
145798,0.18
145811,0.29
145819,0.2
145833,0.25
145834,0.18
145835,0.17
145844,0.13
145862,0.22
145869,0.22
145871,0.17
145872,0.07
145874,0.34
145888,0.15
145891,0.27
145907,0.2
145908,0.28
145919,0.24
145925,0.16
145940,0.2
145941,0.23
145943,0.18
145951,0.17
145954,0.16
145957,0.2
145962,0.15
145974,0.15
145976,0.16
145987,0.16
145988,0.28
145989,0.18
145990,0.23
145991,0.27
145993,0.18
146000,0.33
146001,0.17
146006,0.16
146011,0.21
146014,0.18
146020,0.15
146021,0.12
146022,0.28
146026,0.2
146028,0.2
146032,0.2
146033,0.23
146037,0.22
146059,0.13
146060,0.27
146063,0.14
146069,0.15
146086,0.16
146090,0.31
146092,0.15
146094,0.24
146097,0.19
146098,0.23
146106,0.16
146115,0.17
146121,0.25
146122,0.27
146140,0.23
146142,0.14
146146,0.19
146149,0.15
146153,0.13
146155,0.1
146156,0.18
146159,0.22
146172,0.21
146176,0.14
146184,0.22
146186,0.24
146191,0.12
146198,0.15
146199,0.16
146202,0.25
146206,0.13
146214,0.15
146221,0.11
146232,0.15
146239,0.18
146246,0.23
146247,0.17
146252,0.17
146255,0.2
146256,0.12
146262,0.22
146277,0.17
146292,0.16
146303,0.19
146305,0.12
146313,0.2
146317,0.25
146330,0.24
146344,0.25
146345,0.19
146347,0.26
146356,0.16
146369,0.2
146384,0.18
146385,0.16
146386,0.17
146388,0.15
146404,0.21
146409,0.25
146413,0.18
146421,0.22
146428,0.19
146451,0.34
146458,0.11
146466,0.08
146476,0.14
146485,0.2
146486,0.24
146487,0.25
146500,0.17
146502,0.12
146512,0.21
146514,0.2
146515,0.28
146516,0.19
146533,0.17
146535,0.2
146541,0.21
146557,0.18
146562,0.27
146565,0.17
146570,0.16
146571,0.14
146574,0.25
146587,0.24
146591,0.12
146597,0.25
146600,0.21
146614,0.35
146621,0.23
146623,0.22
146631,0.15
146644,0.16
146649,0.21
146651,0.11
146652,0.12
146663,0.18
146680,0.22
146683,0.29
146714,0.16
146724,0.26
146730,0.23
146732,0.22
146738,0.27
146752,0.18
146755,0.25
146756,0.21
146759,0.23
146760,0.25
146761,0.2
146765,0.21
146806,0.24
146809,0.3
146810,0.2
146811,0.16
146815,0.16
146820,0.31
146821,0.14
146824,0.27
146829,0.22
146842,0.16
146864,0.13
146891,0.22
146918,0.33
146955,0.12
146957,0.16
146972,0.29
146973,0.21
146979,0.23
146982,0.18
146984,0.22
146997,0.2
147001,0.26
147008,0.29
147014,0.13
147022,0.16
147038,0.1
147048,0.23
147060,0.22
147061,0.16
147077,0.13
147082,0.19
147083,0.15
147085,0.23
147086,0.24
147099,0.24
147127,0.18
147128,0.2
147133,0.13
147138,0.21
147139,0.14
147150,0.16
147155,0.18
147171,0.23
147172,0.26
147182,0.16
147195,0.18
147199,0.2
147216,0.23
147224,0.18
147225,0.17
147230,0.24
147240,0.21
147250,0.08
147253,0.17
147254,0.31
147264,0.23
147294,0.34
147308,0.14
147309,0.29
147315,0.25
147319,0.22
147329,0.08
147340,0.16
147345,0.32
147353,0.11
147354,0.26
147364,0.21
147366,0.17
147373,0.04
147382,0.11
147383,0.17
147390,0.21
147408,0.22
147411,0.21
147415,0.18
147416,0.29
147425,0.18
147427,0.13
147438,0.26
147439,0.21
147457,0.15
147459,0.15
147463,0.15
147469,0.21
147476,0.16
147483,0.14
147497,0.18
147502,0.35
147515,0.18
147523,0.17
147527,0.13
147541,0.18
147551,0.24
147552,0.23
147561,0.18
147571,0.15
147587,0.26
147657,0.16
147659,0.16
147670,0.16
147695,0.17
147696,0.18
147702,0.32
147710,0.31
147711,0.17
147712,0.27
147713,0.29
147720,0.17
147722,0.23
147742,0.16
147750,0.19
147761,0.18
147764,0.15
147770,0.21
147771,0.32
147774,0.3
147786,0.15
147787,0.26
147791,0.17
147792,0.16
147793,0.3
147794,0.14
147801,0.21
147824,0.19
147826,0.13
147840,0.19
147847,0.19
147862,0.16
147865,0.21
147882,0.2
147893,0.33
147925,0.13
147932,0.24
147942,0.17
147953,0.21
147955,0.33
147964,0.24
147966,0.22
147981,0.11
147982,0.23
147990,0.18
147998,0.23
148002,0.21
148013,0.25
148025,0.24
148026,0.25
148031,0.21
148035,0.23
148042,0.3
148047,0.14
148050,0.25
148063,0.26
148065,0.3
148069,0.24
148070,0.17
148075,0.29
148076,0.17
148087,0.09
148091,0.19
148102,0.16
148107,0.2
148108,0.15
148113,0.3
148131,0.23
148141,0.18
148149,0.17
148150,0.3
148163,0.18
148175,0.16
148185,0.26
148187,0.18
148198,0.27
148204,0.23
148205,0.13
148212,0.23
148216,0.4
148217,0.2
148223,0.2
148224,0.14
148235,0.21
148255,0.28
148276,0.16
148285,0.16
148289,0.15
148292,0.25
148294,0.24
148314,0.16
148319,0.15
148320,0.26
148322,0.21
148323,0.2
148325,0.12
148333,0.31
148339,0.1
148359,0.2
148361,0.3
148364,0.14
148380,0.2
148382,0.12
148386,0.27
148393,0.15
148394,0.25
148404,0.16
148419,0.15
148423,0.14
148437,0.26
148440,0.18
148448,0.13
148449,0.16
148450,0.14
148451,0.17
148458,0.25
148471,0.19
148475,0.19
148476,0.22
148497,0.19
148511,0.19
148512,0.18
148534,0.14
148545,0.22
148557,0.23
148564,0.12
148570,0.13
148586,0.22
148596,0.18
148600,0.23
148607,0.21
148609,0.16
148622,0.18
148623,0.1
148625,0.28
148626,0.13
148628,0.18
148632,0.16
148639,0.17
148643,0.24
148644,0.37
148680,0.07
148702,0.27
148716,0.24
148717,0.21
148726,0.31
148738,0.26
148746,0.12
148749,0.24
148750,0.22
148769,0.16
148791,0.19
148803,0.14
148804,0.23
148823,0.21
148831,0.09
148849,0.19
148850,0.25
148855,0.18
148893,0.14
148896,0.17
148899,0.2
148903,0.23
148910,0.14
148911,0.26
148912,0.3
148913,0.21
148933,0.25
148935,0.22
148937,0.23
148946,0.37
148955,0.22
148980,0.32
148996,0.1
149015,0.32
149025,0.25
149028,0.25
149029,0.09
149035,0.13
149050,0.12
149051,0.18
149052,0.19
149056,0.13
149062,0.17
149067,0.22
149076,0.29
149090,0.34
149106,0.2
149107,0.15
149118,0.25
149119,0.17
149130,0.26
149154,0.11
149157,0.19
149158,0.19
149160,0.14
149163,0.21
149164,0.17
149165,0.21
149166,0.21
149214,0.26
149231,0.28
149236,0.16
149237,0.22
149246,0.1
149247,0.13
149253,0.19
149254,0.15
149265,0.16
149266,0.15
149277,0.38
149283,0.18
149289,0.23
149310,0.16
149314,0.17
149318,0.2
149319,0.14
149320,0.21
149321,0.36
149333,0.15
149337,0.31
149338,0.18
149341,0.22
149342,0.13
149349,0.23
149351,0.26
149354,0.13
149360,0.14
149362,0.16
149366,0.21
149372,0.36
149376,0.17
149388,0.2
149393,0.19
149401,0.15
149405,0.22
149412,0.3
149415,0.12
149416,0.13
149430,0.24
149435,0.18
149436,0.21
149444,0.37
149456,0.16
149471,0.12
149480,0.15
149481,0.16
149490,0.22
149491,0.18
149503,0.25
149512,0.15
149524,0.21
149525,0.18
149532,0.26
149533,0.24
149536,0.41
149540,0.2
149548,0.2
149563,0.14
149568,0.13
149569,0.25
149570,0.29
149582,0.13
149584,0.12
149587,0.21
149592,0.2
149596,0.23
149599,0.18
149612,0.17
149643,0.14
149648,0.23
149665,0.15
149666,0.2
149671,0.15
149675,0.13
149676,0.21
149677,0.12
149680,0.32
149711,0.16
149723,0.16
149726,0.28
149727,0.22
149730,0.07
149733,0.18
149734,0.43
149736,0.33
149750,0.15
149752,0.34
149767,0.22
149791,0.13
149793,0.14
149810,0.11
149850,0.13
149857,0.14
149858,0.12
149860,0.24
149882,0.16
149889,0.18
149890,0.18
149918,0.18
149919,0.2
149927,0.2
149928,0.18
149940,0.28
149944,0.21
149947,0.22
149951,0.26
149956,0.11
149958,0.24
149969,0.11
149988,0.18
149996,0.2
150007,0.22
150018,0.21
150025,0.16
150054,0.13
150064,0.26
150070,0.15
150074,0.16
150078,0.18
150084,0.1
150106,0.16
150111,0.41
150115,0.14
150117,0.29
150120,0.18
150127,0.21
150128,0.27
150130,0.22
150132,0.2
150135,0.1
150145,0.25
150148,0.14
150153,0.13
150154,0.09
150173,0.14
150174,0.28
150176,0.22
150177,0.22
150178,0.29
150179,0.27
150187,0.14
150207,0.22
150223,0.18
150224,0.12
150229,0.13
150233,0.19
150245,0.21
150252,0.16
150257,0.21
150258,0.2
150267,0.21
150268,0.14
150272,0.36
150282,0.2
150289,0.28
150299,0.09
150307,0.17
150310,0.14
150311,0.25
150312,0.17
150313,0.16
150324,0.37
150335,0.25
150343,0.18
150354,0.15
150363,0.12
150365,0.15
150377,0.22
150381,0.17
150382,0.2
150414,0.14
150418,0.16
150431,0.19
150449,0.13
150450,0.18
150473,0.19
150475,0.17
150476,0.15
150478,0.24
150488,0.25
150499,0.18
150501,0.23
150503,0.18
150518,0.21
150529,0.15
150531,0.18
150532,0.21
150535,0.23
150543,0.23
150545,0.26
150548,0.24
150552,0.24
150558,0.2
150574,0.25
150576,0.4
150577,0.14
150594,0.29
150601,0.19
150604,0.16
150618,0.25
150626,0.18
150627,0.19
150635,0.29
150648,0.21
150649,0.16
150650,0.28
150651,0.12
150652,0.16
150657,0.29
150659,0.22
150666,0.26
150667,0.16
150680,0.19
150698,0.35
150700,0.35
150713,0.12
150715,0.13
150718,0.09
150724,0.22
150731,0.14
150734,0.21
150738,0.11
150744,0.11
150745,0.23
150746,0.15
150749,0.13
150750,0.26
150753,0.15
150759,0.22
150762,0.28
150764,0.16
150782,0.19
150784,0.24
150785,0.18
150786,0.13
150789,0.16
150802,0.1
150809,0.14
150810,0.14
150817,0.12
150820,0.11
150822,0.21
150845,0.23
150846,0.17
150854,0.2
150858,0.31
150866,0.27
150869,0.16
150874,0.2
150887,0.15
150889,0.21
150892,0.17
150896,0.2
150901,0.32
150914,0.3
150918,0.22
150919,0.2
150929,0.16
150935,0.21
150941,0.14
150949,0.24
150950,0.28
150951,0.22
150952,0.06
150980,0.32
150981,0.13
150986,0.26
150987,0.2
151004,0.22
151005,0.19
151010,0.13
151012,0.17
151016,0.2
151021,0.24
151022,0.09
151023,0.4
151024,0.26
151035,0.27
151036,0.19
151039,0.23
151041,0.2
151043,0.19
151052,0.17
151058,0.22
151065,0.16
151066,0.21
151067,0.28
151069,0.17
151070,0.13
151080,0.27
151090,0.2
151092,0.38
151100,0.11
151108,0.28
151113,0.22
151119,0.16
151131,0.05
151145,0.21
151147,0.25
151148,0.11
151149,0.25
151153,0.28
151158,0.17
151167,0.13
151169,0.3
151185,0.14
151186,0.17
151187,0.19
151203,0.12
151206,0.07
151213,0.31
151237,0.12
151254,0.2
151255,0.17
151264,0.2
151266,0.19
151267,0.21
151270,0.26
151286,0.19
151288,0.12
151289,0.22
151290,0.27
151303,0.1
151304,0.27
151308,0.14
151315,0.12
151324,0.23
151329,0.24
151335,0.17
151343,0.23
151347,0.3
151348,0.15
151357,0.12
151366,0.21
151372,0.19
151374,0.13
151394,0.09
151395,0.26
151403,0.2
151410,0.16
151412,0.24
151419,0.24
151443,0.2
151464,0.12
151466,0.19
151467,0.16
151476,0.21
151480,0.24
151481,0.23
151486,0.17
151487,0.14
151490,0.16
151498,0.11
151500,0.19
151504,0.17
151516,0.17
151519,0.13
151528,0.19
151529,0.29
151539,0.21
151540,0.21
151556,0.29
151558,0.17
151559,0.24
151581,0.16
151586,0.17
151589,0.26
151603,0.22
151604,0.17
151610,0.21
151637,0.21
151652,0.21
151654,0.19
151667,0.28
151668,0.3
151669,0.12
151678,0.15
151697,0.24
151706,0.16
151729,0.21
151730,0.17
151737,0.27
151744,0.34
151756,0.29
151785,0.17
151800,0.17
151801,0.1
151821,0.26
151822,0.25
151834,0.2
151845,0.22
151846,0.23
151847,0.23
151848,0.14
151859,0.25
151872,0.33
151875,0.2
151883,0.16
151888,0.22
151895,0.22
151896,0.19
151900,0.11
151913,0.15
151920,0.24
151928,0.19
151933,0.17
151934,0.14
151948,0.14
151951,0.06
151963,0.12
151964,0.15
151965,0.16
151966,0.19
151974,0.19
151975,0.29
151978,0.16
151982,0.19
151993,0.19
152002,0.11
152005,0.29
152017,0.18
152020,0.24
152039,0.24
152047,0.16
152064,0.19
152071,0.21
152076,0.1
152088,0.2
152091,0.19
152093,0.18
152100,0.32
152107,0.21
152115,0.17
152119,0.15
152123,0.17
152129,0.15
152140,0.28
152141,0.17
152142,0.19
152148,0.28
152170,0.15
152171,0.18
152176,0.11
152186,0.18
152192,0.23
152204,0.14
152215,0.22
152220,0.22
152230,0.2
152256,0.23
152265,0.1
152266,0.22
152268,0.14
152272,0.16
152286,0.16
152299,0.18
152305,0.28
152324,0.18
152329,0.28
152355,0.16
152356,0.09
152365,0.16
152369,0.2
152373,0.16
152374,0.26
152383,0.21
152395,0.23
152403,0.28
152404,0.11
152406,0.18
152425,0.24
152437,0.21
152438,0.16
152442,0.23
152460,0.23
152461,0.18
152462,0.24
152472,0.2
152473,0.18
152477,0.18
152506,0.22
152522,0.16
152530,0.16
152535,0.16
152543,0.12
152548,0.2
152556,0.17
152562,0.33
152563,0.21
152565,0.2
152591,0.21
152593,0.21
152612,0.23
152619,0.17
152627,0.21
152628,0.17
152632,0.21
152638,0.14
152646,0.2
152662,0.31
152679,0.2
152680,0.13
152699,0.28
152703,0.18
152717,0.26
152720,0.22
152721,0.19
152735,0.19
152736,0.15
152739,0.34
152755,0.18
152769,0.15
152785,0.21
152788,0.15
152791,0.15
152808,0.16
152815,0.18
152816,0.26
152817,0.21
152818,0.26
152819,0.25
152820,0.19
152823,0.2
152831,0.18
152832,0.25
152833,0.13
152835,0.23
152838,0.23
152846,0.13
152862,0.26
152864,0.29
152865,0.18
152871,0.07
152874,0.13
152875,0.13
152876,0.28
152877,0.3
152881,0.34
152892,0.14
152908,0.26
152909,0.22
152915,0.13
152916,0.25
152923,0.19
152932,0.09
152934,0.15
152936,0.25
152948,0.28
152951,0.2
152956,0.29
152963,0.12
152964,0.36
152978,0.22
152980,0.16
152986,0.24
153001,0.3
153002,0.17
153007,0.22
153009,0.12
153017,0.2
153018,0.3
153022,0.16
153027,0.36
153032,0.21
153033,0.2
153034,0.16
153037,0.19
153051,0.47
153052,0.1
153057,0.15
153067,0.21
153084,0.27
153088,0.21
153089,0.18
153093,0.12
153094,0.25
153095,0.21
153105,0.16
153108,0.17
153110,0.16
153119,0.15
153135,0.2
153139,0.18
153146,0.17
153154,0.15
153185,0.17
153195,0.28
153196,0.19
153198,0.19
153202,0.19
153203,0.14
153209,0.16
153223,0.2
153224,0.15
153227,0.18
153230,0.22
153233,0.21
153234,0.14
153235,0.31
153243,0.13
153263,0.35
153269,0.19
153272,0.17
153276,0.21
153279,0.17
153291,0.24
153311,0.29
153328,0.25
153330,0.32
153341,0.24
153345,0.19
153393,0.08
153394,0.2
153395,0.19
153420,0.31
153428,0.29
153432,0.14
153449,0.18
153458,0.35
153459,0.16
153472,0.2
153475,0.14
153479,0.3
153480,0.13
153490,0.28
153491,0.2
153501,0.22
153502,0.15
153507,0.2
153513,0.24
153514,0.23
153519,0.28
153520,0.13
153556,0.07
153577,0.23
153582,0.23
153594,0.18
153595,0.24
153598,0.18
153601,0.1
153625,0.18
153641,0.14
153654,0.13
153676,0.25
153681,0.11
153704,0.2
153706,0.16
153710,0.21
153720,0.2
153734,0.2
153738,0.21
153743,0.19
153748,0.21
153756,0.22
153757,0.19
153759,0.21
153764,0.2
153782,0.16
153796,0.26
153802,0.28
153809,0.3
153810,0.18
153817,0.33
153821,0.12
153823,0.17
153830,0.24
153834,0.15
153839,0.09
153842,0.15
153847,0.32
153855,0.17
153873,0.13
153875,0.15
153882,0.24
153884,0.16
153885,0.3
153886,0.15
153890,0.18
153892,0.16
153897,0.14
153898,0.17
153901,0.25
153924,0.22
153928,0.2
153929,0.22
153949,0.15
153979,0.21
153980,0.17
153981,0.22
154010,0.25
154015,0.19
154039,0.2
154043,0.16
154044,0.21
154046,0.14
154047,0.17
154058,0.18
154060,0.13
154065,0.28
154083,0.17
154100,0.26
154108,0.26
154120,0.23
154121,0.19
154122,0.15
154128,0.17
154137,0.2
154143,0.15
154151,0.25
154158,0.2
154176,0.05
154184,0.17
154191,0.25
154215,0.31
154216,0.13
154220,0.07
154222,0.21
154227,0.18
154241,0.09
154243,0.2
154244,0.25
154254,0.19
154264,0.18
154265,0.21
154268,0.2
154269,0.17
154299,0.11
154307,0.25
154315,0.31
154325,0.13
154327,0.18
154332,0.27
154346,0.12
154347,0.17
154353,0.3
154369,0.15
154376,0.13
154377,0.21
154379,0.17
154389,0.12
154402,0.27
154403,0.17
154416,0.11
154428,0.33
154430,0.18
154442,0.31
154447,0.28
154468,0.18
154470,0.12
154473,0.22
154480,0.24
154486,0.17
154500,0.14
154507,0.32
154529,0.14
154549,0.07
154557,0.11
154571,0.29
154578,0.23
154580,0.13
154591,0.17
154611,0.32
154623,0.12
154650,0.24
154655,0.31
154659,0.26
154680,0.32
154681,0.17
154690,0.16
154711,0.19
154712,0.15
154722,0.19
154731,0.31
154747,0.32
154749,0.19
154750,0.25
154760,0.24
154763,0.1
154786,0.3
154788,0.19
154792,0.22
154807,0.18
154812,0.14
154818,0.19
154819,0.32
154824,0.12
154839,0.23
154840,0.12
154843,0.16
154847,0.17
154849,0.26
154850,0.22
154851,0.22
154853,0.12
154858,0.16
154868,0.43
154871,0.21
154877,0.19
154916,0.1
154920,0.13
154922,0.36
154924,0.16
154933,0.17
154942,0.34
154955,0.16
154957,0.21
154966,0.16
154971,0.21
154972,0.2
154973,0.21
154974,0.18
154979,0.16
154982,0.21
154990,0.26
154991,0.18
154994,0.26
154995,0.26
155009,0.17
155014,0.11
155017,0.2
155018,0.22
155019,0.12
155020,0.12
155027,0.16
155034,0.16
155047,0.15
155049,0.33
155052,0.21
155053,0.15
155059,0.23
155060,0.21
155069,0.18
155077,0.27
155078,0.1
155086,0.21
155088,0.17
155094,0.18
155099,0.13
155100,0.16
155116,0.08
155117,0.18
155119,0.26
155120,0.19
155133,0.26
155135,0.3
155141,0.29
155144,0.11
155145,0.17
155174,0.18
155194,0.17
155196,0.13
155204,0.21
155232,0.29
155240,0.13
155246,0.23
155254,0.21
155267,0.19
155273,0.17
155274,0.2
155283,0.14
155296,0.35
155312,0.24
155318,0.18
155322,0.22
155323,0.2
155329,0.15
155342,0.14
155346,0.31
155366,0.21
155369,0.2
155372,0.23
155378,0.15
155382,0.15
155390,0.16
155401,0.32
155428,0.26
155443,0.13
155445,0.13
155450,0.23
155452,0.18
155453,0.14
155480,0.17
155482,0.16
155484,0.3
155485,0.23
155496,0.26
155497,0.17
155531,0.1
155541,0.19
155547,0.22
155550,0.32
155551,0.25
155565,0.24
155567,0.17
155569,0.29
155573,0.25
155575,0.08
155581,0.09
155591,0.25
155593,0.21
155594,0.18
155610,0.29
155623,0.15
155624,0.22
155629,0.07
155638,0.2
155650,0.13
155652,0.16
155687,0.22
155697,0.27
155715,0.39
155718,0.24
155719,0.23
155723,0.24
155730,0.24
155731,0.22
155737,0.21
155738,0.17
155740,0.17
155742,0.14
155755,0.13
155766,0.21
155768,0.18
155771,0.19
155803,0.21
155808,0.13
155809,0.22
155812,0.13
155820,0.21
155832,0.37
155841,0.17
155847,0.33
155848,0.27
155855,0.21
155886,0.19
155893,0.17
155905,0.2
155910,0.22
155912,0.1
155919,0.25
155921,0.2
155937,0.17
155939,0.19
155950,0.14
155987,0.24
155988,0.16
156005,0.2
156006,0.14
156010,0.15
156018,0.07
156021,0.26
156026,0.22
156030,0.18
156033,0.15
156038,0.23
156041,0.24
156049,0.23
156050,0.17
156068,0.17
156069,0.3
156087,0.14
156088,0.3
156095,0.19
156104,0.16
156107,0.17
156108,0.14
156111,0.24
156119,0.15
156123,0.23
156140,0.38
156149,0.29
156161,0.15
156180,0.31
156186,0.29
156189,0.25
156194,0.21
156200,0.24
156213,0.4
156214,0.31
156228,0.08
156234,0.14
156236,0.16
156243,0.17
156256,0.15
156268,0.19
156269,0.15
156270,0.2
156274,0.19
156290,0.19
156291,0.17
156292,0.16
156298,0.19
156301,0.26
156302,0.26
156309,0.2
156355,0.18
156365,0.16
156367,0.28
156372,0.12
156376,0.14
156377,0.19
156389,0.12
156400,0.24
156404,0.22
156405,0.16
156426,0.17
156427,0.09
156429,0.12
156430,0.22
156431,0.15
156432,0.2
156449,0.11
156463,0.26
156464,0.21
156478,0.09
156492,0.24
156508,0.3
156509,0.23
156517,0.18
156526,0.23
156527,0.16
156538,0.27
156542,0.16
156543,0.19
156555,0.14
156556,0.22
156561,0.18
156563,0.14
156564,0.09
156567,0.24
156570,0.17
156581,0.25
156594,0.16
156597,0.07
156600,0.22
156601,0.08
156627,0.2
156629,0.19
156642,0.13
156644,0.08
156663,0.18
156674,0.11
156688,0.23
156696,0.13
156707,0.21
156723,0.2
156728,0.18
156731,0.17
156732,0.27
156733,0.24
156768,0.25
156773,0.15
156782,0.21
156815,0.13
156837,0.21
156854,0.2
156861,0.3
156862,0.11
156878,0.24
156903,0.23
156910,0.17
156925,0.16
156933,0.21
156952,0.25
156953,0.22
156963,0.27
156965,0.29
156989,0.21
156994,0.24
156996,0.15
157005,0.16
157011,0.14
157046,0.26
157058,0.24
157061,0.22
157065,0.17
157066,0.21
157067,0.3
157090,0.27
157091,0.16
157096,0.15
157101,0.42
157104,0.17
157109,0.19
157116,0.2
157120,0.22
157121,0.24
157124,0.26
157125,0.13
157132,0.23
157153,0.2
157157,0.22
157159,0.2
157168,0.19
157189,0.2
157195,0.23
157203,0.19
157210,0.26
157212,0.2
157220,0.13
157239,0.19
157241,0.16
157246,0.18
157247,0.29
157252,0.11
157253,0.36
157265,0.23
157291,0.19
157292,0.13
157301,0.12
157306,0.28
157312,0.35
157314,0.2
157332,0.14
157333,0.21
157337,0.24
157345,0.25
157347,0.29
157363,0.26
157376,0.11
157382,0.28
157397,0.2
157409,0.13
157411,0.17
157422,0.16
157428,0.15
157434,0.19
157442,0.27
157446,0.19
157456,0.19
157465,0.16
157469,0.15
157482,0.17
157497,0.13
157507,0.16
157510,0.21
157515,0.18
157529,0.22
157530,0.24
157541,0.22
157546,0.34
157553,0.17
157554,0.17
157562,0.24
157565,0.21
157566,0.25
157571,0.15
157572,0.11
157574,0.13
157575,0.13
157581,0.27
157590,0.25
157604,0.18
157611,0.11
157617,0.25
157620,0.25
157623,0.19
157651,0.26
157653,0.18
157664,0.3
157690,0.21
157704,0.26
157712,0.22
157722,0.24
157727,0.22
157764,0.21
157765,0.24
157775,0.1
157777,0.19
157789,0.3
157802,0.25
157803,0.18
157804,0.24
157805,0.28
157822,0.23
157823,0.21
157827,0.18
157836,0.13
157839,0.17
157847,0.15
157859,0.13
157864,0.13
157866,0.32
157877,0.25
157886,0.24
157892,0.23
157903,0.18
157913,0.19
157919,0.17
157920,0.14
157923,0.24
157926,0.17
157927,0.11
157948,0.19
157949,0.21
157952,0.24
157955,0.27
157958,0.3
157960,0.16
157966,0.14
157970,0.19
157979,0.13
157980,0.27
157985,0.16
157997,0.23
157998,0.29
158002,0.13
158004,0.11
158005,0.18
158007,0.24
158008,0.18
158015,0.24
158033,0.35
158036,0.12
158041,0.19
158044,0.25
158049,0.26
158061,0.17
158078,0.2
158099,0.12
158100,0.19
158102,0.18
158107,0.14
158114,0.19
158127,0.31
158128,0.26
158142,0.29
158145,0.27
158146,0.31
158167,0.15
158176,0.22
158184,0.14
158197,0.09
158201,0.3
158202,0.2
158205,0.09
158208,0.17
158211,0.21
158215,0.25
158218,0.17
158221,0.23
158223,0.18
158230,0.09
158234,0.11
158235,0.14
158245,0.16
158254,0.19
158267,0.18
158277,0.21
158283,0.16
158289,0.29
158290,0.15
158298,0.19
158307,0.21
158332,0.21
158336,0.09
158342,0.1
158344,0.17
158347,0.26
158352,0.12
158354,0.24
158355,0.28
158357,0.13
158365,0.2
158366,0.19
158367,0.18
158368,0.41
158384,0.28
158388,0.11
158395,0.2
158413,0.18
158425,0.23
158426,0.09
158432,0.08
158444,0.31
158453,0.12
158454,0.22
158459,0.19
158462,0.17
158468,0.18
158469,0.18
158470,0.13
158483,0.21
158485,0.2
158490,0.31
158494,0.12
158500,0.18
158503,0.18
158504,0.14
158519,0.27
158523,0.2
158527,0.11
158533,0.17
158535,0.24
158539,0.25
158544,0.24
158547,0.15
158551,0.23
158552,0.16
158560,0.16
158616,0.36
158638,0.09
158642,0.14
158651,0.11
158653,0.21
158677,0.2
158683,0.1
158687,0.28
158693,0.15
158700,0.17
158703,0.15
158705,0.25
158706,0.13
158708,0.2
158712,0.19
158714,0.19
158715,0.09
158752,0.17
158753,0.17
158763,0.16
158764,0.23
158767,0.27
158770,0.25
158781,0.17
158789,0.17
158790,0.18
158791,0.25
158795,0.25
158796,0.17
158800,0.2
158806,0.15
158807,0.18
158815,0.2
158824,0.16
158828,0.28
158831,0.28
158840,0.14
158841,0.23
158847,0.28
158856,0.23
158858,0.19
158884,0.16
158885,0.17
158891,0.26
158898,0.16
158911,0.22
158913,0.12
158918,0.1
158926,0.23
158929,0.18
158939,0.15
158940,0.2
158952,0.17
158963,0.18
158973,0.23
158977,0.12
158988,0.28
159013,0.24
159016,0.09
159018,0.2
159024,0.31
159034,0.22
159035,0.2
159039,0.2
159049,0.12
159056,0.25
159068,0.27
159078,0.19
159099,0.19
159103,0.2
159106,0.4
159113,0.09
159117,0.22
159124,0.35
159132,0.22
159139,0.21
159142,0.17
159145,0.25
159147,0.26
159174,0.15
159201,0.16
159203,0.25
159212,0.36
159214,0.2
159221,0.18
159240,0.16
159241,0.21
159242,0.18
159244,0.18
159250,0.17
159275,0.14
159284,0.18
159293,0.14
159295,0.21
159301,0.2
159310,0.16
159314,0.15
159318,0.25
159333,0.11
159334,0.26
159335,0.24
159337,0.4
159338,0.14
159340,0.3
159361,0.13
159384,0.2
159402,0.24
159421,0.14
159424,0.22
159425,0.17
159426,0.1
159439,0.23
159445,0.29
159449,0.19
159460,0.29
159475,0.16
159481,0.2
159483,0.14
159494,0.14
159504,0.2
159512,0.2
159522,0.38
159524,0.24
159526,0.18
159528,0.23
159547,0.34
159555,0.13
159562,0.21
159563,0.17
159565,0.32
159569,0.14
159578,0.19
159579,0.23
159581,0.15
159594,0.23
159598,0.17
159604,0.21
159605,0.16
159620,0.19
159631,0.21
159633,0.16
159659,0.17
159661,0.39
159667,0.14
159669,0.15
159682,0.23
159683,0.12
159693,0.26
159698,0.17
159702,0.27
159703,0.16
159707,0.24
159716,0.2
159732,0.13
159734,0.18
159740,0.17
159748,0.16
159751,0.14
159756,0.23
159758,0.24
159767,0.2
159769,0.28
159775,0.22
159802,0.11
159804,0.18
159817,0.17
159818,0.13
159824,0.18
159837,0.13
159840,0.21
159842,0.3
159851,0.2
159865,0.26
159866,0.18
159872,0.21
159874,0.18
159879,0.16
159883,0.16
159884,0.22
159898,0.36
159903,0.19
159906,0.26
159914,0.16
159915,0.25
159917,0.18
159929,0.21
159949,0.26
159951,0.15
159953,0.2
159957,0.27
159968,0.19
159972,0.11
159973,0.2
159993,0.25
160008,0.2
160011,0.19
160013,0.17
160015,0.2
160017,0.19
160023,0.27
160028,0.28
160035,0.14
160074,0.22
160076,0.22
160077,0.18
160080,0.12
160084,0.22
160089,0.3
160094,0.2
160101,0.11
160103,0.19
160111,0.21
160114,0.15
160116,0.18
160119,0.2
160123,0.16
160141,0.23
160147,0.19
160151,0.09
160172,0.32
160173,0.16
160177,0.25
160178,0.13
160180,0.18
160181,0.21
160188,0.14
160189,0.11
160193,0.11
160205,0.12
160214,0.18
160215,0.23
160217,0.22
160262,0.23
160263,0.12
160273,0.21
160282,0.35
160295,0.3
160297,0.12
160303,0.18
160305,0.24
160309,0.18
160324,0.16
160338,0.23
160366,0.24
160375,0.15
160381,0.2
160398,0.19
160400,0.14
160406,0.22
160410,0.18
160411,0.19
160418,0.17
160440,0.13
160441,0.17
160450,0.44
160465,0.21
160470,0.19
160471,0.25
160472,0.22
160479,0.33
160490,0.12
160500,0.3
160503,0.1
160504,0.14
160515,0.22
160541,0.25
160545,0.2
160562,0.14
160589,0.14
160594,0.13
160595,0.11
160598,0.31
160601,0.12
160605,0.29
160606,0.15
160607,0.06
160608,0.27
160610,0.21
160614,0.07
160615,0.2
160626,0.19
160634,0.15
160656,0.2
160660,0.12
160666,0.17
160672,0.28
160673,0.18
160674,0.23
160681,0.1
160683,0.18
160694,0.23
160710,0.14
160715,0.26
160719,0.19
160732,0.22
160734,0.14
160737,0.32
160742,0.16
160747,0.05
160749,0.21
160753,0.22
160756,0.22
160757,0.21
160763,0.13
160782,0.16
160789,0.27
160804,0.17
160805,0.13
160813,0.22
160815,0.2
160819,0.24
160820,0.19
160822,0.15
160823,0.23
160837,0.15
160841,0.17
160847,0.19
160861,0.24
160886,0.12
160891,0.19
160897,0.18
160914,0.33
160915,0.32
160929,0.21
160930,0.19
160931,0.09
160935,0.27
160939,0.27
160953,0.21
160954,0.14
160962,0.21
160966,0.07
160982,0.12
160983,0.12
160991,0.18
160998,0.2
161009,0.3
161014,0.18
161017,0.3
161021,0.18
161023,0.14
161027,0.2
161028,0.34
161030,0.35
161031,0.23
161033,0.07
161050,0.13
161053,0.17
161054,0.19
161055,0.24
161059,0.17
161061,0.22
161065,0.15
161069,0.21
161072,0.16
161073,0.15
161080,0.14
161083,0.14
161104,0.07
161111,0.19
161139,0.2
161149,0.27
161158,0.33
161171,0.21
161175,0.2
161201,0.19
161202,0.3
161205,0.25
161228,0.15
161233,0.19
161234,0.28
161237,0.16
161238,0.16
161250,0.34
161251,0.23
161253,0.15
161254,0.16
161283,0.32
161291,0.17
161297,0.24
161300,0.19
161314,0.22
161315,0.2
161336,0.17
161341,0.28
161343,0.21
161351,0.31
161352,0.25
161353,0.28
161361,0.26
161366,0.24
161368,0.17
161378,0.11
161379,0.24
161380,0.2
161398,0.27
161408,0.13
161432,0.2
161439,0.26
161461,0.16
161467,0.23
161468,0.11
161471,0.17
161477,0.19
161503,0.18
161514,0.11
161524,0.27
161527,0.22
161528,0.11
161531,0.28
161536,0.15
161537,0.12
161548,0.19
161558,0.11
161572,0.16
161586,0.14
161605,0.16
161606,0.11
161607,0.27
161618,0.15
161640,0.2
161658,0.23
161660,0.13
161661,0.11
161662,0.27
161677,0.25
161681,0.14
161682,0.09
161683,0.28
161685,0.14
161686,0.08
161687,0.18
161691,0.11
161701,0.16
161707,0.21
161709,0.17
161710,0.17
161711,0.14
161714,0.26
161742,0.21
161751,0.19
161764,0.2
161771,0.27
161781,0.16
161782,0.16
161800,0.12
161810,0.25
161812,0.24
161813,0.1
161816,0.15
161838,0.26
161841,0.15
161845,0.16
161871,0.19
161877,0.23
161882,0.17
161885,0.16
161886,0.18
161895,0.3
161897,0.2
161914,0.16
161921,0.17
161922,0.17
161927,0.32
161946,0.09
161952,0.22
161954,0.25
161955,0.16
161961,0.25
161977,0.25
161980,0.27
161989,0.26
161993,0.42
162002,0.16
162011,0.24
162012,0.13
162015,0.1
162016,0.13
162019,0.27
162021,0.28
162022,0.33
162023,0.22
162025,0.26
162028,0.19
162029,0.21
162030,0.15
162031,0.37
162033,0.24
162037,0.14
162044,0.16
162071,0.3
162093,0.21
162094,0.19
162100,0.13
162102,0.22
162105,0.17
162109,0.16
162116,0.19
162117,0.18
162118,0.35
162120,0.22
162125,0.11
162128,0.2
162131,0.28
162133,0.19
162135,0.21
162156,0.11
162157,0.26
162165,0.18
162166,0.07
162170,0.21
162201,0.21
162202,0.15
162206,0.16
162211,0.08
162227,0.18
162232,0.16
162235,0.2
162237,0.25
162248,0.17
162261,0.17
162262,0.13
162280,0.19
162282,0.17
162284,0.13
162287,0.27
162305,0.16
162308,0.14
162309,0.37
162312,0.36
162313,0.16
162316,0.25
162324,0.27
162325,0.15
162333,0.11
162334,0.17
162337,0.1
162340,0.17
162344,0.32
162347,0.17
162350,0.15
162351,0.27
162365,0.27
162368,0.16
162379,0.14
162383,0.11
162392,0.18
162393,0.2
162397,0.25
162398,0.25
162406,0.25
162410,0.18
162418,0.14
162420,0.18
162424,0.15
162425,0.13
162438,0.12
162442,0.16
162462,0.14
162476,0.16
162477,0.28
162480,0.08
162491,0.15
162493,0.13
162503,0.15
162504,0.25
162513,0.2
162516,0.35
162517,0.24
162522,0.19
162523,0.26
162542,0.2
162584,0.29
162586,0.21
162589,0.15
162594,0.14
162616,0.28
162630,0.2
162637,0.25
162652,0.23
162659,0.33
162668,0.09
162674,0.11
162680,0.11
162685,0.29
162689,0.19
162711,0.11
162714,0.1
162732,0.23
162741,0.18
162758,0.27
162759,0.2
162775,0.15
162776,0.18
162777,0.19
162782,0.12
162786,0.11
162794,0.16
162799,0.13
162801,0.38
162802,0.25
162807,0.11
162820,0.17
162827,0.09
162833,0.16
162837,0.19
162844,0.19
162860,0.15
162862,0.18
162864,0.21
162868,0.22
162880,0.17
162895,0.29
162898,0.22
162918,0.2
162924,0.29
162931,0.22
162936,0.17
162978,0.24
162979,0.24
162988,0.18
162989,0.23
163013,0.28
163014,0.16
163021,0.2
163024,0.13
163027,0.18
163030,0.12
163031,0.12
163032,0.1
163039,0.22
163042,0.13
163048,0.24
163049,0.16
163068,0.19
163071,0.24
163074,0.22
163079,0.16
163080,0.18
163085,0.14
163093,0.18
163094,0.29
163109,0.28
163116,0.14
163117,0.24
163118,0.18
163119,0.22
163121,0.14
163131,0.18
163132,0.14
163133,0.33
163182,0.14
163187,0.14
163188,0.29
163195,0.17
163197,0.16
163200,0.08
163206,0.29
163207,0.12
163214,0.19
163222,0.16
163224,0.14
163226,0.22
163235,0.3
163240,0.19
163258,0.18
163263,0.13
163264,0.23
163265,0.28
163266,0.17
163268,0.29
163272,0.12
163273,0.21
163278,0.19
163288,0.2
163299,0.34
163302,0.2
163307,0.21
163321,0.29
163349,0.15
163352,0.27
163353,0.2
163357,0.19
163362,0.22
163375,0.17
163385,0.22
163386,0.26
163390,0.2
163408,0.32
163423,0.15
163426,0.21
163437,0.32
163452,0.19
163472,0.23
163473,0.21
163479,0.19
163480,0.15
163487,0.17
163492,0.3
163493,0.19
163523,0.32
163524,0.37
163527,0.22
163528,0.18
163531,0.13
163538,0.2
163556,0.18
163563,0.24
163566,0.27
163570,0.16
163571,0.14
163574,0.18
163578,0.18
163580,0.28
163597,0.28
163601,0.23
163604,0.2
163609,0.1
163618,0.26
163634,0.23
163647,0.25
163660,0.23
163661,0.21
163666,0.18
163667,0.27
163669,0.31
163676,0.17
163681,0.17
163682,0.22
163684,0.26
163714,0.34
163724,0.18
163728,0.2
163729,0.21
163738,0.12
163742,0.15
163743,0.19
163748,0.12
163759,0.2
163782,0.11
163793,0.15
163800,0.2
163801,0.21
163802,0.2
163814,0.23
163820,0.17
163821,0.18
163848,0.18
163852,0.24
163854,0.15
163855,0.23
163882,0.21
163895,0.19
163900,0.23
163907,0.2
163915,0.2
163926,0.18
163929,0.21
163934,0.17
163940,0.18
163943,0.13
163944,0.2
163949,0.14
163951,0.13
163952,0.22
163965,0.27
163970,0.08
163980,0.24
163981,0.18
163988,0.2
163989,0.18
163991,0.13
164015,0.26
164028,0.1
164030,0.2
164031,0.15
164037,0.13
164049,0.19
164052,0.11
164059,0.15
164083,0.23
164095,0.17
164106,0.43
164116,0.2
164117,0.38
164119,0.17
164133,0.28
164134,0.11
164142,0.2
164143,0.1
164147,0.17
164148,0.23
164150,0.4
164152,0.15
164156,0.21
164157,0.17
164158,0.15
164166,0.28
164191,0.17
164194,0.3
164198,0.12
164201,0.12
164202,0.18
164207,0.33
164228,0.17
164240,0.2
164241,0.21
164244,0.1
164256,0.19
164262,0.18
164269,0.16
164276,0.13
164281,0.28
164290,0.19
164300,0.22
164305,0.19
164307,0.14
164308,0.2
164309,0.17
164314,0.21
164319,0.21
164331,0.11
164332,0.16
164343,0.32
164349,0.26
164363,0.14
164373,0.15
164410,0.3
164417,0.21
164436,0.12
164438,0.15
164441,0.17
164445,0.23
164451,0.23
164452,0.07
164502,0.3
164513,0.26
164526,0.2
164527,0.17
164528,0.23
164530,0.14
164537,0.23
164542,0.2
164546,0.19
164555,0.42
164556,0.15
164568,0.17
164571,0.21
164572,0.38
164574,0.19
164580,0.25
164597,0.17
164601,0.14
164619,0.19
164633,0.17
164642,0.07
164652,0.13
164676,0.17
164682,0.19
164685,0.29
164691,0.15
164696,0.22
164708,0.27
164711,0.13
164712,0.15
164717,0.14
164721,0.19
164740,0.16
164746,0.19
164755,0.23
164761,0.11
164764,0.16
164766,0.55
164776,0.38
164777,0.2
164783,0.25
164786,0.28
164799,0.17
164808,0.16
164812,0.24
164815,0.3
164816,0.16
164817,0.29
164818,0.19
164819,0.32
164821,0.24
164822,0.09
164825,0.11
164834,0.11
164841,0.19
164842,0.16
164853,0.17
164855,0.28
164856,0.14
164878,0.12
164883,0.22
164887,0.15
164888,0.19
164889,0.29
164891,0.37
164892,0.22
164922,0.2
164924,0.19
164933,0.24
164938,0.13
164939,0.27
164949,0.2
164950,0.11
164957,0.28
164961,0.26
164963,0.24
164972,0.21
164980,0.17
164981,0.11
165020,0.14
165027,0.26
165046,0.23
165048,0.26
165049,0.18
165058,0.21
165065,0.17
165081,0.22
165082,0.27
165090,0.15
165107,0.24
165131,0.2
165133,0.26
165137,0.17
165140,0.27
165142,0.19
165143,0.25
165152,0.28
165154,0.27
165158,0.13
165166,0.14
165168,0.2
165171,0.17
165175,0.23
165182,0.15
165188,0.29
165190,0.13
165199,0.16
165202,0.24
165203,0.24
165204,0.27
165208,0.14
165221,0.13
165243,0.13
165283,0.2
165300,0.16
165302,0.19
165304,0.13
165313,0.18
165336,0.2
165339,0.32
165363,0.28
165376,0.18
165380,0.28
165385,0.17
165386,0.1
165410,0.2
165422,0.15
165426,0.12
165428,0.18
165445,0.25
165452,0.23
165454,0.06
165455,0.14
165462,0.19
165465,0.21
165466,0.25
165467,0.19
165476,0.18
165477,0.16
165478,0.39
165497,0.12
165500,0.21
165511,0.18
165513,0.27
165515,0.39
165521,0.18
165522,0.22
165523,0.17
165530,0.16
165537,0.12
165538,0.19
165539,0.17
165545,0.15
165550,0.2
165551,0.24
165552,0.19
165557,0.2
165558,0.2
165560,0.2
165574,0.22
165576,0.33
165587,0.19
165601,0.09
165605,0.16
165606,0.1
165607,0.12
165624,0.35
165632,0.14
165633,0.23
165634,0.21
165646,0.22
165649,0.21
165651,0.14
165661,0.16
165666,0.23
165669,0.22
165674,0.19
165685,0.22
165687,0.2
165692,0.18
165721,0.22
165726,0.23
165748,0.15
165749,0.21
165752,0.15
165755,0.15
165758,0.18
165761,0.09
165762,0.14
165780,0.14
165781,0.22
165789,0.17
165802,0.1
165806,0.25
165817,0.19
165822,0.31
165837,0.13
165840,0.29
165846,0.17
165853,0.13
165864,0.35
165865,0.13
165868,0.19
165869,0.18
165871,0.18
165880,0.27
165887,0.33
165904,0.22
165907,0.16
165910,0.23
165915,0.25
165917,0.12
165918,0.29
165919,0.21
165923,0.25
165931,0.12
165932,0.18
165934,0.28
165939,0.21
165944,0.28
165951,0.36
165955,0.29
165959,0.26
165966,0.32
165970,0.17
165975,0.2
165977,0.19
165990,0.29
165997,0.18
166003,0.22
166008,0.1
166020,0.2
166025,0.12
166033,0.17
166038,0.22
166042,0.17
166049,0.13
166071,0.1
166091,0.23
166093,0.22
166095,0.1
166104,0.07
166107,0.16
166108,0.1
166110,0.18
166112,0.22
166135,0.12
166136,0.14
166138,0.32
166153,0.23
166155,0.3
166158,0.13
166164,0.24
166186,0.28
166191,0.18
166196,0.19
166197,0.25
166202,0.2
166215,0.12
166230,0.14
166243,0.2
166244,0.16
166255,0.19
166258,0.21
166263,0.26
166271,0.13
166283,0.2
166286,0.18
166291,0.11
166294,0.23
166303,0.28
166306,0.1
166309,0.17
166316,0.2
166317,0.11
166321,0.29
166331,0.16
166349,0.19
166374,0.23
166387,0.15
166393,0.2
166400,0.2
166420,0.2
166446,0.13
166449,0.14
166452,0.15
166495,0.2
166501,0.19
166514,0.23
166515,0.32
166521,0.17
166525,0.16
166529,0.12
166536,0.2
166542,0.1
166543,0.28
166545,0.19
166550,0.18
166560,0.11
166567,0.15
166570,0.18
166573,0.13
166582,0.29
166583,0.18
166590,0.06
166594,0.32
166618,0.45
166623,0.23
166626,0.15
166641,0.24
166654,0.11
166682,0.25
166685,0.2
166688,0.25
166692,0.21
166701,0.11
166702,0.19
166705,0.09
166713,0.13
166733,0.11
166734,0.2
166738,0.19
166739,0.12
166740,0.19
166755,0.3
166761,0.23
166764,0.22
166773,0.2
166774,0.15
166814,0.15
166819,0.21
166834,0.31
166841,0.27
166848,0.3
166857,0.23
166858,0.15
166873,0.14
166889,0.15
166890,0.17
166891,0.12
166902,0.2
166908,0.23
166916,0.19
166920,0.18
166922,0.12
166926,0.15
166928,0.2
166930,0.17
166931,0.15
166932,0.13
166937,0.13
166941,0.08
166944,0.17
166960,0.25
166972,0.22
166973,0.18
166978,0.08
166984,0.14
166994,0.13
166995,0.15
166996,0.1
167001,0.16
167006,0.13
167007,0.23
167037,0.3
167041,0.18
167051,0.28
167052,0.21
167054,0.19
167057,0.23
167058,0.23
167059,0.15
167060,0.17
167066,0.13
167077,0.14
167078,0.22
167080,0.18
167089,0.19
167090,0.23
167091,0.16
167096,0.22
167105,0.26
167121,0.22
167128,0.28
167131,0.28
167139,0.3
167140,0.3
167149,0.26
167152,0.27
167153,0.2
167163,0.27
167167,0.12
167171,0.19
167178,0.13
167179,0.27
167182,0.16
167187,0.18
167192,0.2
167208,0.11
167212,0.22
167217,0.2
167230,0.19
167236,0.1
167238,0.18
167239,0.2
167257,0.35
167260,0.24
167264,0.14
167271,0.1
167273,0.19
167276,0.14
167283,0.14
167295,0.19
167296,0.28
167299,0.33
167310,0.12
167313,0.18
167323,0.17
167328,0.17
167329,0.22
167333,0.07
167349,0.2
167351,0.23
167359,0.15
167363,0.1
167371,0.11
167384,0.21
167387,0.18
167389,0.21
167393,0.12
167401,0.13
167427,0.23
167428,0.12
167433,0.26
167434,0.09
167437,0.2
167438,0.14
167454,0.21
167475,0.12
167480,0.11
167491,0.24
167494,0.27
167495,0.2
167503,0.2
167521,0.26
167529,0.15
167530,0.17
167550,0.13
167554,0.34
167557,0.24
167562,0.12
167566,0.2
167572,0.27
167573,0.22
167578,0.26
167592,0.19
167597,0.16
167621,0.22
167622,0.12
167631,0.32
167637,0.32
167638,0.16
167645,0.2
167648,0.24
167697,0.19
167698,0.14
167701,0.13
167708,0.16
167714,0.2
167717,0.2
167727,0.2
167737,0.18
167746,0.14
167751,0.28
167753,0.18
167755,0.15
167771,0.23
167805,0.23
167811,0.22
167815,0.15
167829,0.11
167830,0.16
167834,0.14
167841,0.18
167846,0.13
167851,0.4
167871,0.18
167890,0.22
167898,0.18
167901,0.17
167902,0.21
167907,0.26
167911,0.08
167912,0.09
167916,0.12
167917,0.15
167928,0.18
167940,0.18
167947,0.2
167948,0.19
167953,0.22
167957,0.26
167958,0.16
167968,0.1
167970,0.21
167977,0.15
167980,0.13
167993,0.22
167994,0.2
167998,0.16
168000,0.21
168006,0.28
168011,0.21
168012,0.1
168013,0.21
168022,0.18
168026,0.26
168032,0.25
168046,0.2
168054,0.29
168071,0.14
168078,0.19
168092,0.14
168093,0.18
168097,0.15
168105,0.26
168107,0.26
168108,0.19
168115,0.31
168127,0.2
168133,0.27
168135,0.13
168162,0.15
168163,0.18
168165,0.25
168169,0.19
168171,0.26
168174,0.25
168175,0.43
168186,0.12
168202,0.15
168204,0.15
168208,0.17
168229,0.26
168239,0.15
168245,0.14
168276,0.19
168309,0.23
168313,0.21
168322,0.16
168323,0.12
168326,0.28
168331,0.22
168349,0.35
168384,0.22
168398,0.17
168403,0.16
168405,0.22
168416,0.12
168418,0.28
168420,0.22
168422,0.1
168436,0.27
168438,0.16
168443,0.15
168444,0.16
168446,0.15
168454,0.18
168459,0.13
168462,0.2
168472,0.18
168485,0.1
168496,0.24
168503,0.14
168515,0.14
168516,0.16
168520,0.31
168521,0.24
168531,0.11
168542,0.18
168548,0.3
168551,0.1
168575,0.07
168580,0.14
168588,0.24
168593,0.12
168614,0.18
168615,0.17
168622,0.17
168623,0.18
168634,0.17
168645,0.29
168651,0.23
168683,0.21
168691,0.29
168708,0.23
168716,0.2
168718,0.14
168720,0.25
168722,0.24
168731,0.27
168736,0.16
168738,0.22
168747,0.14
168751,0.27
168752,0.13
168753,0.09
168774,0.28
168782,0.17
168788,0.08
168790,0.23
168791,0.26
168793,0.15
168796,0.12
168802,0.17
168803,0.13
168810,0.41
168817,0.13
168820,0.23
168823,0.17
168827,0.17
168828,0.27
168831,0.21
168842,0.24
168845,0.2
168855,0.14
168856,0.17
168861,0.24
168876,0.11
168897,0.22
168899,0.15
168913,0.22
168915,0.18
168916,0.17
168929,0.25
168930,0.17
168933,0.27
168954,0.21
168957,0.22
168959,0.1
168960,0.2
168961,0.22
168968,0.19
168969,0.2
168994,0.23
168995,0.15
169003,0.21
169004,0.35
169008,0.2
169009,0.19
169014,0.21
169030,0.3
169048,0.14
169061,0.17
169070,0.2
169092,0.09
169117,0.19
169118,0.35
169121,0.22
169123,0.21
169124,0.27
169137,0.22
169138,0.2
169143,0.21
169165,0.2
169166,0.22
169167,0.24
169168,0.14
169175,0.13
169184,0.16
169195,0.15
169196,0.16
169197,0.22
169202,0.39
169204,0.35
169212,0.17
169214,0.27
169218,0.26
169239,0.1
169248,0.12
169252,0.14
169254,0.21
169257,0.19
169264,0.3
169267,0.28
169269,0.36
169278,0.15
169297,0.19
169299,0.24
169301,0.16
169306,0.08
169323,0.22
169328,0.2
169330,0.16
169331,0.15
169346,0.23
169348,0.26
169350,0.22
169353,0.28
169355,0.31
169364,0.24
169365,0.12
169367,0.11
169370,0.14
169378,0.19
169385,0.12
169387,0.21
169389,0.16
169395,0.32
169412,0.16
169426,0.27
169427,0.24
169432,0.21
169436,0.34
169453,0.16
169455,0.4
169457,0.15
169458,0.1
169461,0.19
169467,0.17
169470,0.15
169477,0.14
169481,0.22
169483,0.17
169490,0.26
169491,0.15
169495,0.11
169504,0.36
169514,0.14
169517,0.2
169523,0.2
169528,0.27
169534,0.2
169535,0.15
169537,0.18
169541,0.31
169546,0.1
169549,0.12
169554,0.24
169561,0.17
169571,0.1
169580,0.21
169597,0.23
169598,0.1
169625,0.37
169626,0.23
169627,0.19
169628,0.17
169629,0.12
169658,0.12
169659,0.13
169668,0.18
169669,0.19
169673,0.19
169674,0.17
169676,0.32
169677,0.26
169678,0.14
169680,0.17
169695,0.23
169698,0.22
169710,0.27
169719,0.15
169720,0.2
169722,0.15
169735,0.21
169745,0.13
169749,0.24
169754,0.17
169760,0.22
169772,0.19
169773,0.17
169780,0.2
169788,0.18
169793,0.21
169809,0.21
169810,0.16
169824,0.14
169831,0.17
169833,0.3
169836,0.15
169859,0.13
169864,0.37
169872,0.09
169895,0.22
169911,0.13
169914,0.24
169960,0.19
169961,0.33
169964,0.26
169974,0.16
169988,0.1
169989,0.1
169995,0.12
170007,0.15
170026,0.24
170030,0.38
170033,0.37
170041,0.08
170043,0.17
170048,0.12
170050,0.16
170051,0.19
170056,0.16
170072,0.43
170076,0.19
170080,0.21
170101,0.13
170102,0.19
170107,0.28
170115,0.27
170119,0.1
170128,0.25
170129,0.13
170134,0.25
170136,0.15
170139,0.12
170140,0.13
170143,0.31
170148,0.28
170159,0.17
170163,0.16
170164,0.33
170173,0.17
170178,0.24
170179,0.12
170199,0.11
170203,0.16
170207,0.29
170211,0.14
170217,0.14
170224,0.07
170225,0.26
170255,0.25
170258,0.16
170259,0.2
170262,0.16
170278,0.3
170284,0.19
170285,0.24
170292,0.2
170293,0.31
170301,0.14
170302,0.34
170305,0.28
170309,0.19
170310,0.31
170326,0.33
170327,0.17
170328,0.24
170329,0.13
170330,0.17
170331,0.19
170337,0.12
170340,0.23
170341,0.16
170343,0.21
170361,0.17
170366,0.27
170376,0.19
170382,0.29
170396,0.19
170400,0.2
170403,0.14
170409,0.17
170410,0.21
170421,0.26
170425,0.11
170427,0.18
170428,0.13
170435,0.18
170438,0.11
170442,0.21
170446,0.29
170461,0.16
170473,0.31
170477,0.19
170516,0.18
170517,0.18
170522,0.21
170523,0.19
170534,0.26
170535,0.21
170538,0.32
170549,0.18
170556,0.22
170563,0.19
170570,0.19
170580,0.26
170582,0.15
170584,0.31
170585,0.15
170587,0.25
170590,0.14
170598,0.22
170599,0.16
170601,0.17
170612,0.3
170617,0.17
170620,0.2
170629,0.16
170647,0.25
170651,0.16
170654,0.18
170657,0.28
170662,0.14
170707,0.24
170719,0.12
170722,0.13
170723,0.15
170731,0.27
170735,0.14
170750,0.12
170769,0.19
170770,0.26
170776,0.23
170783,0.19
170789,0.32
170800,0.19
170809,0.32
170810,0.2
170811,0.31
170827,0.14
170842,0.21
170854,0.13
170857,0.26
170865,0.19
170867,0.11
170869,0.25
170870,0.08
170878,0.17
170881,0.26
170910,0.15
170913,0.28
170919,0.21
170932,0.17
170939,0.32
170947,0.21
170950,0.12
170953,0.3
170954,0.08
170970,0.13
170972,0.09
170973,0.28
170980,0.23
170981,0.25
170983,0.35
170998,0.28
171001,0.2
171004,0.16
171020,0.16
171023,0.2
171026,0.09
171060,0.23
171061,0.18
171065,0.2
171077,0.21
171081,0.17
171103,0.33
171110,0.14
171114,0.11
171118,0.12
171119,0.26
171120,0.18
171137,0.23
171147,0.15
171153,0.26
171156,0.27
171158,0.19
171163,0.16
171169,0.18
171170,0.24
171172,0.09
171173,0.2
171176,0.18
171181,0.17
171182,0.21
171191,0.25
171193,0.18
171195,0.24
171198,0.14
171205,0.15
171212,0.2
171237,0.22
171241,0.16
171262,0.28
171263,0.12
171266,0.13
171274,0.2
171290,0.24
171291,0.16
171297,0.14
171307,0.21
171311,0.25
171320,0.09
171322,0.18
171328,0.16
171337,0.19
171346,0.2
171348,0.3
171354,0.19
171358,0.1
171359,0.12
171360,0.21
171369,0.24
171379,0.16
171384,0.13
171388,0.23
171390,0.18
171394,0.17
171395,0.19
171399,0.18
171403,0.19
171422,0.13
171423,0.14
171469,0.19
171480,0.2
171487,0.22
171497,0.14
171502,0.28
171503,0.16
171506,0.19
171521,0.21
171530,0.22
171540,0.18
171541,0.2
171544,0.21
171551,0.21
171582,0.24
171587,0.2
171597,0.28
171603,0.19
171610,0.19
171614,0.16
171619,0.23
171621,0.16
171625,0.27
171626,0.11
171638,0.05
171642,0.23
171658,0.16
171674,0.25
171677,0.27
171684,0.19
171685,0.16
171686,0.12
171695,0.13
171702,0.21
171703,0.13
171704,0.14
171705,0.15
171706,0.16
171709,0.23
171712,0.13
171716,0.16
171730,0.16
171748,0.13
171757,0.21
171767,0.18
171768,0.33
171771,0.2
171775,0.12
171778,0.21
171780,0.3
171781,0.11
171785,0.17
171786,0.25
171789,0.12
171802,0.1
171803,0.18
171812,0.2
171862,0.31
171864,0.24
171891,0.4
171892,0.19
171913,0.17
171914,0.32
171922,0.28
171927,0.21
171933,0.16
171934,0.14
171943,0.18
171945,0.22
171960,0.17
171964,0.14
171975,0.27
171994,0.16
171996,0.15
171997,0.2
172000,0.18
172029,0.22
172038,0.18
172039,0.16
172043,0.21
172046,0.18
172048,0.13
172049,0.12
172053,0.39
172054,0.23
172058,0.22
172060,0.18
172061,0.1
172067,0.18
172072,0.16
172073,0.21
172098,0.2
172100,0.23
172101,0.22
172113,0.28
172144,0.13
172147,0.1
172149,0.17
172168,0.2
172169,0.16
172175,0.2
172197,0.22
172200,0.35
172205,0.38
172207,0.24
172210,0.19
172261,0.14
172279,0.16
172294,0.17
172300,0.16
172301,0.25
172310,0.09
172351,0.12
172353,0.11
172358,0.12
172374,0.28
172380,0.17
172384,0.15
172400,0.11
172403,0.16
172408,0.16
172411,0.14
172420,0.17
172426,0.38
172433,0.18
172434,0.2
172442,0.17
172443,0.32
172452,0.35
172454,0.22
172456,0.23
172460,0.23
172470,0.2
172479,0.22
172481,0.12
172483,0.08
172484,0.39
172485,0.16
172486,0.23
172493,0.18
172494,0.28
172497,0.27
172504,0.13
172518,0.24
172523,0.16
172527,0.19
172533,0.23
172536,0.2
172540,0.19
172541,0.22
172543,0.15
172545,0.19
172547,0.14
172551,0.19
172556,0.21
172562,0.14
172570,0.16
172574,0.2
172575,0.16
172599,0.11
172611,0.39
172612,0.11
172616,0.13
172623,0.26
172627,0.23
172635,0.2
172643,0.14
172644,0.2
172652,0.18
172656,0.13
172661,0.17
172664,0.2
172672,0.27
172678,0.2
172680,0.21
172683,0.14
172684,0.17
172690,0.19
172695,0.24
172696,0.11
172701,0.22
172713,0.25
172714,0.16
172731,0.09
172738,0.13
172761,0.18
172767,0.16
172770,0.31
172771,0.14
172799,0.16
172800,0.15
172804,0.19
172805,0.17
172820,0.13
172829,0.38
172831,0.28
172833,0.11
172843,0.18
172853,0.18
172855,0.12
172856,0.17
172857,0.1
172863,0.18
172877,0.13
172881,0.14
172895,0.18
172896,0.17
172910,0.16
172922,0.18
172939,0.15
172942,0.3
172945,0.15
172948,0.11
172949,0.17
172953,0.11
172967,0.23
172993,0.23
172995,0.17
172996,0.33
172997,0.25
172998,0.22
172999,0.17
173004,0.19
173006,0.32
173007,0.22
173013,0.29
173016,0.18
173020,0.2
173030,0.22
173048,0.11
173056,0.08
173066,0.18
173079,0.17
173107,0.24
173109,0.11
173127,0.13
173128,0.13
173130,0.26
173137,0.25
173157,0.14
173160,0.1
173168,0.14
173193,0.16
173197,0.28
173215,0.16
173216,0.3
173227,0.11
173236,0.25
173237,0.19
173247,0.13
173250,0.31
173259,0.13
173277,0.3
173285,0.14
173286,0.23
173299,0.21
173310,0.31
173312,0.17
173313,0.11
173320,0.22
173330,0.32
173333,0.2
173351,0.14
173370,0.25
173372,0.18
173381,0.23
173386,0.15
173387,0.21
173388,0.19
173393,0.13
173394,0.21
173403,0.19
173467,0.2
173469,0.24
173475,0.21
173476,0.18
173477,0.09
173484,0.29
173485,0.16
173488,0.27
173491,0.1
173520,0.11
173522,0.26
173535,0.15
173539,0.21
173549,0.13
173552,0.17
173565,0.24
173586,0.23
173587,0.15
173588,0.16
173595,0.19
173606,0.23
173620,0.16
173623,0.15
173629,0.28
173647,0.24
173649,0.29
173650,0.17
173652,0.19
173654,0.23
173665,0.3
173667,0.29
173685,0.2
173710,0.26
173711,0.18
173713,0.25
173718,0.26
173743,0.23
173744,0.08
173762,0.23
173768,0.22
173769,0.33
173770,0.16
173773,0.16
173779,0.13
173780,0.1
173781,0.24
173783,0.21
173795,0.25
173800,0.37
173812,0.15
173823,0.24
173834,0.31
173874,0.13
173891,0.2
173904,0.19
173909,0.21
173925,0.17
173941,0.24
173942,0.23
173944,0.15
173955,0.21
173959,0.23
174000,0.15
174004,0.16
174006,0.17
174008,0.22
174012,0.16
174017,0.1
174020,0.26
174044,0.2
174051,0.13
174052,0.18
174059,0.23
174060,0.15
174061,0.25
174063,0.24
174068,0.22
174069,0.19
174072,0.16
174074,0.16
174091,0.17
174092,0.31
174098,0.37
174105,0.21
174107,0.18
174110,0.09
174121,0.16
174126,0.21
174153,0.12
174156,0.27
174160,0.2
174173,0.14
174183,0.16
174185,0.08
174188,0.32
174198,0.16
174206,0.15
174207,0.11
174211,0.23
174239,0.19
174260,0.32
174261,0.14
174262,0.27
174264,0.2
174271,0.21
174275,0.39
174277,0.15
174286,0.16
174301,0.11
174312,0.23
174314,0.18
174322,0.18
174323,0.21
174325,0.17
174326,0.2
174327,0.14
174334,0.22
174360,0.18
174362,0.33
174367,0.15
174371,0.13
174372,0.17
174384,0.11
174390,0.18
174391,0.14
174396,0.19
174412,0.17
174423,0.17
174428,0.19
174429,0.21
174438,0.16
174481,0.11
174483,0.15
174484,0.12
174485,0.29
174488,0.13
174497,0.13
174509,0.24
174513,0.16
174514,0.2
174520,0.27
174526,0.15
174532,0.13
174536,0.22
174537,0.13
174538,0.21
174539,0.25
174540,0.14
174549,0.09
174551,0.2
174563,0.17
174574,0.27
174575,0.25
174586,0.11
174590,0.14
174606,0.27
174607,0.21
174609,0.1
174610,0.23
174630,0.16
174631,0.16
174661,0.16
174665,0.21
174666,0.2
174677,0.19
174690,0.15
174700,0.2
174702,0.28
174703,0.12
174713,0.12
174721,0.21
174726,0.19
174729,0.2
174741,0.07
174742,0.29
174754,0.24
174757,0.17
174782,0.44
174795,0.27
174805,0.13
174806,0.3
174809,0.18
174810,0.14
174829,0.14
174830,0.2
174832,0.23
174836,0.28
174839,0.18
174843,0.13
174854,0.28
174861,0.19
174863,0.14
174867,0.25
174871,0.19
174887,0.11
174890,0.19
174897,0.12
174901,0.22
174903,0.19
174912,0.13
174913,0.26
174920,0.26
174922,0.31
174924,0.18
174925,0.14
174928,0.14
174938,0.32
174939,0.15
174943,0.14
174950,0.23
174954,0.22
174955,0.13
174957,0.18
174965,0.14
174966,0.2
174967,0.22
174977,0.23
174983,0.16
174986,0.24
174987,0.15
175012,0.23
175015,0.2
175025,0.13
175027,0.16
175029,0.19
175056,0.28
175075,0.22
175081,0.23
175097,0.21
175128,0.14
175129,0.18
175138,0.16
175169,0.21
175183,0.28
175211,0.14
175212,0.24
175215,0.2
175223,0.21
175225,0.12
175233,0.15
175250,0.19
175253,0.14
175257,0.11
175260,0.23
175261,0.1
175264,0.28
175284,0.23
175288,0.17
175295,0.17
175309,0.18
175310,0.14
175313,0.19
175334,0.19
175337,0.2
175346,0.17
175347,0.14
175349,0.19
175350,0.29
175351,0.21
175367,0.27
175369,0.14
175371,0.23
175372,0.19
175392,0.29
175400,0.08
175402,0.2
175403,0.27
175407,0.29
175408,0.15
175414,0.23
175431,0.21
175435,0.11
175442,0.11
175454,0.15
175456,0.22
175457,0.2
175464,0.18
175465,0.17
175477,0.15
175488,0.16
175495,0.2
175499,0.2
175500,0.23
175515,0.29
175519,0.19
175520,0.12
175531,0.15
175534,0.17
175543,0.29
175566,0.21
175568,0.14
175573,0.19
175574,0.26
175576,0.22
175591,0.16
175593,0.17
175605,0.34
175609,0.12
175617,0.18
175624,0.3
175629,0.1
175633,0.19
175645,0.28
175649,0.19
175650,0.15
175653,0.23
175659,0.11
175660,0.17
175661,0.24
175664,0.22
175665,0.2
175677,0.2
175682,0.31
175684,0.35
175687,0.14
175690,0.16
175706,0.19
175722,0.2
175724,0.26
175730,0.28
175731,0.22
175737,0.24
175743,0.17
175745,0.21
175758,0.2
175768,0.16
175769,0.23
175773,0.17
175775,0.16
175794,0.2
175798,0.16
175809,0.23
175818,0.17
175830,0.17
175835,0.19
175840,0.2
175864,0.18
175875,0.23
175890,0.18
175892,0.11
175914,0.28
175930,0.34
175935,0.16
175955,0.09
175958,0.11
175959,0.25
175960,0.26
175964,0.13
175968,0.13
175986,0.25
175987,0.21
175997,0.1
175998,0.21
176003,0.17
176004,0.27
176021,0.1
176034,0.18
176035,0.21
176043,0.33
176045,0.25
176051,0.1
176052,0.13
176059,0.26
176067,0.13
176073,0.2
176076,0.12
176077,0.12
176085,0.24
176088,0.22
176095,0.27
176118,0.31
176129,0.18
176177,0.21
176183,0.21
176206,0.2
176218,0.22
176240,0.11
176253,0.13
176260,0.22
176275,0.25
176285,0.16
176288,0.25
176289,0.17
176290,0.23
176297,0.14
176300,0.23
176301,0.21
176319,0.22
176322,0.21
176337,0.16
176346,0.22
176347,0.2
176352,0.37
176358,0.18
176359,0.2
176365,0.04
176371,0.24
176403,0.21
176419,0.25
176428,0.14
176429,0.26
176430,0.2
176432,0.3
176437,0.18
176440,0.13
176441,0.27
176450,0.22
176454,0.14
176459,0.16
176460,0.23
176467,0.23
176472,0.36
176482,0.18
176483,0.42
176486,0.13
176487,0.22
176494,0.19
176497,0.1
176500,0.2
176509,0.2
176511,0.15
176512,0.23
176522,0.21
176525,0.22
176526,0.26
176537,0.09
176538,0.24
176572,0.17
176573,0.18
176574,0.3
176579,0.13
176580,0.23
176592,0.38
176601,0.17
176603,0.21
176605,0.17
176606,0.14
176615,0.1
176620,0.14
176634,0.26
176635,0.18
176638,0.1
176639,0.2
176641,0.21
176661,0.14
176668,0.14
176669,0.16
176683,0.22
176688,0.14
176700,0.16
176702,0.13
176705,0.14
176709,0.15
176710,0.31
176720,0.25
176726,0.26
176731,0.28
176732,0.2
176733,0.21
176734,0.13
176736,0.32
176741,0.24
176756,0.18
176785,0.11
176790,0.13
176793,0.24
176820,0.34
176827,0.23
176828,0.14
176839,0.2
176848,0.21
176850,0.18
176853,0.16
176866,0.15
176867,0.28
176875,0.19
176883,0.2
176888,0.27
176890,0.18
176898,0.22
176917,0.19
176925,0.18
176929,0.21
176934,0.21
176938,0.26
176953,0.21
176957,0.28
176970,0.16
176997,0.17
177029,0.28
177030,0.21
177031,0.13
177032,0.2
177047,0.15
177048,0.29
177051,0.15
177055,0.08
177060,0.17
177064,0.2
177065,0.17
177069,0.19
177076,0.19
177085,0.13
177087,0.19
177105,0.32
177126,0.25
177133,0.12
177141,0.23
177146,0.22
177156,0.26
177179,0.11
177187,0.29
177192,0.23
177203,0.16
177228,0.19
177229,0.27
177249,0.25
177250,0.44
177253,0.23
177260,0.17
177262,0.23
177270,0.19
177275,0.25
177284,0.21
177285,0.32
177314,0.2
177319,0.33
177325,0.11
177327,0.25
177339,0.19
177344,0.19
177378,0.08
177384,0.22
177385,0.17
177386,0.15
177387,0.22
177405,0.16
177423,0.2
177424,0.17
177425,0.11
177430,0.33
177435,0.15
177447,0.19
177448,0.19
177449,0.15
177451,0.15
177460,0.19
177479,0.24
177489,0.21
177504,0.11
177505,0.18
177511,0.32
177524,0.1
177526,0.21
177535,0.16
177558,0.19
177562,0.33
177569,0.2
177579,0.17
177580,0.11
177583,0.13
177584,0.23
177585,0.22
177605,0.14
177606,0.17
177618,0.22
177639,0.41
177649,0.17
177656,0.14
177657,0.12
177661,0.26
177665,0.27
177669,0.22
177680,0.24
177688,0.31
177689,0.23
177694,0.22
177696,0.24
177700,0.23
177705,0.22
177710,0.19
177720,0.16
177728,0.16
177729,0.22
177731,0.2
177733,0.21
177749,0.28
177751,0.19
177767,0.11
177776,0.21
177780,0.27
177783,0.2
177785,0.22
177791,0.14
177797,0.19
177798,0.15
177799,0.12
177802,0.09
177803,0.15
177805,0.14
177820,0.22
177824,0.2
177825,0.13
177829,0.1
177839,0.2
177861,0.28
177865,0.22
177867,0.16
177875,0.18
177876,0.34
177878,0.14
177883,0.19
177886,0.13
177891,0.21
177892,0.15
177902,0.15
177904,0.2
177931,0.16
177939,0.18
177944,0.16
177946,0.21
177959,0.2
177977,0.17
177992,0.15
177993,0.21
178005,0.18
178008,0.18
178009,0.16
178012,0.22
178015,0.15
178018,0.16
178037,0.24
178050,0.13
178058,0.14
178060,0.17
178064,0.26
178074,0.14
178077,0.23
178094,0.24
178095,0.21
178096,0.25
178107,0.13
178117,0.23
178146,0.16
178154,0.25
178160,0.13
178164,0.22
178172,0.11
178174,0.36
178182,0.26
178184,0.26
178196,0.16
178223,0.22
178225,0.1
178226,0.16
178240,0.23
178242,0.19
178250,0.18
178268,0.11
178282,0.2
178285,0.22
178288,0.17
178290,0.24
178295,0.1
178312,0.16
178317,0.09
178342,0.32
178343,0.15
178344,0.25
178346,0.14
178353,0.36
178356,0.35
178358,0.12
178359,0.2
178362,0.32
178380,0.24
178387,0.17
178391,0.33
178395,0.27
178408,0.19
178415,0.18
178421,0.19
178424,0.39
178428,0.19
178432,0.18
178433,0.15
178436,0.15
178442,0.23
178453,0.15
178459,0.23
178467,0.25
178472,0.13
178491,0.2
178499,0.21
178504,0.19
178506,0.21
178509,0.25
178517,0.14
178525,0.16
178530,0.23
178531,0.34
178537,0.19
178553,0.2
178557,0.23
178565,0.19
178566,0.25
178579,0.13
178586,0.24
178589,0.14
178592,0.23
178610,0.14
178620,0.17
178621,0.12
178622,0.3
178643,0.21
178665,0.19
178671,0.19
178675,0.18
178692,0.27
178722,0.14
178723,0.15
178726,0.25
178731,0.29
178737,0.23
178739,0.18
178745,0.12
178766,0.12
178771,0.19
178775,0.18
178785,0.19
178789,0.19
178790,0.2
178792,0.15
178804,0.17
178817,0.17
178821,0.18
178825,0.17
178830,0.15
178831,0.34
178832,0.22
178847,0.21
178853,0.27
178856,0.16
178867,0.19
178868,0.22
178881,0.11
178887,0.14
178888,0.32
178908,0.2
178909,0.21
178942,0.22
178943,0.4
178946,0.19
178947,0.36
178950,0.27
178958,0.2
178976,0.15
178986,0.19
178989,0.15
178995,0.24
178996,0.28
179006,0.29
179025,0.26
179034,0.17
179038,0.32
179043,0.16
179050,0.12
179051,0.23
179076,0.29
179077,0.17
179091,0.25
179092,0.22
179111,0.22
179128,0.26
179132,0.23
179137,0.16
179138,0.19
179146,0.2
179148,0.24
179149,0.23
179150,0.17
179155,0.17
179164,0.13
179177,0.2
179178,0.25
179182,0.24
179184,0.13
179186,0.15
179191,0.24
179194,0.17
179201,0.22
179210,0.12
179211,0.23
179212,0.21
179216,0.19
179229,0.24
179235,0.15
179236,0.22
179241,0.19
179244,0.15
179249,0.13
179256,0.38
179260,0.2
179262,0.22
179264,0.2
179268,0.21
179272,0.14
179280,0.22
179287,0.09
179288,0.16
179290,0.11
179295,0.09
179298,0.19
179306,0.15
179307,0.1
179310,0.35
179314,0.12
179317,0.18
179319,0.25
179327,0.15
179336,0.21
179342,0.26
179344,0.35
179347,0.1
179357,0.19
179368,0.14
179413,0.11
179425,0.16
179435,0.25
179447,0.12
179449,0.15
179458,0.12
179460,0.12
179475,0.21
179486,0.17
179493,0.24
179499,0.13
179501,0.19
179508,0.15
179511,0.11
179513,0.3
179519,0.25
179537,0.18
179550,0.17
179559,0.11
179560,0.17
179578,0.16
179583,0.22
179590,0.16
179597,0.25
179599,0.12
179602,0.27
179609,0.19
179621,0.2
179624,0.19
179625,0.3
179630,0.11
179640,0.2
179641,0.18
179644,0.15
179649,0.22
179650,0.33
179652,0.18
179653,0.26
179660,0.18
179662,0.16
179673,0.2
179678,0.23
179679,0.19
179686,0.14
179721,0.16
179733,0.2
179736,0.24
179737,0.16
179748,0.17
179750,0.26
179751,0.18
179752,0.25
179753,0.18
179765,0.14
179768,0.14
179798,0.13
179827,0.11
179837,0.13
179838,0.21
179851,0.15
179868,0.3
179875,0.2
179876,0.15
179882,0.16
179883,0.11
179894,0.14
179905,0.27
179907,0.22
179919,0.2
179926,0.2
179936,0.12
179941,0.24
179945,0.26
179951,0.15
179960,0.16
179967,0.18
179980,0.34
179985,0.38
179997,0.19
180001,0.18
180007,0.18
180011,0.22
180017,0.26
180027,0.18
180033,0.15
180036,0.35
180037,0.21
180041,0.27
180042,0.33
180050,0.31
180059,0.19
180066,0.18
180067,0.31
180085,0.22
180092,0.15
180099,0.17
180101,0.18
180115,0.24
180122,0.32
180126,0.16
180127,0.17
180140,0.23
180141,0.23
180158,0.16
180163,0.27
180178,0.19
180189,0.19
180198,0.17
180201,0.3
180202,0.21
180209,0.25
180239,0.29
180244,0.22
180270,0.21
180271,0.16
180286,0.19
180287,0.24
180291,0.15
180293,0.23
180296,0.21
180297,0.14
180305,0.15
180318,0.19
180319,0.29
180322,0.13
180323,0.12
180331,0.14
180365,0.17
180368,0.29
180369,0.14
180382,0.19
180387,0.12
180388,0.32
180389,0.17
180398,0.17
180399,0.13
180402,0.35
180406,0.22
180407,0.16
180408,0.27
180413,0.21
180416,0.25
180420,0.13
180429,0.3
180430,0.47
180431,0.15
180438,0.18
180441,0.19
180448,0.16
180453,0.15
180478,0.33
180480,0.19
180510,0.23
180524,0.24
180534,0.2
180537,0.41
180545,0.16
180550,0.27
180559,0.2
180583,0.09
180587,0.13
180594,0.21
180597,0.31
180598,0.24
180599,0.26
180601,0.22
180624,0.33
180625,0.27
180634,0.23
180647,0.18
180652,0.31
180656,0.28
180664,0.14
180666,0.27
180674,0.19
180679,0.15
180685,0.31
180692,0.2
180698,0.25
180699,0.15
180700,0.18
180702,0.19
180710,0.16
180736,0.2
180739,0.19
180741,0.19
180743,0.32
180747,0.1
180754,0.25
180755,0.22
180756,0.18
180768,0.16
180773,0.23
180775,0.24
180784,0.31
180787,0.08
180795,0.13
180796,0.14
180799,0.09
180811,0.22
180813,0.2
180827,0.17
180828,0.19
180833,0.25
180834,0.23
180847,0.17
180852,0.29
180853,0.26
180854,0.2
180855,0.27
180856,0.13
180858,0.11
180859,0.27
180867,0.19
180868,0.22
180872,0.18
180873,0.19
180874,0.23
180875,0.23
180878,0.21
180888,0.19
180889,0.19
180891,0.11
180902,0.17
180907,0.34
180913,0.15
180916,0.21
180954,0.17
180962,0.15
180963,0.11
180967,0.26
180971,0.3
180975,0.13
180985,0.21
180991,0.1
181009,0.18
181012,0.1
181015,0.16
181034,0.14
181064,0.23
181071,0.19
181083,0.22
181084,0.1
181085,0.12
181088,0.15
181098,0.24
181110,0.23
181111,0.17
181112,0.21
181114,0.25
181117,0.31
181157,0.1
181160,0.2
181161,0.24
181165,0.19
181179,0.36
181186,0.21
181196,0.19
181197,0.31
181204,0.14
181213,0.14
181214,0.47
181221,0.2
181224,0.22
181226,0.22
181236,0.19
181256,0.27
181257,0.14
181279,0.19
181282,0.12
181285,0.14
181288,0.16
181289,0.26
181290,0.11
181298,0.15
181299,0.26
181307,0.18
181312,0.3
181318,0.15
181322,0.24
181338,0.28
181340,0.21
181342,0.16
181344,0.11
181350,0.16
181373,0.18
181374,0.25
181375,0.23
181379,0.29
181381,0.22
181385,0.27
181388,0.17
181392,0.23
181393,0.23
181425,0.15
181465,0.15
181481,0.26
181484,0.22
181494,0.24
181501,0.19
181507,0.16
181521,0.19
181524,0.16
181538,0.35
181540,0.23
181547,0.25
181551,0.15
181555,0.16
181561,0.12
181564,0.19
181567,0.25
181599,0.19
181602,0.35
181612,0.22
181613,0.24
181615,0.2
181621,0.15
181622,0.21
181629,0.2
181630,0.2
181633,0.26
181635,0.3
181641,0.16
181643,0.32
181644,0.25
181649,0.17
181659,0.11
181660,0.19
181665,0.31
181666,0.25
181672,0.18
181682,0.3
181693,0.24
181697,0.25
181703,0.14
181704,0.18
181720,0.26
181722,0.12
181732,0.24
181733,0.11
181736,0.21
181737,0.12
181747,0.12
181758,0.3
181764,0.18
181770,0.25
181774,0.29
181783,0.27
181788,0.15
181789,0.17
181804,0.25
181809,0.19
181821,0.38
181836,0.15
181863,0.21
181867,0.18
181868,0.28
181871,0.17
181904,0.25
181931,0.18
181932,0.17
181941,0.21
181944,0.24
181958,0.25
181971,0.23
181986,0.15
182002,0.12
182007,0.18
182012,0.09
182022,0.15
182031,0.21
182050,0.28
182053,0.24
182071,0.29
182072,0.12
182073,0.12
182102,0.15
182106,0.17
182116,0.17
182117,0.26
182118,0.21
182124,0.21
182125,0.14
182145,0.18
182150,0.18
182154,0.15
182167,0.18
182179,0.2
182181,0.19
182183,0.12
182218,0.19
182225,0.1
182226,0.19
182266,0.21
182272,0.21
182275,0.16
182295,0.28
182305,0.2
182312,0.1
182313,0.22
182327,0.19
182337,0.14
182340,0.12
182341,0.13
182342,0.15
182345,0.21
182353,0.17
182355,0.11
182371,0.2
182376,0.16
182381,0.13
182382,0.16
182384,0.17
182387,0.21
182412,0.14
182419,0.21
182432,0.2
182438,0.17
182448,0.43
182450,0.25
182465,0.15
182468,0.14
182474,0.07
182483,0.17
182484,0.22
182485,0.18
182486,0.23
182489,0.17
182500,0.24
182501,0.22
182504,0.31
182514,0.17
182524,0.25
182525,0.19
182533,0.2
182536,0.16
182539,0.15
182550,0.14
182553,0.32
182568,0.15
182571,0.08
182573,0.19
182580,0.11
182615,0.15
182618,0.14
182624,0.2
182644,0.18
182686,0.3
182687,0.2
182695,0.22
182718,0.17
182726,0.16
182735,0.18
182742,0.2
182747,0.16
182748,0.14
182752,0.16
182761,0.15
182800,0.2
182802,0.24
182807,0.19
182816,0.13
182818,0.11
182826,0.28
182836,0.13
182840,0.39
182841,0.35
182846,0.2
182862,0.23
182864,0.19
182871,0.23
182878,0.17
182880,0.21
182885,0.2
182893,0.14
182894,0.3
182895,0.2
182901,0.29
182907,0.25
182921,0.15
182952,0.19
182964,0.29
182966,0.24
182980,0.13
182985,0.45
182989,0.27
182994,0.12
183035,0.38
183037,0.35
183042,0.18
183049,0.13
183050,0.15
183051,0.19
183062,0.22
183063,0.16
183064,0.2
183076,0.19
183078,0.33
183086,0.1
183089,0.18
183091,0.25
183097,0.26
183104,0.12
183118,0.26
183119,0.21
183134,0.11
183142,0.22
183157,0.2
183162,0.15
183180,0.23
183193,0.2
183213,0.18
183216,0.25
183223,0.18
183226,0.16
183264,0.22
183273,0.23
183278,0.23
183282,0.23
183283,0.2
183286,0.24
183288,0.2
183299,0.12
183310,0.13
183315,0.22
183332,0.16
183336,0.16
183341,0.26
183342,0.13
183345,0.13
183347,0.17
183360,0.2
183362,0.11
183370,0.11
183379,0.24
183386,0.11
183410,0.2
183417,0.18
183419,0.27
183421,0.24
183425,0.33
183427,0.24
183433,0.22
183434,0.15
183438,0.13
183439,0.1
183440,0.25
183450,0.13
183451,0.31
183453,0.09
183454,0.18
183455,0.25
183457,0.18
183463,0.22
183475,0.14
183478,0.2
183480,0.16
183490,0.13
183494,0.25
183503,0.19
183512,0.28
183517,0.24
183530,0.29
183532,0.11
183533,0.21
183536,0.13
183545,0.1
183549,0.1
183550,0.15
183551,0.2
183555,0.17
183560,0.17
183585,0.17
183591,0.15
183592,0.08
183603,0.34
183610,0.18
183628,0.22
183644,0.15
183646,0.21
183649,0.17
183656,0.22
183658,0.29
183688,0.13
183690,0.14
183691,0.21
183697,0.22
183709,0.11
183711,0.27
183714,0.35
183725,0.18
183736,0.18
183742,0.16
183772,0.22
183776,0.17
183787,0.09
183792,0.22
183793,0.33
183799,0.32
183816,0.24
183818,0.3
183832,0.28
183836,0.11
183839,0.24
183840,0.14
183855,0.2
183857,0.31
183863,0.22
183866,0.26
183876,0.24
183878,0.29
183897,0.14
183902,0.18
183915,0.11
183925,0.27
183936,0.24
183939,0.17
183951,0.1
183956,0.18
183957,0.14
183974,0.07
183982,0.23
183994,0.1
184008,0.1
184013,0.2
184016,0.16
184019,0.17
184024,0.14
184025,0.23
184038,0.15
184045,0.17
184056,0.14
184060,0.19
184071,0.22
184073,0.15
184074,0.15
184077,0.18
184105,0.16
184106,0.25
184133,0.28
184154,0.41
184163,0.2
184165,0.2
184193,0.31
184194,0.26
184195,0.13
184202,0.22
184226,0.3
184230,0.2
184231,0.23
184234,0.26
184238,0.17
184248,0.19
184257,0.17
184268,0.17
184282,0.25
184291,0.2
184294,0.16
184295,0.47
184304,0.2
184309,0.15
184318,0.17
184325,0.23
184329,0.18
184330,0.14
184333,0.24
184337,0.08
184338,0.12
184340,0.14
184341,0.22
184347,0.26
184354,0.12
184355,0.14
184372,0.27
184384,0.09
184385,0.18
184386,0.13
184389,0.3
184401,0.17
184405,0.25
184431,0.34
184450,0.14
184453,0.43
184470,0.15
184471,0.14
184486,0.25
184488,0.14
184489,0.23
184497,0.17
184508,0.19
184509,0.12
184516,0.24
184525,0.16
184526,0.17
184531,0.2
184557,0.2
184576,0.16
184589,0.12
184605,0.15
184613,0.3
184630,0.13
184635,0.11
184636,0.17
184643,0.18
184645,0.17
184653,0.13
184655,0.16
184656,0.18
184660,0.23
184716,0.23
184736,0.19
184758,0.22
184767,0.32
184770,0.23
184773,0.2
184776,0.13
184792,0.16
184812,0.25
184820,0.19
184829,0.17
184831,0.17
184832,0.18
184834,0.19
184847,0.23
184848,0.17
184858,0.14
184866,0.19
184869,0.22
184870,0.13
184873,0.23
184874,0.17
184876,0.23
184879,0.29
184880,0.17
184885,0.13
184896,0.22
184916,0.19
184918,0.2
184919,0.2
184921,0.25
184936,0.2
184944,0.27
184956,0.2
184963,0.19
184964,0.18
184965,0.21
184972,0.29
184977,0.18
184982,0.22
184988,0.33
184992,0.16
184994,0.15
184998,0.36
185017,0.22
185024,0.12
185032,0.24
185037,0.17
185040,0.08
185043,0.17
185048,0.16
185059,0.18
185076,0.34
185083,0.14
185090,0.25
185099,0.22
185101,0.15
185106,0.17
185121,0.25
185125,0.33
185126,0.24
185127,0.17
185153,0.19
185167,0.19
185171,0.18
185178,0.25
185180,0.14
185181,0.09
185183,0.25
185186,0.21
185187,0.26
185188,0.13
185189,0.24
185194,0.18
185207,0.18
185209,0.09
185210,0.21
185212,0.15
185220,0.23
185221,0.23
185230,0.22
185231,0.22
185245,0.2
185249,0.17
185262,0.17
185285,0.24
185286,0.27
185288,0.15
185296,0.18
185298,0.31
185299,0.11
185308,0.19
185311,0.18
185313,0.21
185314,0.19
185332,0.16
185337,0.18
185338,0.14
185339,0.2
185341,0.19
185342,0.14
185344,0.25
185349,0.16
185362,0.2
185363,0.23
185394,0.2
185410,0.21
185418,0.26
185423,0.15
185428,0.17
185442,0.15
185447,0.18
185450,0.14
185454,0.21
185475,0.31
185481,0.27
185483,0.21
185485,0.24
185496,0.17
185504,0.18
185505,0.14
185512,0.14
185515,0.17
185534,0.17
185536,0.2
185538,0.23
185552,0.19
185569,0.18
185576,0.15
185578,0.22
185581,0.21
185584,0.15
185585,0.12
185586,0.19
185592,0.18
185604,0.15
185606,0.25
185607,0.21
185618,0.24
185622,0.27
185628,0.21
185629,0.19
185634,0.16
185637,0.28
185638,0.15
185640,0.24
185641,0.11
185645,0.14
185646,0.21
185647,0.21
185662,0.11
185669,0.23
185675,0.2
185687,0.15
185688,0.1
185689,0.18
185690,0.26
185697,0.16
185710,0.15
185733,0.19
185740,0.23
185806,0.2
185812,0.25
185824,0.24
185825,0.18
185826,0.14
185827,0.28
185828,0.12
185837,0.22
185859,0.13
185861,0.13
185872,0.21
185874,0.17
185891,0.2
185893,0.11
185897,0.16
185900,0.25
185910,0.18
185919,0.16
185932,0.13
185937,0.17
185939,0.14
185965,0.08
185968,0.22
185971,0.18
185978,0.24
185980,0.19
185981,0.14
185982,0.17
185991,0.21
185997,0.16
185998,0.2
186014,0.18
186021,0.17
186025,0.17
186034,0.24
186054,0.18
186061,0.23
186065,0.2
186066,0.22
186070,0.19
186080,0.15
186085,0.16
186094,0.29
186110,0.27
186113,0.15
186116,0.25
186127,0.19
186129,0.15
186135,0.18
186139,0.29
186151,0.18
186153,0.15
186156,0.19
186158,0.2
186159,0.1
186166,0.25
186168,0.12
186169,0.19
186170,0.1
186179,0.1
186188,0.16
186210,0.08
186227,0.19
186229,0.26
186230,0.25
186249,0.19
186254,0.19
186264,0.15
186265,0.26
186273,0.07
186276,0.15
186289,0.21
186296,0.26
186308,0.15
186309,0.25
186310,0.12
186316,0.13
186321,0.16
186333,0.17
186346,0.14
186391,0.25
186398,0.24
186407,0.19
186411,0.17
186415,0.23
186426,0.33
186444,0.2
186448,0.3
186453,0.19
186456,0.17
186460,0.23
186461,0.26
186473,0.16
186489,0.25
186490,0.21
186491,0.18
186492,0.06
186493,0.23
186503,0.24
186505,0.26
186506,0.05
186508,0.17
186524,0.17
186526,0.12
186536,0.23
186539,0.18
186543,0.12
186558,0.25
186568,0.24
186573,0.23
186587,0.26
186599,0.15
186609,0.29
186610,0.11
186612,0.16
186632,0.24
186634,0.17
186649,0.25
186652,0.15
186660,0.29
186668,0.24
186674,0.25
186675,0.21
186679,0.12
186682,0.18
186683,0.15
186695,0.35
186696,0.12
186704,0.23
186709,0.33
186714,0.15
186723,0.08
186726,0.27
186728,0.23
186729,0.14
186731,0.24
186737,0.22
186742,0.17
186743,0.22
186745,0.26
186747,0.17
186750,0.15
186769,0.22
186771,0.26
186787,0.16
186796,0.24
186802,0.19
186811,0.12
186812,0.25
186815,0.19
186840,0.23
186842,0.3
186853,0.33
186859,0.22
186878,0.08
186885,0.18
186890,0.09
186906,0.38
186916,0.14
186927,0.13
186928,0.25
186931,0.14
186934,0.16
186938,0.36
186943,0.33
186944,0.25
186945,0.26
186947,0.16
186952,0.23
186953,0.12
186960,0.18
186962,0.21
186991,0.16
187001,0.31
187017,0.13
187019,0.25
187024,0.18
187035,0.12
187037,0.27
187056,0.14
187057,0.2
187058,0.39
187065,0.22
187066,0.33
187069,0.09
187070,0.24
187074,0.14
187085,0.13
187087,0.15
187100,0.08
187117,0.17
187158,0.23
187159,0.17
187162,0.24
187164,0.12
187167,0.15
187168,0.16
187171,0.16
187184,0.23
187194,0.31
187208,0.17
187211,0.2
187220,0.24
187224,0.18
187242,0.15
187259,0.17
187260,0.11
187267,0.29
187280,0.23
187287,0.1
187291,0.22
187296,0.16
187301,0.12
187315,0.2
187319,0.19
187326,0.32
187328,0.21
187329,0.13
187330,0.14
187335,0.21
187339,0.21
187340,0.21
187353,0.18
187356,0.16
187367,0.28
187383,0.23
187388,0.16
187401,0.23
187415,0.16
187422,0.17
187439,0.24
187440,0.27
187442,0.34
187447,0.23
187448,0.2
187451,0.12
187468,0.14
187475,0.1
187477,0.19
187480,0.11
187498,0.19
187499,0.16
187516,0.12
187524,0.09
187534,0.25
187552,0.09
187577,0.11
187584,0.12
187585,0.14
187603,0.22
187608,0.13
187625,0.2
187637,0.11
187639,0.33
187641,0.07
187652,0.14
187684,0.16
187689,0.23
187698,0.18
187708,0.19
187716,0.25
187717,0.18
187719,0.17
187720,0.28
187743,0.24
187749,0.21
187762,0.2
187763,0.21
187772,0.21
187786,0.19
187787,0.23
187809,0.22
187826,0.22
187828,0.14
187829,0.25
187833,0.16
187847,0.2
187852,0.16
187862,0.15
187867,0.14
187868,0.16
187870,0.21
187871,0.12
187879,0.24
187894,0.18
187895,0.18
187899,0.14
187903,0.28
187915,0.16
187919,0.18
187941,0.1
187942,0.22
187944,0.18
187947,0.2
187949,0.33
187950,0.17
187952,0.2
187964,0.38
187967,0.15
187977,0.16
187983,0.18
187987,0.14
187988,0.19
187990,0.16
187991,0.23
187998,0.19
188014,0.24
188017,0.27
188021,0.23
188032,0.15
188039,0.16
188040,0.13
188044,0.16
188045,0.15
188054,0.23
188069,0.14
188070,0.27
188081,0.16
188092,0.29
188106,0.18
188108,0.2
188117,0.13
188120,0.15
188130,0.13
188133,0.2
188136,0.19
188151,0.22
188153,0.22
188158,0.1
188171,0.16
188175,0.1
188192,0.22
188194,0.13
188198,0.17
188199,0.16
188228,0.21
188232,0.2
188233,0.23
188234,0.11
188245,0.13
188248,0.19
188254,0.12
188261,0.17
188262,0.19
188267,0.21
188276,0.14
188281,0.4
188282,0.18
188295,0.18
188309,0.2
188313,0.25
188324,0.2
188327,0.17
188328,0.16
188329,0.19
188336,0.22
188337,0.23
188350,0.14
188389,0.23
188399,0.15
188413,0.19
188415,0.16
188421,0.11
188438,0.22
188449,0.34
188466,0.11
188470,0.19
188486,0.15
188492,0.25
188507,0.14
188511,0.22
188521,0.29
188540,0.26
188542,0.12
188551,0.28
188557,0.16
188558,0.12
188561,0.22
188563,0.27
188565,0.07
188577,0.17
188586,0.21
188591,0.14
188594,0.19
188614,0.16
188622,0.14
188626,0.11
188632,0.25
188635,0.16
188639,0.16
188645,0.21
188646,0.27
188647,0.2
188653,0.13
188659,0.2
188677,0.25
188694,0.09
188695,0.09
188696,0.16
188707,0.13
188714,0.18
188715,0.19
188722,0.21
188724,0.13
188729,0.12
188734,0.14
188739,0.42
188746,0.18
188747,0.18
188768,0.2
188770,0.19
188772,0.12
188787,0.21
188792,0.22
188793,0.14
188808,0.21
188828,0.22
188848,0.11
188851,0.22
188856,0.2
188862,0.22
188875,0.37
188876,0.33
188878,0.17
188880,0.1
188890,0.14
188900,0.18
188914,0.12
188928,0.26
188936,0.13
188946,0.25
188947,0.21
188948,0.17
188949,0.09
188950,0.25
188980,0.18
188982,0.28
188988,0.27
188990,0.1
188992,0.2
188993,0.1
188994,0.16
188997,0.15
188998,0.33
189009,0.17
189018,0.23
189022,0.14
189034,0.17
189045,0.18
189059,0.22
189062,0.16
189075,0.2
189086,0.17
189087,0.18
189107,0.16
189113,0.16
189144,0.22
189148,0.16
189199,0.16
189201,0.18
189202,0.17
189207,0.26
189213,0.22
189214,0.23
189224,0.17
189230,0.22
189251,0.23
189252,0.07
189255,0.18
189256,0.1
189257,0.17
189260,0.22
189261,0.29
189262,0.13
189263,0.14
189272,0.2
189282,0.1
189284,0.24
189294,0.18
189304,0.17
189314,0.22
189317,0.28
189333,0.2
189337,0.18
189347,0.14
189355,0.26
189357,0.27
189366,0.25
189374,0.22
189379,0.18
189388,0.22
189397,0.11
189418,0.23
189453,0.14
189458,0.17
189460,0.2
189481,0.15
189482,0.24
189483,0.18
189490,0.21
189491,0.21
189492,0.21
189511,0.23
189512,0.16
189518,0.15
189519,0.23
189531,0.19
189541,0.3
189550,0.18
189551,0.19
189559,0.34
189564,0.23
189573,0.2
189585,0.14
189587,0.18
189605,0.16
189612,0.17
189633,0.21
189640,0.15
189641,0.3
189643,0.21
189650,0.22
189652,0.21
189656,0.19
189661,0.32
189663,0.28
189684,0.2
189688,0.17
189711,0.24
189729,0.25
189747,0.2
189761,0.29
189773,0.14
189774,0.24
189779,0.17
189780,0.14
189796,0.15
189799,0.2
189800,0.18
189807,0.2
189808,0.19
189826,0.2
189836,0.19
189843,0.14
189845,0.16
189852,0.32
189853,0.27
189855,0.22
189866,0.15
189886,0.19
189888,0.23
189902,0.26
189907,0.24
189910,0.1
189922,0.15
189924,0.17
189933,0.25
189935,0.16
189939,0.12
189951,0.35
189965,0.12
189966,0.32
189977,0.21
189989,0.16
189990,0.18
190002,0.17
190006,0.31
190008,0.14
190009,0.19
190021,0.22
190058,0.22
190061,0.19
190069,0.18
190072,0.3
190078,0.23
190109,0.24
190112,0.34
190117,0.23
190132,0.1
190133,0.2
190153,0.25
190164,0.14
190167,0.09
190169,0.35
190179,0.32
190184,0.06
190188,0.15
190199,0.16
190200,0.27
190201,0.1
190227,0.2
190229,0.18
190245,0.25
190272,0.21
190274,0.21
190281,0.22
190282,0.2
190290,0.24
190299,0.32
190301,0.27
190304,0.27
190306,0.14
190311,0.21
190341,0.16
190354,0.13
190364,0.17
190368,0.12
190375,0.2
190383,0.17
190384,0.22
190387,0.19
190388,0.28
190392,0.16
190394,0.23
190405,0.22
190406,0.15
190412,0.12
190413,0.28
190431,0.11
190452,0.12
190454,0.11
190461,0.25
190475,0.18
190489,0.24
190507,0.28
190513,0.13
190515,0.25
190516,0.23
190522,0.14
190523,0.27
190526,0.22
190533,0.09
190537,0.16
190542,0.22
190545,0.13
190548,0.1
190555,0.26
190561,0.13
190562,0.13
190566,0.13
190581,0.22
190590,0.21
190591,0.29
190593,0.14
190612,0.18
190617,0.21
190618,0.19
190619,0.28
190643,0.17
190647,0.11
190663,0.19
190664,0.13
190678,0.17
190691,0.25
190697,0.23
190698,0.26
190701,0.28
190702,0.31
190713,0.22
190739,0.14
190744,0.17
190756,0.17
190767,0.25
190777,0.18
190808,0.13
190825,0.26
190830,0.21
190844,0.23
190855,0.23
190860,0.21
190861,0.14
190865,0.13
190884,0.26
190886,0.2
190887,0.22
190893,0.19
190899,0.2
190900,0.24
190901,0.24
190903,0.14
190909,0.19
190911,0.28
190916,0.17
190922,0.23
190926,0.23
190927,0.2
190929,0.1
190931,0.18
190948,0.18
190954,0.12
190957,0.1
190965,0.17
190978,0.23
190986,0.22
190990,0.13
190993,0.17
190998,0.15
190999,0.14
191028,0.16
191033,0.22
191042,0.19
191076,0.11
191114,0.18
191137,0.36
191138,0.18
191140,0.24
191141,0.2
191143,0.21
191145,0.21
191161,0.29
191167,0.14
191192,0.15
191199,0.26
191200,0.11
191205,0.18
191206,0.13
191214,0.2
191217,0.09
191222,0.16
191224,0.09
191232,0.35
191238,0.14
191243,0.13
191247,0.17
191250,0.19
191266,0.16
191278,0.19
191279,0.17
191282,0.21
191287,0.27
191290,0.21
191291,0.31
191296,0.17
191301,0.16
191304,0.16
191305,0.17
191306,0.28
191324,0.25
191359,0.15
191360,0.13
191362,0.07
191371,0.21
191379,0.34
191394,0.16
191413,0.27
191430,0.12
191435,0.23
191449,0.19
191452,0.13
191464,0.25
191465,0.06
191466,0.21
191469,0.27
191490,0.17
191494,0.32
191498,0.29
191506,0.25
191508,0.14
191509,0.16
191515,0.3
191524,0.2
191548,0.17
191562,0.13
191568,0.25
191596,0.32
191609,0.18
191619,0.13
191624,0.29
191628,0.18
191630,0.26
191648,0.3
191649,0.11
191654,0.2
191655,0.06
191659,0.25
191674,0.23
191675,0.23
191680,0.18
191681,0.17
191684,0.22
191686,0.16
191721,0.19
191722,0.26
191726,0.3
191727,0.1
191732,0.12
191735,0.1
191738,0.22
191745,0.18
191746,0.19
191751,0.23
191761,0.25
191772,0.22
191785,0.17
191794,0.17
191799,0.19
191806,0.28
191807,0.14
191809,0.4
191824,0.18
191826,0.15
191834,0.19
191837,0.19
191841,0.15
191845,0.19
191847,0.28
191850,0.17
191869,0.18
191873,0.16
191876,0.24
191878,0.23
191880,0.21
191881,0.25
191883,0.17
191898,0.2
191907,0.25
191910,0.2
191918,0.12
191920,0.24
191923,0.18
191942,0.2
191943,0.18
191951,0.37
191952,0.17
191958,0.14
191963,0.28
191971,0.33
191992,0.23
192000,0.22
192001,0.25
192008,0.07
192018,0.18
192029,0.11
192030,0.24
192031,0.14
192043,0.13
192045,0.21
192052,0.17
192056,0.21
192071,0.22
192082,0.19
192088,0.14
192103,0.19
192105,0.24
192119,0.23
192144,0.14
192151,0.17
192158,0.2
192163,0.07
192172,0.27
192176,0.16
192177,0.16
192212,0.17
192221,0.27
192223,0.35
192224,0.21
192238,0.18
192239,0.23
192252,0.36
192259,0.19
192268,0.15
192274,0.23
192276,0.23
192277,0.2
192289,0.14
192296,0.18
192308,0.17
192309,0.1
192315,0.14
192322,0.35
192324,0.22
192343,0.19
192345,0.23
192367,0.16
192375,0.1
192382,0.31
192389,0.16
192390,0.24
192391,0.23
192423,0.19
192427,0.19
192431,0.19
192433,0.15
192451,0.18
192453,0.31
192455,0.11
192468,0.14
192469,0.17
192474,0.15
192481,0.2
192482,0.25
192483,0.04
192486,0.19
192490,0.2
192491,0.19
192494,0.2
192507,0.2
192508,0.07
192509,0.22
192525,0.17
192526,0.32
192528,0.1
192535,0.15
192545,0.2
192548,0.16
192572,0.31
192594,0.15
192607,0.17
192625,0.23
192626,0.25
192631,0.16
192632,0.15
192636,0.08
192637,0.2
192655,0.1
192657,0.2
192674,0.17
192675,0.19
192680,0.24
192682,0.17
192686,0.16
192698,0.27
192703,0.15
192705,0.13
192717,0.12
192720,0.23
192721,0.15
192722,0.21
192728,0.15
192734,0.13
192739,0.17
192740,0.18
192752,0.18
192761,0.2
192770,0.12
192780,0.18
192782,0.19
192783,0.27
192789,0.22
192796,0.14
192800,0.2
192802,0.21
192811,0.19
192812,0.2
192815,0.16
192838,0.29
192861,0.14
192868,0.08
192872,0.21
192876,0.1
192877,0.22
192897,0.29
192898,0.17
192903,0.11
192904,0.22
192905,0.22
192911,0.35
192920,0.18
192921,0.21
192922,0.22
192942,0.19
192946,0.24
192963,0.25
192978,0.07
192979,0.29
192981,0.3
192991,0.26
192995,0.22
192998,0.24
193019,0.16
193027,0.12
193028,0.25
193032,0.17
193036,0.16
193044,0.21
193046,0.23
193049,0.09
193050,0.18
193054,0.2
193057,0.19
193060,0.23
193075,0.16
193088,0.19
193091,0.26
193112,0.12
193122,0.18
193123,0.17
193128,0.19
193133,0.18
193143,0.12
193150,0.18
193151,0.21
193160,0.28
193180,0.22
193198,0.15
193204,0.19
193207,0.14
193210,0.34
193225,0.3
193232,0.22
193248,0.28
193249,0.28
193262,0.13
193270,0.11
193273,0.11
193275,0.18
193286,0.16
193289,0.37
193290,0.2
193311,0.32
193321,0.12
193322,0.18
193340,0.17
193349,0.21
193368,0.19
193369,0.2
193375,0.15
193385,0.36
193389,0.15
193394,0.18
193396,0.14
193398,0.18
193402,0.25
193409,0.21
193421,0.17
193426,0.09
193430,0.25
193436,0.24
193437,0.1
193440,0.13
193441,0.15
193449,0.22
193462,0.15
193464,0.14
193468,0.15
193474,0.21
193475,0.33
193479,0.26
193484,0.15
193488,0.19
193496,0.19
193507,0.2
193510,0.16
193512,0.14
193514,0.12
193515,0.17
193516,0.21
193520,0.11
193522,0.21
193541,0.22
193545,0.14
193549,0.2
193554,0.12
193558,0.26
193568,0.15
193569,0.3
193579,0.15
193587,0.13
193589,0.12
193613,0.16
193642,0.21
193643,0.17
193647,0.21
193648,0.21
193663,0.13
193664,0.27
193665,0.15
193672,0.24
193675,0.14
193686,0.31
193692,0.17
193706,0.15
193725,0.14
193726,0.19
193727,0.19
193733,0.21
193738,0.16
193739,0.12
193745,0.24
193759,0.17
193767,0.18
193774,0.29
193776,0.17
193777,0.58
193787,0.33
193789,0.21
193793,0.16
193805,0.12
193808,0.2
193816,0.06
193817,0.17
193821,0.23
193831,0.23
193832,0.18
193874,0.27
193879,0.16
193882,0.14
193910,0.19
193915,0.22
193916,0.21
193921,0.29
193924,0.19
193926,0.09
193927,0.22
193949,0.13
193954,0.23
193966,0.22
193970,0.18
193971,0.17
193975,0.16
193980,0.22
193982,0.26
193983,0.2
193987,0.14
193997,0.15
194000,0.25
194013,0.2
194014,0.39
194026,0.2
194039,0.16
194042,0.18
194054,0.16
194057,0.26
194058,0.19
194068,0.1
194071,0.31
194073,0.11
194075,0.2
194093,0.17
194098,0.26
194105,0.2
194106,0.22
194110,0.2
194128,0.23
194137,0.14
194149,0.24
194150,0.17
194155,0.21
194157,0.18
194158,0.19
194164,0.22
194165,0.25
194166,0.21
194170,0.19
194171,0.16
194177,0.12
194187,0.24
194188,0.14
194213,0.24
194229,0.37
194230,0.16
194241,0.15
194243,0.18
194244,0.17
194276,0.18
194279,0.14
194280,0.21
194281,0.2
194291,0.14
194293,0.32
194306,0.17
194307,0.23
194308,0.24
194310,0.21
194314,0.11
194326,0.27
194330,0.13
194338,0.2
194366,0.19
194370,0.19
194371,0.16
194379,0.15
194382,0.28
194383,0.2
194395,0.3
194402,0.19
194406,0.17
194408,0.28
194413,0.2
194414,0.13
194419,0.17
194423,0.16
194424,0.17
194429,0.15
194436,0.08
194468,0.16
194469,0.09
194478,0.2
194480,0.34
194484,0.19
194505,0.23
194514,0.22
194516,0.18
194523,0.29
194526,0.17
194533,0.28
194534,0.15
194536,0.12
194548,0.16
194552,0.26
194558,0.22
194561,0.18
194563,0.2
194569,0.22
194581,0.35
194586,0.17
194590,0.12
194598,0.25
194600,0.18
194603,0.09
194604,0.15
194605,0.17
194607,0.18
194610,0.18
194620,0.2
194627,0.29
194650,0.33
194652,0.12
194659,0.14
194660,0.25
194662,0.15
194665,0.18
194675,0.23
194677,0.19
194679,0.14
194691,0.29
194696,0.17
194713,0.18
194716,0.16
194717,0.24
194725,0.14
194732,0.12
194737,0.24
194738,0.24
194769,0.17
194791,0.2
194802,0.28
194806,0.2
194810,0.19
194812,0.18
194813,0.25
194816,0.2
194827,0.18
194844,0.18
194856,0.22
194860,0.24
194866,0.16
194867,0.2
194877,0.19
194879,0.33
194880,0.17
194881,0.21
194887,0.15
194900,0.2
194906,0.17
194907,0.18
194908,0.27
194914,0.18
194934,0.24
194955,0.2
194956,0.23
194965,0.17
194966,0.24
194980,0.15
194985,0.12
194986,0.2
194995,0.2
194999,0.14
195000,0.28
195010,0.23
195013,0.24
195044,0.2
195048,0.22
195050,0.41
195051,0.2
195055,0.25
195070,0.18
195074,0.37
195075,0.28
195077,0.17
195081,0.21
195088,0.12
195089,0.18
195091,0.2
195096,0.47
195100,0.14
195103,0.29
195116,0.16
195117,0.26
195129,0.27
195151,0.2
195158,0.22
195164,0.18
195176,0.2
195186,0.18
195187,0.26
195198,0.13
195201,0.23
195207,0.18
195214,0.22
195215,0.14
195234,0.17
195235,0.16
195239,0.13
195240,0.27
195253,0.25
195255,0.16
195280,0.13
195291,0.17
195293,0.12
195300,0.13
195306,0.17
195307,0.24
195322,0.17
195326,0.32
195330,0.19
195341,0.24
195343,0.13
195367,0.13
195369,0.16
195371,0.16
195372,0.2
195389,0.2
195415,0.11
195435,0.2
195439,0.25
195440,0.11
195444,0.11
195447,0.17
195450,0.1
195451,0.14
195456,0.1
195457,0.17
195461,0.16
195462,0.33
195463,0.07
195466,0.16
195468,0.24
195469,0.2
195489,0.12
195495,0.27
195496,0.24
195504,0.2
195505,0.2
195506,0.21
195511,0.19
195518,0.15
195519,0.22
195529,0.14
195531,0.15
195546,0.15
195547,0.13
195552,0.15
195577,0.31
195579,0.15
195588,0.18
195597,0.17
195607,0.18
195617,0.18
195626,0.2
195632,0.32
195634,0.27
195635,0.22
195645,0.18
195648,0.13
195674,0.38
195691,0.17
195695,0.31
195703,0.15
195710,0.23
195711,0.15
195727,0.2
195729,0.11
195734,0.19
195739,0.3
195740,0.2
195746,0.32
195750,0.3
195769,0.27
195772,0.23
195785,0.17
195789,0.17
195793,0.19
195801,0.2
195803,0.2
195810,0.23
195818,0.16
195819,0.4
195823,0.19
195828,0.25
195836,0.1
195843,0.17
195858,0.17
195876,0.18
195890,0.37
195891,0.22
195900,0.15
195905,0.21
195910,0.16
195911,0.21
195912,0.22
195917,0.25
195918,0.24
195923,0.31
195937,0.22
195940,0.31
195945,0.1
195946,0.15
195948,0.24
195955,0.22
195957,0.28
195958,0.16
195959,0.36
195970,0.12
195974,0.13
195979,0.33
195990,0.16
196004,0.19
196007,0.33
196012,0.27
196019,0.23
196029,0.29
196034,0.17
196042,0.24
196066,0.37
196067,0.23
196071,0.13
196074,0.3
196075,0.12
196079,0.19
196080,0.25
196082,0.16
196083,0.17
196085,0.24
196115,0.27
196118,0.24
196128,0.18
196149,0.16
196150,0.1
196162,0.18
196194,0.35
196198,0.17
196204,0.17
196206,0.22
196210,0.2
196220,0.2
196221,0.15
196230,0.1
196236,0.24
196242,0.19
196256,0.33
196261,0.31
196274,0.18
196281,0.12
196303,0.19
196305,0.16
196322,0.11
196343,0.11
196346,0.23
196354,0.14
196357,0.11
196359,0.24
196360,0.34
196361,0.13
196364,0.34
196371,0.21
196375,0.16
196377,0.28
196378,0.2
196381,0.1
196384,0.18
196385,0.16
196388,0.39
196394,0.34
196400,0.28
196401,0.26
196404,0.22
196411,0.25
196436,0.17
196443,0.1
196444,0.3
196446,0.17
196475,0.13
196476,0.41
196486,0.14
196489,0.2
196492,0.23
196498,0.27
196500,0.18
196505,0.3
196507,0.15
196510,0.18
196514,0.19
196530,0.23
196544,0.21
196551,0.19
196578,0.14
196585,0.33
196587,0.19
196588,0.2
196594,0.29
196598,0.14
196605,0.13
196618,0.22
196619,0.23
196623,0.17
196624,0.14
196643,0.18
196649,0.18
196650,0.16
196656,0.17
196663,0.38
196667,0.25
196669,0.17
196681,0.17
196717,0.15
196726,0.19
196728,0.15
196729,0.11
196731,0.15
196736,0.18
196738,0.19
196745,0.15
196747,0.14
196748,0.16
196753,0.13
196757,0.19
196760,0.24
196777,0.29
196788,0.16
196799,0.14
196808,0.17
196819,0.22
196825,0.17
196826,0.2
196834,0.23
196841,0.4
196847,0.26
196849,0.19
196851,0.18
196867,0.14
196884,0.16
196889,0.16
196898,0.13
196901,0.19
196917,0.19
196930,0.21
196936,0.2
196956,0.22
196959,0.14
196962,0.21
196963,0.22
196971,0.18
196972,0.28
196977,0.11
196984,0.15
196985,0.34
197010,0.3
197029,0.19
197040,0.22
197058,0.31
197060,0.12
197064,0.32
197075,0.18
197083,0.25
197102,0.26
197103,0.27
197107,0.33
197129,0.18
197135,0.2
197140,0.16
197150,0.24
197152,0.14
197153,0.2
197154,0.22
197156,0.21
197166,0.24
197167,0.18
197177,0.16
197178,0.14
197187,0.16
197191,0.21
197205,0.18
197206,0.37
197219,0.2
197224,0.12
197245,0.16
197246,0.19
197273,0.28
197275,0.09
197278,0.18
197288,0.2
197290,0.2
197294,0.29
197295,0.19
197311,0.17
197314,0.27
197320,0.3
197321,0.36
197324,0.2
197327,0.24
197332,0.19
197333,0.36
197335,0.15
197348,0.15
197362,0.24
197363,0.24
197368,0.17
197378,0.2
197381,0.21
197384,0.06
197386,0.15
197393,0.28
197396,0.17
197400,0.19
197408,0.17
197412,0.22
197413,0.24
197415,0.18
197418,0.2
197427,0.16
197443,0.19
197448,0.25
197449,0.14
197470,0.23
197478,0.3
197482,0.32
197488,0.17
197491,0.17
197495,0.25
197498,0.22
197502,0.22
197507,0.26
197509,0.26
197510,0.16
197512,0.13
197513,0.15
197524,0.27
197525,0.27
197529,0.29
197533,0.19
197534,0.31
197540,0.23
197541,0.13
197559,0.17
197566,0.1
197582,0.13
197585,0.21
197587,0.25
197595,0.12
197598,0.18
197601,0.16
197603,0.27
197607,0.19
197611,0.23
197625,0.17
197631,0.17
197633,0.19
197638,0.12
197640,0.19
197644,0.15
197645,0.13
197646,0.23
197650,0.15
197657,0.3
197664,0.18
197668,0.22
197681,0.17
197682,0.24
197693,0.18
197695,0.18
197699,0.21
197709,0.15
197711,0.24
197715,0.1
197716,0.29
197722,0.15
197728,0.27
197729,0.26
197730,0.33
197744,0.12
197768,0.12
197770,0.21
197775,0.29
197788,0.15
197795,0.24
197806,0.31
197808,0.15
197812,0.23
197813,0.15
197822,0.17
197827,0.18
197828,0.15
197836,0.29
197857,0.14
197862,0.31
197872,0.17
197892,0.2
197903,0.21
197907,0.19
197908,0.21
197916,0.14
197921,0.16
197924,0.13
197930,0.2
197934,0.22
197942,0.12
197945,0.28
197958,0.15
197959,0.22
197967,0.19
197969,0.3
197978,0.29
197999,0.21
198001,0.28
198004,0.12
198007,0.22
198019,0.2
198020,0.23
198024,0.27
198026,0.37
198038,0.2
198044,0.17
198050,0.28
198054,0.23
198055,0.26
198082,0.22
198094,0.17
198095,0.1
198099,0.15
198101,0.18
198102,0.24
198114,0.23
198125,0.17
198127,0.09
198128,0.1
198137,0.08
198141,0.18
198142,0.17
198155,0.26
198179,0.17
198181,0.19
198184,0.16
198185,0.14
198186,0.23
198187,0.32
198193,0.19
198197,0.24
198209,0.13
198221,0.23
198225,0.19
198229,0.27
198237,0.35
198239,0.29
198247,0.16
198253,0.26
198272,0.15
198279,0.21
198282,0.14
198284,0.12
198285,0.26
198287,0.19
198294,0.17
198309,0.24
198312,0.24
198315,0.1
198323,0.13
198331,0.12
198333,0.28
198359,0.21
198370,0.18
198378,0.21
198379,0.18
198381,0.22
198383,0.13
198384,0.23
198385,0.09
198420,0.19
198421,0.24
198425,0.15
198427,0.22
198429,0.16
198437,0.18
198445,0.14
198452,0.15
198454,0.15
198487,0.15
198523,0.26
198528,0.24
198530,0.26
198539,0.2
198540,0.17
198547,0.21
198566,0.21
198568,0.15
198569,0.18
198595,0.18
198600,0.17
198614,0.12
198617,0.15
198619,0.34
198627,0.21
198640,0.07
198655,0.27
198664,0.25
198665,0.28
198666,0.3
198670,0.27
198673,0.33
198680,0.25
198689,0.16
198690,0.29
198702,0.25
198703,0.18
198704,0.3
198714,0.23
198715,0.15
198717,0.14
198718,0.2
198720,0.24
198721,0.09
198730,0.13
198739,0.19
198754,0.16
198761,0.14
198772,0.13
198774,0.21
198775,0.2
198779,0.11
198783,0.19
198790,0.24
198794,0.29
198798,0.25
198799,0.16
198802,0.21
198806,0.22
198847,0.2
198854,0.26
198858,0.18
198859,0.28
198865,0.3
198872,0.12
198874,0.17
198878,0.16
198883,0.2
198884,0.09
198891,0.25
198899,0.12
198907,0.27
198916,0.3
198917,0.25
198934,0.22
198937,0.19
198938,0.13
198941,0.16
198957,0.21
198966,0.23
198984,0.2
198997,0.11
199001,0.21
199003,0.24
199009,0.16
199011,0.12
199013,0.22
199015,0.21
199024,0.08
199026,0.25
199027,0.38
199029,0.15
199030,0.23
199041,0.22
199048,0.14
199057,0.18
199058,0.17
199062,0.07
199067,0.07
199070,0.17
199075,0.16
199076,0.2
199092,0.25
199096,0.14
199104,0.18
199114,0.18
199115,0.09
199117,0.35
199126,0.2
199131,0.22
199141,0.21
199145,0.18
199150,0.17
199151,0.15
199153,0.1
199166,0.22
199167,0.2
199177,0.24
199182,0.11
199183,0.21
199185,0.11
199212,0.16
199213,0.29
199222,0.26
199229,0.18
199230,0.19
199242,0.39
199243,0.11
199246,0.2
199247,0.22
199249,0.19
199262,0.3
199263,0.3
199275,0.11
199276,0.26
199287,0.15
199298,0.19
199304,0.23
199307,0.19
199311,0.08
199316,0.18
199320,0.26
199321,0.26
199325,0.13
199326,0.29
199327,0.25
199334,0.14
199344,0.35
199345,0.21
199352,0.19
199364,0.28
199378,0.24
199379,0.16
199387,0.11
199405,0.2
199418,0.18
199424,0.29
199425,0.1
199432,0.18
199433,0.29
199442,0.18
199446,0.15
199457,0.19
199458,0.18
199477,0.17
199522,0.23
199525,0.19
199533,0.28
199536,0.23
199537,0.14
199550,0.26
199560,0.23
199564,0.33
199575,0.17
199580,0.1
199586,0.07
199597,0.22
199598,0.22
199604,0.2
199608,0.26
199609,0.13
199616,0.22
199625,0.26
199648,0.31
199650,0.13
199655,0.19
199663,0.24
199670,0.08
199673,0.31
199685,0.18
199696,0.15
199703,0.28
199704,0.14
199706,0.13
199727,0.12
199740,0.19
199746,0.13
199764,0.17
199766,0.25
199785,0.16
199786,0.18
199795,0.18
199797,0.2
199803,0.34
199804,0.21
199810,0.12
199815,0.16
199822,0.19
199824,0.17
199828,0.27
199833,0.16
199840,0.21
199844,0.32
199846,0.12
199858,0.26
199862,0.16
199865,0.27
199866,0.15
199869,0.23
199870,0.1
199871,0.1
199878,0.24
199889,0.17
199891,0.21
199898,0.22
199903,0.16
199904,0.15
199924,0.27
199950,0.16
199954,0.18
199956,0.19
199962,0.25
199965,0.22
199971,0.27
199972,0.16
199988,0.28
199995,0.21
199997,0.17
199998,0.14
199999,0.21
200011,0.27
200012,0.12
200016,0.21
200019,0.13
200030,0.14
200031,0.32
200032,0.13
200038,0.27
200043,0.19
200044,0.27
200045,0.22
200053,0.34
200057,0.12
200061,0.23
200064,0.23
200071,0.22
200084,0.12
200085,0.1
200086,0.24
200093,0.25
200095,0.3
200105,0.2
200111,0.22
200116,0.33
200125,0.37
200126,0.18
200157,0.18
200173,0.28
200181,0.19
200185,0.14
200187,0.2
200193,0.17
200200,0.23
200202,0.17
200206,0.17
200207,0.18
200216,0.13
200229,0.23
200234,0.03
200241,0.19
200244,0.16
200258,0.26
200262,0.19
200268,0.34
200277,0.26
200286,0.21
200293,0.2
200299,0.25
200306,0.2
200335,0.09
200358,0.2
200366,0.14
200367,0.2
200370,0.12
200373,0.29
200374,0.23
200383,0.23
200387,0.2
200390,0.21
200391,0.14
200421,0.29
200437,0.25
200442,0.13
200447,0.08
200460,0.2
200463,0.2
200467,0.19
200487,0.25
200488,0.25
200490,0.15
200493,0.26
200494,0.13
200501,0.13
200506,0.2
200516,0.21
200518,0.2
200520,0.19
200523,0.18
200524,0.2
200525,0.24
200534,0.17
200538,0.22
200552,0.16
200556,0.18
200557,0.29
200567,0.19
200568,0.16
200570,0.16
200572,0.27
200576,0.12
200585,0.22
200587,0.25
200588,0.25
200593,0.21
200594,0.19
200595,0.22
200603,0.37
200615,0.2
200624,0.28
200631,0.26
200632,0.19
200636,0.11
200638,0.12
200641,0.24
200650,0.22
200653,0.13
200657,0.2
200668,0.16
200669,0.16
200670,0.11
200676,0.22
200697,0.11
200710,0.2
200720,0.18
200729,0.2
200749,0.2
200753,0.27
200755,0.25
200756,0.21
200757,0.23
200768,0.21
200776,0.09
200799,0.22
200801,0.19
200810,0.22
200823,0.23
200832,0.29
200836,0.18
200838,0.14
200864,0.21
200867,0.15
200869,0.21
200873,0.23
200876,0.23
200881,0.16
200883,0.16
200890,0.15
200895,0.09
200897,0.11
200899,0.12
200900,0.25
200907,0.12
200912,0.13
200926,0.18
200930,0.33
200971,0.16
200974,0.16
200979,0.22
200998,0.25
201008,0.3
201018,0.22
201026,0.14
201043,0.22
201049,0.17
201050,0.23
201061,0.26
201062,0.19
201072,0.16
201076,0.21
201077,0.18
201081,0.2
201084,0.18
201089,0.15
201092,0.22
201109,0.28
201110,0.19
201116,0.14
201122,0.09
201135,0.2
201143,0.14
201153,0.12
201159,0.15
201165,0.13
201187,0.24
201197,0.16
201218,0.15
201219,0.24
201231,0.1
201234,0.1
201243,0.19
201246,0.1
201254,0.19
201256,0.12
201262,0.49
201263,0.17
201272,0.27
201273,0.15
201281,0.15
201290,0.26
201294,0.15
201296,0.11
201320,0.25
201332,0.24
201342,0.2
201343,0.13
201347,0.11
201350,0.2
201351,0.2
201362,0.35
201363,0.13
201368,0.17
201373,0.23
201375,0.1
201378,0.25
201386,0.27
201387,0.15
201390,0.27
201393,0.24
201409,0.13
201442,0.27
201444,0.18
201447,0.27
201451,0.14
201474,0.19
201481,0.17
201491,0.17
201498,0.12
201499,0.19
201501,0.16
201502,0.21
201516,0.26
201517,0.18
201524,0.19
201526,0.25
201528,0.16
201532,0.18
201543,0.28
201544,0.3
201546,0.15
201552,0.19
201554,0.26
201556,0.17
201557,0.19
201559,0.21
201575,0.19
201592,0.19
201593,0.21
201600,0.23
201630,0.17
201631,0.3
201635,0.11
201638,0.21
201642,0.23
201645,0.14
201660,0.12
201663,0.18
201665,0.17
201674,0.21
201675,0.14
201677,0.25
201688,0.16
201698,0.23
201706,0.22
201709,0.19
201710,0.19
201718,0.14
201720,0.27
201727,0.21
201730,0.14
201732,0.11
201733,0.25
201736,0.21
201738,0.16
201744,0.21
201747,0.21
201751,0.23
201766,0.21
201777,0.17
201778,0.18
201785,0.19
201804,0.18
201808,0.32
201813,0.33
201815,0.13
201820,0.19
201825,0.18
201830,0.11
201838,0.15
201839,0.26
201845,0.17
201849,0.16
201850,0.17
201853,0.14
201856,0.21
201873,0.17
201875,0.25
201906,0.15
201907,0.21
201908,0.23
201909,0.1
201911,0.24
201927,0.25
201928,0.18
201937,0.19
201943,0.1
201946,0.18
201948,0.19
201949,0.27
201955,0.12
201962,0.18
201977,0.11
201996,0.24
201997,0.25
202004,0.12
202005,0.12
202006,0.21
202010,0.15
202020,0.23
202029,0.43
202033,0.14
202034,0.09
202040,0.34
202045,0.16
202048,0.12
202055,0.17
202058,0.14
202062,0.13
202073,0.26
202078,0.13
202079,0.25
202080,0.24
202085,0.22
202090,0.17
202092,0.3
202114,0.19
202124,0.16
202133,0.28
202136,0.17
202150,0.14
202156,0.18
202159,0.23
202165,0.09
202167,0.15
202168,0.21
202169,0.2
202170,0.2
202204,0.17
202209,0.15
202216,0.19
202220,0.14
202228,0.19
202229,0.16
202231,0.19
202232,0.12
202234,0.24
202252,0.17
202253,0.24
202272,0.15
202273,0.21
202292,0.14
202300,0.22
202302,0.27
202311,0.09
202316,0.22
202318,0.27
202324,0.15
202343,0.26
202344,0.11
202349,0.12
202351,0.22
202355,0.14
202379,0.31
202407,0.08
202409,0.28
202410,0.13
202422,0.12
202423,0.21
202435,0.19
202437,0.27
202438,0.3
202439,0.23
202441,0.22
202444,0.09
202446,0.19
202450,0.16
202455,0.18
202457,0.19
202461,0.2
202463,0.32
202473,0.09
202478,0.22
202484,0.25
202490,0.09
202491,0.17
202492,0.37
202497,0.23
202508,0.11
202509,0.17
202510,0.17
202511,0.16
202514,0.21
202524,0.13
202527,0.21
202547,0.2
202554,0.15
202557,0.27
202568,0.26
202573,0.14
202587,0.15
202599,0.11
202610,0.18
202613,0.19
202618,0.18
202621,0.19
202645,0.16
202646,0.16
202649,0.19
202653,0.23
202655,0.29
202656,0.24
202659,0.2
202661,0.16
202681,0.13
202688,0.2
202691,0.18
202692,0.14
202697,0.39
202698,0.32
202717,0.15
202720,0.2
202724,0.24
202725,0.21
202734,0.15
202740,0.16
202743,0.1
202746,0.09
202760,0.17
202761,0.13
202765,0.23
202769,0.29
202785,0.16
202793,0.24
202796,0.17
202805,0.15
202816,0.21
202823,0.21
202825,0.2
202829,0.13
202830,0.26
202848,0.17
202861,0.22
202862,0.28
202863,0.18
202879,0.17
202889,0.14
202894,0.23
202895,0.2
202897,0.13
202899,0.14
202900,0.24
202907,0.16
202927,0.22
202945,0.21
202951,0.19
202955,0.18
202960,0.11
202967,0.21
202972,0.15
202982,0.21
202993,0.18
202996,0.15
202998,0.16
203008,0.23
203026,0.22
203038,0.24
203044,0.18
203054,0.25
203070,0.26
203075,0.26
203082,0.19
203089,0.21
203090,0.12
203098,0.31
203108,0.26
203109,0.14
203113,0.23
203123,0.19
203124,0.19
203128,0.17
203129,0.26
203131,0.25
203142,0.16
203154,0.22
203175,0.22
203176,0.19
203183,0.2
203185,0.11
203195,0.17
203201,0.22
203205,0.26
203218,0.21
203241,0.13
203244,0.17
203245,0.18
203253,0.45
203259,0.17
203264,0.28
203276,0.12
203283,0.17
203286,0.23
203288,0.18
203290,0.16
203298,0.22
203300,0.15
203312,0.19
203318,0.16
203331,0.25
203337,0.16
203339,0.12
203344,0.14
203348,0.31
203349,0.16
203350,0.17
203358,0.15
203366,0.23
203371,0.16
203377,0.28
203399,0.12
203402,0.23
203407,0.25
203410,0.11
203421,0.31
203428,0.16
203431,0.32
203433,0.23
203459,0.12
203460,0.31
203462,0.23
203470,0.11
203475,0.28
203476,0.14
203496,0.32
203518,0.15
203547,0.16
203549,0.19
203550,0.24
203552,0.13
203561,0.18
203564,0.24
203567,0.12
203575,0.21
203590,0.18
203591,0.1
203605,0.1
203606,0.15
203640,0.18
203643,0.38
203647,0.31
203648,0.16
203669,0.07
203671,0.17
203692,0.2
203695,0.22
203706,0.21
203713,0.14
203730,0.12
203736,0.1
203745,0.27
203751,0.14
203753,0.23
203755,0.12
203762,0.18
203769,0.16
203774,0.11
203796,0.25
203799,0.17
203806,0.2
203807,0.18
203810,0.17
203816,0.28
203821,0.35
203822,0.2
203850,0.23
203854,0.14
203862,0.27
203868,0.16
203869,0.15
203870,0.19
203876,0.2
203878,0.22
203889,0.11
203897,0.14
203905,0.21
203914,0.21
203915,0.22
203950,0.17
203956,0.15
203957,0.25
203973,0.18
203975,0.18
203980,0.16
203997,0.19
204001,0.32
204008,0.25
204017,0.23
204020,0.21
204021,0.2
204026,0.29
204027,0.17
204043,0.08
204047,0.21
204055,0.16
204059,0.14
204060,0.25
204061,0.09
204073,0.18
204076,0.22
204086,0.18
204088,0.26
204102,0.23
204116,0.23
204117,0.18
204121,0.18
204129,0.16
204139,0.19
204148,0.19
204149,0.16
204175,0.22
204181,0.26
204183,0.27
204187,0.28
204193,0.26
204194,0.23
204195,0.18
204196,0.22
204202,0.15
204206,0.18
204207,0.18
204214,0.13
204222,0.19
204226,0.12
204227,0.2
204228,0.12
204231,0.17
204232,0.18
204235,0.21
204237,0.08
204239,0.19
204242,0.12
204254,0.08
204255,0.15
204259,0.22
204268,0.19
204280,0.11
204282,0.33
204307,0.13
204314,0.18
204318,0.2
204321,0.23
204330,0.09
204335,0.26
204339,0.29
204344,0.21
204350,0.19
204371,0.12
204372,0.23
204374,0.31
204383,0.22
204392,0.23
204403,0.16
204409,0.22
204416,0.15
204417,0.16
204437,0.19
204440,0.17
204445,0.15
204446,0.15
204449,0.29
204468,0.16
204504,0.23
204506,0.15
204536,0.13
204539,0.19
204601,0.11
204614,0.2
204616,0.31
204618,0.18
204623,0.12
204630,0.27
204636,0.16
204639,0.13
204642,0.14
204644,0.18
204648,0.19
204662,0.22
204673,0.15
204674,0.28
204681,0.19
204682,0.15
204683,0.18
204689,0.26
204690,0.2
204707,0.1
204728,0.21
204736,0.32
204740,0.21
204749,0.19
204756,0.16
204771,0.14
204778,0.18
204808,0.16
204822,0.25
204827,0.19
204831,0.17
204836,0.12
204837,0.19
204843,0.15
204846,0.2
204847,0.18
204850,0.19
204852,0.21
204854,0.24
204856,0.26
204857,0.25
204863,0.3
204870,0.15
204885,0.17
204895,0.23
204905,0.15
204911,0.18
204927,0.22
204929,0.15
204941,0.18
204959,0.29
204962,0.31
204965,0.34
204970,0.27
204971,0.17
204972,0.31
205000,0.25
205011,0.1
205013,0.18
205014,0.41
205019,0.1
205043,0.17
205045,0.2
205054,0.19
205066,0.07
205069,0.3
205070,0.21
205071,0.12
205073,0.13
205077,0.28
205078,0.09
205088,0.1
205104,0.24
205107,0.14
205117,0.13
205118,0.13
205128,0.33
205134,0.07
205140,0.11
205141,0.26
205142,0.09
205153,0.29
205158,0.18
205169,0.16
205170,0.28
205183,0.07
205184,0.14
205197,0.15
205199,0.17
205204,0.25
205208,0.15
205209,0.17
205210,0.29
205216,0.22
205219,0.3
205222,0.15
205225,0.15
205235,0.24
205236,0.15
205241,0.15
205244,0.17
205251,0.33
205252,0.21
205258,0.18
205262,0.19
205264,0.17
205274,0.32
205277,0.22
205281,0.14
205306,0.17
205307,0.31
205323,0.16
205336,0.3
205337,0.3
205360,0.28
205363,0.18
205365,0.16
205367,0.26
205368,0.14
205375,0.16
205403,0.24
205411,0.19
205415,0.16
205429,0.17
205434,0.29
205445,0.14
205463,0.09
205471,0.22
205472,0.16
205479,0.25
205480,0.19
205493,0.15
205503,0.17
205508,0.12
205524,0.15
205525,0.18
205526,0.12
205533,0.27
205542,0.12
205545,0.13
205552,0.17
205561,0.19
205563,0.12
205564,0.33
205565,0.23
205566,0.1
205569,0.18
205579,0.33
205585,0.24
205587,0.13
205588,0.18
205591,0.21
205594,0.16
205600,0.17
205608,0.14
205613,0.25
205618,0.24
205619,0.11
205623,0.13
205627,0.26
205628,0.33
205635,0.14
205638,0.1
205640,0.22
205641,0.3
205642,0.37
205643,0.19
205646,0.21
205655,0.17
205672,0.3
205678,0.14
205681,0.11
205682,0.19
205690,0.16
205693,0.25
205695,0.25
205724,0.15
205738,0.18
205741,0.14
205744,0.16
205750,0.14
205751,0.15
205752,0.16
205766,0.2
205773,0.21
205775,0.18
205776,0.22
205789,0.21
205793,0.16
205797,0.12
205798,0.12
205802,0.14
205806,0.12
205807,0.21
205815,0.2
205819,0.16
205821,0.19
205822,0.14
205831,0.2
205832,0.24
205836,0.14
205843,0.3
205862,0.18
205863,0.17
205866,0.31
205873,0.27
205877,0.11
205879,0.16
205880,0.17
205886,0.16
205898,0.22
205903,0.18
205907,0.16
205908,0.16
205909,0.14
205930,0.15
205931,0.11
205932,0.12
205951,0.14
205957,0.34
205960,0.19
205987,0.12
205994,0.37
205995,0.15
206006,0.17
206007,0.22
206013,0.17
206020,0.09
206030,0.19
206035,0.14
206038,0.17
206039,0.21
206061,0.15
206066,0.21
206068,0.26
206071,0.26
206076,0.17
206077,0.2
206091,0.17
206097,0.2
206101,0.26
206145,0.25
206147,0.12
206163,0.21
206171,0.2
206173,0.3
206174,0.25
206197,0.25
206198,0.23
206209,0.23
206211,0.24
206213,0.09
206246,0.36
206252,0.21
206253,0.25
206254,0.22
206257,0.21
206270,0.18
206283,0.14
206290,0.16
206291,0.17
206292,0.33
206307,0.1
206315,0.09
206319,0.24
206324,0.09
206326,0.22
206338,0.19
206339,0.16
206354,0.19
206359,0.17
206374,0.24
206377,0.11
206395,0.28
206403,0.12
206410,0.38
206413,0.15
206414,0.12
206418,0.29
206424,0.2
206427,0.29
206428,0.12
206429,0.17
206430,0.29
206447,0.15
206451,0.18
206465,0.2
206477,0.31
206484,0.22
206497,0.16
206517,0.17
206533,0.17
206542,0.23
206557,0.16
206563,0.17
206564,0.3
206565,0.11
206582,0.18
206593,0.25
206605,0.39
206606,0.16
206621,0.18
206639,0.24
206640,0.17
206641,0.21
206645,0.2
206656,0.19
206666,0.23
206679,0.26
206681,0.09
206684,0.18
206686,0.2
206687,0.12
206697,0.21
206700,0.23
206702,0.22
206703,0.18
206708,0.13
206710,0.2
206721,0.15
206723,0.22
206735,0.26
206739,0.21
206742,0.15
206744,0.23
206747,0.4
206752,0.17
206774,0.14
206776,0.24
206792,0.14
206799,0.34
206805,0.11
206806,0.32
206809,0.16
206812,0.2
206814,0.21
206830,0.21
206831,0.13
206878,0.28
206905,0.16
206908,0.19
206910,0.17
206917,0.12
206920,0.29
206927,0.13
206933,0.17
206945,0.21
206968,0.16
206987,0.19
206989,0.18
207017,0.29
207027,0.17
207029,0.21
207030,0.19
207035,0.13
207040,0.1
207043,0.22
207054,0.24
207055,0.19
207059,0.14
207060,0.07
207062,0.23
207071,0.25
207073,0.37
207079,0.11
207100,0.16
207107,0.16
207129,0.25
207132,0.15
207139,0.23
207148,0.15
207153,0.14
207163,0.25
207164,0.26
207168,0.2
207171,0.09
207173,0.32
207174,0.08
207181,0.2
207182,0.14
207198,0.1
207201,0.13
207213,0.3
207234,0.21
207238,0.26
207256,0.27
207257,0.28
207264,0.26
207268,0.37
207275,0.2
207291,0.14
207296,0.18
207304,0.21
207308,0.21
207314,0.08
207324,0.26
207332,0.16
207333,0.34
207339,0.17
207349,0.17
207351,0.17
207359,0.27
207361,0.24
207365,0.2
207369,0.13
207372,0.28
207377,0.13
207380,0.21
207394,0.07
207412,0.2
207423,0.21
207426,0.15
207427,0.34
207428,0.17
207430,0.44
207437,0.24
207440,0.2
207455,0.18
207456,0.25
207471,0.21
207476,0.16
207483,0.1
207497,0.2
207506,0.15
207515,0.26
207529,0.14
207533,0.18
207534,0.15
207541,0.18
207560,0.1
207561,0.26
207570,0.25
207600,0.17
207630,0.22
207633,0.16
207634,0.18
207635,0.19
207660,0.17
207682,0.16
207684,0.15
207687,0.22
207706,0.27
207708,0.19
207713,0.19
207714,0.12
207718,0.15
207721,0.19
207724,0.21
207727,0.17
207731,0.21
207732,0.15
207734,0.23
207739,0.24
207744,0.22
207787,0.13
207792,0.21
207801,0.17
207811,0.26
207817,0.19
207818,0.16
207819,0.16
207830,0.18
207834,0.15
207841,0.29
207844,0.3
207849,0.24
207856,0.18
207865,0.16
207867,0.17
207873,0.24
207882,0.32
207887,0.15
207888,0.21
207889,0.11
207907,0.12
207921,0.24
207922,0.16
207928,0.24
207930,0.39
207940,0.17
207941,0.24
207956,0.18
207960,0.29
207961,0.28
207968,0.25
207971,0.15
207972,0.21
207975,0.13
207976,0.17
207979,0.31
207997,0.19
207999,0.34
208008,0.27
208027,0.22
208030,0.2
208033,0.21
208035,0.24
208040,0.23
208052,0.24
208067,0.15
208090,0.19
208100,0.21
208102,0.23
208110,0.21
208117,0.23
208119,0.28
208123,0.16
208127,0.41
208136,0.24
208139,0.16
208140,0.14
208144,0.14
208149,0.13
208156,0.17
208166,0.25
208168,0.18
208170,0.37
208172,0.22
208178,0.3
208193,0.19
208195,0.16
208211,0.22
208213,0.14
208229,0.23
208231,0.21
208235,0.17
208238,0.2
208240,0.25
208249,0.09
208262,0.13
208263,0.24
208270,0.15
208288,0.16
208292,0.12
208302,0.14
208303,0.27
208312,0.13
208317,0.13
208322,0.25
208331,0.23
208336,0.16
208337,0.15
208339,0.2
208346,0.16
208353,0.22
208358,0.17
208359,0.26
208360,0.18
208370,0.18
208373,0.16
208390,0.17
208391,0.18
208394,0.19
208396,0.13
208397,0.17
208398,0.22
208400,0.23
208410,0.18
208420,0.11
208421,0.28
208431,0.2
208450,0.25
208451,0.25
208455,0.23
208478,0.15
208479,0.22
208482,0.24
208502,0.36
208516,0.21
208518,0.22
208534,0.28
208550,0.16
208551,0.15
208566,0.22
208567,0.21
208575,0.13
208576,0.17
208588,0.19
208590,0.26
208595,0.16
208619,0.15
208620,0.19
208627,0.26
208629,0.11
208642,0.17
208645,0.18
208661,0.17
208662,0.17
208679,0.12
208681,0.15
208689,0.2
208696,0.15
208701,0.14
208707,0.32
208719,0.09
208720,0.22
208730,0.08
208748,0.16
208753,0.27
208755,0.19
208769,0.11
208775,0.25
208785,0.16
208796,0.08
208806,0.16
208815,0.21
208830,0.12
208833,0.2
208837,0.16
208842,0.15
208860,0.22
208874,0.1
208886,0.22
208897,0.14
208898,0.29
208905,0.17
208907,0.19
208924,0.23
208925,0.16
208933,0.18
208941,0.24
208948,0.1
208960,0.15
208962,0.15
208963,0.14
208965,0.23
208973,0.23
208974,0.24
208986,0.17
208992,0.16
208995,0.26
209001,0.1
209006,0.15
209012,0.09
209022,0.18
209055,0.3
209056,0.24
209057,0.22
209060,0.22
209067,0.11
209071,0.17
209078,0.13
209080,0.15
209094,0.14
209097,0.2
209098,0.27
209101,0.18
209108,0.17
209109,0.13
209111,0.17
209116,0.31
209117,0.4
209121,0.18
209126,0.2
209127,0.2
209141,0.17
209142,0.26
209159,0.22
209164,0.32
209168,0.29
209177,0.22
209197,0.26
209202,0.17
209209,0.09
209211,0.14
209233,0.26
209234,0.14
209253,0.27
209260,0.19
209263,0.13
209268,0.2
209275,0.23
209288,0.18
209298,0.38
209305,0.16
209326,0.34
209340,0.2
209352,0.26
209362,0.17
209367,0.26
209369,0.09
209377,0.19
209387,0.2
209392,0.2
209393,0.15
209420,0.17
209423,0.27
209457,0.15
209458,0.24
209470,0.24
209479,0.24
209483,0.35
209488,0.35
209489,0.18
209497,0.2
209504,0.15
209510,0.12
209513,0.1
209547,0.12
209549,0.22
209556,0.13
209561,0.3
209565,0.24
209591,0.18
209595,0.14
209596,0.18
209608,0.11
209628,0.19
209643,0.19
209645,0.22
209651,0.11
209659,0.18
209660,0.21
209661,0.32
209665,0.17
209682,0.16
209687,0.25
209689,0.27
209699,0.18
209705,0.21
209707,0.14
209713,0.18
209717,0.09
209718,0.26
209723,0.25
209727,0.15
209729,0.16
209739,0.2
209741,0.26
209744,0.25
209748,0.21
209749,0.23
209758,0.15
209761,0.19
209764,0.19
209772,0.17
209773,0.21
209794,0.12
209795,0.16
209814,0.15
209828,0.3
209838,0.17
209839,0.28
209845,0.15
209855,0.2
209862,0.12
209869,0.17
209872,0.24
209879,0.2
209881,0.14
209882,0.23
209893,0.29
209913,0.14
209918,0.23
209920,0.41
209921,0.1
209929,0.23
209943,0.3
209957,0.2
209960,0.19
209962,0.19
209969,0.21
209980,0.23
209986,0.16
209989,0.12
209990,0.1
209991,0.13
210007,0.22
210016,0.16
210018,0.14
210019,0.19
210020,0.09
210036,0.17
210050,0.14
210080,0.19
210084,0.18
210089,0.27
210104,0.17
210129,0.17
210135,0.23
210137,0.23
210140,0.19
210145,0.19
210146,0.23
210147,0.19
210152,0.16
210157,0.27
210158,0.23
210164,0.23
210170,0.18
210171,0.13
210173,0.3
210174,0.28
210176,0.09
210190,0.19
210191,0.2
210195,0.36
210196,0.14
210201,0.15
210211,0.22
210231,0.15
210239,0.2
210241,0.18
210242,0.2
210255,0.24
210278,0.16
210283,0.1
210284,0.2
210304,0.17
210307,0.13
210330,0.27
210332,0.21
210350,0.16
210379,0.12
210385,0.14
210401,0.08
210405,0.18
210413,0.29
210414,0.23
210415,0.14
210419,0.23
210429,0.11
210467,0.37
210481,0.16
210482,0.19
210492,0.12
210502,0.26
210523,0.25
210525,0.2
210529,0.2
210538,0.16
210543,0.15
210549,0.16
210551,0.17
210555,0.36
210558,0.23
210591,0.19
210597,0.22
210599,0.2
210610,0.12
210616,0.24
210618,0.16
210622,0.28
210639,0.22
210645,0.17
210650,0.21
210672,0.19
210676,0.24
210683,0.22
210697,0.29
210701,0.11
210706,0.25
210712,0.18
210717,0.16
210728,0.27
210729,0.17
210730,0.2
210731,0.11
210733,0.34
210735,0.15
210742,0.21
210748,0.13
210749,0.28
210758,0.15
210767,0.34
210769,0.18
210777,0.16
210789,0.13
210791,0.21
210794,0.16
210811,0.23
210814,0.13
210821,0.2
210833,0.17
210835,0.13
210859,0.16
210862,0.18
210870,0.2
210886,0.11
210893,0.15
210901,0.18
210906,0.23
210913,0.2
210953,0.12
210961,0.12
210962,0.24
210966,0.16
210983,0.18
211000,0.1
211025,0.27
211036,0.15
211043,0.24
211062,0.36
211076,0.15
211085,0.15
211096,0.12
211097,0.29
211098,0.28
211103,0.15
211108,0.24
211131,0.24
211135,0.3
211139,0.2
211146,0.21
211150,0.13
211158,0.15
211170,0.32
211177,0.16
211183,0.21
211187,0.18
211191,0.15
211194,0.23
211196,0.23
211203,0.18
211209,0.29
211210,0.22
211211,0.18
211232,0.17
211244,0.18
211263,0.19
211264,0.12
211270,0.23
211278,0.12
211292,0.12
211293,0.16
211295,0.25
211296,0.18
211308,0.25
211310,0.26
211312,0.22
211325,0.27
211326,0.13
211330,0.21
211333,0.2
211341,0.16
211342,0.1
211350,0.17
211355,0.21
211357,0.29
211358,0.18
211362,0.18
211377,0.11
211378,0.2
211379,0.1
211384,0.19
211395,0.25
211398,0.17
211399,0.18
211417,0.18
211419,0.27
211420,0.14
211439,0.19
211442,0.19
211451,0.17
211457,0.24
211469,0.15
211483,0.23
211505,0.17
211508,0.2
211509,0.25
211510,0.24
211526,0.23
211547,0.19
211548,0.23
211550,0.14
211551,0.2
211553,0.29
211562,0.24
211563,0.15
211564,0.22
211565,0.18
211571,0.43
211572,0.31
211577,0.17
211580,0.15
211609,0.18
211625,0.17
211635,0.26
211646,0.25
211660,0.14
211670,0.24
211672,0.22
211688,0.23
211694,0.18
211696,0.15
211711,0.35
211718,0.18
211732,0.17
211735,0.12
211736,0.12
211740,0.24
211741,0.16
211746,0.15
211751,0.27
211754,0.19
211770,0.18
211771,0.16
211787,0.33
211788,0.18
211802,0.13
211804,0.24
211810,0.14
211832,0.19
211839,0.11
211860,0.12
211863,0.34
211866,0.11
211869,0.22
211872,0.17
211894,0.2
211901,0.15
211902,0.31
211903,0.19
211946,0.17
211950,0.24
211959,0.21
211964,0.17
211965,0.16
211979,0.25
211983,0.19
211986,0.15
211987,0.16
211988,0.25
211999,0.13
212002,0.11
212004,0.15
212009,0.24
212015,0.22
212023,0.14
212048,0.13
212055,0.13
212067,0.14
212079,0.16
212080,0.16
212083,0.1
212085,0.24
212088,0.13
212089,0.25
212092,0.2
212097,0.09
212124,0.19
212132,0.17
212136,0.29
212144,0.16
212145,0.2
212167,0.16
212174,0.26
212175,0.11
212187,0.29
212191,0.16
212194,0.23
212238,0.23
212242,0.23
212245,0.23
212258,0.15
212262,0.2
212277,0.16
212283,0.14
212287,0.19
212288,0.26
212289,0.2
212293,0.24
212296,0.2
212300,0.27
212303,0.21
212326,0.13
212327,0.15
212328,0.13
212329,0.13
212339,0.26
212340,0.21
212343,0.14
212360,0.22
212389,0.22
212401,0.16
212407,0.13
212409,0.21
212422,0.11
212424,0.22
212440,0.23
212441,0.21
212443,0.22
212448,0.16
212472,0.2
212478,0.14
212481,0.13
212493,0.29
212508,0.12
212511,0.13
212525,0.16
212531,0.12
212533,0.11
212555,0.16
212592,0.28
212610,0.18
212621,0.26
212629,0.25
212635,0.14
212636,0.08
212637,0.13
212643,0.16
212648,0.15
212654,0.25
212655,0.2
212660,0.2
212661,0.19
212664,0.21
212669,0.16
212670,0.18
212674,0.28
212676,0.28
212690,0.12
212691,0.14
212696,0.16
212710,0.25
212712,0.13
212716,0.14
212718,0.17
212720,0.19
212723,0.18
212730,0.24
212740,0.1
212747,0.21
212763,0.07
212773,0.21
212775,0.11
212776,0.18
212777,0.17
212781,0.19
212782,0.3
212785,0.19
212786,0.23
212795,0.16
212800,0.2
212818,0.2
212834,0.27
212837,0.23
212841,0.22
212842,0.18
212847,0.25
212848,0.15
212851,0.19
212865,0.21
212866,0.16
212874,0.25
212880,0.09
212894,0.23
212897,0.13
212912,0.14
212913,0.14
212916,0.24
212917,0.13
212933,0.23
212935,0.21
212936,0.14
212950,0.3
212957,0.12
212958,0.24
212961,0.18
212962,0.17
212963,0.22
212964,0.27
212968,0.19
212969,0.21
212976,0.18
212978,0.15
212983,0.2
212993,0.2
213004,0.15
213008,0.15
213014,0.15
213018,0.19
213021,0.23
213024,0.19
213045,0.14
213054,0.12
213059,0.3
213076,0.23
213095,0.26
213096,0.13
213100,0.13
213101,0.15
213109,0.14
213111,0.12
213116,0.17
213133,0.27
213140,0.14
213141,0.13
213143,0.29
213150,0.15
213152,0.2
213158,0.22
213159,0.16
213166,0.19
213167,0.28
213170,0.21
213178,0.23
213179,0.28
213189,0.17
213196,0.36
213201,0.1
213203,0.18
213204,0.1
213205,0.17
213206,0.15
213207,0.3
213208,0.17
213212,0.18
213214,0.22
213220,0.17
213240,0.11
213244,0.2
213263,0.34
213264,0.24
213265,0.14
213270,0.25
213283,0.18
213287,0.13
213292,0.21
213295,0.17
213299,0.33
213303,0.15
213307,0.15
213308,0.2
213312,0.24
213313,0.18
213316,0.11
213317,0.2
213338,0.27
213357,0.17
213368,0.22
213374,0.23
213375,0.13
213386,0.27
213390,0.1
213393,0.19
213401,0.2
213423,0.18
213430,0.14
213431,0.16
213447,0.13
213465,0.14
213468,0.16
213473,0.23
213475,0.18
213476,0.13
213482,0.17
213493,0.24
213531,0.22
213534,0.17
213542,0.27
213546,0.24
213569,0.16
213570,0.24
213588,0.2
213591,0.25
213595,0.22
213597,0.16
213598,0.24
213604,0.11
213622,0.18
213623,0.29
213633,0.2
213639,0.11
213641,0.17
213649,0.22
213671,0.15
213675,0.1
213679,0.2
213680,0.1
213684,0.17
213685,0.17
213689,0.16
213691,0.28
213693,0.08
213712,0.17
213717,0.24
213734,0.26
213739,0.31
213765,0.16
213775,0.14
213776,0.19
213804,0.45
213808,0.13
213818,0.31
213821,0.15
213829,0.1
213836,0.17
213838,0.23
213843,0.16
213854,0.19
213859,0.17
213862,0.42
213874,0.2
213878,0.27
213886,0.09
213888,0.14
213892,0.18
213910,0.15
213921,0.31
213926,0.15
213928,0.12
213935,0.17
213949,0.19
213957,0.29
213959,0.17
213967,0.14
213974,0.21
213975,0.24
213983,0.27
213984,0.21
213998,0.29
214004,0.23
214006,0.19
214008,0.12
214014,0.22
214015,0.2
214034,0.1
214059,0.16
214067,0.2
214077,0.21
214078,0.16
214079,0.14
214085,0.23
214088,0.23
214099,0.19
214138,0.08
214141,0.2
214152,0.17
214154,0.12
214155,0.18
214177,0.28
214188,0.18
214192,0.19
214207,0.16
214217,0.16
214219,0.25
214228,0.31
214229,0.27
214233,0.14
214236,0.23
214242,0.19
214249,0.1
214263,0.13
214264,0.17
214265,0.18
214268,0.12
214281,0.22
214282,0.21
214295,0.21
214311,0.18
214315,0.2
214325,0.11
214334,0.14
214336,0.13
214337,0.19
214342,0.34
214344,0.22
214349,0.22
214355,0.07
214356,0.14
214358,0.11
214363,0.2
214364,0.18
214371,0.18
214377,0.39
214379,0.22
214383,0.18
214406,0.18
214407,0.21
214411,0.21
214415,0.13
214418,0.2
214419,0.19
214421,0.18
214430,0.09
214436,0.12
214463,0.18
214472,0.28
214474,0.26
214476,0.18
214478,0.15
214481,0.21
214484,0.15
214488,0.17
214491,0.26
214505,0.24
214507,0.22
214510,0.16
214518,0.21
214523,0.27
214539,0.16
214542,0.14
214544,0.11
214553,0.18
214554,0.18
214561,0.23
214563,0.25
214566,0.18
214581,0.19
214587,0.13
214588,0.19
214589,0.16
214593,0.23
214620,0.18
214630,0.12
214643,0.17
214644,0.27
214647,0.18
214654,0.19
214657,0.21
214658,0.19
214662,0.16
214666,0.19
214680,0.16
214685,0.16
214693,0.21
214701,0.22
214705,0.16
214706,0.27
214719,0.19
214721,0.42
214724,0.13
214741,0.22
214769,0.19
214777,0.18
214780,0.17
214786,0.27
214789,0.21
214797,0.15
214804,0.14
214808,0.25
214810,0.29
214828,0.29
214830,0.22
214835,0.2
214844,0.12
214859,0.45
214861,0.14
214863,0.23
214887,0.2
214898,0.17
214906,0.19
214913,0.19
214915,0.23
214937,0.17
214944,0.16
214948,0.24
214970,0.2
214976,0.2
214999,0.22
215000,0.19
215016,0.22
215024,0.13
215029,0.26
215033,0.33
215037,0.29
215054,0.15
215057,0.15
215064,0.18
215074,0.26
215077,0.17
215082,0.19
215096,0.19
215101,0.22
215103,0.12
215109,0.13
215124,0.23
215142,0.22
215143,0.12
215145,0.17
215157,0.14
215159,0.09
215161,0.22
215166,0.18
215177,0.2
215186,0.2
215194,0.17
215196,0.18
215204,0.21
215211,0.14
215230,0.21
215241,0.13
215256,0.21
215257,0.22
215266,0.21
215267,0.17
215268,0.16
215278,0.3
215280,0.28
215318,0.29
215326,0.15
215331,0.31
215337,0.11
215344,0.19
215346,0.29
215348,0.23
215351,0.18
215358,0.2
215360,0.22
215367,0.15
215369,0.19
215383,0.22
215395,0.23
215407,0.24
215408,0.19
215412,0.16
215433,0.18
215454,0.16
215463,0.21
215488,0.14
215508,0.26
215512,0.18
215516,0.21
215525,0.26
215531,0.17
215534,0.31
215537,0.24
215539,0.14
215548,0.17
215554,0.29
215556,0.15
215559,0.21
215560,0.2
215563,0.14
215564,0.13
215569,0.13
215574,0.34
215586,0.22
215594,0.24
215608,0.21
215614,0.18
215623,0.23
215628,0.22
215637,0.31
215638,0.33
215649,0.18
215651,0.2
215653,0.22
215678,0.19
215708,0.2
215711,0.25
215733,0.18
215739,0.13
215742,0.26
215756,0.19
215772,0.12
215775,0.21
215791,0.23
215796,0.28
215803,0.24
215805,0.11
215807,0.15
215829,0.11
215855,0.17
215856,0.18
215860,0.19
215861,0.17
215877,0.11
215883,0.12
215889,0.35
215897,0.14
215898,0.13
215901,0.15
215908,0.28
215910,0.52
215911,0.12
215923,0.15
215928,0.16
215934,0.27
215936,0.22
215947,0.19
215951,0.13
215958,0.11
215959,0.13
215963,0.17
215968,0.28
215972,0.23
215976,0.34
215978,0.26
215981,0.22
215999,0.18
216001,0.32
216012,0.15
216020,0.29
216035,0.15
216038,0.3
216041,0.19
216049,0.22
216065,0.18
216096,0.3
216110,0.15
216115,0.17
216121,0.22
216122,0.31
216129,0.16
216131,0.18
216138,0.19
216142,0.16
216143,0.1
216150,0.28
216180,0.13
216184,0.24
216189,0.11
216190,0.29
216197,0.17
216218,0.33
216219,0.15
216221,0.17
216231,0.19
216240,0.22
216272,0.18
216281,0.19
216284,0.21
216290,0.18
216297,0.17
216305,0.22
216306,0.28
216317,0.17
216333,0.13
216338,0.15
216339,0.19
216346,0.27
216349,0.21
216350,0.21
216351,0.14
216353,0.14
216355,0.18
216364,0.27
216387,0.26
216392,0.23
216393,0.25
216399,0.16
216416,0.12
216433,0.18
216435,0.14
216442,0.24
216458,0.15
216461,0.27
216468,0.22
216469,0.17
216471,0.2
216473,0.2
216475,0.15
216496,0.16
216510,0.18
216511,0.21
216515,0.18
216516,0.2
216521,0.19
216532,0.22
216548,0.13
216551,0.25
216560,0.17
216562,0.14
216563,0.12
216565,0.17
216582,0.13
216587,0.15
216589,0.17
216597,0.17
216606,0.17
216607,0.16
216608,0.34
216621,0.19
216622,0.1
216627,0.17
216636,0.14
216647,0.13
216655,0.23
216659,0.26
216666,0.39
216676,0.19
216677,0.16
216679,0.21
216681,0.21
216686,0.13
216687,0.16
216694,0.18
216697,0.17
216714,0.05
216719,0.22
216720,0.21
216721,0.1
216723,0.19
216740,0.12
216746,0.19
216747,0.23
216751,0.27
216758,0.27
216768,0.15
216778,0.17
216786,0.28
216801,0.28
216802,0.28
216807,0.12
216808,0.18
216810,0.23
216818,0.13
216823,0.15
216826,0.21
216827,0.12
216828,0.18
216840,0.46
216844,0.16
216845,0.27
216851,0.25
216857,0.08
216858,0.12
216862,0.21
216874,0.22
216880,0.15
216900,0.26
216902,0.14
216903,0.2
216904,0.19
216931,0.11
216936,0.18
216938,0.31
216952,0.18
216954,0.11
216955,0.17
216961,0.18
216981,0.32
216985,0.19
216992,0.25
216995,0.11
216997,0.13
216998,0.18
216999,0.14
217022,0.23
217034,0.23
217038,0.2
217050,0.14
217055,0.19
217064,0.25
217071,0.13
217078,0.18
217083,0.23
217084,0.17
217086,0.31
217096,0.2
217101,0.27
217109,0.2
217118,0.17
217121,0.25
217125,0.3
217130,0.27
217136,0.22
217137,0.16
217143,0.2
217148,0.11
217155,0.14
217162,0.14
217172,0.1
217174,0.19
217175,0.29
217177,0.18
217178,0.21
217192,0.15
217220,0.22
217221,0.19
217223,0.12
217232,0.29
217243,0.18
217248,0.21
217250,0.14
217271,0.21
217283,0.15
217297,0.23
217323,0.14
217326,0.18
217334,0.15
217338,0.13
217341,0.26
217342,0.22
217355,0.14
217362,0.23
217366,0.35
217367,0.13
217371,0.2
217383,0.18
217401,0.2
217404,0.15
217419,0.3
217422,0.26
217423,0.11
217427,0.25
217429,0.19
217430,0.12
217441,0.22
217444,0.15
217465,0.13
217471,0.17
217488,0.2
217493,0.15
217509,0.28
217510,0.17
217511,0.22
217519,0.16
217522,0.3
217562,0.18
217574,0.24
217577,0.13
217579,0.17
217596,0.17
217602,0.11
217612,0.21
217632,0.19
217635,0.15
217636,0.3
217638,0.37
217639,0.2
217651,0.24
217652,0.13
217663,0.41
217669,0.19
217686,0.28
217699,0.11
217700,0.24
217703,0.21
217706,0.21
217714,0.19
217732,0.13
217736,0.19
217749,0.32
217763,0.12
217770,0.15
217771,0.26
217772,0.25
217776,0.17
217777,0.15
217778,0.25
217782,0.17
217790,0.19
217792,0.1
217793,0.24
217795,0.34
217796,0.14
217800,0.11
217804,0.2
217807,0.17
217846,0.12
217847,0.28
217853,0.22
217856,0.16
217864,0.15
217867,0.2
217868,0.26
217885,0.15
217887,0.17
217889,0.17
217900,0.21
217903,0.08
217905,0.18
217909,0.18
217913,0.16
217944,0.17
217946,0.21
217954,0.16
217956,0.15
217957,0.17
217961,0.39
217962,0.22
217976,0.15
217980,0.24
217981,0.09
218006,0.18
218009,0.18
218032,0.31
218049,0.18
218053,0.18
218078,0.19
218080,0.19
218081,0.16
218094,0.28
218098,0.15
218099,0.27
218100,0.11
218113,0.15
218117,0.19
218118,0.18
218119,0.21
218125,0.1
218133,0.21
218153,0.18
218165,0.12
218166,0.18
218177,0.13
218178,0.15
218202,0.19
218203,0.23
218207,0.26
218209,0.23
218236,0.1
218244,0.24
218247,0.13
218250,0.17
218266,0.14
218275,0.25
218276,0.19
218287,0.22
218292,0.2
218298,0.35
218300,0.12
218320,0.15
218321,0.28
218333,0.16
218347,0.23
218353,0.13
218366,0.18
218368,0.22
218369,0.25
218372,0.31
218376,0.16
218378,0.18
218403,0.2
218413,0.25
218418,0.12
218449,0.35
218450,0.2
218458,0.1
218464,0.24
218475,0.17
218476,0.29
218478,0.22
218515,0.18
218517,0.23
218518,0.17
218538,0.21
218539,0.32
218550,0.2
218551,0.16
218565,0.25
218580,0.21
218591,0.12
218598,0.11
218600,0.22
218602,0.19
218607,0.25
218651,0.15
218652,0.14
218656,0.34
218658,0.12
218669,0.22
218670,0.27
218671,0.19
218677,0.18
218680,0.14
218685,0.17
218686,0.16
218692,0.22
218693,0.23
218699,0.27
218709,0.13
218729,0.24
218734,0.15
218742,0.06
218743,0.17
218756,0.2
218772,0.24
218782,0.12
218786,0.18
218788,0.24
218796,0.13
218801,0.21
218812,0.23
218832,0.14
218834,0.25
218846,0.27
218847,0.33
218848,0.18
218853,0.21
218865,0.14
218870,0.27
218873,0.2
218884,0.14
218893,0.27
218898,0.24
218911,0.26
218933,0.2
218934,0.2
218939,0.26
218948,0.16
218957,0.19
218962,0.34
218973,0.18
218975,0.18
219000,0.14
219001,0.18
219006,0.16
219027,0.15
219036,0.2
219043,0.16
219047,0.16
219057,0.14
219059,0.4
219062,0.18
219074,0.16
219085,0.11
219087,0.21
219095,0.17
219114,0.05
219115,0.19
219119,0.18
219140,0.16
219147,0.18
219170,0.19
219171,0.26
219174,0.2
219177,0.14
219180,0.13
219195,0.2
219203,0.12
219207,0.15
219223,0.22
219229,0.19
219236,0.2
219238,0.28
219243,0.27
219245,0.15
219247,0.28
219273,0.13
219278,0.25
219279,0.31
219284,0.24
219319,0.19
219326,0.29
219336,0.11
219344,0.17
219359,0.23
219360,0.09
219364,0.13
219368,0.23
219376,0.16
219382,0.15
219388,0.21
219396,0.34
219398,0.2
219403,0.13
219405,0.08
219406,0.2
219410,0.28
219424,0.24
219446,0.17
219450,0.12
219451,0.26
219464,0.23
219465,0.15
219469,0.3
219472,0.32
219482,0.19
219506,0.17
219507,0.12
219516,0.21
219521,0.24
219564,0.32
219565,0.16
219568,0.11
219570,0.14
219578,0.19
219579,0.32
219588,0.23
219593,0.2
219594,0.19
219601,0.12
219608,0.19
219616,0.13
219620,0.18
219621,0.23
219628,0.22
219632,0.25
219637,0.12
219670,0.11
219688,0.1
219704,0.26
219717,0.15
219723,0.22
219741,0.15
219772,0.12
219774,0.19
219775,0.21
219778,0.11
219787,0.18
219788,0.24
219806,0.19
219811,0.18
219815,0.13
219817,0.13
219835,0.18
219845,0.11
219848,0.13
219864,0.15
219866,0.23
219868,0.17
219870,0.11
219886,0.2
219908,0.18
219910,0.22
219914,0.15
219925,0.21
219935,0.3
219940,0.2
219959,0.2
219962,0.25
219975,0.11
219981,0.24
219998,0.17
219999,0.33
220006,0.14
220010,0.31
220012,0.22
220014,0.22
220018,0.18
220019,0.2
220021,0.11
220058,0.13
220060,0.2
220061,0.09
220063,0.12
220066,0.27
220070,0.23
220071,0.22
220082,0.17
220094,0.21
220107,0.12
220114,0.21
220120,0.22
220126,0.17
220143,0.11
220147,0.34
220157,0.18
220160,0.23
220169,0.26
220177,0.15
220181,0.21
220186,0.17
220189,0.14
220206,0.43
220221,0.18
220227,0.25
220228,0.27
220248,0.17
220277,0.32
220304,0.26
220311,0.2
220315,0.22
220316,0.13
220323,0.18
220325,0.19
220358,0.11
220363,0.11
220369,0.28
220370,0.12
220380,0.19
220386,0.24
220387,0.18
220393,0.11
220394,0.26
220412,0.19
220415,0.17
220416,0.29
220417,0.28
220418,0.19
220422,0.16
220431,0.16
220439,0.3
220456,0.1
220458,0.18
220468,0.17
220474,0.24
220479,0.14
220494,0.16
220501,0.32
220503,0.14
220511,0.15
220514,0.11
220516,0.33
220521,0.31
220530,0.13
220562,0.16
220565,0.11
220582,0.29
220594,0.12
220600,0.37
220614,0.15
220621,0.16
220624,0.25
220629,0.16
220632,0.15
220639,0.29
220655,0.18
220664,0.17
220670,0.17
220686,0.17
220699,0.13
220714,0.24
220729,0.16
220732,0.25
220733,0.11
220735,0.15
220740,0.16
220741,0.22
220747,0.24
220748,0.15
220749,0.16
220755,0.26
220764,0.16
220767,0.19
220772,0.23
220779,0.18
220781,0.2
220790,0.12
220806,0.23
220811,0.16
220816,0.25
220822,0.16
220827,0.24
220828,0.15
220829,0.21
220832,0.08
220833,0.21
220841,0.23
220842,0.2
220856,0.15
220874,0.21
220881,0.13
220882,0.19
220887,0.11
220893,0.13
220909,0.08
220916,0.24
220917,0.23
220918,0.22
220924,0.14
220931,0.25
220932,0.24
220949,0.24
220950,0.21
220956,0.15
220972,0.13
220994,0.2
221004,0.2
221008,0.16
221011,0.13
221030,0.19
221032,0.16
221035,0.18
221058,0.24
221059,0.18
221075,0.19
221079,0.13
221080,0.33
221107,0.13
221116,0.37
221129,0.25
221148,0.22
221158,0.18
221165,0.14
221169,0.26
221171,0.14
221198,0.31
221202,0.13
221205,0.34
221223,0.25
221227,0.2
221228,0.15
221234,0.13
221242,0.21
221252,0.32
221256,0.21
221260,0.15
221261,0.24
221264,0.15
221267,0.25
221272,0.22
221284,0.14
221292,0.25
221311,0.19
221322,0.12
221327,0.12
221339,0.18
221371,0.18
221372,0.16
221404,0.21
221411,0.14
221438,0.23
221451,0.22
221465,0.21
221477,0.26
221483,0.17
221493,0.19
221495,0.13
221498,0.2
221500,0.21
221506,0.2
221513,0.24
221523,0.12
221528,0.17
221529,0.2
221530,0.19
221531,0.21
221549,0.15
221550,0.19
221565,0.26
221570,0.2
221573,0.09
221575,0.27
221576,0.23
221604,0.2
221615,0.18
221626,0.09
221629,0.32
221630,0.21
221636,0.23
221656,0.2
221659,0.15
221663,0.2
221665,0.18
221675,0.35
221676,0.22
221677,0.26
221679,0.19
221707,0.16
221712,0.24
221717,0.2
221725,0.2
221733,0.16
221741,0.08
221747,0.21
221762,0.15
221763,0.15
221770,0.23
221771,0.16
221787,0.17
221793,0.16
221804,0.23
221805,0.12
221825,0.2
221827,0.23
221828,0.25
221829,0.13
221845,0.22
221859,0.24
221860,0.14
221867,0.28
221868,0.27
221870,0.17
221876,0.17
221884,0.2
221895,0.13
221911,0.23
221921,0.21
221931,0.22
221935,0.16
221955,0.23
221959,0.2
221966,0.17
221974,0.2
221981,0.15
222002,0.33
222010,0.15
222012,0.24
222013,0.16
222023,0.15
222034,0.14
222048,0.27
222052,0.25
222059,0.26
222060,0.2
222061,0.19
222067,0.21
222076,0.22
222081,0.22
222120,0.2
222121,0.1
222133,0.19
222149,0.18
222150,0.19
222153,0.18
222154,0.12
222159,0.19
222165,0.26
222167,0.14
222170,0.25
222178,0.24
222179,0.2
222188,0.2
222189,0.18
222195,0.17
222198,0.21
222224,0.21
222234,0.1
222254,0.2
222256,0.16
222264,0.25
222281,0.18
222296,0.38
222303,0.2
222309,0.14
222310,0.24
222313,0.22
222321,0.27
222322,0.15
222328,0.23
222333,0.24
222334,0.13
222338,0.16
222347,0.17
222349,0.12
222351,0.17
222352,0.3
222357,0.1
222362,0.11
222381,0.24
222392,0.13
222401,0.31
222413,0.16
222422,0.15
222423,0.3
222430,0.17
222432,0.24
222452,0.22
222459,0.24
222473,0.18
222475,0.09
222481,0.19
222482,0.26
222489,0.17
222496,0.1
222505,0.19
222516,0.23
222537,0.18
222555,0.18
222566,0.23
222572,0.14
222577,0.14
222618,0.25
222619,0.17
222624,0.06
222625,0.14
222626,0.17
222629,0.18
222634,0.07
222636,0.31
222637,0.14
222641,0.19
222646,0.19
222648,0.25
222659,0.06
222663,0.15
222665,0.19
222671,0.25
222674,0.09
222675,0.13
222707,0.2
222709,0.18
222711,0.13
222717,0.19
222728,0.13
222752,0.23
222753,0.23
222755,0.12
222765,0.15
222768,0.29
222769,0.36
222783,0.27
222799,0.14
222821,0.2
222825,0.21
222837,0.38
222862,0.15
222863,0.17
222869,0.21
222876,0.17
222892,0.26
222898,0.12
222912,0.16
222920,0.14
222926,0.19
222934,0.14
222938,0.16
222945,0.19
222947,0.12
222966,0.32
222971,0.14
222994,0.12
223008,0.25
223019,0.15
223040,0.2
223042,0.22
223049,0.11
223051,0.13
223056,0.15
223058,0.17
223064,0.21
223067,0.24
223073,0.31
223075,0.14
223078,0.16
223079,0.26
223082,0.39
223098,0.37
223112,0.18
223116,0.18
223121,0.11
223128,0.26
223135,0.22
223136,0.22
223144,0.25
223151,0.14
223157,0.2
223181,0.17
223190,0.21
223197,0.24
223205,0.16
223209,0.16
223221,0.27
223235,0.27
223238,0.19
223244,0.21
223258,0.16
223262,0.23
223272,0.21
223288,0.22
223298,0.23
223310,0.2
223320,0.14
223357,0.31
223365,0.24
223369,0.2
223375,0.26
223384,0.13
223393,0.15
223412,0.13
223428,0.1
223440,0.29
223456,0.34
223470,0.17
223471,0.18
223484,0.21
223488,0.2
223489,0.1
223490,0.16
223492,0.23
223496,0.23
223503,0.11
223507,0.16
223518,0.16
223519,0.14
223521,0.15
223524,0.13
223526,0.1
223527,0.34
223529,0.18
223534,0.13
223538,0.25
223547,0.18
223549,0.13
223551,0.23
223552,0.17
223567,0.13
223571,0.27
223582,0.15
223584,0.22
223585,0.26
223586,0.16
223588,0.19
223592,0.16
223594,0.13
223607,0.22
223608,0.17
223609,0.23
223610,0.18
223611,0.21
223635,0.16
223636,0.18
223638,0.25
223649,0.24
223670,0.26
223688,0.21
223698,0.14
223699,0.22
223716,0.19
223718,0.2
223720,0.1
223727,0.12
223729,0.12
223739,0.2
223740,0.15
223741,0.19
223750,0.12
223752,0.23
223764,0.21
223781,0.08
223783,0.28
223794,0.2
223808,0.2
223810,0.28
223814,0.29
223817,0.3
223830,0.27
223839,0.21
223849,0.27
223851,0.31
223854,0.23
223888,0.34
223914,0.11
223923,0.17
223925,0.15
223939,0.2
223949,0.22
223951,0.2
223952,0.15
223967,0.22
223971,0.3
223974,0.22
223978,0.22
223991,0.26
224008,0.17
224016,0.09
224024,0.14
224039,0.08
224040,0.2
224044,0.19
224047,0.13
224055,0.14
224061,0.17
224065,0.2
224079,0.18
224080,0.17
224089,0.22
224094,0.24
224095,0.23
224109,0.24
224111,0.19
224112,0.16
224134,0.24
224135,0.21
224138,0.11
224139,0.14
224158,0.19
224161,0.22
224171,0.33
224182,0.28
224191,0.15
224194,0.17
224195,0.15
224205,0.14
224206,0.39
224211,0.11
224213,0.1
224214,0.16
224236,0.17
224239,0.35
224241,0.13
224251,0.17
224259,0.28
224262,0.23
224263,0.14
224268,0.12
224270,0.16
224282,0.18
224300,0.11
224315,0.17
224319,0.17
224325,0.2
224337,0.14
224339,0.21
224343,0.13
224344,0.24
224347,0.23
224353,0.18
224363,0.28
224370,0.2
224379,0.15
224380,0.18
224393,0.2
224395,0.17
224407,0.21
224408,0.2
224426,0.17
224427,0.1
224428,0.14
224437,0.29
224444,0.1
224445,0.16
224459,0.17
224473,0.32
224488,0.34
224490,0.25
224493,0.19
224494,0.21
224495,0.16
224499,0.12
224524,0.15
224528,0.16
224538,0.34
224553,0.19
224554,0.22
224575,0.14
224586,0.15
224593,0.14
224599,0.22
224614,0.11
224625,0.11
224626,0.13
224627,0.24
224628,0.17
224631,0.16
224651,0.16
224658,0.18
224664,0.22
224668,0.15
224673,0.21
224674,0.23
224683,0.2
224708,0.21
224748,0.2
224756,0.14
224757,0.18
224760,0.12
224771,0.22
224772,0.14
224797,0.15
224823,0.12
224831,0.28
224841,0.14
224843,0.14
224844,0.16
224849,0.2
224855,0.19
224856,0.17
224864,0.14
224871,0.14
224876,0.15
224889,0.2
224896,0.27
224899,0.16
224912,0.16
224916,0.31
224918,0.2
224925,0.19
224929,0.24
224934,0.2
224950,0.27
224953,0.19
224956,0.22
224958,0.27
224960,0.17
224971,0.2
224975,0.15
224978,0.17
224986,0.19
224987,0.25
224990,0.22
225010,0.1
225041,0.11
225044,0.1
225045,0.09
225048,0.17
225053,0.26
225058,0.21
225075,0.16
225085,0.15
225103,0.24
225107,0.15
225114,0.14
225122,0.15
225130,0.14
225131,0.25
225132,0.16
225134,0.14
225136,0.17
225141,0.18
225145,0.15
225146,0.16
225156,0.17
225158,0.18
225165,0.21
225185,0.17
225194,0.22
225195,0.11
225223,0.22
225224,0.27
225231,0.18
225233,0.19
225246,0.2
225281,0.15
225286,0.15
225301,0.17
225302,0.14
225336,0.31
225347,0.2
225351,0.17
225362,0.18
225363,0.15
225364,0.17
225370,0.11
225374,0.13
225375,0.21
225380,0.18
225381,0.24
225382,0.16
225392,0.21
225410,0.22
225425,0.25
225431,0.21
225456,0.09
225460,0.18
225475,0.2
225478,0.18
225483,0.16
225499,0.32
225514,0.37
225517,0.1
225524,0.25
225532,0.15
225545,0.22
225546,0.23
225550,0.17
225580,0.22
225581,0.25
225582,0.15
225585,0.29
225601,0.21
225612,0.2
225621,0.28
225636,0.2
225639,0.25
225650,0.08
225654,0.23
225664,0.17
225665,0.24
225666,0.15
225686,0.21
225689,0.17
225691,0.12
225721,0.1
225733,0.23
225739,0.2
225741,0.28
225766,0.18
225776,0.25
225788,0.13
225792,0.21
225803,0.18
225804,0.19
225805,0.38
225808,0.15
225819,0.13
225826,0.19
225832,0.12
225850,0.22
225851,0.22
225854,0.24
225858,0.2
225875,0.11
225884,0.11
225890,0.18
225906,0.15
225908,0.12
225910,0.26
225920,0.28
225950,0.26
225990,0.28
225991,0.17
226010,0.13
226011,0.25
226018,0.13
226029,0.2
226030,0.19
226041,0.15
226044,0.18
226051,0.18
226054,0.16
226085,0.25
226105,0.12
226116,0.41
226130,0.27
226131,0.18
226170,0.11
226171,0.2
226176,0.27
226177,0.24
226183,0.15
226187,0.24
226188,0.24
226190,0.23
226206,0.11
226213,0.26
226214,0.24
226226,0.15
226244,0.21
226245,0.15
226251,0.17
226258,0.14
226259,0.17
226265,0.22
226291,0.32
226294,0.19
226299,0.22
226300,0.12
226301,0.25
226302,0.2
226308,0.15
226309,0.12
226318,0.19
226319,0.25
226320,0.12
226325,0.21
226334,0.22
226337,0.28
226348,0.19
226353,0.06
226361,0.17
226387,0.23
226395,0.21
226413,0.11
226416,0.17
226427,0.19
226433,0.17
226447,0.23
226487,0.2
226495,0.26
226496,0.1
226499,0.17
226501,0.22
226505,0.18
226506,0.19
226507,0.17
226516,0.14
226523,0.15
226527,0.31
226533,0.16
226537,0.28
226539,0.24
226551,0.27
226556,0.13
226557,0.14
226561,0.31
226565,0.18
226567,0.16
226590,0.18
226599,0.22
226639,0.17
226654,0.19
226664,0.25
226668,0.16
226677,0.22
226682,0.19
226689,0.22
226691,0.18
226698,0.28
226713,0.11
226720,0.19
226734,0.13
226735,0.23
226738,0.18
226742,0.16
226763,0.16
226766,0.24
226772,0.26
226779,0.21
226780,0.18
226787,0.37
226790,0.37
226792,0.17
226797,0.11
226803,0.18
226807,0.32
226827,0.1
226828,0.11
226836,0.1
226837,0.13
226838,0.35
226847,0.16
226881,0.27
226882,0.2
226884,0.1
226917,0.29
226921,0.18
226933,0.19
226938,0.31
226948,0.15
226952,0.23
226954,0.22
226965,0.17
226970,0.17
226977,0.32
226986,0.21
227005,0.13
227009,0.2
227010,0.18
227013,0.14
227019,0.19
227025,0.12
227026,0.25
227027,0.19
227029,0.12
227049,0.14
227053,0.18
227054,0.09
227058,0.14
227074,0.15
227099,0.15
227100,0.14
227109,0.1
227111,0.26
227112,0.16
227125,0.22
227145,0.2
227148,0.21
227151,0.23
227160,0.18
227165,0.15
227200,0.23
227210,0.21
227213,0.24
227235,0.17
227242,0.12
227245,0.19
227246,0.21
227248,0.18
227251,0.1
227252,0.17
227258,0.13
227264,0.18
227270,0.29
227272,0.11
227274,0.14
227281,0.12
227290,0.16
227293,0.21
227299,0.22
227306,0.22
227323,0.09
227325,0.15
227326,0.19
227332,0.24
227336,0.19
227343,0.21
227344,0.15
227345,0.21
227348,0.27
227360,0.17
227376,0.15
227386,0.21
227392,0.3
227393,0.14
227401,0.14
227404,0.23
227413,0.07
227420,0.25
227459,0.21
227460,0.12
227462,0.16
227463,0.31
227481,0.21
227482,0.13
227485,0.28
227486,0.2
227493,0.13
227500,0.2
227501,0.13
227502,0.14
227506,0.24
227523,0.25
227525,0.27
227531,0.12
227532,0.27
227535,0.19
227542,0.23
227545,0.18
227566,0.2
227578,0.17
227585,0.26
227586,0.19
227587,0.27
227590,0.23
227595,0.25
227596,0.14
227597,0.29
227600,0.25
227621,0.19
227637,0.19
227640,0.25
227649,0.17
227653,0.16
227674,0.23
227675,0.2
227680,0.21
227696,0.12
227701,0.41
227707,0.19
227713,0.29
227715,0.17
227728,0.22
227730,0.24
227731,0.15
227732,0.18
227736,0.23
227739,0.26
227740,0.47
227741,0.31
227742,0.34
227745,0.2
227749,0.33
227752,0.2
227756,0.28
227769,0.21
227779,0.22
227783,0.16
227799,0.06
227803,0.17
227818,0.2
227822,0.33
227823,0.14
227824,0.1
227825,0.16
227826,0.12
227833,0.14
227834,0.19
227837,0.16
227839,0.12
227856,0.21
227872,0.2
227876,0.12
227905,0.28
227908,0.26
227909,0.28
227912,0.19
227917,0.14
227931,0.16
227936,0.27
227939,0.14
227941,0.21
227942,0.13
227944,0.11
227945,0.24
227952,0.2
227954,0.18
227968,0.21
227975,0.23
227989,0.17
227992,0.26
227993,0.24
227996,0.17
227997,0.19
227998,0.06
228040,0.2
228044,0.22
228045,0.07
228046,0.22
228051,0.21
228052,0.15
228053,0.16
228059,0.16
228062,0.26
228070,0.12
228074,0.15
228077,0.19
228078,0.3
228097,0.15
228099,0.2
228100,0.16
228102,0.38
228103,0.23
228104,0.29
228107,0.22
228117,0.19
228123,0.18
228125,0.16
228130,0.13
228134,0.16
228141,0.17
228153,0.3
228163,0.26
228164,0.1
228166,0.16
228168,0.19
228169,0.19
228183,0.29
228198,0.14
228199,0.24
228201,0.13
228207,0.29
228209,0.11
228219,0.2
228239,0.19
228248,0.24
228260,0.21
228268,0.29
228280,0.25
228282,0.2
228288,0.23
228289,0.12
228295,0.19
228296,0.21
228297,0.18
228298,0.18
228299,0.12
228301,0.16
228322,0.18
228324,0.19
228332,0.06
228334,0.26
228342,0.24
228351,0.13
228354,0.24
228355,0.12
228362,0.11
228375,0.17
228383,0.18
228389,0.17
228392,0.27
228411,0.16
228414,0.16
228420,0.24
228424,0.14
228426,0.13
228429,0.17
228447,0.29
228455,0.16
228458,0.24
228467,0.42
228472,0.23
228479,0.16
228482,0.26
228488,0.13
228489,0.23
228499,0.13
228501,0.12
228502,0.15
228503,0.33
228509,0.28
228512,0.16
228514,0.13
228519,0.2
228530,0.06
228534,0.22
228536,0.23
228537,0.12
228538,0.23
228539,0.19
228557,0.18
228591,0.26
228592,0.22
228608,0.24
228609,0.12
228636,0.2
228647,0.21
228656,0.26
228657,0.1
228661,0.23
228663,0.16
228671,0.11
228682,0.18
228697,0.23
228698,0.19
228712,0.14
228713,0.13
228729,0.22
228730,0.13
228737,0.26
228744,0.15
228752,0.15
228761,0.3
228763,0.32
228764,0.13
228770,0.29
228774,0.17
228781,0.16
228792,0.25
228794,0.24
228796,0.17
228799,0.23
228808,0.36
228809,0.22
228810,0.22
228813,0.15
228821,0.35
228826,0.17
228830,0.22
228831,0.18
228835,0.18
228854,0.15
228855,0.15
228863,0.17
228869,0.22
228872,0.16
228885,0.29
228888,0.21
228889,0.24
228890,0.32
228891,0.09
228894,0.3
228902,0.21
228907,0.13
228915,0.23
228918,0.28
228919,0.24
228933,0.2
228946,0.12
228947,0.22
228954,0.25
228956,0.16
228958,0.15
228969,0.27
228973,0.24
228978,0.11
228979,0.39
228988,0.17
228995,0.26
229019,0.18
229037,0.12
229041,0.17
229042,0.24
229046,0.19
229048,0.16
229053,0.21
229064,0.35
229073,0.17
229074,0.3
229077,0.27
229095,0.36
229100,0.26
229103,0.29
229104,0.16
229105,0.16
229107,0.13
229115,0.2
229117,0.21
229118,0.14
229124,0.3
229125,0.17
229130,0.25
229157,0.17
229162,0.12
229185,0.21
229195,0.15
229201,0.18
229202,0.16
229219,0.12
229220,0.15
229223,0.25
229224,0.2
229229,0.21
229233,0.2
229255,0.18
229261,0.22
229262,0.24
229271,0.19
229276,0.2
229277,0.12
229278,0.17
229280,0.18
229298,0.2
229301,0.17
229316,0.17
229325,0.18
229329,0.19
229334,0.16
229336,0.17
229337,0.18
229342,0.16
229349,0.11
229357,0.16
229369,0.26
229374,0.21
229402,0.23
229427,0.15
229452,0.32
229455,0.19
229459,0.31
229462,0.16
229482,0.12
229488,0.14
229496,0.26
229507,0.25
229508,0.18
229531,0.22
229576,0.12
229595,0.21
229602,0.29
229609,0.27
229610,0.42
229614,0.19
229615,0.15
229631,0.13
229632,0.14
229638,0.15
229647,0.13
229651,0.16
229659,0.14
229663,0.26
229671,0.13
229672,0.1
229675,0.14
229684,0.21
229687,0.18
229705,0.14
229711,0.13
229713,0.17
229714,0.12
229731,0.22
229738,0.18
229742,0.29
229745,0.16
229746,0.16
229749,0.25
229765,0.29
229767,0.13
229779,0.26
229782,0.11
229802,0.28
229805,0.2
229810,0.42
229816,0.27
229828,0.2
229838,0.29
229850,0.27
229858,0.13
229860,0.13
229877,0.29
229888,0.27
229894,0.14
229898,0.2
229905,0.15
229912,0.3
229913,0.18
229921,0.38
229923,0.1
229930,0.15
229962,0.17
229963,0.19
229977,0.31
229984,0.27
229998,0.18
230012,0.11
230016,0.21
230020,0.11
230024,0.24
230037,0.18
230038,0.21
230040,0.25
230042,0.23
230044,0.19
230050,0.3
230056,0.27
230067,0.15
230076,0.17
230077,0.32
230084,0.18
230098,0.17
230107,0.19
230116,0.16
230119,0.18
230121,0.17
230122,0.2
230135,0.25
230139,0.19
230179,0.2
230180,0.27
230185,0.13
230192,0.21
230203,0.24
230216,0.18
230226,0.17
230260,0.21
230268,0.19
230289,0.36
230296,0.13
230317,0.2
230328,0.2
230329,0.49
230330,0.12
230332,0.11
230338,0.13
230343,0.21
230344,0.21
230349,0.16
230369,0.19
230379,0.25
230391,0.23
230393,0.24
230394,0.19
230402,0.21
230404,0.35
230416,0.17
230417,0.25
230423,0.21
230427,0.22
230448,0.32
230449,0.2
230451,0.09
230453,0.12
230454,0.15
230457,0.22
230458,0.24
230459,0.25
230461,0.16
230464,0.23
230494,0.2
230517,0.15
230520,0.24
230521,0.28
230534,0.16
230553,0.19
230581,0.23
230585,0.15
230590,0.16
230592,0.17
230605,0.1
230610,0.11
230623,0.15
230628,0.2
230629,0.21
230640,0.16
230641,0.21
230642,0.08
230655,0.23
230656,0.15
230662,0.08
230675,0.12
230677,0.15
230688,0.15
230709,0.27
230716,0.12
230742,0.13
230748,0.29
230763,0.34
230779,0.21
230780,0.19
230781,0.25
230783,0.12
230788,0.25
230789,0.13
230792,0.23
230817,0.18
230820,0.13
230827,0.26
230828,0.19
230860,0.2
230864,0.26
230875,0.2
230878,0.14
230880,0.29
230929,0.23
230931,0.24
230934,0.2
230939,0.17
230940,0.17
230941,0.14
230942,0.31
230982,0.15
231028,0.23
231031,0.18
231039,0.3
231048,0.09
231065,0.15
231076,0.13
231079,0.13
231082,0.15
231086,0.26
231107,0.19
231118,0.14
231127,0.16
231134,0.13
231136,0.15
231137,0.21
231156,0.22
231160,0.27
231175,0.2
231177,0.14
231189,0.25
231191,0.19
231194,0.29
231198,0.16
231203,0.25
231211,0.29
231226,0.24
231245,0.2
231257,0.26
231268,0.18
231279,0.19
231290,0.27
231298,0.17
231299,0.16
231301,0.2
231306,0.17
231312,0.18
231314,0.15
231326,0.47
231343,0.22
231353,0.17
231359,0.14
231364,0.14
231387,0.25
231392,0.23
231409,0.22
231423,0.13
231427,0.11
231429,0.26
231433,0.1
231437,0.18
231448,0.1
231454,0.21
231460,0.25
231480,0.16
231496,0.15
231504,0.21
231513,0.22
231516,0.13
231523,0.15
231529,0.18
231532,0.14
231533,0.32
231542,0.16
231546,0.15
231554,0.15
231556,0.26
231561,0.15
231562,0.18
231563,0.18
231568,0.25
231589,0.09
231598,0.19
231616,0.15
231628,0.15
231637,0.17
231641,0.2
231656,0.34
231679,0.21
231682,0.21
231689,0.15
231690,0.18
231713,0.24
231716,0.19
231726,0.2
231734,0.33
231736,0.12
231742,0.15
231754,0.2
231757,0.17
231758,0.18
231761,0.21
231771,0.19
231773,0.2
231782,0.17
231785,0.26
231786,0.25
231789,0.07
231790,0.13
231791,0.2
231804,0.27
231835,0.12
231837,0.13
231840,0.25
231845,0.22
231863,0.26
231867,0.29
231874,0.31
231877,0.26
231887,0.2
231892,0.13
231899,0.25
231912,0.4
231914,0.22
231924,0.16
231927,0.15
231935,0.15
231938,0.23
231940,0.23
231947,0.19
231954,0.18
231955,0.22
231956,0.25
231969,0.14
231982,0.23
231983,0.19
231984,0.12
231987,0.2
232006,0.18
232012,0.15
232022,0.14
232023,0.25
232028,0.16
232034,0.19
232047,0.27
232050,0.16
232054,0.18
232063,0.22
232066,0.21
232081,0.25
232083,0.16
232094,0.16
232103,0.1
232108,0.14
232110,0.21
232122,0.2
232123,0.16
232132,0.09
232148,0.34
232149,0.18
232152,0.22
232157,0.29
232164,0.29
232170,0.13
232172,0.25
232174,0.22
232177,0.25
232227,0.19
232228,0.17
232237,0.07
232256,0.16
232275,0.17
232278,0.14
232279,0.15
232282,0.2
232285,0.14
232288,0.1
232301,0.19
232303,0.15
232309,0.13
232325,0.16
232329,0.2
232331,0.12
232335,0.13
232370,0.26
232371,0.22
232372,0.1
232390,0.5
232391,0.13
232392,0.22
232410,0.14
232423,0.16
232426,0.2
232428,0.28
232450,0.22
232466,0.21
232478,0.23
232493,0.2
232506,0.29
232516,0.22
232518,0.14
232530,0.18
232534,0.15
232535,0.12
232541,0.15
232547,0.15
232552,0.22
232558,0.12
232559,0.2
232560,0.15
232566,0.18
232570,0.15
232575,0.2
232578,0.21
232590,0.18
232615,0.17
232640,0.28
232643,0.21
232664,0.22
232676,0.15
232699,0.32
232702,0.23
232720,0.14
232733,0.22
232736,0.08
232738,0.18
232752,0.11
232758,0.14
232779,0.19
232784,0.25
232790,0.17
232799,0.2
232823,0.06
232824,0.13
232842,0.18
232849,0.13
232853,0.16
232859,0.19
232862,0.2
232864,0.13
232866,0.16
232869,0.14
232871,0.19
232876,0.22
232881,0.18
232898,0.2
232899,0.24
232914,0.2
232917,0.24
232923,0.28
232925,0.13
232942,0.22
232943,0.26
232965,0.19
232968,0.26
232972,0.26
232980,0.22
232999,0.18
233013,0.16
233021,0.33
233022,0.13
233054,0.12
233059,0.19
233065,0.14
233071,0.26
233074,0.16
233093,0.12
233095,0.26
233102,0.18
233104,0.28
233107,0.15
233108,0.2
233109,0.37
233112,0.26
233113,0.17
233122,0.24
233125,0.14
233126,0.21
233170,0.18
233171,0.14
233172,0.25
233175,0.26
233179,0.18
233189,0.24
233223,0.24
233224,0.23
233228,0.17
233247,0.17
233249,0.15
233263,0.18
233271,0.21
233273,0.22
233301,0.15
233305,0.14
233310,0.2
233311,0.27
233312,0.13
233324,0.14
233326,0.24
233327,0.22
233335,0.12
233349,0.13
233352,0.18
233362,0.22
233373,0.22
233390,0.27
233393,0.21
233400,0.14
233401,0.25
233404,0.3
233405,0.21
233406,0.32
233411,0.19
233421,0.16
233423,0.21
233424,0.13
233427,0.27
233429,0.29
233431,0.1
233432,0.11
233438,0.07
233448,0.15
233450,0.14
233451,0.19
233453,0.16
233480,0.12
233482,0.14
233483,0.18
233489,0.28
233490,0.27
233496,0.27
233497,0.15
233508,0.27
233509,0.32
233512,0.19
233517,0.21
233526,0.23
233528,0.16
233544,0.22
233554,0.39
233566,0.3
233572,0.21
233575,0.18
233578,0.21
233582,0.46
233583,0.21
233589,0.25
233594,0.26
233603,0.29
233627,0.07
233632,0.17
233639,0.17
233651,0.16
233652,0.25
233658,0.1
233675,0.19
233677,0.24
233682,0.13
233688,0.34
233689,0.33
233692,0.19
233697,0.25
233704,0.27
233709,0.2
233711,0.25
233721,0.14
233729,0.17
233734,0.19
233744,0.19
233764,0.24
233775,0.23
233783,0.29
233792,0.17
233796,0.08
233797,0.13
233798,0.23
233810,0.27
233818,0.17
233819,0.17
233830,0.15
233831,0.27
233838,0.19
233852,0.22
233854,0.19
233856,0.16
233858,0.13
233883,0.14
233888,0.25
233889,0.13
233892,0.18
233893,0.18
233894,0.24
233895,0.29
233901,0.16
233927,0.2
233928,0.23
233929,0.23
233960,0.1
233965,0.22
233970,0.15
233975,0.24
233981,0.17
233991,0.3
234012,0.17
234016,0.15
234024,0.21
234025,0.12
234027,0.34
234034,0.19
234035,0.13
234048,0.19
234069,0.19
234077,0.2
234086,0.19
234103,0.2
234110,0.22
234115,0.18
234126,0.12
234135,0.2
234136,0.14
234147,0.13
234151,0.09
234159,0.19
234163,0.18
234174,0.16
234186,0.17
234187,0.37
234192,0.15
234198,0.15
234205,0.2
234215,0.2
234220,0.23
234225,0.25
234227,0.18
234228,0.17
234231,0.16
234232,0.26
234236,0.11
234239,0.15
234240,0.2
234242,0.24
234262,0.21
234267,0.16
234283,0.24
234284,0.23
234286,0.25
234291,0.21
234302,0.19
234303,0.22
234308,0.17
234320,0.23
234326,0.17
234336,0.1
234340,0.21
234362,0.13
234365,0.18
234371,0.13
234373,0.21
234395,0.15
234400,0.28
234404,0.22
234412,0.24
234431,0.2
234433,0.29
234440,0.14
234453,0.15
234454,0.15
234460,0.17
234470,0.28
234473,0.09
234502,0.23
234503,0.32
234507,0.29
234529,0.23
234531,0.11
234543,0.13
234550,0.39
234556,0.11
234560,0.14
234567,0.11
234580,0.18
234582,0.18
234594,0.3
234599,0.21
234604,0.2
234605,0.14
234611,0.21
234617,0.17
234648,0.32
234660,0.16
234661,0.22
234663,0.19
234664,0.13
234670,0.17
234671,0.17
234673,0.24
234687,0.23
234688,0.12
234690,0.24
234694,0.21
234695,0.12
234704,0.33
234705,0.15
234710,0.22
234718,0.17
234719,0.22
234732,0.14
234739,0.2
234755,0.26
234760,0.18
234778,0.16
234781,0.17
234786,0.17
234788,0.21
234789,0.11
234802,0.16
234809,0.34
234814,0.15
234823,0.17
234825,0.19
234829,0.16
234838,0.36
234847,0.16
234876,0.14
234908,0.21
234914,0.23
234917,0.22
234935,0.14
234936,0.15
234941,0.17
234942,0.18
234943,0.24
234946,0.15
234947,0.19
234960,0.18
234967,0.13
234980,0.28
234990,0.41
234996,0.2
234999,0.18
235002,0.18
235021,0.31
235025,0.29
235034,0.2
235037,0.17
235046,0.18
235051,0.12
235052,0.14
235054,0.14
235061,0.17
235066,0.24
235076,0.21
235087,0.26
235089,0.25
235091,0.34
235107,0.2
235118,0.13
235123,0.26
235134,0.16
235137,0.24
235146,0.16
235147,0.06
235153,0.11
235166,0.26
235168,0.17
235183,0.14
235187,0.14
235189,0.14
235202,0.19
235214,0.22
235215,0.13
235216,0.29
235219,0.23
235223,0.22
235231,0.27
235240,0.23
235252,0.16
235253,0.12
235254,0.25
235259,0.26
235270,0.14
235275,0.23
235283,0.19
235291,0.14
235306,0.13
235327,0.2
235337,0.31
235342,0.16
235356,0.11
235357,0.28
235372,0.19
235378,0.23
235386,0.28
235401,0.12
235403,0.16
235423,0.12
235424,0.13
235434,0.17
235435,0.11
235438,0.23
235451,0.19
235452,0.13
235454,0.24
235456,0.15
235459,0.1
235460,0.16
235463,0.28
235491,0.21
235492,0.27
235501,0.14
235505,0.16
235512,0.19
235519,0.39
235549,0.28
235592,0.09
235597,0.15
235601,0.24
235602,0.13
235612,0.2
235617,0.16
235622,0.17
235636,0.16
235641,0.2
235644,0.12
235645,0.13
235651,0.13
235664,0.12
235668,0.31
235677,0.11
235692,0.11
235693,0.12
235698,0.19
235722,0.31
235741,0.16
235743,0.33
235752,0.24
235757,0.18
235766,0.13
235768,0.15
235769,0.18
235775,0.12
235778,0.35
235782,0.33
235791,0.18
235792,0.24
235796,0.15
235797,0.19
235799,0.19
235803,0.3
235804,0.3
235809,0.14
235811,0.24
235812,0.11
235827,0.16
235837,0.1
235839,0.22
235850,0.3
235852,0.18
235854,0.27
235860,0.2
235862,0.16
235869,0.26
235877,0.19
235889,0.19
235890,0.22
235891,0.18
235893,0.2
235900,0.17
235901,0.21
235914,0.19
235915,0.23
235924,0.24
235950,0.2
235968,0.21
235977,0.27
235978,0.14
235980,0.18
235990,0.13
235999,0.17
236002,0.18
236022,0.28
236033,0.24
236034,0.2
236037,0.38
236038,0.24
236039,0.21
236040,0.14
236053,0.31
236064,0.23
236068,0.14
236069,0.17
236094,0.15
236107,0.28
236123,0.22
236143,0.12
236214,0.15
236215,0.16
236221,0.3
236229,0.15
236234,0.24
236236,0.22
236237,0.16
236239,0.24
236266,0.45
236271,0.06
236283,0.14
236286,0.14
236287,0.37
236289,0.16
236293,0.22
236302,0.13
236303,0.18
236313,0.18
236324,0.16
236330,0.15
236332,0.23
236345,0.24
236350,0.12
236352,0.17
236359,0.19
236362,0.27
236373,0.22
236378,0.17
236391,0.31
236395,0.36
236412,0.18
236418,0.16
236421,0.19
236451,0.19
236454,0.09
236457,0.14
236463,0.24
236469,0.19
236476,0.2
236485,0.21
236508,0.23
236509,0.13
236525,0.19
236527,0.2
236529,0.21
236555,0.34
236562,0.22
236568,0.28
236569,0.1
236580,0.14
236581,0.11
236583,0.19
236586,0.17
236594,0.22
236631,0.13
236632,0.22
236634,0.23
236638,0.19
236643,0.25
236648,0.23
236655,0.29
236656,0.31
236657,0.18
236663,0.15
236681,0.09
236683,0.11
236691,0.2
236698,0.26
236713,0.23
236727,0.27
236732,0.22
236733,0.16
236735,0.21
236737,0.12
236749,0.18
236750,0.22
236752,0.15
236765,0.22
236766,0.24
236769,0.14
236771,0.29
236774,0.13
236775,0.11
236790,0.15
236793,0.25
236797,0.27
236798,0.17
236809,0.2
236821,0.24
236831,0.17
236836,0.09
236838,0.15
236849,0.11
236852,0.2
236860,0.18
236862,0.2
236865,0.26
236873,0.22
236885,0.17
236891,0.22
236894,0.29
236904,0.31
236905,0.07
236911,0.14
236939,0.15
236948,0.22
236950,0.12
236957,0.16
236965,0.15
236974,0.18
236975,0.13
236981,0.17
236985,0.1
236995,0.2
237023,0.25
237025,0.1
237038,0.13
237058,0.14
237060,0.2
237078,0.25
237079,0.22
237080,0.27
237084,0.2
237086,0.16
237087,0.18
237091,0.2
237092,0.13
237093,0.16
237094,0.13
237103,0.15
237116,0.17
237118,0.09
237126,0.25
237136,0.16
237144,0.2
237149,0.25
237150,0.25
237157,0.17
237158,0.17
237170,0.17
237171,0.13
237193,0.14
237196,0.24
237200,0.14
237248,0.15
237254,0.23
237256,0.2
237257,0.14
237267,0.14
237268,0.18
237269,0.12
237271,0.28
237280,0.18
237301,0.15
237304,0.22
237308,0.17
237311,0.19
237334,0.19
237338,0.26
237344,0.27
237361,0.16
237362,0.21
237368,0.2
237369,0.3
237371,0.13
237373,0.12
237377,0.17
237378,0.16
237383,0.11
237386,0.12
237392,0.16
237399,0.16
237408,0.21
237411,0.19
237414,0.14
237417,0.16
237424,0.26
237439,0.14
237457,0.18
237458,0.18
237459,0.12
237471,0.05
237474,0.15
237475,0.2
237476,0.21
237490,0.13
237491,0.19
237495,0.16
237501,0.21
237512,0.2
237516,0.12
237518,0.27
237528,0.21
237529,0.2
237537,0.3
237543,0.21
237547,0.21
237552,0.2
237563,0.21
237585,0.18
237598,0.19
237606,0.11
237624,0.28
237632,0.1
237635,0.16
237640,0.2
237642,0.17
237647,0.21
237648,0.23
237651,0.23
237657,0.27
237663,0.14
237692,0.15
237701,0.18
237715,0.22
237726,0.2
237728,0.33
237731,0.15
237732,0.25
237746,0.15
237759,0.14
237768,0.14
237772,0.42
237780,0.26
237787,0.2
237792,0.24
237804,0.27
237812,0.17
237815,0.22
237821,0.27
237827,0.14
237845,0.21
237862,0.25
237869,0.17
237872,0.21
237900,0.23
237909,0.1
237917,0.15
237921,0.19
237951,0.25
237952,0.3
237957,0.09
237960,0.12
237963,0.17
237973,0.15
237984,0.23
237990,0.15
237997,0.25
237998,0.22
238025,0.17
238027,0.14
238052,0.25
238053,0.18
238054,0.32
238065,0.18
238066,0.17
238075,0.26
238082,0.19
238087,0.2
238114,0.13
238117,0.26
238127,0.18
238129,0.23
238133,0.22
238135,0.2
238152,0.17
238157,0.21
238163,0.19
238170,0.13
238176,0.13
238180,0.33
238195,0.31
238198,0.25
238199,0.13
238206,0.24
238218,0.18
238219,0.15
238222,0.16
238224,0.16
238230,0.13
238237,0.18
238238,0.15
238247,0.12
238254,0.16
238256,0.23
238257,0.21
238270,0.22
238278,0.14
238279,0.26
238282,0.16
238286,0.15
238293,0.19
238298,0.11
238299,0.17
238306,0.23
238307,0.19
238308,0.2
238322,0.13
238327,0.21
238328,0.24
238330,0.13
238335,0.14
238347,0.29
238355,0.28
238356,0.24
238361,0.18
238367,0.1
238377,0.16
238413,0.13
238419,0.17
238436,0.15
238437,0.23
238443,0.13
238450,0.12
238452,0.18
238453,0.27
238454,0.43
238457,0.18
238467,0.13
238469,0.14
238470,0.17
238474,0.21
238478,0.18
238480,0.2
238492,0.17
238496,0.21
238500,0.19
238508,0.37
238512,0.16
238520,0.16
238540,0.18
238548,0.23
238549,0.16
238550,0.14
238563,0.06
238586,0.15
238607,0.2
238608,0.23
238615,0.3
238623,0.08
238627,0.15
238630,0.25
238635,0.18
238638,0.21
238642,0.13
238646,0.15
238656,0.14
238665,0.16
238674,0.21
238687,0.14
238702,0.15
238703,0.11
238705,0.2
238712,0.31
238716,0.26
238717,0.25
238718,0.14
238747,0.13
238754,0.3
238767,0.2
238793,0.17
238794,0.32
238796,0.21
238806,0.19
238832,0.23
238833,0.21
238840,0.12
238850,0.17
238853,0.19
238855,0.11
238858,0.13
238867,0.47
238868,0.17
238869,0.32
238873,0.17
238879,0.21
238893,0.27
238903,0.17
238904,0.34
238906,0.22
238928,0.23
238933,0.19
238941,0.22
238945,0.18
238947,0.18
238954,0.16
238963,0.19
238986,0.25
239003,0.25
239018,0.09
239019,0.28
239020,0.21
239021,0.22
239031,0.11
239042,0.16
239051,0.23
239056,0.24
239058,0.1
239075,0.18
239078,0.05
239079,0.11
239081,0.13
239082,0.16
239085,0.16
239100,0.15
239104,0.25
239120,0.16
239123,0.13
239140,0.29
239144,0.17
239145,0.11
239146,0.15
239153,0.14
239155,0.13
239161,0.24
239168,0.24
239177,0.15
239180,0.18
239193,0.15
239199,0.16
239206,0.12
239207,0.25
239209,0.14
239221,0.14
239225,0.12
239227,0.2
239237,0.16
239249,0.24
239273,0.24
239282,0.16
239290,0.13
239298,0.12
239302,0.25
239307,0.21
239309,0.24
239314,0.15
239319,0.26
239328,0.14
239334,0.26
239343,0.12
239344,0.21
239356,0.19
239357,0.34
239428,0.18
239429,0.22
239453,0.19
239471,0.33
239479,0.14
239480,0.27
239485,0.14
239489,0.23
239518,0.4
239522,0.2
239525,0.19
239540,0.23
239567,0.2
239573,0.17
239574,0.25
239578,0.16
239587,0.19
239588,0.26
239597,0.23
239603,0.19
239612,0.18
239616,0.3
239617,0.32
239618,0.28
239631,0.19
239639,0.23
239644,0.17
239672,0.15
239680,0.25
239685,0.11
239687,0.16
239715,0.25
239722,0.11
239733,0.11
239746,0.12
239748,0.2
239760,0.28
239765,0.3
239766,0.27
239774,0.2
239775,0.16
239788,0.32
239795,0.24
239796,0.09
239801,0.24
239808,0.15
239816,0.12
239819,0.19
239825,0.13
239832,0.23
239840,0.21
239845,0.18
239853,0.19
239862,0.12
239867,0.19
239873,0.23
239884,0.21
239920,0.17
239924,0.18
239937,0.21
239938,0.09
239948,0.24
239951,0.11
239952,0.24
239996,0.14
239998,0.21
240013,0.21
240027,0.21
240028,0.13
240036,0.32
240041,0.28
240046,0.2
240063,0.12
240076,0.08
240082,0.25
240086,0.25
240087,0.13
240089,0.24
240090,0.19
240093,0.24
240110,0.24
240111,0.2
240113,0.15
240117,0.07
240118,0.25
240120,0.2
240125,0.23
240130,0.09
240131,0.43
240133,0.19
240138,0.29
240149,0.17
240161,0.18
240177,0.28
240188,0.28
240197,0.18
240204,0.36
240215,0.22
240257,0.16
240266,0.15
240284,0.17
240296,0.16
240300,0.12
240312,0.13
240314,0.3
240320,0.14
240321,0.19
240337,0.16
240339,0.2
240341,0.25
240342,0.25
240346,0.11
240348,0.24
240364,0.11
240378,0.15
240382,0.24
240387,0.21
240404,0.12
240409,0.2
240412,0.14
240413,0.19
240414,0.18
240415,0.15
240416,0.21
240427,0.17
240428,0.24
240438,0.27
240447,0.18
240489,0.24
240494,0.25
240495,0.1
240507,0.19
240526,0.19
240530,0.19
240531,0.19
240554,0.24
240559,0.11
240561,0.16
240577,0.21
240578,0.13
240585,0.15
240587,0.15
240594,0.27
240603,0.19
240615,0.18
240629,0.16
240631,0.12
240637,0.14
240646,0.41
240649,0.28
240657,0.19
240664,0.2
240665,0.35
240668,0.2
240670,0.22
240685,0.21
240689,0.22
240702,0.15
240707,0.18
240709,0.3
240712,0.25
240716,0.27
240717,0.2
240725,0.1
240733,0.11
240742,0.38
240744,0.2
240819,0.18
240820,0.2
240826,0.24
240836,0.28
240839,0.17
240847,0.24
240859,0.34
240866,0.3
240868,0.21
240875,0.15
240878,0.09
240888,0.11
240896,0.22
240897,0.27
240898,0.26
240899,0.29
240900,0.14
240901,0.26
240902,0.14
240903,0.24
240904,0.17
240910,0.15
240916,0.13
240921,0.21
240923,0.26
240929,0.18
240930,0.17
240931,0.1
240932,0.2
240938,0.08
240943,0.22
240948,0.15
240954,0.1
240972,0.17
240992,0.14
240993,0.21
240994,0.21
241018,0.22
241026,0.12
241031,0.2
241052,0.13
241060,0.22
241076,0.3
241113,0.17
241116,0.27
241118,0.11
241121,0.14
241130,0.18
241142,0.14
241146,0.28
241159,0.1
241160,0.08
241161,0.14
241163,0.45
241176,0.22
241187,0.13
241188,0.25
241191,0.17
241192,0.14
241198,0.29
241208,0.23
241210,0.11
241226,0.21
241244,0.29
241252,0.23
241254,0.12
241256,0.15
241264,0.26
241266,0.28
241267,0.12
241274,0.2
241279,0.13
241281,0.23
241284,0.13
241293,0.1
241330,0.15
241333,0.12
241344,0.23
241348,0.31
241359,0.12
241362,0.35
241372,0.12
241377,0.12
241381,0.23
241390,0.12
241395,0.15
241397,0.12
241401,0.16
241402,0.3
241415,0.14
241417,0.22
241426,0.21
241432,0.24
241436,0.16
241444,0.09
241447,0.3
241456,0.15
241457,0.09
241464,0.24
241465,0.19
241469,0.16
241479,0.17
241482,0.22
241488,0.21
241489,0.22
241507,0.27
241509,0.16
241511,0.2
241520,0.1
241523,0.13
241536,0.17
241545,0.2
241574,0.2
241577,0.41
241599,0.29
241608,0.14
241627,0.14
241631,0.19
241640,0.2
241642,0.15
241645,0.29
241647,0.12
241649,0.15
241654,0.26
241655,0.19
241657,0.26
241665,0.2
241671,0.06
241678,0.26
241683,0.21
241686,0.2
241699,0.24
241704,0.27
241706,0.23
241709,0.17
241718,0.06
241723,0.23
241729,0.12
241739,0.31
241741,0.18
241752,0.19
241756,0.18
241763,0.12
241779,0.2
241793,0.14
241797,0.11
241804,0.26
241813,0.2
241816,0.15
241817,0.18
241821,0.1
241838,0.27
241839,0.16
241855,0.34
241857,0.16
241887,0.12
241888,0.16
241899,0.33
241903,0.17
241908,0.28
241914,0.25
241919,0.19
241933,0.23
241943,0.15
241947,0.15
241957,0.2
241960,0.19
241961,0.09
241965,0.19
241971,0.15
241982,0.23
241990,0.19
242011,0.2
242022,0.18
242023,0.23
242025,0.29
242035,0.18
242037,0.17
242043,0.21
242067,0.17
242075,0.17
242077,0.16
242088,0.25
242103,0.12
242125,0.22
242134,0.28
242143,0.22
242144,0.23
242148,0.21
242155,0.11
242163,0.16
242171,0.13
242182,0.2
242185,0.14
242188,0.26
242201,0.25
242203,0.09
242204,0.14
242208,0.23
242210,0.14
242217,0.23
242219,0.22
242222,0.24
242224,0.25
242229,0.19
242231,0.37
242236,0.17
242256,0.23
242264,0.14
242269,0.12
242280,0.22
242281,0.13
242285,0.21
242295,0.25
242302,0.24
242314,0.2
242319,0.14
242332,0.19
242338,0.23
242342,0.31
242343,0.2
242345,0.14
242354,0.19
242361,0.23
242365,0.37
242373,0.14
242378,0.16
242383,0.24
242385,0.28
242389,0.15
242397,0.27
242404,0.26
242406,0.17
242410,0.25
242436,0.13
242439,0.15
242440,0.3
242444,0.17
242445,0.2
242455,0.27
242477,0.19
242479,0.31
242484,0.16
242491,0.19
242492,0.15
242497,0.21
242498,0.11
242499,0.25
242500,0.24
242501,0.25
242502,0.18
242516,0.1
242518,0.14
242523,0.21
242525,0.21
242537,0.2
242549,0.2
242550,0.21
242553,0.16
242554,0.18
242561,0.16
242566,0.27
242567,0.2
242587,0.18
242598,0.22
242609,0.39
242611,0.2
242614,0.19
242617,0.29
242622,0.22
242623,0.28
242629,0.08
242633,0.18
242636,0.24
242637,0.21
242642,0.26
242651,0.14
242655,0.15
242667,0.25
242668,0.17
242670,0.17
242681,0.15
242689,0.13
242690,0.19
242692,0.22
242693,0.16
242699,0.25
242706,0.19
242712,0.26
242714,0.19
242715,0.15
242721,0.18
242725,0.07
242728,0.14
242740,0.13
242741,0.13
242762,0.21
242766,0.16
242772,0.1
242779,0.16
242782,0.13
242795,0.21
242796,0.15
242800,0.19
242810,0.21
242816,0.16
242824,0.26
242829,0.37
242833,0.11
242837,0.21
242851,0.25
242857,0.23
242858,0.29
242860,0.26
242874,0.26
242876,0.14
242877,0.15
242879,0.16
242890,0.28
242897,0.12
242898,0.22
242904,0.06
242916,0.16
242920,0.22
242924,0.2
242930,0.26
242936,0.1
242938,0.17
242951,0.23
242952,0.14
242956,0.21
242970,0.32
242972,0.2
242973,0.14
242975,0.17
242979,0.23
242985,0.16
242989,0.15
242994,0.31
242996,0.34
243004,0.19
243013,0.15
243015,0.16
243017,0.07
243022,0.09
243075,0.33
243077,0.13
243089,0.3
243096,0.16
243099,0.17
243109,0.19
243110,0.17
243111,0.2
243112,0.21
243114,0.19
243124,0.36
243128,0.34
243136,0.11
243143,0.24
243148,0.19
243151,0.14
243152,0.2
243163,0.22
243170,0.17
243173,0.14
243184,0.16
243187,0.2
243193,0.26
243206,0.21
243208,0.16
243236,0.13
243237,0.2
243241,0.17
243244,0.08
243251,0.2
243256,0.2
243257,0.17
243263,0.18
243265,0.15
243276,0.21
243283,0.2
243287,0.12
243289,0.33
243291,0.19
243294,0.15
243299,0.18
243301,0.26
243302,0.17
243310,0.23
243313,0.24
243334,0.28
243335,0.14
243345,0.2
243353,0.13
243369,0.12
243371,0.22
243375,0.15
243383,0.23
243387,0.14
243390,0.35
243398,0.06
243399,0.25
243401,0.14
243412,0.17
243430,0.26
243433,0.16
243440,0.19
243445,0.26
243475,0.17
243481,0.19
243501,0.25
243518,0.16
243528,0.08
243544,0.19
243550,0.15
243555,0.19
243558,0.26
243559,0.26
243569,0.26
243580,0.19
243581,0.14
243590,0.12
243611,0.17
243619,0.25
243643,0.17
243659,0.27
243664,0.16
243665,0.2
243679,0.3
243680,0.3
243681,0.1
243689,0.21
243699,0.11
243700,0.18
243703,0.13
243714,0.37
243734,0.2
243741,0.27
243747,0.15
243757,0.25
243764,0.29
243766,0.21
243770,0.23
243774,0.16
243777,0.16
243778,0.15
243783,0.22
243788,0.22
243801,0.18
243802,0.15
243805,0.31
243821,0.18
243828,0.18
243831,0.27
243838,0.38
243850,0.1
243861,0.14
243871,0.21
243873,0.24
243874,0.2
243875,0.24
243891,0.17
243893,0.17
243900,0.22
243907,0.21
243908,0.28
243916,0.31
243921,0.19
243943,0.23
243958,0.28
243963,0.31
243965,0.2
243968,0.28
243978,0.22
243993,0.16
243996,0.2
244004,0.21
244006,0.24
244045,0.09
244046,0.15
244047,0.12
244049,0.22
244051,0.2
244058,0.25
244093,0.11
244100,0.14
244102,0.29
244104,0.27
244108,0.13
244112,0.2
244114,0.22
244134,0.24
244136,0.11
244140,0.09
244151,0.14
244152,0.18
244164,0.31
244168,0.16
244173,0.21
244176,0.12
244179,0.17
244189,0.21
244201,0.18
244205,0.16
244212,0.26
244216,0.13
244226,0.13
244228,0.21
244238,0.2
244246,0.16
244252,0.19
244257,0.18
244266,0.21
244268,0.23
244280,0.23
244290,0.15
244294,0.27
244295,0.26
244296,0.37
244298,0.22
244307,0.21
244321,0.16
244322,0.21
244324,0.24
244335,0.18
244346,0.25
244364,0.15
244372,0.21
244377,0.19
244387,0.21
244388,0.26
244395,0.31
244396,0.09
244403,0.22
244416,0.19
244417,0.16
244420,0.19
244421,0.18
244428,0.24
244429,0.27
244432,0.18
244456,0.26
244460,0.22
244461,0.27
244464,0.15
244470,0.23
244475,0.32
244484,0.23
244487,0.18
244489,0.22
244498,0.17
244526,0.16
244529,0.42
244534,0.22
244536,0.31
244543,0.38
244545,0.08
244555,0.11
244560,0.16
244562,0.25
244570,0.17
244572,0.17
244574,0.27
244605,0.2
244612,0.23
244624,0.18
244631,0.13
244632,0.34
244643,0.14
244652,0.24
244666,0.18
244671,0.17
244672,0.26
244683,0.23
244690,0.18
244696,0.1
244703,0.26
244710,0.17
244713,0.25
244719,0.11
244724,0.21
244736,0.25
244763,0.32
244764,0.32
244765,0.29
244767,0.24
244772,0.22
244786,0.23
244789,0.14
244794,0.21
244799,0.13
244810,0.21
244815,0.08
244830,0.16
244848,0.21
244852,0.15
244866,0.22
244867,0.31
244874,0.17
244887,0.12
244891,0.14
244897,0.28
244898,0.15
244909,0.15
244910,0.26
244913,0.1
244925,0.19
244928,0.13
244932,0.12
244942,0.15
244943,0.23
244949,0.2
244954,0.22
244971,0.25
244973,0.39
244989,0.23
245001,0.16
245012,0.16
245026,0.31
245030,0.17
245036,0.16
245049,0.23
245057,0.15
245062,0.17
245063,0.15
245074,0.12
245076,0.28
245105,0.21
245106,0.16
245121,0.13
245124,0.26
245129,0.09
245133,0.29
245138,0.16
245150,0.19
245156,0.29
245157,0.17
245168,0.26
245170,0.14
245177,0.17
245178,0.21
245182,0.21
245208,0.16
245219,0.21
245221,0.17
245222,0.2
245224,0.08
245225,0.14
245233,0.23
245234,0.3
245244,0.16
245253,0.29
245260,0.14
245272,0.19
245281,0.07
245296,0.21
245297,0.32
245303,0.24
245309,0.24
245313,0.14
245316,0.17
245328,0.19
245344,0.21
245351,0.17
245357,0.2
245367,0.13
245369,0.31
245376,0.16
245381,0.25
245411,0.26
245426,0.16
245428,0.19
245430,0.22
245437,0.19
245443,0.18
245450,0.15
245452,0.11
245468,0.18
245481,0.2
245486,0.2
245496,0.18
245501,0.27
245502,0.2
245503,0.22
245564,0.29
245567,0.15
245568,0.37
245576,0.36
245577,0.18
245578,0.17
245595,0.11
245598,0.17
245604,0.11
245611,0.18
245615,0.2
245617,0.18
245627,0.18
245659,0.13
245661,0.24
245681,0.18
245687,0.24
245697,0.2
245708,0.15
245713,0.17
245717,0.16
245720,0.07
245721,0.28
245724,0.25
245728,0.16
245738,0.23
245746,0.15
245747,0.19
245748,0.14
245766,0.2
245767,0.21
245784,0.15
245792,0.24
245802,0.23
245804,0.22
245815,0.12
245820,0.13
245830,0.2
245834,0.14
245836,0.22
245844,0.24
245853,0.24
245862,0.16
245863,0.15
245882,0.19
245892,0.12
245906,0.18
245913,0.18
245926,0.1
245932,0.14
245933,0.14
245934,0.21
245939,0.21
245948,0.16
245955,0.19
245957,0.2
245967,0.23
245979,0.13
245980,0.3
245989,0.21
245992,0.25
245994,0.1
246006,0.22
246010,0.19
246017,0.18
246041,0.2
246045,0.18
246053,0.16
246057,0.22
246059,0.18
246061,0.19
246079,0.16
246082,0.15
246089,0.15
246091,0.12
246102,0.22
246127,0.15
246134,0.16
246135,0.26
246138,0.4
246143,0.13
246146,0.3
246148,0.21
246152,0.23
246155,0.15
246164,0.08
246171,0.21
246185,0.19
246192,0.29
246200,0.27
246208,0.18
246210,0.23
246213,0.2
246214,0.22
246229,0.17
246242,0.13
246250,0.16
246258,0.12
246267,0.28
246273,0.21
246287,0.12
246289,0.15
246290,0.23
246302,0.11
246303,0.17
246304,0.18
246312,0.17
246319,0.37
246321,0.23
246335,0.22
246337,0.19
246348,0.14
246358,0.18
246362,0.24
246369,0.16
246374,0.17
246382,0.31
246384,0.11
246386,0.39
246390,0.11
246396,0.14
246400,0.15
246401,0.16
246405,0.18
246415,0.28
246416,0.2
246418,0.26
246422,0.17
246423,0.19
246426,0.17
246429,0.26
246432,0.25
246444,0.29
246448,0.25
246455,0.24
246469,0.23
246482,0.15
246488,0.15
246489,0.29
246491,0.22
246502,0.19
246516,0.15
246524,0.16
246525,0.34
246543,0.16
246550,0.16
246554,0.21
246558,0.17
246559,0.27
246560,0.24
246561,0.14
246562,0.15
246564,0.18
246585,0.32
246615,0.24
246618,0.19
246619,0.21
246621,0.36
246624,0.16
246625,0.22
246627,0.32
246628,0.15
246631,0.11
246633,0.18
246654,0.18
246660,0.19
246665,0.28
246669,0.17
246681,0.16
246700,0.21
246705,0.14
246708,0.25
246711,0.18
246724,0.31
246740,0.13
246744,0.12
246745,0.33
246746,0.22
246748,0.09
246752,0.36
246758,0.23
246762,0.16
246765,0.19
246786,0.14
246798,0.17
246807,0.15
246816,0.31
246820,0.17
246833,0.19
246835,0.3
246836,0.28
246845,0.25
246849,0.15
246857,0.27
246861,0.17
246871,0.15
246872,0.31
246877,0.11
246879,0.18
246894,0.4
246896,0.18
246905,0.21
246907,0.26
246928,0.16
246935,0.18
246939,0.13
246947,0.13
246951,0.08
246956,0.14
246972,0.19
246979,0.11
247003,0.21
247005,0.15
247006,0.19
247008,0.12
247014,0.19
247027,0.05
247032,0.32
247036,0.31
247080,0.11
247083,0.14
247086,0.26
247092,0.22
247098,0.12
247103,0.22
247105,0.13
247108,0.08
247118,0.23
247123,0.18
247129,0.18
247139,0.19
247147,0.24
247153,0.22
247157,0.12
247179,0.24
247190,0.22
247213,0.26
247220,0.08
247234,0.14
247260,0.18
247265,0.19
247269,0.25
247272,0.13
247277,0.14
247278,0.28
247280,0.19
247290,0.24
247296,0.23
247314,0.31
247316,0.2
247328,0.27
247332,0.24
247336,0.27
247340,0.21
247342,0.14
247347,0.12
247350,0.2
247351,0.15
247353,0.35
247354,0.24
247360,0.17
247371,0.17
247378,0.12
247394,0.31
247402,0.19
247406,0.18
247409,0.16
247446,0.19
247453,0.09
247455,0.2
247463,0.16
247484,0.19
247485,0.16
247492,0.19
247497,0.18
247510,0.2
247521,0.14
247527,0.27
247534,0.25
247537,0.15
247558,0.19
247559,0.15
247560,0.16
247567,0.16
247572,0.23
247582,0.2
247583,0.21
247594,0.22
247595,0.15
247597,0.19
247598,0.18
247607,0.16
247619,0.17
247632,0.3
247638,0.18
247639,0.23
247646,0.15
247655,0.21
247660,0.26
247672,0.14
247677,0.19
247682,0.12
247685,0.24
247690,0.21
247701,0.14
247708,0.36
247715,0.25
247734,0.17
247758,0.15
247761,0.1
247763,0.15
247766,0.11
247774,0.17
247775,0.14
247779,0.18
247781,0.16
247783,0.19
247785,0.15
247787,0.16
247793,0.1
247798,0.12
247802,0.23
247805,0.13
247814,0.13
247816,0.25
247834,0.17
247836,0.17
247844,0.28
247849,0.24
247852,0.2
247859,0.19
247861,0.24
247867,0.2
247868,0.17
247883,0.28
247890,0.18
247892,0.26
247896,0.15
247897,0.07
247902,0.3
247904,0.2
247909,0.22
247910,0.13
247911,0.22
247929,0.17
247930,0.07
247935,0.09
247942,0.28
247950,0.22
247951,0.18
247972,0.24
247989,0.11
247993,0.18
247995,0.26
248012,0.23
248018,0.21
248019,0.23
248036,0.19
248037,0.17
248039,0.15
248040,0.24
248043,0.23
248054,0.09
248056,0.22
248068,0.3
248075,0.17
248085,0.07
248087,0.08
248089,0.25
248095,0.18
248105,0.18
248109,0.18
248115,0.14
248131,0.28
248135,0.13
248148,0.14
248154,0.28
248156,0.24
248165,0.19
248169,0.22
248173,0.25
248179,0.1
248187,0.24
248204,0.09
248207,0.19
248210,0.22
248212,0.21
248214,0.21
248229,0.21
248236,0.17
248239,0.15
248240,0.26
248246,0.19
248249,0.2
248261,0.2
248267,0.26
248268,0.26
248272,0.22
248276,0.22
248293,0.22
248303,0.12
248307,0.14
248308,0.41
248327,0.22
248330,0.16
248345,0.19
248355,0.19
248364,0.23
248368,0.25
248373,0.28
248375,0.34
248378,0.23
248390,0.08
248394,0.18
248405,0.17
248409,0.27
248411,0.13
248415,0.21
248416,0.25
248419,0.26
248421,0.17
248422,0.16
248424,0.12
248427,0.21
248429,0.41
248435,0.19
248452,0.17
248461,0.19
248467,0.2
248472,0.2
248473,0.17
248476,0.24
248488,0.27
248489,0.29
248505,0.14
248509,0.14
248510,0.25
248512,0.2
248524,0.42
248526,0.22
248528,0.2
248533,0.09
248546,0.09
248568,0.15
248570,0.16
248579,0.12
248583,0.19
248585,0.12
248586,0.2
248596,0.13
248597,0.31
248601,0.19
248605,0.21
248613,0.14
248618,0.16
248622,0.12
248626,0.18
248627,0.14
248628,0.13
248635,0.19
248636,0.19
248644,0.07
248667,0.33
248675,0.17
248677,0.14
248693,0.31
248694,0.21
248699,0.22
248706,0.26
248726,0.21
248728,0.15
248731,0.16
248736,0.33
248738,0.43
248739,0.18
248744,0.18
248745,0.15
248756,0.16
248760,0.19
248767,0.24
248770,0.19
248772,0.27
248773,0.17
248785,0.12
248789,0.15
248791,0.21
248797,0.21
248826,0.16
248853,0.15
248854,0.16
248856,0.22
248861,0.19
248869,0.36
248871,0.25
248877,0.13
248883,0.32
248891,0.16
248892,0.28
248905,0.13
248910,0.21
248914,0.11
248921,0.14
248931,0.19
248934,0.11
248951,0.13
248954,0.17
248961,0.2
248966,0.12
248968,0.19
248977,0.09
248978,0.17
248986,0.23
249000,0.16
249005,0.19
249025,0.13
249040,0.22
249045,0.18
249056,0.23
249057,0.19
249075,0.32
249084,0.2
249089,0.22
249095,0.33
249101,0.2
249113,0.22
249116,0.15
249118,0.21
249137,0.16
249140,0.22
249149,0.16
249151,0.15
249154,0.2
249155,0.15
249171,0.16
249173,0.27
249190,0.13
249191,0.11
249197,0.17
249205,0.25
249212,0.29
249228,0.25
249235,0.2
249266,0.16
249269,0.18
249277,0.17
249298,0.11
249305,0.21
249310,0.12
249313,0.17
249320,0.32
249321,0.09
249332,0.1
249333,0.22
249339,0.21
249343,0.29
249345,0.22
249347,0.15
249348,0.23
249358,0.16
249370,0.29
249382,0.16
249397,0.15
249398,0.19
249400,0.17
249403,0.25
249412,0.24
249421,0.13
249422,0.15
249426,0.16
249445,0.22
249460,0.16
249465,0.2
249467,0.1
249481,0.26
249495,0.21
249496,0.24
249505,0.12
249507,0.22
249523,0.21
249528,0.25
249532,0.23
249534,0.18
249540,0.18
249542,0.17
249557,0.18
249559,0.24
249578,0.11
249581,0.21
249588,0.15
249595,0.24
249603,0.2
249615,0.13
249630,0.17
249636,0.14
249640,0.16
249648,0.18
249657,0.2
249661,0.21
249664,0.12
249668,0.15
249677,0.2
249681,0.24
249687,0.17
249688,0.23
249695,0.37
249703,0.16
249705,0.15
249718,0.26
249719,0.19
249720,0.27
249726,0.18
249728,0.25
249742,0.17
249764,0.17
249768,0.21
249770,0.18
249774,0.16
249779,0.15
249783,0.2
249801,0.32
249808,0.18
249818,0.12
249820,0.25
249832,0.24
249839,0.18
249843,0.37
249845,0.16
249847,0.23
249878,0.26
249883,0.16
249895,0.17
249898,0.23
249906,0.17
249909,0.15
249913,0.24
249920,0.25
249921,0.1
249928,0.39
249941,0.2
249951,0.11
249955,0.15
250020,0.18
250022,0.22
250026,0.19
250038,0.14
250045,0.17
250048,0.26
250049,0.22
250051,0.16
250056,0.19
250073,0.16
250085,0.26
250088,0.22
250091,0.2
250092,0.15
250093,0.22
250095,0.17
250098,0.26
250105,0.24
250114,0.25
250127,0.23
250134,0.16
250137,0.1
250153,0.2
250156,0.26
250176,0.14
250188,0.18
250189,0.21
250211,0.27
250212,0.21
250217,0.17
250226,0.3
250236,0.44
250237,0.2
250246,0.22
250270,0.25
250276,0.24
250299,0.17
250311,0.16
250312,0.28
250319,0.19
250324,0.17
250331,0.13
250340,0.19
250347,0.18
250354,0.29
250358,0.11
250359,0.15
250361,0.4
250363,0.23
250371,0.27
250377,0.21
250381,0.08
250391,0.16
250415,0.18
250416,0.28
250430,0.35
250431,0.18
250438,0.14
250444,0.22
250453,0.24
250458,0.15
250462,0.23
250469,0.17
250473,0.14
250481,0.22
250498,0.27
250502,0.18
250508,0.17
250514,0.12
250521,0.2
250522,0.28
250530,0.19
250531,0.14
250533,0.13
250539,0.21
250541,0.14
250545,0.29
250557,0.28
250576,0.3
250579,0.11
250585,0.32
250586,0.16
250591,0.23
250592,0.13
250596,0.12
250616,0.17
250617,0.12
250632,0.13
250636,0.15
250640,0.27
250657,0.25
250658,0.27
250661,0.18
250684,0.18
250685,0.1
250691,0.15
250692,0.23
250712,0.13
250713,0.12
250719,0.28
250737,0.25
250749,0.21
250772,0.15
250773,0.29
250774,0.14
250781,0.23
250783,0.17
250810,0.25
250814,0.15
250819,0.19
250831,0.16
250855,0.11
250867,0.23
250878,0.14
250887,0.17
250889,0.11
250890,0.09
250900,0.25
250904,0.15
250909,0.27
250913,0.2
250914,0.23
250915,0.24
250918,0.25
250922,0.26
250925,0.17
250939,0.08
250949,0.13
250956,0.22
250961,0.12
250963,0.14
250965,0.19
250968,0.07
250970,0.18
250981,0.21
250990,0.17
251001,0.17
251002,0.21
251011,0.3
251013,0.13
251021,0.12
251022,0.17
251029,0.15
251046,0.18
251047,0.11
251058,0.16
251063,0.25
251064,0.33
251073,0.33
251083,0.24
251085,0.19
251091,0.24
251096,0.23
251105,0.35
251115,0.22
251123,0.22
251133,0.29
251152,0.19
251165,0.16
251180,0.2
251196,0.33
251197,0.21
251214,0.1
251215,0.41
251217,0.21
251219,0.21
251233,0.13
251234,0.29
251245,0.15
251248,0.27
251255,0.15
251267,0.23
251272,0.21
251276,0.2
251288,0.2
251297,0.17
251298,0.26
251300,0.21
251301,0.09
251302,0.14
251303,0.23
251311,0.1
251314,0.24
251322,0.22
251324,0.2
251333,0.23
251336,0.21
251341,0.17
251346,0.18
251370,0.14
251378,0.27
251396,0.21
251401,0.22
251413,0.12
251422,0.17
251423,0.2
251434,0.15
251436,0.17
251443,0.22
251445,0.2
251455,0.23
251465,0.24
251470,0.17
251475,0.35
251488,0.21
251498,0.2
251504,0.18
251506,0.21
251530,0.23
251534,0.22
251538,0.3
251543,0.2
251557,0.2
251558,0.18
251567,0.17
251575,0.19
251579,0.18
251598,0.35
251599,0.21
251606,0.19
251608,0.2
251620,0.18
251624,0.11
251629,0.17
251631,0.19
251654,0.33
251671,0.2
251677,0.19
251682,0.16
251684,0.26
251689,0.18
251700,0.19
251716,0.14
251719,0.19
251727,0.21
251731,0.31
251732,0.18
251737,0.14
251744,0.21
251750,0.18
251754,0.26
251759,0.13
251761,0.35
251762,0.22
251765,0.2
251768,0.22
251770,0.15
251777,0.12
251786,0.15
251795,0.17
251805,0.19
251833,0.18
251839,0.25
251848,0.35
251851,0.14
251893,0.14
251909,0.17
251918,0.28
251920,0.13
251922,0.27
251923,0.21
251926,0.25
251933,0.19
251938,0.24
251948,0.16
251955,0.22
251956,0.19
251957,0.16
251964,0.09
251965,0.15
251966,0.2
251972,0.16
251980,0.17
252003,0.17
252016,0.23
252028,0.19
252032,0.19
252046,0.24
252054,0.22
252060,0.17
252073,0.15
252088,0.22
252092,0.2
252096,0.25
252113,0.14
252115,0.13
252121,0.16
252133,0.24
252135,0.17
252145,0.36
252151,0.12
252167,0.21
252169,0.13
252175,0.24
252189,0.13
252190,0.25
252191,0.22
252198,0.15
252212,0.18
252223,0.1
252224,0.18
252228,0.29
252253,0.14
252257,0.27
252261,0.19
252265,0.21
252272,0.22
252273,0.28
252286,0.35
252312,0.14
252322,0.2
252326,0.18
252332,0.08
252345,0.24
252348,0.18
252354,0.18
252358,0.28
252364,0.21
252366,0.24
252369,0.26
252374,0.24
252382,0.17
252417,0.27
252425,0.27
252426,0.11
252429,0.22
252434,0.34
252447,0.25
252450,0.2
252452,0.29
252460,0.12
252463,0.15
252465,0.2
252492,0.26
252493,0.27
252518,0.27
252522,0.23
252524,0.14
252531,0.16
252533,0.12
252540,0.27
252543,0.14
252544,0.14
252555,0.22
252558,0.21
252562,0.15
252565,0.34
252568,0.19
252569,0.23
252573,0.19
252582,0.1
252596,0.17
252599,0.15
252603,0.19
252606,0.15
252630,0.2
252636,0.13
252651,0.24
252653,0.11
252679,0.38
252682,0.26
252687,0.21
252713,0.16
252715,0.12
252721,0.34
252726,0.13
252746,0.11
252754,0.11
252760,0.16
252762,0.37
252763,0.14
252764,0.2
252768,0.28
252773,0.19
252774,0.19
252782,0.18
252784,0.26
252797,0.17
252798,0.2
252809,0.26
252819,0.23
252840,0.21
252862,0.17
252863,0.23
252865,0.23
252870,0.2
252880,0.18
252881,0.15
252888,0.22
252889,0.19
252894,0.11
252899,0.13
252911,0.22
252918,0.17
252926,0.25
252929,0.14
252932,0.25
252939,0.15
252940,0.22
252970,0.16
252971,0.15
252980,0.25
252981,0.24
252986,0.11
252990,0.11
253004,0.17
253011,0.17
253015,0.11
253022,0.26
253032,0.14
253044,0.29
253056,0.17
253065,0.1
253066,0.18
253067,0.13
253079,0.19
253088,0.18
253098,0.16
253099,0.23
253112,0.24
253113,0.19
253133,0.24
253149,0.2
253151,0.14
253153,0.2
253160,0.09
253164,0.17
253169,0.21
253177,0.12
253183,0.32
253198,0.17
253206,0.29
253214,0.15
253218,0.11
253224,0.09
253227,0.12
253231,0.2
253247,0.22
253251,0.17
253262,0.2
253264,0.15
253265,0.23
253273,0.21
253275,0.2
253278,0.11
253284,0.17
253298,0.15
253313,0.22
253317,0.12
253322,0.21
253326,0.21
253332,0.26
253338,0.18
253339,0.15
253346,0.14
253348,0.28
253350,0.18
253357,0.2
253363,0.25
253365,0.17
253369,0.11
253373,0.26
253378,0.11
253383,0.32
253392,0.2
253395,0.24
253398,0.1
253410,0.27
253419,0.13
253420,0.14
253421,0.31
253441,0.23
253442,0.2
253446,0.12
253447,0.2
253465,0.23
253488,0.18
253492,0.17
253499,0.37
253500,0.28
253501,0.24
253509,0.22
253521,0.11
253534,0.14
253544,0.17
253555,0.2
253557,0.25
253559,0.08
253583,0.13
253587,0.2
253589,0.14
253591,0.18
253596,0.15
253600,0.14
253605,0.16
253620,0.17
253628,0.22
253631,0.31
253634,0.13
253639,0.19
253641,0.23
253661,0.24
253672,0.16
253679,0.24
253683,0.27
253696,0.19
253706,0.24
253708,0.22
253712,0.23
253717,0.13
253720,0.2
253731,0.21
253734,0.33
253743,0.28
253744,0.15
253748,0.21
253754,0.19
253761,0.3
253787,0.26
253788,0.15
253796,0.27
253826,0.22
253829,0.23
253837,0.22
253841,0.22
253843,0.17
253844,0.23
253845,0.16
253849,0.26
253854,0.2
253861,0.15
253863,0.11
253875,0.19
253891,0.22
253894,0.29
253895,0.38
253918,0.27
253930,0.21
253939,0.15
253940,0.22
253945,0.2
253950,0.1
253951,0.16
253964,0.26
253967,0.12
253975,0.31
253986,0.18
253998,0.22
254017,0.18
254025,0.22
254026,0.17
254031,0.17
254035,0.17
254040,0.13
254042,0.14
254047,0.11
254051,0.3
254056,0.17
254060,0.25
254068,0.23
254073,0.32
254088,0.2
254100,0.1
254110,0.21
254115,0.11
254116,0.3
254125,0.2
254130,0.13
254135,0.15
254149,0.22
254161,0.22
254167,0.2
254176,0.22
254205,0.1
254226,0.13
254228,0.18
254238,0.24
254242,0.32
254257,0.34
254261,0.16
254280,0.19
254295,0.16
254316,0.31
254325,0.25
254326,0.22
254327,0.19
254335,0.12
254342,0.21
254347,0.14
254355,0.27
254358,0.21
254359,0.15
254368,0.19
254376,0.17
254382,0.26
254383,0.35
254390,0.2
254392,0.16
254394,0.14
254400,0.09
254406,0.18
254411,0.28
254421,0.18
254435,0.28
254437,0.25
254440,0.14
254460,0.18
254470,0.17
254471,0.21
254472,0.11
254483,0.37
254493,0.18
254513,0.13
254518,0.27
254520,0.26
254534,0.19
254537,0.35
254562,0.2
254567,0.05
254577,0.2
254578,0.26
254580,0.35
254586,0.08
254591,0.22
254593,0.2
254597,0.23
254599,0.12
254613,0.17
254629,0.24
254631,0.19
254633,0.22
254639,0.16
254642,0.27
254650,0.22
254659,0.12
254662,0.31
254671,0.18
254672,0.16
254674,0.27
254676,0.24
254679,0.14
254701,0.14
254722,0.1
254728,0.15
254742,0.14
254748,0.13
254750,0.21
254751,0.21
254753,0.24
254773,0.2
254783,0.13
254805,0.18
254806,0.34
254810,0.2
254817,0.23
254820,0.17
254829,0.14
254835,0.26
254837,0.18
254843,0.24
254850,0.21
254858,0.25
254861,0.16
254884,0.11
254885,0.15
254890,0.21
254910,0.2
254916,0.26
254917,0.16
254920,0.16
254926,0.08
254928,0.12
254930,0.23
254937,0.26
254940,0.17
254953,0.25
254956,0.08
254969,0.16
254982,0.19
254988,0.22
254998,0.18
255013,0.34
255017,0.14
255018,0.16
255029,0.13
255033,0.3
255035,0.2
255061,0.32
255067,0.13
255068,0.12
255070,0.26
255084,0.13
255096,0.2
255106,0.17
255114,0.17
255117,0.15
255135,0.13
255142,0.14
255143,0.16
255146,0.27
255155,0.22
255156,0.27
255158,0.14
255167,0.13
255172,0.18
255199,0.2
255204,0.1
255206,0.14
255210,0.18
255226,0.18
255230,0.16
255253,0.26
255259,0.13
255260,0.15
255278,0.21
255288,0.12
255312,0.16
255317,0.12
255319,0.16
255320,0.21
255322,0.18
255332,0.35
255337,0.18
255344,0.11
255347,0.21
255348,0.11
255351,0.17
255366,0.28
255371,0.17
255372,0.19
255373,0.32
255377,0.14
255378,0.18
255405,0.19
255408,0.14
255425,0.19
255434,0.28
255441,0.15
255442,0.19
255451,0.22
255486,0.15
255490,0.31
255493,0.16
255501,0.2
255503,0.13
255515,0.33
255522,0.15
255526,0.12
255538,0.27
255541,0.19
255546,0.2
255549,0.17
255557,0.1
255564,0.23
255568,0.17
255572,0.18
255581,0.2
255585,0.09
255586,0.25
255596,0.2
255598,0.13
255600,0.3
255619,0.26
255620,0.13
255623,0.17
255631,0.13
255632,0.31
255633,0.31
255646,0.17
255647,0.23
255649,0.14
255659,0.19
255666,0.22
255669,0.24
255674,0.18
255675,0.17
255678,0.2
255682,0.29
255690,0.28
255691,0.11
255694,0.21
255706,0.13
255717,0.2
255720,0.13
255723,0.12
255724,0.21
255729,0.23
255731,0.27
255733,0.14
255734,0.34
255738,0.25
255760,0.11
255766,0.13
255770,0.19
255772,0.18
255775,0.27
255776,0.09
255786,0.08
255795,0.22
255797,0.34
255810,0.15
255813,0.24
255829,0.14
255830,0.2
255832,0.11
255847,0.16
255853,0.28
255876,0.19
255881,0.14
255883,0.16
255891,0.11
255899,0.21
255900,0.29
255906,0.22
255907,0.16
255911,0.2
255921,0.23
255925,0.28
255930,0.25
255941,0.13
255948,0.18
255969,0.33
255973,0.25
255974,0.07
255976,0.15
255977,0.11
255978,0.22
255981,0.2
255988,0.21
255990,0.18
255992,0.26
255998,0.19
256015,0.21
256016,0.19
256036,0.11
256045,0.23
256050,0.14
256066,0.34
256076,0.38
256080,0.18
256083,0.26
256086,0.2
256103,0.11
256108,0.2
256114,0.18
256115,0.14
256139,0.2
256141,0.16
256146,0.12
256150,0.12
256177,0.2
256179,0.16
256194,0.22
256195,0.19
256200,0.2
256204,0.27
256205,0.25
256213,0.24
256222,0.11
256224,0.11
256235,0.21
256264,0.16
256268,0.24
256276,0.23
256277,0.1
256282,0.14
256285,0.11
256293,0.17
256294,0.06
256296,0.13
256297,0.22
256315,0.16
256317,0.13
256334,0.24
256339,0.14
256342,0.25
256345,0.25
256348,0.21
256350,0.14
256351,0.23
256357,0.16
256375,0.24
256377,0.23
256379,0.31
256392,0.18
256398,0.22
256419,0.12
256422,0.12
256424,0.1
256431,0.09
256432,0.14
256438,0.34
256459,0.21
256460,0.25
256506,0.28
256507,0.15
256511,0.17
256513,0.27
256519,0.14
256533,0.17
256539,0.13
256590,0.17
256606,0.32
256614,0.18
256642,0.16
256644,0.13
256653,0.12
256663,0.21
256666,0.07
256669,0.17
256678,0.18
256685,0.17
256705,0.11
256708,0.24
256713,0.19
256715,0.2
256718,0.13
256745,0.12
256752,0.14
256753,0.28
256754,0.23
256763,0.17
256772,0.16
256773,0.18
256774,0.31
256776,0.2
256783,0.15
256790,0.15
256801,0.32
256802,0.34
256803,0.26
256808,0.1
256809,0.18
256810,0.21
256818,0.15
256824,0.12
256825,0.18
256826,0.1
256829,0.15
256834,0.19
256843,0.25
256866,0.31
256875,0.18
256876,0.19
256887,0.14
256888,0.12
256894,0.09
256909,0.22
256918,0.18
256927,0.14
256931,0.17
256933,0.25
256937,0.22
256950,0.18
256955,0.19
256962,0.18
256972,0.12
256985,0.19
256987,0.23
256993,0.16
257000,0.27
257017,0.08
257019,0.24
257020,0.19
257022,0.26
257023,0.24
257025,0.18
257050,0.23
257056,0.13
257060,0.24
257064,0.14
257066,0.1
257071,0.18
257073,0.12
257076,0.13
257084,0.17
257088,0.27
257102,0.28
257118,0.1
257119,0.22
257120,0.24
257131,0.11
257145,0.19
257150,0.16
257154,0.29
257169,0.19
257192,0.26
257200,0.18
257204,0.13
257205,0.25
257213,0.17
257216,0.2
257219,0.15
257232,0.23
257234,0.21
257244,0.29
257251,0.13
257255,0.13
257260,0.15
257263,0.34
257267,0.17
257277,0.14
257293,0.22
257294,0.14
257304,0.11
257307,0.16
257312,0.17
257324,0.23
257325,0.22
257326,0.2
257353,0.2
257354,0.19
257369,0.11
257372,0.19
257375,0.15
257388,0.23
257393,0.21
257395,0.11
257399,0.23
257406,0.35
257409,0.21
257437,0.16
257441,0.14
257442,0.19
257473,0.2
257476,0.21
257477,0.37
257483,0.27
257500,0.25
257506,0.25
257508,0.18
257511,0.19
257514,0.16
257527,0.29
257528,0.25
257545,0.15
257546,0.11
257548,0.19
257551,0.17
257564,0.17
257565,0.12
257567,0.23
257572,0.2
257575,0.33
257577,0.27
257578,0.15
257585,0.21
257589,0.25
257590,0.33
257594,0.18
257596,0.18
257614,0.24
257618,0.27
257624,0.2
257632,0.11
257638,0.18
257644,0.27
257650,0.23
257653,0.15
257660,0.32
257663,0.22
257665,0.25
257677,0.17
257678,0.17
257690,0.2
257700,0.15
257711,0.1
257712,0.16
257715,0.14
257718,0.14
257720,0.23
257740,0.27
257748,0.18
257765,0.21
257768,0.19
257777,0.26
257778,0.16
257785,0.16
257789,0.2
257794,0.27
257796,0.25
257821,0.16
257823,0.29
257832,0.2
257844,0.44
257848,0.24
257854,0.14
257861,0.24
257872,0.23
257875,0.18
257876,0.26
257883,0.09
257888,0.19
257895,0.14
257900,0.17
257906,0.12
257907,0.38
257920,0.26
257921,0.21
257926,0.19
257932,0.2
257940,0.18
257947,0.26
257953,0.2
257958,0.19
257967,0.23
257977,0.15
257986,0.12
258012,0.23
258013,0.16
258031,0.14
258034,0.12
258037,0.33
258051,0.29
258056,0.11
258058,0.27
258066,0.24
258074,0.18
258077,0.11
258090,0.19
258109,0.21
258114,0.24
258124,0.16
258127,0.17
258141,0.15
258148,0.21
258151,0.18
258163,0.18
258166,0.13
258169,0.17
258179,0.2
258190,0.18
258193,0.12
258207,0.46
258220,0.15
258222,0.22
258223,0.07
258225,0.13
258227,0.17
258231,0.16
258233,0.27
258249,0.14
258255,0.13
258259,0.23
258276,0.17
258281,0.34
258302,0.23
258305,0.26
258310,0.16
258334,0.21
258335,0.22
258338,0.15
258345,0.13
258360,0.17
258363,0.21
258381,0.25
258384,0.23
258387,0.2
258400,0.16
258402,0.21
258406,0.26
258408,0.24
258432,0.13
258443,0.1
258461,0.11
258488,0.33
258489,0.19
258508,0.26
258524,0.11
258527,0.11
258545,0.17
258549,0.16
258560,0.21
258565,0.14
258567,0.19
258575,0.18
258590,0.16
258591,0.12
258592,0.23
258603,0.16
258606,0.19
258610,0.17
258627,0.14
258631,0.16
258637,0.19
258638,0.13
258640,0.17
258645,0.15
258651,0.2
258652,0.3
258653,0.24
258662,0.14
258663,0.17
258671,0.25
258679,0.17
258685,0.25
258686,0.31
258697,0.17
258705,0.26
258723,0.21
258724,0.15
258734,0.07
258763,0.21
258764,0.24
258771,0.22
258773,0.09
258782,0.2
258784,0.15
258790,0.18
258811,0.13
258817,0.18
258818,0.17
258832,0.23
258837,0.29
258841,0.38
258842,0.19
258843,0.21
258860,0.17
258875,0.2
258881,0.16
258887,0.09
258889,0.14
258924,0.3
258925,0.36
258948,0.12
258949,0.11
258963,0.25
258964,0.16
258966,0.36
258973,0.14
258974,0.13
258979,0.19
258989,0.18
258997,0.23
259001,0.15
259013,0.32
259018,0.32
259020,0.42
259031,0.24
259044,0.26
259050,0.28
259064,0.17
259078,0.2
259088,0.37
259124,0.16
259125,0.13
259135,0.11
259137,0.2
259146,0.22
259148,0.34
259168,0.31
259178,0.17
259194,0.13
259198,0.14
259204,0.12
259209,0.18
259223,0.11
259228,0.16
259234,0.38
259237,0.17
259246,0.2
259247,0.27
259249,0.22
259264,0.16
259274,0.19
259281,0.23
259283,0.21
259284,0.25
259285,0.18
259286,0.15
259291,0.34
259304,0.19
259309,0.17
259322,0.13
259323,0.32
259331,0.21
259339,0.14
259344,0.21
259350,0.25
259353,0.21
259356,0.21
259365,0.2
259377,0.23
259397,0.17
259403,0.14
259411,0.14
259415,0.19
259420,0.27
259423,0.28
259424,0.12
259431,0.19
259434,0.21
259438,0.22
259439,0.16
259441,0.16
259452,0.15
259460,0.16
259471,0.18
259483,0.23
259494,0.23
259496,0.15
259500,0.3
259512,0.22
259526,0.18
259528,0.17
259548,0.13
259568,0.25
259593,0.2
259603,0.16
259611,0.2
259620,0.18
259621,0.38
259623,0.22
259633,0.17
259648,0.13
259678,0.17
259691,0.18
259693,0.15
259708,0.26
259720,0.28
259734,0.22
259741,0.25
259749,0.18
259750,0.14
259752,0.23
259755,0.24
259759,0.22
259776,0.11
259779,0.23
259790,0.22
259797,0.21
259799,0.1
259804,0.18
259807,0.25
259810,0.22
259811,0.21
259822,0.2
259833,0.23
259838,0.16
259844,0.12
259846,0.22
259848,0.21
259861,0.19
259867,0.19
259876,0.12
259880,0.22
259897,0.22
259908,0.25
259912,0.18
259920,0.35
259922,0.13
259928,0.19
259932,0.17
259946,0.1
259962,0.39
259982,0.24
259985,0.14
259994,0.19
259996,0.34
260000,0.25
260007,0.25
260018,0.2
260021,0.2
260038,0.22
260051,0.29
260052,0.15
260070,0.14
260074,0.14
260080,0.16
260092,0.16
260097,0.15
260101,0.11
260108,0.18
260117,0.21
260129,0.16
260142,0.13
260145,0.11
260146,0.29
260147,0.14
260148,0.25
260153,0.13
260156,0.17
260171,0.2
260202,0.15
260221,0.13
260222,0.22
260226,0.27
260227,0.16
260247,0.18
260251,0.16
260261,0.12
260264,0.12
260266,0.17
260268,0.15
260289,0.14
260301,0.09
260316,0.21
260348,0.14
260359,0.16
260364,0.23
260391,0.25
260422,0.19
260435,0.19
260438,0.25
260446,0.16
260447,0.21
260458,0.2
260461,0.28
260469,0.24
260471,0.29
260482,0.33
260484,0.23
260487,0.28
260489,0.15
260500,0.18
260508,0.19
260509,0.26
260512,0.25
260525,0.14
260530,0.19
260533,0.19
260538,0.29
260541,0.24
260546,0.19
260551,0.13
260556,0.33
260561,0.2
260566,0.2
260572,0.23
260579,0.2
260582,0.24
260583,0.13
260584,0.23
260586,0.17
260589,0.17
260608,0.26
260632,0.14
260634,0.08
260635,0.23
260645,0.16
260659,0.18
260665,0.2
260673,0.21
260675,0.23
260676,0.22
260700,0.27
260721,0.29
260723,0.2
260732,0.18
260738,0.17
260748,0.17
260782,0.24
260806,0.21
260820,0.16
260825,0.14
260830,0.19
260844,0.18
260858,0.16
260860,0.19
260863,0.07
260867,0.28
260875,0.16
260877,0.29
260902,0.37
260910,0.13
260913,0.14
260923,0.2
260926,0.33
260936,0.21
260937,0.27
260948,0.26
260949,0.11
260959,0.23
260962,0.3
260986,0.3
260988,0.14
260992,0.23
260997,0.14
261007,0.16
261031,0.06
261039,0.22
261044,0.19
261055,0.18
261058,0.24
261069,0.18
261079,0.25
261084,0.2
261097,0.29
261101,0.14
261111,0.2
261115,0.13
261116,0.26
261121,0.16
261124,0.13
261126,0.19
261132,0.12
261161,0.12
261162,0.09
261175,0.11
261187,0.19
261191,0.15
261195,0.17
261197,0.19
261204,0.17
261231,0.2
261248,0.13
261263,0.38
261268,0.25
261273,0.25
261274,0.11
261277,0.19
261283,0.09
261293,0.14
261302,0.28
261309,0.17
261318,0.19
261340,0.2
261346,0.17
261355,0.16
261357,0.25
261365,0.26
261366,0.31
261376,0.12
261380,0.23
261385,0.45
261403,0.15
261416,0.26
261424,0.33
261425,0.13
261431,0.17
261433,0.19
261435,0.21
261440,0.11
261450,0.16
261456,0.41
261464,0.28
261465,0.15
261473,0.21
261475,0.18
261476,0.16
261480,0.17
261481,0.19
261495,0.17
261500,0.17
261506,0.13
261544,0.21
261551,0.06
261566,0.26
261573,0.24
261587,0.13
261592,0.14
261594,0.14
261626,0.17
261635,0.24
261649,0.19
261653,0.14
261660,0.21
261668,0.17
261669,0.16
261676,0.18
261688,0.18
261691,0.18
261699,0.19
261704,0.13
261718,0.36
261719,0.16
261735,0.12
261742,0.12
261746,0.35
261749,0.35
261759,0.24
261763,0.2
261772,0.12
261795,0.15
261798,0.12
261804,0.15
261806,0.15
261813,0.3
261814,0.15
261827,0.16
261835,0.14
261839,0.25
261840,0.19
261845,0.2
261846,0.17
261850,0.18
261853,0.17
261870,0.19
261871,0.13
261883,0.31
261885,0.16
261888,0.21
261892,0.11
261895,0.16
261906,0.16
261912,0.31
261918,0.2
261926,0.08
261930,0.16
261947,0.18
261956,0.15
261958,0.17
261960,0.3
261961,0.24
261965,0.17
261967,0.35
261968,0.2
261974,0.19
261980,0.22
261981,0.18
261983,0.17
261992,0.2
261998,0.06
262002,0.18
262006,0.11
262014,0.11
262017,0.24
262021,0.24
262038,0.26
262040,0.09
262043,0.21
262052,0.2
262054,0.24
262056,0.16
262058,0.08
262062,0.15
262065,0.25
262067,0.2
262070,0.18
262078,0.13
262084,0.21
262091,0.39
262092,0.26
262112,0.25
262114,0.22
262132,0.21
262140,0.35
262152,0.49
262159,0.18
262172,0.14
262180,0.21
262181,0.08
262188,0.42
262202,0.14
262206,0.18
262213,0.26
262227,0.26
262239,0.23
262243,0.14
262246,0.14
262251,0.07
262269,0.17
262272,0.2
262276,0.27
262277,0.17
262278,0.14
262281,0.19
262298,0.13
262308,0.17
262316,0.13
262320,0.2
262321,0.41
262337,0.31
262354,0.31
262362,0.23
262364,0.13
262365,0.22
262372,0.2
262373,0.14
262380,0.22
262392,0.22
262399,0.12
262407,0.27
262418,0.25
262429,0.14
262430,0.14
262446,0.19
262455,0.12
262459,0.22
262475,0.16
262478,0.29
262492,0.16
262520,0.23
262535,0.19
262537,0.12
262538,0.26
262541,0.19
262554,0.29
262559,0.21
262561,0.12
262562,0.26
262575,0.35
262576,0.28
262579,0.15
262581,0.3
262590,0.21
262599,0.13
262607,0.12
262608,0.15
262613,0.15
262620,0.15
262621,0.32
262622,0.11
262623,0.2
262629,0.16
262633,0.22
262650,0.18
262655,0.26
262659,0.16
262660,0.19
262663,0.13
262665,0.2
262666,0.27
262679,0.1
262681,0.22
262702,0.21
262705,0.23
262716,0.19
262725,0.22
262732,0.19
262743,0.12
262749,0.16
262752,0.22
262756,0.23
262758,0.22
262772,0.13
262784,0.1
262791,0.19
262793,0.27
262802,0.3
262814,0.23
262817,0.13
262820,0.14
262827,0.16
262832,0.11
262845,0.18
262847,0.12
262859,0.15
262862,0.26
262864,0.13
262865,0.16
262887,0.12
262914,0.24
262939,0.17
262943,0.27
262958,0.2
262963,0.2
262970,0.17
262979,0.32
262986,0.15
263004,0.23
263015,0.14
263016,0.14
263028,0.16
263029,0.29
263031,0.14
263044,0.18
263046,0.26
263056,0.23
263059,0.13
263061,0.26
263077,0.23
263087,0.18
263105,0.16
263116,0.29
263120,0.15
263127,0.33
263137,0.21
263166,0.14
263175,0.16
263184,0.14
263185,0.16
263205,0.2
263208,0.15
263210,0.15
263220,0.18
263224,0.19
263228,0.25
263240,0.13
263243,0.25
263288,0.15
263290,0.21
263306,0.14
263312,0.2
263319,0.2
263326,0.15
263331,0.14
263339,0.18
263347,0.17
263353,0.16
263355,0.28
263368,0.27
263408,0.22
263414,0.21
263421,0.2
263440,0.19
263458,0.1
263460,0.1
263475,0.21
263477,0.2
263479,0.11
263489,0.24
263492,0.25
263493,0.22
263498,0.16
263510,0.15
263513,0.16
263514,0.12
263517,0.25
263518,0.11
263548,0.14
263561,0.13
263564,0.18
263565,0.28
263576,0.14
263580,0.23
263582,0.09
263584,0.17
263593,0.41
263594,0.19
263598,0.18
263602,0.25
263611,0.18
263640,0.14
263642,0.14
263643,0.21
263646,0.3
263658,0.2
263664,0.19
263683,0.14
263703,0.27
263705,0.18
263709,0.13
263715,0.09
263728,0.25
263732,0.23
263735,0.19
263748,0.23
263750,0.13
263751,0.24
263759,0.2
263763,0.25
263765,0.15
263780,0.14
263783,0.22
263786,0.24
263794,0.23
263799,0.12
263802,0.13
263803,0.16
263820,0.21
263846,0.27
263857,0.17
263858,0.22
263860,0.26
263864,0.2
263870,0.16
263879,0.15
263881,0.18
263882,0.26
263895,0.18
263909,0.25
263918,0.2
263940,0.12
263945,0.13
263946,0.17
263947,0.2
263948,0.19
263962,0.19
263972,0.33
263974,0.07
263981,0.19
263984,0.2
263992,0.37
264001,0.21
264007,0.2
264010,0.14
264011,0.27
264015,0.22
264023,0.23
264030,0.26
264033,0.13
264037,0.12
264043,0.1
264044,0.13
264045,0.35
264050,0.17
264055,0.17
264059,0.17
264060,0.27
264062,0.2
264069,0.25
264077,0.18
264078,0.12
264087,0.16
264094,0.21
264095,0.25
264112,0.17
264113,0.14
264131,0.2
264145,0.25
264148,0.13
264157,0.23
264161,0.14
264173,0.33
264188,0.2
264195,0.16
264198,0.25
264199,0.16
264207,0.17
264209,0.19
264226,0.16
264227,0.22
264243,0.23
264246,0.28
264252,0.23
264254,0.2
264259,0.14
264274,0.17
264280,0.27
264285,0.19
264299,0.16
264331,0.15
264334,0.21
264338,0.12
264341,0.23
264344,0.18
264347,0.31
264350,0.18
264360,0.2
264365,0.07
264367,0.15
264378,0.18
264381,0.25
264397,0.15
264401,0.26
264405,0.09
264417,0.17
264422,0.12
264423,0.24
264424,0.17
264436,0.31
264441,0.12
264451,0.07
264453,0.17
264457,0.17
264460,0.11
264464,0.14
264469,0.24
264485,0.11
264491,0.23
264505,0.14
264535,0.32
264538,0.14
264541,0.2
264544,0.18
264545,0.16
264549,0.31
264557,0.21
264563,0.13
264569,0.18
264574,0.22
264587,0.17
264608,0.13
264610,0.23
264621,0.1
264627,0.15
264642,0.17
264644,0.12
264655,0.2
264660,0.17
264667,0.15
264691,0.25
264694,0.23
264695,0.12
264700,0.17
264709,0.09
264712,0.2
264714,0.15
264722,0.15
264728,0.17
264742,0.1
264744,0.28
264748,0.14
264760,0.17
264763,0.15
264771,0.15
264773,0.15
264782,0.38
264786,0.25
264787,0.2
264809,0.17
264811,0.11
264822,0.23
264823,0.37
264831,0.15
264834,0.24
264841,0.13
264848,0.3
264849,0.34
264863,0.25
264867,0.18
264874,0.15
264875,0.11
264877,0.11
264897,0.18
264900,0.22
264906,0.19
264909,0.27
264913,0.15
264922,0.2
264924,0.15
264927,0.28
264935,0.12
264938,0.3
264968,0.16
264975,0.29
264979,0.17
264989,0.2
265001,0.26
265009,0.19
265014,0.27
265016,0.18
265027,0.3
265049,0.1
265061,0.21
265062,0.17
265068,0.15
265072,0.23
265100,0.16
265105,0.14
265106,0.13
265110,0.12
265123,0.1
265126,0.35
265131,0.21
265134,0.21
265144,0.19
265146,0.29
265154,0.16
265164,0.19
265170,0.27
265172,0.1
265173,0.17
265178,0.2
265187,0.19
265191,0.15
265194,0.32
265216,0.11
265228,0.3
265231,0.17
265232,0.19
265233,0.21
265242,0.24
265243,0.14
265246,0.18
265259,0.19
265265,0.26
265266,0.19
265268,0.31
265280,0.08
265287,0.11
265297,0.14
265298,0.2
265300,0.11
265301,0.21
265305,0.26
265307,0.2
265314,0.15
265320,0.24
265331,0.23
265333,0.21
265336,0.22
265337,0.3
265344,0.11
265346,0.25
265371,0.18
265380,0.18
265386,0.18
265389,0.22
265409,0.28
265414,0.19
265415,0.15
265419,0.18
265422,0.11
265457,0.17
265461,0.26
265463,0.24
265468,0.22
265474,0.19
265478,0.15
265480,0.38
265488,0.25
265493,0.2
265510,0.18
265519,0.22
265521,0.23
265529,0.16
265533,0.41
265577,0.21
265591,0.25
265596,0.38
265607,0.22
265618,0.19
265619,0.16
265620,0.15
265628,0.22
265661,0.24
265669,0.19
265680,0.24
265707,0.26
265714,0.15
265716,0.16
265717,0.13
265718,0.14
265723,0.12
265730,0.13
265732,0.19
265744,0.23
265751,0.23
265760,0.19
265777,0.19
265783,0.15
265791,0.14
265792,0.16
265797,0.3
265798,0.14
265806,0.19
265815,0.19
265816,0.21
265821,0.21
265833,0.14
265854,0.16
265856,0.2
265858,0.16
265862,0.24
265863,0.2
265879,0.18
265881,0.14
265894,0.19
265895,0.46
265896,0.22
265898,0.2
265900,0.17
265907,0.15
265910,0.34
265917,0.22
265941,0.14
265955,0.17
265957,0.31
265961,0.16
265966,0.15
265969,0.27
265974,0.17
265976,0.1
265979,0.2
265985,0.17
265988,0.17
265990,0.22
265991,0.21
265993,0.12
265995,0.38
266009,0.18
266010,0.14
266014,0.22
266020,0.18
266022,0.23
266029,0.26
266045,0.19
266057,0.24
266060,0.27
266065,0.14
266071,0.2
266072,0.21
266074,0.17
266076,0.23
266089,0.14
266091,0.11
266097,0.23
266099,0.15
266106,0.25
266117,0.16
266120,0.19
266129,0.14
266132,0.21
266139,0.19
266140,0.11
266141,0.16
266146,0.29
266149,0.19
266159,0.14
266165,0.14
266171,0.31
266173,0.14
266177,0.2
266179,0.2
266186,0.16
266210,0.17
266227,0.15
266266,0.19
266291,0.17
266319,0.24
266321,0.21
266323,0.19
266329,0.11
266331,0.15
266333,0.21
266334,0.22
266338,0.2
266340,0.21
266344,0.25
266354,0.18
266359,0.22
266362,0.12
266364,0.14
266365,0.18
266379,0.22
266380,0.32
266387,0.21
266393,0.23
266396,0.17
266406,0.18
266418,0.26
266424,0.15
266440,0.14
266442,0.06
266444,0.19
266453,0.35
266455,0.21
266461,0.23
266462,0.13
266465,0.19
266466,0.3
266468,0.47
266471,0.23
266479,0.24
266499,0.22
266536,0.11
266543,0.16
266544,0.21
266556,0.22
266561,0.18
266573,0.19
266578,0.21
266590,0.32
266596,0.17
266624,0.19
266629,0.19
266635,0.16
266644,0.13
266650,0.1
266659,0.17
266666,0.17
266668,0.19
266674,0.33
266680,0.2
266686,0.24
266714,0.25
266730,0.1
266734,0.27
266740,0.25
266745,0.13
266749,0.26
266750,0.14
266751,0.18
266752,0.2
266753,0.2
266759,0.22
266763,0.21
266766,0.17
266783,0.16
266805,0.13
266812,0.23
266813,0.33
266816,0.24
266819,0.24
266820,0.41
266833,0.17
266842,0.16
266847,0.19
266848,0.14
266865,0.19
266867,0.25
266874,0.19
266885,0.19
266888,0.18
266890,0.31
266932,0.2
266941,0.33
266942,0.34
266948,0.12
266959,0.18
266977,0.16
266983,0.1
266984,0.2
266999,0.37
267000,0.24
267023,0.29
267031,0.23
267035,0.22
267046,0.16
267050,0.15
267058,0.16
267070,0.27
267079,0.27
267080,0.23
267093,0.18
267094,0.18
267102,0.13
267107,0.16
267108,0.23
267113,0.1
267127,0.19
267136,0.16
267143,0.12
267155,0.28
267180,0.13
267182,0.22
267184,0.13
267192,0.24
267195,0.24
267220,0.16
267228,0.14
267237,0.18
267241,0.23
267242,0.43
267247,0.21
267259,0.25
267260,0.32
267265,0.21
267269,0.26
267272,0.18
267275,0.25
267282,0.38
267284,0.42
267294,0.19
267298,0.23
267304,0.24
267316,0.16
267324,0.28
267327,0.24
267333,0.13
267338,0.14
267341,0.18
267342,0.25
267344,0.29
267345,0.35
267347,0.16
267361,0.29
267374,0.21
267379,0.17
267380,0.16
267382,0.18
267394,0.15
267403,0.23
267405,0.26
267412,0.21
267421,0.32
267437,0.2
267438,0.17
267443,0.08
267446,0.12
267460,0.28
267466,0.21
267469,0.25
267474,0.2
267488,0.2
267490,0.17
267496,0.42
267499,0.2
267501,0.17
267518,0.24
267522,0.32
267524,0.12
267532,0.17
267535,0.19
267547,0.21
267550,0.18
267559,0.26
267581,0.18
267586,0.18
267588,0.24
267592,0.18
267597,0.26
267600,0.15
267608,0.09
267620,0.12
267625,0.14
267628,0.1
267633,0.13
267639,0.15
267649,0.13
267659,0.16
267662,0.27
267671,0.21
267672,0.09
267677,0.15
267679,0.22
267682,0.16
267687,0.11
267689,0.13
267690,0.16
267707,0.36
267709,0.15
267716,0.07
267738,0.18
267744,0.33
267752,0.13
267754,0.28
267755,0.32
267757,0.14
267758,0.14
267767,0.24
267771,0.16
267808,0.25
267815,0.2
267833,0.35
267841,0.14
267843,0.22
267847,0.11
267857,0.22
267869,0.24
267881,0.21
267887,0.12
267890,0.11
267892,0.31
267895,0.24
267899,0.17
267906,0.14
267912,0.12
267917,0.21
267927,0.15
267930,0.12
267934,0.16
267950,0.19
267965,0.18
267966,0.13
267976,0.12
267998,0.18
267999,0.21
268012,0.28
268013,0.21
268014,0.17
268020,0.16
268028,0.25
268032,0.17
268039,0.2
268041,0.13
268046,0.12
268059,0.23
268064,0.2
268066,0.18
268073,0.27
268077,0.16
268085,0.2
268090,0.31
268109,0.27
268139,0.28
268151,0.08
268153,0.25
268155,0.38
268163,0.14
268166,0.15
268185,0.16
268189,0.19
268190,0.12
268192,0.12
268211,0.3
268213,0.14
268214,0.2
268220,0.19
268225,0.12
268227,0.26
268230,0.24
268247,0.3
268250,0.2
268268,0.24
268269,0.16
268271,0.2
268274,0.22
268280,0.26
268291,0.23
268299,0.2
268301,0.23
268306,0.16
268307,0.15
268310,0.17
268317,0.29
268328,0.2
268329,0.15
268337,0.09
268338,0.15
268357,0.16
268363,0.19
268373,0.16
268380,0.17
268386,0.2
268394,0.1
268407,0.23
268411,0.3
268417,0.28
268421,0.27
268422,0.27
268426,0.17
268427,0.18
268439,0.23
268445,0.15
268446,0.22
268459,0.21
268465,0.15
268466,0.26
268495,0.16
268497,0.15
268504,0.3
268508,0.17
268513,0.3
268525,0.12
268545,0.19
268546,0.14
268550,0.17
268568,0.11
268570,0.28
268590,0.13
268591,0.19
268602,0.17
268609,0.14
268616,0.18
268623,0.2
268645,0.28
268652,0.29
268668,0.29
268685,0.22
268707,0.13
268711,0.24
268714,0.16
268736,0.16
268746,0.32
268747,0.16
268749,0.23
268760,0.33
268761,0.15
268764,0.34
268781,0.03
268790,0.2
268799,0.21
268809,0.2
268814,0.21
268817,0.19
268822,0.18
268827,0.25
268828,0.23
268829,0.21
268845,0.23
268853,0.09
268859,0.17
268900,0.14
268911,0.19
268913,0.25
268917,0.24
268930,0.17
268934,0.15
268935,0.34
268938,0.23
268948,0.18
268950,0.2
268958,0.17
268975,0.14
268982,0.23
268983,0.22
268997,0.08
269009,0.11
269012,0.2
269017,0.22
269031,0.24
269038,0.3
269041,0.22
269045,0.13
269050,0.11
269056,0.23
269058,0.22
269060,0.1
269067,0.25
269082,0.12
269098,0.28
269105,0.13
269117,0.28
269123,0.21
269128,0.14
269143,0.16
269149,0.17
269162,0.25
269168,0.2
269172,0.25
269175,0.22
269189,0.17
269194,0.2
269197,0.24
269204,0.26
269211,0.17
269217,0.22
269222,0.17
269227,0.16
269228,0.09
269232,0.22
269250,0.27
269251,0.14
269257,0.31
269262,0.11
269263,0.17
269267,0.17
269275,0.1
269276,0.23
269279,0.16
269293,0.38
269300,0.14
269305,0.19
269309,0.29
269317,0.23
269352,0.3
269377,0.19
269378,0.12
269389,0.19
269392,0.19
269394,0.13
269402,0.3
269408,0.21
269410,0.18
269417,0.16
269421,0.28
269462,0.29
269481,0.18
269488,0.29
269489,0.21
269491,0.32
269495,0.17
269503,0.17
269510,0.24
269515,0.22
269522,0.14
269523,0.14
269536,0.2
269537,0.23
269549,0.1
269571,0.24
269576,0.16
269587,0.24
269595,0.18
269601,0.15
269610,0.43
269618,0.16
269620,0.23
269623,0.15
269637,0.19
269642,0.1
269652,0.14
269655,0.13
269661,0.2
269663,0.27
269665,0.19
269666,0.24
269667,0.14
269673,0.23
269693,0.21
269701,0.2
269702,0.14
269704,0.26
269718,0.13
269727,0.12
269732,0.2
269736,0.18
269738,0.2
269741,0.1
269744,0.21
269749,0.36
269750,0.19
269758,0.11
269775,0.22
269776,0.17
269777,0.16
269789,0.18
269794,0.22
269797,0.11
269807,0.27
269813,0.17
269844,0.28
269848,0.21
269871,0.1
269877,0.16
269878,0.16
269887,0.21
269904,0.21
269913,0.32
269938,0.19
269941,0.27
269953,0.22
269954,0.26
269955,0.27
269958,0.19
269960,0.19
269966,0.28
269975,0.16
269978,0.26
269989,0.19
269993,0.18
269998,0.2
270001,0.15
270020,0.19
270023,0.24
270028,0.2
270048,0.21
270061,0.19
270062,0.22
270096,0.3
270108,0.13
270118,0.15
270120,0.29
270122,0.12
270127,0.08
270131,0.27
270142,0.23
270146,0.2
270148,0.17
270152,0.13
270165,0.22
270170,0.16
270188,0.08
270204,0.17
270235,0.21
270243,0.34
270254,0.18
270265,0.15
270270,0.36
270287,0.11
270295,0.2
270296,0.11
270302,0.18
270304,0.28
270307,0.07
270310,0.18
270317,0.14
270324,0.23
270326,0.17
270337,0.14
270363,0.19
270371,0.09
270373,0.23
270375,0.17
270376,0.21
270379,0.12
270383,0.32
270390,0.13
270393,0.15
270402,0.18
270410,0.17
270411,0.15
270412,0.24
270415,0.19
270417,0.24
270436,0.2
270440,0.14
270449,0.16
270450,0.17
270457,0.18
270460,0.13
270461,0.12
270467,0.11
270473,0.24
270486,0.1
270488,0.24
270513,0.16
270518,0.22
270522,0.1
270526,0.14
270532,0.17
270545,0.24
270548,0.23
270550,0.09
270562,0.25
270564,0.14
270571,0.19
270572,0.22
270574,0.17
270575,0.12
270579,0.18
270612,0.25
270613,0.23
270622,0.16
270636,0.15
270643,0.19
270644,0.15
270645,0.22
270658,0.18
270661,0.17
270665,0.17
270676,0.25
270685,0.16
270695,0.28
270712,0.15
270719,0.23
270740,0.11
270753,0.13
270756,0.14
270759,0.3
270760,0.15
270764,0.18
270767,0.16
270778,0.08
270782,0.21
270794,0.16
270795,0.42
270799,0.18
270807,0.15
270821,0.21
270826,0.25
270829,0.19
270831,0.16
270843,0.22
270844,0.21
270847,0.14
270854,0.14
270856,0.32
270861,0.12
270862,0.2
270864,0.25
270881,0.17
270883,0.16
270885,0.33
270888,0.21
270894,0.15
270906,0.24
270914,0.21
270919,0.13
270935,0.29
270945,0.19
270957,0.14
270966,0.2
270970,0.25
270971,0.23
270976,0.18
270977,0.25
270978,0.08
270979,0.19
270982,0.15
270987,0.24
270989,0.21
270991,0.16
270992,0.16
270993,0.14
270997,0.33
271010,0.31
271025,0.09
271037,0.18
271038,0.19
271054,0.16
271056,0.18
271065,0.26
271070,0.15
271095,0.14
271099,0.13
271102,0.15
271103,0.18
271105,0.3
271106,0.22
271117,0.21
271134,0.26
271135,0.13
271137,0.19
271145,0.25
271149,0.16
271195,0.1
271199,0.25
271200,0.3
271220,0.18
271233,0.27
271234,0.22
271236,0.2
271248,0.18
271250,0.28
271251,0.18
271255,0.31
271261,0.16
271269,0.23
271276,0.21
271296,0.31
271304,0.39
271314,0.1
271318,0.18
271322,0.13
271325,0.16
271354,0.11
271355,0.13
271359,0.12
271361,0.13
271363,0.38
271367,0.15
271368,0.12
271369,0.13
271393,0.25
271409,0.24
271415,0.06
271418,0.16
271429,0.14
271431,0.2
271432,0.27
271442,0.22
271446,0.19
271448,0.2
271450,0.38
271452,0.17
271460,0.19
271461,0.27
271472,0.16
271496,0.14
271515,0.14
271527,0.24
271537,0.23
271544,0.31
271562,0.27
271565,0.11
271566,0.25
271567,0.23
271570,0.23
271576,0.18
271582,0.3
271586,0.17
271593,0.18
271598,0.18
271606,0.29
271607,0.18
271616,0.23
271617,0.17
271624,0.15
271638,0.25
271652,0.2
271657,0.1
271662,0.19
271665,0.11
271667,0.08
271670,0.3
271675,0.25
271679,0.32
271682,0.3
271696,0.29
271699,0.08
271733,0.22
271739,0.12
271746,0.11
271753,0.18
271756,0.24
271762,0.11
271777,0.13
271781,0.09
271785,0.1
271786,0.06
271790,0.13
271801,0.22
271806,0.13
271807,0.11
271810,0.2
271811,0.18
271815,0.2
271847,0.17
271875,0.2
271878,0.2
271880,0.3
271883,0.16
271911,0.22
271912,0.12
271914,0.3
271922,0.27
271933,0.26
271945,0.18
271952,0.23
271954,0.24
271961,0.24
271967,0.18
271969,0.15
271980,0.27
271989,0.13
271991,0.18
272000,0.25
272004,0.21
272010,0.25
272013,0.23
272029,0.23
272030,0.17
272031,0.12
272035,0.13
272040,0.36
272043,0.18
272055,0.26
272068,0.16
272075,0.32
272081,0.19
272090,0.19
272104,0.15
272116,0.2
272121,0.18
272129,0.12
272143,0.09
272146,0.17
272148,0.23
272152,0.26
272167,0.18
272180,0.14
272192,0.21
272201,0.21
272205,0.19
272209,0.24
272211,0.2
272228,0.15
272233,0.22
272235,0.2
272249,0.35
272267,0.23
272270,0.2
272276,0.23
272302,0.18
272303,0.12
272308,0.23
272309,0.21
272311,0.19
272313,0.23
272353,0.09
272366,0.14
272367,0.18
272371,0.2
272381,0.13
272404,0.21
272405,0.21
272418,0.26
272419,0.21
272425,0.28
272438,0.21
272444,0.23
272445,0.19
272462,0.2
272474,0.16
272478,0.26
272479,0.31
272480,0.14
272482,0.14
272511,0.34
272512,0.16
272516,0.19
272517,0.16
272522,0.19
272537,0.12
272555,0.11
272564,0.3
272566,0.18
272573,0.11
272575,0.16
272583,0.13
272593,0.12
272627,0.15
272628,0.17
272630,0.11
272632,0.16
272635,0.4
272636,0.21
272661,0.22
272669,0.17
272672,0.2
272681,0.28
272682,0.19
272691,0.17
272697,0.26
272706,0.19
272708,0.14
272717,0.11
272722,0.18
272723,0.12
272737,0.15
272744,0.29
272752,0.33
272757,0.17
272760,0.13
272763,0.18
272768,0.17
272779,0.18
272781,0.29
272787,0.13
272795,0.14
272799,0.18
272820,0.18
272821,0.13
272829,0.21
272852,0.18
272863,0.22
272878,0.17
272886,0.16
272891,0.28
272903,0.25
272914,0.19
272928,0.24
272937,0.23
272938,0.14
272944,0.14
272965,0.21
272967,0.19
272969,0.24
272983,0.26
272998,0.18
273002,0.2
273005,0.2
273010,0.2
273011,0.21
273017,0.13
273021,0.14
273023,0.26
273027,0.14
273035,0.18
273047,0.27
273053,0.15
273060,0.26
273062,0.11
273074,0.2
273078,0.14
273079,0.23
273087,0.2
273107,0.23
273109,0.16
273112,0.21
273113,0.23
273117,0.18
273121,0.45
273137,0.26
273156,0.15
273157,0.17
273177,0.13
273192,0.15
273193,0.16
273194,0.14
273198,0.24
273199,0.24
273206,0.23
273213,0.15
273235,0.31
273244,0.22
273247,0.19
273248,0.27
273254,0.26
273259,0.13
273270,0.13
273272,0.18
273287,0.2
273289,0.22
273294,0.2
273301,0.21
273304,0.21
273313,0.21
273314,0.2
273333,0.11
273336,0.33
273343,0.18
273353,0.16
273359,0.14
273371,0.24
273402,0.18
273415,0.13
273420,0.38
273424,0.16
273428,0.16
273429,0.14
273443,0.3
273457,0.16
273458,0.13
273467,0.24
273477,0.2
273482,0.17
273495,0.21
273496,0.18
273503,0.16
273507,0.19
273508,0.22
273510,0.18
273524,0.31
273552,0.16
273556,0.22
273566,0.22
273579,0.08
273584,0.23
273595,0.2
273606,0.18
273623,0.18
273625,0.16
273638,0.32
273660,0.13
273664,0.19
273683,0.15
273686,0.04
273687,0.36
273699,0.27
273700,0.28
273719,0.25
273721,0.33
273728,0.25
273764,0.17
273770,0.11
273774,0.16
273792,0.24
273806,0.09
273807,0.2
273818,0.13
273823,0.17
273835,0.33
273856,0.2
273861,0.17
273863,0.07
273864,0.26
273874,0.23
273879,0.16
273892,0.25
273895,0.25
273899,0.27
273900,0.23
273912,0.3
273921,0.16
273941,0.2
273946,0.15
273954,0.17
273956,0.2
273962,0.25
273968,0.19
273985,0.16
274000,0.16
274003,0.12
274004,0.12
274006,0.21
274019,0.29
274022,0.33
274023,0.23
274034,0.11
274043,0.18
274052,0.22
274054,0.45
274058,0.35
274063,0.19
274070,0.14
274072,0.19
274081,0.06
274108,0.23
274118,0.26
274125,0.2
274129,0.18
274140,0.26
274142,0.24
274146,0.11
274147,0.18
274155,0.13
274163,0.19
274165,0.26
274174,0.13
274182,0.26
274186,0.2
274188,0.18
274193,0.2
274198,0.17
274216,0.14
274219,0.17
274225,0.35
274229,0.21
274248,0.17
274268,0.24
274274,0.16
274286,0.12
274289,0.16
274297,0.19
274302,0.14
274326,0.22
274346,0.21
274348,0.18
274349,0.13
274350,0.2
274353,0.15
274359,0.35
274364,0.2
274368,0.11
274373,0.11
274378,0.22
274389,0.17
274390,0.13
274391,0.15
274392,0.12
274396,0.23
274408,0.21
274409,0.26
274424,0.28
274453,0.24
274460,0.2
274465,0.16
274468,0.14
274481,0.3
274482,0.07
274484,0.22
274490,0.31
274509,0.21
274511,0.14
274515,0.2
274521,0.23
274523,0.17
274525,0.35
274539,0.14
274541,0.23
274574,0.26
274585,0.13
274587,0.2
274594,0.24
274600,0.22
274605,0.15
274611,0.19
274619,0.15
274641,0.21
274666,0.28
274688,0.16
274690,0.22
274699,0.27
274703,0.17
274715,0.07
274717,0.2
274760,0.19
274774,0.2
274791,0.26
274801,0.12
274804,0.13
274808,0.23
274813,0.3
274815,0.26
274818,0.11
274820,0.13
274829,0.23
274847,0.24
274865,0.17
274870,0.12
274881,0.28
274890,0.22
274894,0.12
274902,0.14
274905,0.16
274911,0.16
274912,0.28
274914,0.21
274927,0.15
274931,0.09
274944,0.29
274951,0.2
274953,0.28
274954,0.13
274961,0.14
274965,0.2
274972,0.29
274978,0.2
274984,0.2
274993,0.19
274996,0.15
275043,0.17
275048,0.2
275052,0.29
275059,0.11
275060,0.13
275071,0.16
275077,0.21
275078,0.21
275091,0.2
275098,0.26
275111,0.09
275120,0.25
275121,0.22
275125,0.13
275129,0.21
275139,0.16
275150,0.12
275153,0.19
275166,0.27
275185,0.22
275199,0.27
275201,0.13
275203,0.21
275216,0.24
275225,0.26
275226,0.15
275232,0.15
275254,0.12
275256,0.35
275272,0.31
275278,0.2
275280,0.23
275286,0.2
275288,0.24
275299,0.24
275306,0.21
275313,0.09
275314,0.13
275319,0.33
275324,0.17
275330,0.15
275334,0.1
275335,0.24
275337,0.21
275339,0.22
275351,0.17
275352,0.21
275367,0.16
275384,0.13
275392,0.25
275393,0.25
275408,0.27
275411,0.26
275413,0.32
275415,0.17
275416,0.2
275422,0.16
275424,0.29
275438,0.27
275440,0.21
275468,0.07
275469,0.13
275473,0.16
275482,0.28
275488,0.16
275502,0.18
275503,0.12
275511,0.21
275518,0.13
275520,0.23
275524,0.14
275531,0.21
275537,0.14
275558,0.18
275574,0.16
275576,0.19
275583,0.14
275588,0.13
275605,0.29
275612,0.23
275627,0.22
275633,0.1
275646,0.24
275647,0.28
275653,0.27
275661,0.18
275683,0.12
275688,0.07
275691,0.22
275713,0.22
275731,0.17
275735,0.23
275739,0.18
275761,0.21
275762,0.15
275767,0.17
275768,0.12
275769,0.3
275774,0.21
275776,0.09
275783,0.16
275800,0.09
275805,0.22
275836,0.11
275842,0.13
275855,0.28
275860,0.11
275870,0.19
275884,0.29
275897,0.18
275899,0.09
275900,0.13
275906,0.17
275912,0.24
275922,0.31
275929,0.41
275931,0.37
275932,0.13
275936,0.28
275937,0.09
275947,0.28
275949,0.3
275954,0.31
275958,0.13
275966,0.34
275967,0.19
275970,0.33
275989,0.21
275993,0.16
275995,0.2
275998,0.07
276007,0.15
276011,0.12
276029,0.33
276047,0.17
276048,0.21
276050,0.27
276054,0.15
276056,0.11
276057,0.2
276060,0.14
276084,0.17
276089,0.17
276118,0.16
276121,0.28
276122,0.24
276130,0.16
276134,0.31
276135,0.19
276142,0.28
276164,0.09
276195,0.3
276210,0.28
276235,0.15
276238,0.14
276242,0.13
276244,0.32
276247,0.2
276263,0.26
276306,0.17
276309,0.19
276319,0.24
276334,0.22
276338,0.19
276343,0.18
276344,0.1
276345,0.17
276348,0.12
276359,0.13
276363,0.19
276365,0.2
276366,0.34
276373,0.09
276378,0.25
276386,0.11
276405,0.21
276419,0.14
276422,0.16
276430,0.17
276437,0.23
276442,0.16
276444,0.14
276446,0.19
276455,0.34
276470,0.14
276472,0.15
276475,0.35
276479,0.14
276484,0.17
276487,0.16
276488,0.17
276495,0.26
276497,0.23
276508,0.18
276509,0.21
276516,0.18
276521,0.12
276525,0.21
276550,0.21
276560,0.13
276569,0.2
276584,0.11
276603,0.14
276615,0.13
276617,0.09
276622,0.25
276625,0.13
276629,0.1
276642,0.16
276664,0.15
276674,0.1
276675,0.35
276678,0.2
276692,0.15
276693,0.19
276697,0.15
276703,0.15
276705,0.12
276717,0.25
276728,0.15
276744,0.21
276762,0.19
276764,0.14
276781,0.17
276793,0.22
276798,0.22
276800,0.17
276805,0.1
276824,0.16
276826,0.18
276848,0.26
276854,0.22
276862,0.37
276865,0.15
276869,0.26
276880,0.11
276882,0.34
276886,0.16
276889,0.19
276892,0.21
276903,0.2
276906,0.14
276936,0.21
276945,0.09
276956,0.13
276958,0.17
276963,0.21
276966,0.14
276987,0.16
276993,0.2
276994,0.18
277004,0.17
277015,0.14
277021,0.29
277024,0.19
277032,0.28
277054,0.19
277055,0.13
277061,0.15
277065,0.26
277070,0.26
277079,0.28
277088,0.15
277108,0.31
277114,0.12
277121,0.2
277137,0.05
277148,0.16
277158,0.21
277162,0.28
277165,0.38
277167,0.18
277170,0.19
277172,0.2
277177,0.17
277179,0.2
277182,0.27
277185,0.18
277191,0.13
277200,0.26
277211,0.18
277217,0.19
277221,0.2
277226,0.13
277227,0.25
277228,0.23
277229,0.12
277244,0.23
277271,0.13
277274,0.13
277282,0.15
277286,0.24
277288,0.31
277290,0.13
277291,0.1
277296,0.13
277297,0.16
277320,0.16
277327,0.23
277335,0.16
277336,0.15
277338,0.2
277342,0.36
277344,0.13
277345,0.14
277349,0.1
277356,0.08
277370,0.21
277371,0.22
277379,0.21
277386,0.47
277390,0.32
277400,0.23
277401,0.27
277412,0.12
277413,0.24
277415,0.09
277417,0.24
277419,0.3
277422,0.24
277423,0.19
277425,0.18
277432,0.15
277438,0.18
277445,0.18
277447,0.24
277456,0.13
277457,0.1
277474,0.13
277488,0.09
277494,0.12
277501,0.26
277503,0.2
277510,0.16
277516,0.2
277521,0.23
277522,0.09
277530,0.17
277531,0.27
277536,0.19
277548,0.18
277550,0.15
277554,0.27
277555,0.15
277562,0.17
277565,0.25
277566,0.13
277572,0.23
277592,0.2
277593,0.08
277610,0.23
277621,0.22
277654,0.2
277668,0.21
277673,0.29
277675,0.2
277694,0.25
277697,0.16
277699,0.13
277700,0.2
277701,0.14
277708,0.26
277710,0.15
277717,0.26
277725,0.21
277731,0.24
277746,0.32
277753,0.2
277757,0.28
277764,0.15
277772,0.25
277775,0.24
277777,0.21
277787,0.13
277797,0.18
277798,0.23
277802,0.36
277812,0.09
277816,0.12
277820,0.26
277821,0.16
277822,0.24
277838,0.14
277845,0.07
277846,0.21
277854,0.39
277856,0.25
277866,0.13
277874,0.16
277893,0.24
277900,0.21
277964,0.14
277970,0.2
277976,0.17
277983,0.16
277994,0.13
278011,0.22
278025,0.37
278045,0.19
278048,0.29
278066,0.18
278088,0.18
278098,0.23
278101,0.3
278113,0.2
278114,0.09
278128,0.15
278152,0.22
278157,0.13
278168,0.33
278169,0.3
278174,0.14
278176,0.2
278181,0.23
278185,0.27
278225,0.26
278236,0.36
278242,0.2
278244,0.18
278251,0.22
278252,0.17
278272,0.11
278279,0.18
278287,0.22
278288,0.17
278309,0.19
278310,0.13
278316,0.21
278318,0.48
278320,0.21
278344,0.19
278356,0.22
278359,0.24
278361,0.19
278368,0.22
278372,0.16
278384,0.26
278388,0.15
278409,0.27
278414,0.14
278415,0.16
278416,0.22
278422,0.18
278423,0.22
278432,0.16
278436,0.14
278455,0.12
278461,0.26
278469,0.28
278482,0.2
278487,0.19
278493,0.14
278501,0.2
278508,0.25
278511,0.09
278519,0.16
278526,0.22
278530,0.17
278533,0.09
278539,0.25
278545,0.14
278556,0.17
278559,0.25
278587,0.17
278601,0.19
278603,0.24
278604,0.2
278605,0.2
278606,0.11
278613,0.17
278616,0.22
278618,0.2
278632,0.22
278633,0.09
278637,0.13
278645,0.32
278649,0.17
278653,0.34
278662,0.09
278673,0.17
278700,0.13
278703,0.24
278704,0.11
278723,0.22
278725,0.21
278730,0.14
278750,0.25
278765,0.15
278770,0.12
278779,0.08
278787,0.17
278791,0.16
278804,0.21
278807,0.17
278810,0.09
278812,0.16
278815,0.22
278821,0.2
278825,0.16
278832,0.15
278836,0.22
278838,0.19
278840,0.25
278844,0.14
278862,0.16
278863,0.13
278871,0.17
278875,0.2
278892,0.3
278899,0.23
278903,0.21
278909,0.2
278913,0.36
278931,0.13
278932,0.19
278933,0.29
278937,0.2
278952,0.22
278954,0.09
278960,0.23
278967,0.14
278968,0.17
278972,0.19
278976,0.28
278982,0.27
278983,0.23
279001,0.17
279015,0.17
279018,0.22
279035,0.29
279040,0.23
279043,0.19
279046,0.14
279061,0.22
279063,0.14
279065,0.18
279068,0.14
279070,0.12
279074,0.22
279076,0.21
279086,0.1
279095,0.13
279107,0.28
279108,0.23
279109,0.08
279110,0.2
279111,0.22
279129,0.12
279134,0.26
279137,0.22
279142,0.33
279146,0.11
279153,0.13
279157,0.17
279165,0.11
279166,0.15
279172,0.18
279173,0.18
279174,0.28
279179,0.16
279182,0.2
279186,0.15
279187,0.14
279189,0.2
279201,0.22
279202,0.21
279213,0.17
279214,0.17
279217,0.21
279230,0.29
279232,0.18
279233,0.14
279235,0.15
279250,0.13
279252,0.09
279257,0.2
279265,0.17
279266,0.19
279279,0.14
279281,0.13
279282,0.21
279285,0.16
279286,0.27
279297,0.12
279300,0.22
279318,0.15
279324,0.13
279334,0.2
279335,0.12
279336,0.18
279341,0.18
279342,0.36
279353,0.12
279357,0.28
279371,0.29
279376,0.19
279391,0.11
279392,0.18
279402,0.39
279406,0.24
279408,0.14
279434,0.23
279439,0.13
279448,0.14
279450,0.19
279456,0.15
279461,0.2
279466,0.16
279470,0.23
279471,0.17
279493,0.17
279500,0.16
279506,0.1
279512,0.16
279519,0.26
279533,0.06
279549,0.16
279551,0.39
279556,0.12
279557,0.33
279558,0.21
279566,0.29
279592,0.25
279595,0.31
279604,0.27
279608,0.13
279614,0.18
279618,0.18
279622,0.14
279648,0.27
279652,0.13
279653,0.16
279679,0.08
279690,0.24
279691,0.22
279694,0.27
279698,0.17
279702,0.18
279712,0.2
279713,0.24
279715,0.16
279725,0.23
279727,0.24
279733,0.16
279742,0.26
279748,0.2
279754,0.19
279756,0.24
279776,0.27
279778,0.28
279779,0.19
279782,0.25
279793,0.15
279794,0.19
279804,0.3
279810,0.13
279817,0.41
279828,0.17
279830,0.14
279831,0.21
279834,0.28
279835,0.14
279840,0.2
279847,0.11
279852,0.12
279854,0.22
279856,0.25
279859,0.32
279862,0.16
279876,0.2
279878,0.17
279889,0.21
279894,0.15
279897,0.14
279903,0.1
279904,0.26
279906,0.24
279909,0.19
279922,0.3
279925,0.27
279939,0.3
279940,0.17
279942,0.21
279948,0.16
279952,0.13
279960,0.08
279968,0.12
279969,0.22
279977,0.39
279980,0.2
279994,0.17
279997,0.16
279998,0.21
280007,0.21
280009,0.4
280010,0.3
280020,0.14
280021,0.15
280022,0.16
280052,0.16
280058,0.1
280074,0.22
280076,0.13
280085,0.28
280091,0.22
280095,0.19
280107,0.23
280116,0.23
280140,0.21
280144,0.3
280156,0.13
280177,0.13
280191,0.12
280205,0.17
280226,0.25
280230,0.11
280234,0.12
280264,0.19
280274,0.15
280298,0.08
280299,0.12
280300,0.3
280301,0.24
280308,0.06
280317,0.23
280319,0.17
280322,0.17
280342,0.18
280348,0.22
280350,0.19
280353,0.2
280366,0.18
280372,0.2
280374,0.17
280376,0.37
280381,0.11
280384,0.17
280388,0.23
280397,0.27
280401,0.12
280409,0.15
280413,0.15
280422,0.25
280424,0.15
280426,0.19
280429,0.21
280430,0.29
280435,0.18
280444,0.12
280450,0.25
280455,0.3
280459,0.1
280462,0.19
280466,0.21
280470,0.2
280473,0.13
280517,0.19
280524,0.39
280527,0.13
280531,0.19
280548,0.21
280558,0.24
280563,0.12
280598,0.25
280599,0.21
280603,0.22
280607,0.21
280610,0.25
280612,0.19
280625,0.19
280631,0.15
280650,0.21
280653,0.5
280657,0.08
280669,0.16
280675,0.16
280679,0.3
280685,0.13
280691,0.19
280693,0.17
280706,0.13
280714,0.11
280719,0.26
280724,0.25
280725,0.12
280737,0.18
280738,0.21
280744,0.2
280746,0.34
280760,0.25
280772,0.2
280777,0.17
280784,0.17
280785,0.21
280791,0.19
280793,0.15
280794,0.07
280800,0.09
280805,0.21
280806,0.15
280815,0.27
280823,0.13
280831,0.17
280832,0.1
280841,0.2
280845,0.24
280846,0.15
280854,0.13
280857,0.16
280861,0.18
280862,0.27
280867,0.19
280877,0.17
280879,0.23
280890,0.19
280891,0.19
280903,0.27
280916,0.19
280929,0.16
280934,0.21
280941,0.22
280947,0.13
280962,0.18
280963,0.18
280966,0.15
280967,0.23
280971,0.36
281005,0.17
281007,0.24
281008,0.15
281009,0.16
281016,0.2
281024,0.28
281039,0.22
281045,0.07
281054,0.22
281055,0.22
281056,0.28
281068,0.1
281092,0.2
281094,0.13
281118,0.33
281133,0.16
281137,0.18
281164,0.22
281176,0.18
281177,0.19
281184,0.09
281187,0.19
281192,0.11
281195,0.18
281220,0.18
281222,0.14
281227,0.21
281234,0.22
281251,0.13
281278,0.21
281298,0.25
281303,0.27
281306,0.3
281314,0.13
281320,0.14
281322,0.14
281337,0.15
281347,0.4
281357,0.27
281362,0.13
281365,0.24
281366,0.15
281367,0.14
281373,0.14
281376,0.12
281400,0.37
281417,0.15
281420,0.14
281422,0.22
281435,0.12
281439,0.2
281448,0.17
281451,0.2
281453,0.17
281482,0.16
281494,0.19
281514,0.16
281515,0.21
281542,0.19
281556,0.12
281568,0.11
281592,0.15
281593,0.11
281607,0.29
281613,0.21
281618,0.26
281620,0.26
281628,0.24
281629,0.14
281633,0.18
281634,0.17
281642,0.19
281643,0.15
281653,0.22
281661,0.28
281671,0.19
281675,0.22
281684,0.15
281692,0.4
281697,0.15
281730,0.15
281731,0.2
281734,0.26
281737,0.18
281750,0.25
281752,0.16
281764,0.15
281782,0.2
281791,0.23
281793,0.32
281795,0.27
281824,0.14
281831,0.23
281845,0.25
281848,0.18
281854,0.15
281855,0.19
281867,0.12
281873,0.17
281875,0.12
281876,0.28
281881,0.23
281905,0.15
281906,0.23
281907,0.19
281914,0.19
281929,0.24
281936,0.31
281938,0.21
281940,0.24
281941,0.19
281950,0.11
281954,0.11
281955,0.13
281956,0.23
281957,0.14
281968,0.25
281972,0.29
281974,0.14
281987,0.17
281996,0.23
281998,0.13
282002,0.12
282004,0.18
282005,0.11
282020,0.17
282021,0.2
282041,0.24
282045,0.2
282046,0.12
282048,0.19
282056,0.22
282063,0.24
282068,0.26
282072,0.15
282100,0.15
282104,0.18
282105,0.12
282106,0.15
282108,0.13
282114,0.22
282132,0.24
282133,0.17
282136,0.19
282145,0.25
282146,0.32
282150,0.13
282151,0.24
282152,0.16
282157,0.3
282165,0.19
282167,0.12
282178,0.2
282179,0.19
282204,0.23
282208,0.2
282218,0.18
282221,0.34
282223,0.15
282226,0.16
282230,0.18
282232,0.21
282235,0.11
282236,0.21
282239,0.24
282246,0.17
282250,0.32
282259,0.16
282270,0.14
282272,0.22
282282,0.32
282292,0.2
282306,0.22
282311,0.2
282317,0.32
282318,0.18
282331,0.14
282338,0.27
282349,0.17
282350,0.27
282355,0.08
282359,0.28
282382,0.21
282396,0.17
282399,0.18
282408,0.11
282421,0.14
282427,0.16
282437,0.11
282446,0.17
282448,0.16
282453,0.19
282456,0.22
282457,0.12
282465,0.28
282476,0.25
282478,0.2
282482,0.14
282485,0.23
282492,0.2
282498,0.24
282503,0.17
282512,0.16
282521,0.18
282531,0.36
282548,0.12
282582,0.13
282585,0.15
282605,0.18
282618,0.21
282633,0.18
282642,0.26
282645,0.24
282647,0.16
282649,0.14
282654,0.15
282661,0.2
282667,0.1
282668,0.18
282678,0.15
282679,0.2
282687,0.13
282688,0.1
282691,0.25
282702,0.22
282709,0.26
282712,0.18
282715,0.24
282726,0.14
282735,0.21
282737,0.15
282746,0.28
282751,0.11
282754,0.32
282758,0.21
282773,0.28
282787,0.07
282794,0.18
282812,0.11
282822,0.18
282827,0.22
282836,0.12
282841,0.17
282854,0.2
282862,0.19
282873,0.19
282890,0.17
282900,0.21
282906,0.27
282910,0.23
282915,0.14
282929,0.17
282933,0.2
282944,0.16
282945,0.21
282950,0.12
282954,0.14
282960,0.17
282961,0.25
282962,0.13
282965,0.15
282971,0.26
282974,0.17
282975,0.09
282979,0.18
282984,0.16
282990,0.25
282998,0.24
283005,0.24
283013,0.25
283018,0.23
283029,0.38
283032,0.1
283036,0.19
283041,0.24
283046,0.22
283050,0.15
283057,0.21
283065,0.2
283069,0.34
283074,0.21
283076,0.25
283077,0.15
283089,0.19
283090,0.04
283094,0.26
283110,0.12
283118,0.21
283127,0.13
283130,0.15
283139,0.27
283143,0.21
283144,0.35
283146,0.21
283150,0.21
283161,0.21
283177,0.23
283180,0.23
283184,0.18
283191,0.2
283193,0.21
283196,0.25
283199,0.16
283202,0.27
283205,0.21
283213,0.1
283216,0.17
283218,0.23
283220,0.15
283227,0.27
283233,0.1
283248,0.12
283250,0.21
283261,0.15
283264,0.25
283267,0.19
283269,0.22
283271,0.2
283282,0.24
283283,0.07
283290,0.22
283295,0.17
283298,0.19
283303,0.26
283309,0.18
283310,0.21
283314,0.2
283317,0.13
283318,0.26
283323,0.24
283327,0.25
283328,0.29
283336,0.23
283340,0.2
283344,0.18
283345,0.18
283360,0.16
283361,0.13
283383,0.35
283387,0.21
283390,0.18
283412,0.11
283426,0.18
283429,0.19
283433,0.23
283437,0.19
283438,0.15
283461,0.16
283466,0.15
283477,0.18
283479,0.23
283483,0.14
283484,0.25
283486,0.18
283500,0.2
283512,0.28
283515,0.14
283517,0.32
283519,0.19
283523,0.15
283528,0.31
283555,0.1
283565,0.17
283572,0.22
283576,0.12
283586,0.24
283590,0.18
283606,0.12
283615,0.15
283619,0.19
283632,0.18
283635,0.16
283636,0.18
283641,0.42
283642,0.15
283647,0.16
283667,0.2
283683,0.14
283684,0.18
283687,0.25
283691,0.28
283693,0.13
283701,0.1
283702,0.22
283711,0.29
283713,0.35
283726,0.16
283730,0.29
283736,0.1
283737,0.25
283740,0.17
283748,0.18
283750,0.22
283756,0.13
283757,0.18
283774,0.3
283776,0.27
283784,0.23
283790,0.26
283796,0.16
283806,0.12
283816,0.17
283825,0.15
283827,0.13
283835,0.13
283839,0.23
283843,0.18
283874,0.24
283880,0.22
283881,0.21
283882,0.31
283887,0.1
283891,0.18
283893,0.23
283895,0.15
283900,0.28
283906,0.13
283938,0.17
283943,0.1
283953,0.28
283958,0.2
283961,0.14
283972,0.14
283973,0.14
283986,0.23
283990,0.22
283994,0.33
284000,0.12
284002,0.2
284003,0.2
284035,0.29
284049,0.19
284055,0.28
284060,0.2
284061,0.19
284069,0.16
284072,0.15
284075,0.23
284087,0.18
284093,0.13
284095,0.19
284096,0.25
284106,0.11
284109,0.11
284112,0.16
284126,0.23
284152,0.15
284155,0.18
284157,0.09
284159,0.17
284194,0.18
284207,0.14
284211,0.29
284220,0.16
284232,0.27
284239,0.18
284246,0.13
284257,0.18
284259,0.16
284272,0.18
284277,0.24
284279,0.37
284283,0.16
284294,0.11
284298,0.15
284305,0.19
284309,0.16
284311,0.14
284315,0.17
284338,0.3
284340,0.18
284342,0.17
284344,0.15
284348,0.17
284361,0.28
284373,0.13
284380,0.5
284408,0.16
284422,0.19
284423,0.26
284427,0.18
284433,0.21
284442,0.13
284462,0.28
284481,0.39
284487,0.18
284492,0.23
284495,0.16
284499,0.28
284503,0.29
284506,0.29
284507,0.12
284511,0.27
284512,0.19
284513,0.07
284520,0.24
284537,0.16
284557,0.31
284560,0.15
284571,0.25
284573,0.21
284574,0.1
284575,0.13
284576,0.16
284578,0.14
284592,0.16
284606,0.19
284609,0.21
284614,0.16
284627,0.13
284630,0.14
284633,0.17
284647,0.18
284650,0.22
284655,0.35
284661,0.21
284664,0.19
284668,0.2
284682,0.19
284683,0.21
284691,0.18
284692,0.28
284695,0.12
284751,0.3
284785,0.15
284796,0.19
284797,0.14
284799,0.18
284805,0.15
284811,0.18
284844,0.17
284856,0.16
284861,0.15
284864,0.18
284866,0.16
284867,0.17
284871,0.12
284873,0.12
284888,0.39
284895,0.11
284906,0.08
284907,0.22
284908,0.22
284914,0.13
284916,0.16
284920,0.21
284926,0.2
284934,0.15
284937,0.2
284949,0.23
284986,0.15
285002,0.2
285006,0.27
285007,0.16
285008,0.2
285016,0.17
285040,0.15
285041,0.18
285050,0.17
285051,0.22
285059,0.21
285077,0.24
285078,0.23
285097,0.13
285102,0.23
285104,0.21
285117,0.12
285119,0.25
285120,0.19
285122,0.21
285131,0.19
285137,0.18
285139,0.14
285147,0.14
285176,0.18
285177,0.18
285183,0.13
285184,0.23
285200,0.21
285213,0.21
285224,0.28
285232,0.3
285245,0.29
285249,0.07
285253,0.2
285268,0.17
285276,0.11
285282,0.29
285284,0.42
285297,0.24
285304,0.16
285305,0.23
285337,0.18
285346,0.21
285349,0.16
285354,0.16
285359,0.22
285366,0.26
285367,0.27
285368,0.26
285376,0.26
285382,0.1
285385,0.27
285389,0.14
285396,0.08
285398,0.2
285399,0.16
285403,0.13
285405,0.17
285407,0.23
285417,0.17
285419,0.22
285431,0.18
285457,0.25
285462,0.37
285463,0.15
285472,0.13
285476,0.07
285479,0.3
285482,0.17
285486,0.22
285487,0.1
285497,0.16
285498,0.23
285507,0.28
285509,0.15
285514,0.14
285516,0.15
285521,0.15
285525,0.28
285528,0.14
285555,0.19
285559,0.2
285561,0.21
285562,0.32
285565,0.21
285571,0.21
285583,0.19
285588,0.24
285603,0.18
285612,0.26
285628,0.18
285635,0.2
285649,0.19
285651,0.13
285653,0.18
285662,0.19
285665,0.16
285678,0.12
285681,0.23
285694,0.31
285695,0.12
285701,0.22
285721,0.32
285730,0.17
285733,0.09
285743,0.13
285744,0.28
285746,0.17
285778,0.16
285784,0.15
285808,0.17
285810,0.14
285831,0.27
285833,0.16
285841,0.09
285842,0.17
285844,0.25
285847,0.18
285853,0.19
285861,0.27
285863,0.17
285867,0.14
285870,0.25
285879,0.21
285880,0.18
285882,0.16
285893,0.2
285897,0.24
285912,0.28
285914,0.14
285918,0.15
285927,0.19
285931,0.22
285932,0.15
285962,0.17
285975,0.17
285978,0.2
285996,0.28
286000,0.21
286010,0.15
286011,0.15
286018,0.19
286033,0.17
286038,0.33
286042,0.26
286044,0.16
286047,0.13
286050,0.24
286052,0.1
286056,0.26
286058,0.11
286083,0.19
286088,0.38
286094,0.21
286107,0.33
286112,0.2
286124,0.2
286128,0.17
286141,0.2
286146,0.23
286147,0.23
286153,0.08
286163,0.16
286169,0.19
286175,0.11
286185,0.16
286194,0.22
286198,0.2
286201,0.23
286202,0.34
286213,0.25
286218,0.2
286250,0.16
286257,0.19
286264,0.23
286265,0.25
286266,0.15
286287,0.15
286292,0.07
286294,0.08
286295,0.15
286299,0.3
286300,0.26
286302,0.2
286310,0.3
286316,0.23
286332,0.36
286353,0.22
286354,0.13
286357,0.2
286375,0.21
286382,0.21
286389,0.2
286404,0.21
286405,0.17
286411,0.19
286412,0.18
286421,0.3
286423,0.18
286426,0.24
286433,0.1
286438,0.18
286441,0.18
286444,0.12
286447,0.07
286459,0.16
286473,0.16
286484,0.19
286485,0.34
286501,0.1
286502,0.16
286509,0.15
286511,0.28
286516,0.29
286547,0.27
286549,0.29
286553,0.26
286558,0.16
286566,0.19
286572,0.15
286582,0.23
286587,0.21
286590,0.2
286594,0.16
286598,0.18
286602,0.16
286608,0.29
286610,0.28
286627,0.17
286661,0.22
286664,0.24
286668,0.17
286683,0.15
286684,0.17
286689,0.2
286696,0.26
286697,0.18
286703,0.21
286705,0.21
286707,0.2
286708,0.21
286711,0.16
286714,0.09
286734,0.08
286747,0.21
286760,0.21
286763,0.15
286772,0.17
286773,0.22
286791,0.23
286813,0.2
286814,0.16
286817,0.17
286836,0.2
286838,0.19
286844,0.11
286854,0.14
286856,0.18
286859,0.19
286864,0.14
286865,0.24
286868,0.2
286881,0.3
286882,0.14
286888,0.17
286890,0.32
286892,0.2
286895,0.15
286906,0.15
286924,0.11
286930,0.18
286931,0.26
286942,0.17
286955,0.14
286960,0.21
286962,0.19
286966,0.11
286967,0.2
286971,0.17
286983,0.17
286985,0.17
286986,0.22
286987,0.18
286992,0.31
287003,0.21
287004,0.15
287006,0.22
287029,0.18
287036,0.12
287038,0.14
287049,0.17
287050,0.14
287057,0.2
287065,0.13
287066,0.28
287089,0.12
287093,0.36
287096,0.22
287103,0.17
287104,0.2
287109,0.18
287133,0.25
287137,0.16
287141,0.29
287146,0.25
287148,0.13
287177,0.14
287184,0.15
287197,0.17
287204,0.19
287206,0.3
287208,0.28
287225,0.17
287228,0.2
287252,0.17
287260,0.14
287264,0.25
287270,0.17
287271,0.12
287272,0.13
287274,0.2
287280,0.09
287281,0.21
287290,0.18
287298,0.17
287299,0.29
287301,0.12
287314,0.14
287321,0.21
287322,0.15
287329,0.3
287331,0.23
287337,0.27
287349,0.18
287358,0.19
287370,0.24
287371,0.11
287376,0.15
287378,0.12
287386,0.31
287394,0.09
287397,0.19
287419,0.21
287428,0.12
287438,0.12
287439,0.22
287449,0.26
287450,0.1
287460,0.2
287472,0.13
287474,0.26
287483,0.13
287495,0.14
287510,0.11
287512,0.09
287530,0.24
287531,0.14
287543,0.2
287549,0.26
287564,0.3
287574,0.05
287580,0.17
287587,0.2
287594,0.17
287605,0.19
287617,0.21
287621,0.14
287626,0.2
287629,0.24
287632,0.27
287636,0.28
287644,0.24
287648,0.21
287666,0.15
287672,0.18
287701,0.26
287708,0.14
287718,0.2
287724,0.28
287726,0.11
287729,0.16
287732,0.26
287733,0.2
287734,0.29
287750,0.18
287755,0.32
287762,0.27
287764,0.15
287766,0.11
287775,0.19
287781,0.18
287785,0.19
287789,0.2
287792,0.25
287796,0.11
287804,0.21
287822,0.22
287835,0.19
287840,0.17
287850,0.16
287851,0.09
287852,0.16
287858,0.32
287859,0.14
287860,0.19
287861,0.25
287866,0.2
287868,0.13
287873,0.32
287876,0.25
287877,0.18
287878,0.11
287879,0.24
287883,0.19
287888,0.11
287894,0.37
287895,0.2
287912,0.12
287915,0.26
287920,0.14
287922,0.21
287926,0.25
287929,0.12
287931,0.26
287936,0.19
287942,0.24
287946,0.15
287948,0.18
287963,0.15
288003,0.17
288005,0.12
288012,0.2
288013,0.23
288026,0.2
288027,0.32
288031,0.21
288039,0.16
288041,0.25
288045,0.13
288065,0.21
288068,0.23
288079,0.18
288084,0.4
288111,0.28
288129,0.25
288138,0.44
288154,0.23
288167,0.15
288178,0.19
288184,0.13
288193,0.09
288203,0.22
288207,0.4
288223,0.27
288226,0.26
288237,0.14
288257,0.35
288259,0.22
288269,0.17
288273,0.2
288276,0.12
288280,0.14
288283,0.21
288291,0.31
288299,0.18
288305,0.21
288316,0.2
288322,0.14
288333,0.11
288337,0.29
288341,0.29
288345,0.15
288348,0.19
288350,0.12
288353,0.15
288372,0.2
288375,0.31
288395,0.18
288408,0.23
288425,0.18
288430,0.27
288433,0.15
288459,0.23
288462,0.21
288463,0.19
288470,0.12
288472,0.2
288475,0.18
288495,0.34
288517,0.33
288530,0.21
288535,0.22
288539,0.2
288540,0.17
288547,0.28
288553,0.17
288555,0.35
288556,0.16
288562,0.13
288564,0.16
288567,0.2
288576,0.18
288579,0.17
288580,0.24
288589,0.17
288596,0.25
288597,0.23
288599,0.11
288601,0.11
288617,0.12
288621,0.33
288635,0.19
288656,0.19
288666,0.22
288670,0.19
288671,0.24
288673,0.14
288678,0.21
288693,0.32
288699,0.16
288706,0.17
288728,0.17
288739,0.1
288741,0.16
288755,0.19
288763,0.1
288766,0.12
288775,0.26
288780,0.14
288793,0.22
288811,0.12
288821,0.23
288829,0.3
288835,0.14
288836,0.11
288838,0.31
288851,0.16
288853,0.18
288854,0.11
288855,0.17
288876,0.17
288879,0.21
288884,0.33
288886,0.21
288891,0.11
288898,0.13
288911,0.29
288913,0.11
288927,0.28
288928,0.16
288931,0.21
288955,0.16
288961,0.19
288969,0.24
288971,0.19
288973,0.32
288982,0.15
288983,0.14
288986,0.19
288992,0.16
288993,0.15
288996,0.25
289007,0.28
289008,0.21
289014,0.17
289015,0.13
289016,0.19
289017,0.13
289028,0.17
289030,0.28
289040,0.07
289048,0.15
289051,0.23
289055,0.18
289057,0.18
289062,0.2
289063,0.35
289069,0.12
289073,0.12
289074,0.13
289085,0.24
289092,0.17
289097,0.22
289111,0.19
289112,0.21
289116,0.17
289123,0.17
289145,0.3
289146,0.26
289158,0.2
289165,0.23
289166,0.19
289167,0.36
289170,0.22
289193,0.19
289198,0.15
289209,0.25
289211,0.08
289215,0.24
289220,0.19
289232,0.23
289244,0.19
289258,0.18
289271,0.21
289274,0.13
289312,0.17
289321,0.17
289325,0.07
289333,0.21
289340,0.22
289368,0.17
289375,0.1
289380,0.15
289381,0.14
289384,0.24
289403,0.15
289408,0.18
289416,0.13
289463,0.25
289488,0.24
289495,0.29
289498,0.22
289499,0.17
289515,0.15
289531,0.13
289541,0.24
289554,0.15
289565,0.21
289590,0.18
289596,0.16
289601,0.22
289602,0.21
289603,0.16
289608,0.14
289622,0.24
289623,0.19
289625,0.1
289634,0.13
289648,0.15
289650,0.19
289662,0.23
289667,0.33
289674,0.2
289682,0.16
289702,0.18
289706,0.09
289709,0.22
289716,0.25
289725,0.12
289732,0.19
289743,0.25
289762,0.18
289766,0.22
289770,0.18
289775,0.27
289777,0.17
289783,0.18
289797,0.13
289798,0.11
289802,0.25
289812,0.15
289814,0.1
289819,0.16
289828,0.21
289831,0.24
289835,0.18
289844,0.22
289850,0.11
289851,0.15
289865,0.17
289869,0.2
289891,0.22
289907,0.12
289919,0.16
289923,0.25
289924,0.19
289927,0.17
289929,0.24
289951,0.18
289959,0.23
289964,0.16
289965,0.27
289966,0.24
289971,0.18
289988,0.26
289989,0.21
289995,0.21
290005,0.12
290013,0.3
290031,0.34
290036,0.22
290038,0.29
290041,0.29
290056,0.22
290058,0.06
290065,0.23
290069,0.22
290070,0.04
290074,0.25
290076,0.17
290082,0.15
290105,0.12
290111,0.15
290114,0.2
290116,0.14
290117,0.2
290128,0.25
290130,0.18
290139,0.16
290151,0.16
290154,0.22
290158,0.28
290180,0.22
290183,0.17
290190,0.18
290191,0.25
290199,0.16
290200,0.29
290202,0.17
290205,0.38
290206,0.1
290219,0.16
290227,0.16
290232,0.23
290233,0.26
290242,0.18
290246,0.2
290247,0.28
290257,0.27
290259,0.14
290260,0.24
290270,0.1
290273,0.1
290276,0.3
290281,0.3
290296,0.21
290303,0.24
290306,0.1
290331,0.13
290340,0.14
290349,0.22
290355,0.16
290365,0.26
290379,0.25
290389,0.11
290408,0.17
290409,0.21
290433,0.21
290437,0.2
290440,0.14
290448,0.2
290466,0.21
290467,0.08
290479,0.17
290490,0.16
290492,0.19
290503,0.1
290508,0.19
290524,0.18
290526,0.23
290527,0.21
290541,0.16
290557,0.29
290564,0.16
290572,0.12
290576,0.25
290588,0.19
290589,0.18
290595,0.19
290598,0.16
290605,0.28
290609,0.14
290610,0.1
290612,0.29
290634,0.15
290635,0.26
290644,0.36
290672,0.2
290681,0.24
290693,0.13
290695,0.2
290702,0.18
290703,0.13
290711,0.34
290713,0.17
290727,0.25
290730,0.2
290734,0.23
290745,0.22
290746,0.22
290751,0.17
290758,0.11
290766,0.24
290784,0.23
290786,0.18
290813,0.31
290849,0.23
290852,0.07
290881,0.3
290884,0.14
290885,0.15
290889,0.15
290911,0.16
290913,0.17
290923,0.11
290926,0.13
290936,0.1
290941,0.18
290945,0.19
290955,0.09
290961,0.25
290964,0.19
290967,0.15
290970,0.13
290974,0.19
290976,0.23
290978,0.23
290981,0.18
290991,0.14
291005,0.21
291009,0.2
291011,0.25
291012,0.24
291018,0.29
291023,0.23
291028,0.26
291034,0.22
291038,0.31
291039,0.27
291041,0.29
291045,0.15
291048,0.25
291052,0.25
291055,0.18
291082,0.29
291085,0.26
291086,0.12
291094,0.15
291103,0.21
291108,0.14
291110,0.17
291113,0.1
291117,0.19
291124,0.2
291129,0.14
291142,0.29
291155,0.29
291157,0.2
291177,0.11
291178,0.19
291180,0.14
291188,0.36
291198,0.22
291200,0.17
291202,0.17
291207,0.13
291218,0.23
291231,0.33
291232,0.15
291240,0.19
291241,0.28
291245,0.16
291256,0.08
291273,0.25
291274,0.13
291277,0.21
291290,0.3
291303,0.19
291310,0.15
291311,0.24
291319,0.31
291324,0.32
291331,0.22
291334,0.14
291348,0.24
291349,0.3
291359,0.11
291365,0.13
291379,0.21
291396,0.21
291411,0.15
291424,0.14
291425,0.12
291428,0.17
291446,0.15
291449,0.16
291461,0.25
291465,0.19
291480,0.27
291486,0.2
291487,0.11
291491,0.18
291499,0.16
291505,0.26
291512,0.15
291513,0.19
291521,0.14
291523,0.23
291543,0.2
291545,0.15
291546,0.24
291550,0.1
291552,0.11
291561,0.29
291579,0.18
291584,0.39
291586,0.16
291590,0.2
291592,0.46
291593,0.12
291599,0.24
291615,0.14
291617,0.14
291628,0.14
291654,0.19
291658,0.35
291659,0.12
291661,0.3
291671,0.16
291677,0.22
291689,0.23
291693,0.18
291695,0.16
291696,0.18
291697,0.12
291702,0.16
291711,0.19
291713,0.19
291715,0.17
291718,0.13
291733,0.18
291742,0.2
291748,0.13
291765,0.13
291771,0.12
291773,0.1
291788,0.13
291789,0.24
291796,0.19
291800,0.21
291817,0.15
291822,0.2
291840,0.23
291843,0.1
291855,0.28
291858,0.14
291870,0.18
291872,0.21
291874,0.16
291883,0.2
291888,0.18
291894,0.17
291901,0.12
291928,0.3
291930,0.17
291949,0.12
291951,0.19
291953,0.25
291955,0.17
291963,0.3
291969,0.27
291980,0.2
292010,0.18
292022,0.29
292023,0.15
292031,0.17
292034,0.18
292043,0.23
292049,0.22
292055,0.13
292062,0.24
292070,0.14
292072,0.27
292073,0.08
292082,0.17
292096,0.22
292098,0.12
292116,0.18
292118,0.21
292126,0.22
292128,0.2
292137,0.24
292138,0.12
292142,0.21
292149,0.24
292181,0.24
292189,0.14
292191,0.2
292205,0.16
292219,0.18
292227,0.09
292231,0.15
292238,0.15
292246,0.12
292248,0.15
292259,0.13
292261,0.15
292266,0.24
292267,0.11
292272,0.15
292278,0.33
292281,0.13
292286,0.21
292288,0.27
292289,0.17
292304,0.22
292307,0.21
292319,0.24
292320,0.19
292325,0.26
292326,0.29
292331,0.1
292332,0.12
292333,0.16
292334,0.18
292337,0.17
292338,0.21
292342,0.2
292347,0.2
292350,0.15
292355,0.16
292360,0.2
292362,0.09
292363,0.2
292364,0.22
292383,0.26
292397,0.16
292409,0.35
292417,0.1
292426,0.1
292428,0.27
292439,0.4
292443,0.18
292448,0.17
292451,0.14
292452,0.14
292456,0.11
292460,0.09
292463,0.27
292464,0.24
292476,0.3
292480,0.21
292483,0.16
292493,0.29
292501,0.26
292506,0.13
292508,0.22
292513,0.17
292525,0.22
292533,0.22
292540,0.23
292541,0.14
292544,0.13
292549,0.16
292550,0.2
292557,0.25
292558,0.2
292562,0.18
292564,0.06
292583,0.21
292612,0.15
292618,0.18
292623,0.19
292631,0.09
292633,0.21
292641,0.23
292643,0.14
292649,0.18
292650,0.17
292651,0.34
292655,0.18
292659,0.18
292677,0.14
292693,0.27
292697,0.16
292700,0.33
292702,0.18
292710,0.09
292727,0.21
292731,0.29
292732,0.12
292734,0.09
292735,0.18
292737,0.13
292739,0.21
292741,0.14
292767,0.21
292778,0.15
292807,0.25
292813,0.2
292834,0.31
292837,0.13
292839,0.1
292844,0.23
292869,0.13
292874,0.17
292892,0.14
292894,0.2
292916,0.34
292921,0.18
292925,0.13
292929,0.29
292933,0.23
292935,0.25
292938,0.17
292945,0.32
292946,0.21
292953,0.21
292966,0.17
292968,0.18
292983,0.13
292988,0.21
292992,0.13
292997,0.23
293002,0.09
293013,0.13
293030,0.21
293043,0.17
293070,0.32
293093,0.1
293103,0.2
293104,0.13
293117,0.41
293123,0.19
293126,0.28
293128,0.1
293136,0.16
293142,0.17
293146,0.27
293149,0.28
293159,0.16
293169,0.19
293172,0.15
293175,0.19
293176,0.19
293192,0.15
293213,0.14
293218,0.18
293219,0.21
293224,0.22
293225,0.19
293234,0.23
293243,0.24
293249,0.23
293256,0.19
293276,0.23
293283,0.27
293295,0.2
293308,0.2
293309,0.26
293316,0.18
293326,0.17
293330,0.18
293351,0.24
293361,0.23
293366,0.27
293376,0.2
293377,0.22
293382,0.25
293383,0.2
293385,0.26
293402,0.29
293403,0.27
293405,0.16
293412,0.18
293430,0.14
293435,0.11
293438,0.23
293445,0.22
293447,0.3
293451,0.24
293463,0.18
293471,0.09
293482,0.19
293485,0.21
293493,0.31
293496,0.2
293505,0.19
293507,0.2
293508,0.13
293518,0.16
293524,0.15
293527,0.21
293537,0.18
293542,0.24
293556,0.1
293560,0.22
293563,0.37
293565,0.13
293597,0.14
293603,0.22
293607,0.18
293621,0.18
293622,0.19
293623,0.3
293636,0.22
293643,0.21
293659,0.16
293678,0.19
293679,0.13
293681,0.16
293684,0.2
293692,0.2
293696,0.2
293733,0.15
293734,0.12
293745,0.18
293751,0.11
293770,0.21
293778,0.17
293789,0.17
293809,0.21
293815,0.18
293816,0.22
293819,0.21
293822,0.2
293846,0.24
293849,0.16
293850,0.18
293851,0.27
293860,0.12
293863,0.26
293881,0.17
293900,0.2
293907,0.16
293915,0.13
293931,0.14
293935,0.25
293942,0.18
293944,0.22
293967,0.17
293968,0.21
293971,0.18
293972,0.24
293974,0.14
293976,0.18
293985,0.17
293996,0.28
294004,0.16
294007,0.35
294010,0.18
294013,0.21
294016,0.28
294018,0.19
294028,0.27
294041,0.15
294047,0.06
294055,0.3
294062,0.21
294069,0.17
294075,0.33
294091,0.14
294108,0.18
294116,0.26
294125,0.18
294129,0.23
294130,0.08
294134,0.21
294135,0.26
294136,0.2
294141,0.25
294160,0.12
294164,0.26
294184,0.17
294191,0.18
294195,0.12
294199,0.18
294208,0.25
294221,0.06
294225,0.27
294230,0.16
294236,0.23
294256,0.16
294257,0.19
294258,0.12
294282,0.18
294287,0.23
294290,0.12
294300,0.12
294302,0.15
294313,0.16
294314,0.21
294322,0.18
294336,0.15
294339,0.2
294348,0.27
294365,0.31
294373,0.21
294383,0.16
294403,0.21
294406,0.26
294417,0.33
294452,0.32
294463,0.23
294471,0.21
294486,0.18
294501,0.2
294504,0.18
294509,0.2
294511,0.18
294519,0.22
294530,0.17
294532,0.24
294547,0.21
294548,0.13
294554,0.23
294577,0.33
294578,0.16
294580,0.15
294583,0.14
294592,0.16
294595,0.17
294602,0.2
294613,0.21
294617,0.18
294631,0.27
294641,0.15
294653,0.19
294657,0.13
294661,0.23
294665,0.2
294668,0.09
294671,0.16
294682,0.12
294685,0.16
294688,0.25
294690,0.4
294698,0.14
294717,0.21
294724,0.14
294726,0.11
294738,0.28
294744,0.21
294758,0.26
294762,0.22
294776,0.13
294777,0.19
294807,0.21
294816,0.17
294821,0.17
294825,0.21
294834,0.18
294835,0.17
294836,0.16
294840,0.18
294842,0.28
294864,0.13
294874,0.24
294880,0.14
294881,0.13
294897,0.25
294898,0.07
294920,0.32
294923,0.35
294926,0.14
294937,0.27
294941,0.16
294951,0.42
294952,0.19
294953,0.13
294982,0.31
294989,0.18
294995,0.29
295009,0.28
295010,0.15
295013,0.14
295016,0.12
295022,0.14
295024,0.19
295040,0.3
295045,0.22
295047,0.15
295056,0.23
295073,0.22
295080,0.16
295093,0.2
295094,0.31
295095,0.23
295107,0.18
295116,0.21
295140,0.17
295150,0.25
295154,0.18
295155,0.27
295162,0.21
295163,0.16
295168,0.36
295176,0.11
295182,0.16
295183,0.22
295216,0.13
295219,0.23
295239,0.09
295246,0.17
295255,0.14
295257,0.25
295261,0.16
295263,0.15
295265,0.11
295274,0.25
295281,0.2
295286,0.18
295299,0.27
295304,0.19
295306,0.12
295321,0.19
295339,0.16
295342,0.15
295346,0.2
295348,0.16
295354,0.2
295367,0.25
295372,0.21
295373,0.16
295374,0.23
295387,0.16
295389,0.22
295396,0.22
295415,0.15
295418,0.26
295421,0.27
295425,0.16
295431,0.17
295434,0.2
295443,0.27
295453,0.11
295473,0.05
295476,0.14
295477,0.17
295488,0.21
295499,0.21
295504,0.15
295505,0.22
295524,0.17
295529,0.15
295533,0.19
295534,0.18
295549,0.16
295565,0.18
295584,0.2
295585,0.27
295597,0.25
295599,0.25
295604,0.2
295616,0.24
295635,0.18
295637,0.15
295670,0.13
295678,0.16
295701,0.2
295711,0.32
295713,0.27
295734,0.17
295739,0.12
295750,0.17
295773,0.33
295783,0.22
295787,0.1
295790,0.13
295795,0.2
295820,0.09
295821,0.1
295826,0.14
295836,0.12
295837,0.24
295842,0.24
295848,0.21
295850,0.16
295869,0.18
295871,0.15
295873,0.18
295879,0.18
295880,0.24
295892,0.15
295904,0.23
295907,0.15
295908,0.25
295913,0.19
295918,0.23
295921,0.31
295924,0.28
295949,0.14
295953,0.12
295961,0.2
295968,0.17
295971,0.19
295985,0.23
295986,0.17
295987,0.14
295993,0.16
295997,0.19
296005,0.19
296007,0.13
296012,0.25
296022,0.18
296024,0.12
296032,0.07
296034,0.14
296062,0.14
296070,0.12
296074,0.18
296084,0.19
296087,0.24
296088,0.13
296089,0.19
296143,0.14
296172,0.11
296183,0.19
296185,0.13
296194,0.2
296199,0.24
296204,0.17
296206,0.28
296209,0.17
296229,0.2
296239,0.12
296253,0.18
296259,0.28
296264,0.11
296270,0.27
296273,0.25
296284,0.15
296285,0.25
296287,0.12
296288,0.21
296292,0.23
296300,0.15
296301,0.15
296321,0.28
296324,0.18
296335,0.39
296348,0.11
296354,0.11
296369,0.25
296376,0.11
296391,0.16
296393,0.23
296398,0.27
296428,0.25
296432,0.35
296433,0.18
296449,0.14
296450,0.11
296490,0.18
296498,0.15
296499,0.15
296500,0.16
296509,0.28
296514,0.28
296518,0.15
296527,0.19
296532,0.17
296541,0.16
296544,0.12
296546,0.19
296573,0.27
296578,0.21
296589,0.19
296594,0.33
296616,0.18
296623,0.14
296624,0.11
296632,0.15
296633,0.16
296639,0.2
296647,0.2
296656,0.33
296678,0.07
296679,0.21
296695,0.14
296696,0.29
296714,0.2
296721,0.14
296739,0.28
296744,0.41
296747,0.29
296758,0.21
296760,0.22
296766,0.14
296769,0.16
296776,0.08
296780,0.23
296782,0.27
296790,0.22
296795,0.17
296801,0.15
296803,0.26
296806,0.15
296811,0.21
296813,0.07
296818,0.32
296822,0.17
296839,0.25
296848,0.14
296863,0.19
296871,0.15
296872,0.23
296877,0.25
296882,0.32
296885,0.17
296903,0.21
296906,0.18
296912,0.13
296916,0.2
296922,0.17
296926,0.26
296927,0.18
296935,0.17
296939,0.13
296942,0.21
296954,0.27
296968,0.21
296971,0.17
296984,0.16
297004,0.15
297011,0.23
297017,0.18
297019,0.34
297021,0.16
297025,0.21
297033,0.21
297038,0.35
297042,0.4
297065,0.17
297089,0.19
297093,0.19
297098,0.19
297100,0.12
297111,0.13
297115,0.17
297121,0.29
297123,0.31
297129,0.17
297132,0.26
297139,0.18
297147,0.22
297148,0.32
297161,0.37
297167,0.21
297171,0.26
297173,0.06
297179,0.14
297189,0.28
297200,0.11
297201,0.15
297220,0.22
297229,0.22
297234,0.17
297252,0.18
297266,0.3
297269,0.16
297276,0.28
297292,0.15
297300,0.23
297303,0.18
297305,0.23
297307,0.15
297313,0.28
297336,0.21
297340,0.22
297344,0.22
297349,0.16
297358,0.21
297363,0.19
297369,0.2
297372,0.2
297380,0.25
297384,0.21
297385,0.23
297389,0.05
297390,0.27
297415,0.25
297419,0.17
297421,0.34
297424,0.2
297431,0.22
297447,0.14
297456,0.21
297457,0.12
297463,0.21
297464,0.21
297474,0.14
297479,0.16
297480,0.37
297494,0.16
297495,0.18
297507,0.17
297514,0.15
297515,0.1
297516,0.25
297521,0.14
297534,0.17
297553,0.14
297575,0.14
297584,0.24
297586,0.12
297606,0.11
297630,0.12
297636,0.23
297646,0.24
297650,0.19
297651,0.13
297656,0.18
297675,0.18
297681,0.19
297699,0.12
297702,0.16
297712,0.19
297718,0.28
297730,0.14
297731,0.25
297745,0.1
297768,0.33
297771,0.28
297774,0.26
297781,0.15
297786,0.19
297798,0.23
297809,0.15
297822,0.09
297828,0.16
297840,0.16
297852,0.17
297859,0.12
297868,0.17
297883,0.19
297887,0.21
297896,0.16
297898,0.08
297917,0.27
297943,0.15
297954,0.19
297965,0.24
297992,0.14
297993,0.23
298001,0.22
298005,0.29
298010,0.11
298013,0.18
298014,0.2
298015,0.18
298025,0.35
298026,0.2
298032,0.22
298039,0.25
298049,0.29
298051,0.18
298058,0.23
298062,0.11
298070,0.14
298078,0.21
298084,0.26
298108,0.29
298113,0.15
298115,0.15
298126,0.11
298131,0.14
298134,0.22
298135,0.22
298139,0.12
298142,0.14
298152,0.13
298154,0.17
298155,0.14
298161,0.41
298165,0.28
298166,0.37
298171,0.12
298179,0.22
298182,0.19
298187,0.14
298192,0.22
298194,0.15
298213,0.24
298215,0.17
298216,0.1
298217,0.14
298223,0.24
298256,0.08
298275,0.14
298277,0.21
298279,0.17
298285,0.17
298286,0.35
298296,0.15
298309,0.19
298312,0.1
298323,0.2
298330,0.17
298340,0.13
298341,0.14
298349,0.18
298353,0.18
298363,0.23
298367,0.16
298378,0.24
298380,0.19
298392,0.24
298395,0.13
298405,0.31
298426,0.32
298427,0.13
298444,0.19
298450,0.16
298458,0.22
298462,0.16
298463,0.16
298479,0.19
298480,0.24
298487,0.26
298499,0.29
298500,0.14
298506,0.16
298507,0.23
298512,0.27
298515,0.26
298517,0.22
298532,0.28
298533,0.11
298560,0.17
298564,0.22
298567,0.31
298568,0.14
298569,0.26
298570,0.23
298579,0.1
298583,0.13
298591,0.18
298593,0.13
298600,0.19
298609,0.14
298620,0.19
298622,0.3
298628,0.12
298633,0.19
298657,0.19
298669,0.17
298671,0.28
298677,0.19
298692,0.26
298703,0.16
298705,0.17
298711,0.24
298713,0.2
298757,0.2
298766,0.14
298768,0.27
298770,0.15
298776,0.33
298785,0.19
298787,0.18
298792,0.19
298795,0.13
298799,0.2
298806,0.25
298810,0.27
298818,0.19
298822,0.18
298823,0.14
298834,0.13
298837,0.29
298841,0.12
298845,0.12
298852,0.25
298855,0.07
298858,0.28
298860,0.15
298861,0.22
298863,0.12
298866,0.28
298873,0.2
298880,0.3
298889,0.13
298896,0.38
298917,0.28
298929,0.22
298940,0.16
298946,0.27
298949,0.24
298966,0.25
298984,0.24
298994,0.16
299004,0.31
299012,0.16
299022,0.26
299024,0.09
299026,0.14
299035,0.16
299036,0.12
299039,0.14
299061,0.17
299064,0.19
299067,0.2
299074,0.27
299075,0.12
299078,0.18
299109,0.17
299117,0.2
299121,0.1
299127,0.12
299134,0.17
299136,0.14
299137,0.27
299139,0.19
299168,0.22
299176,0.18
299184,0.29
299188,0.26
299191,0.19
299208,0.15
299229,0.14
299238,0.18
299241,0.19
299257,0.21
299260,0.31
299264,0.26
299279,0.17
299308,0.13
299310,0.19
299311,0.23
299317,0.25
299325,0.2
299329,0.11
299334,0.22
299335,0.21
299339,0.21
299351,0.24
299352,0.13
299365,0.25
299393,0.15
299400,0.12
299404,0.17
299406,0.27
299410,0.25
299413,0.11
299434,0.3
299448,0.11
299463,0.14
299464,0.26
299470,0.17
299480,0.27
299488,0.16
299496,0.19
299501,0.37
299504,0.27
299532,0.19
299536,0.17
299550,0.13
299554,0.25
299564,0.23
299577,0.21
299581,0.17
299594,0.24
299632,0.15
299633,0.11
299650,0.3
299678,0.23
299682,0.21
299705,0.18
299719,0.18
299720,0.25
299724,0.22
299730,0.09
299750,0.12
299766,0.2
299774,0.22
299787,0.17
299817,0.21
299818,0.24
299826,0.15
299833,0.15
299845,0.17
299847,0.46
299850,0.22
299866,0.31
299869,0.18
299870,0.22
299874,0.14
299877,0.15
299891,0.28
299898,0.29
299900,0.23
299904,0.24
299912,0.12
299914,0.2
299919,0.17
299931,0.11
299934,0.23
299941,0.23
299946,0.11
299947,0.24
299972,0.22
299973,0.28
299975,0.19
299979,0.19
299981,0.19
299983,0.3
299985,0.19
299986,0.19
300011,0.36
300013,0.14
300028,0.12
300042,0.18
300043,0.19
300058,0.22
300073,0.16
300075,0.19
300087,0.16
300090,0.11
300107,0.12
300115,0.25
300119,0.19
300122,0.26
300125,0.17
300126,0.22
300137,0.45
300139,0.21
300145,0.19
300155,0.18
300169,0.18
300170,0.25
300175,0.23
300177,0.23
300186,0.19
300188,0.16
300194,0.2
300207,0.17
300210,0.25
300217,0.15
300221,0.12
300235,0.09
300238,0.15
300240,0.3
300241,0.21
300249,0.22
300255,0.26
300259,0.12
300272,0.12
300274,0.21
300276,0.2
300284,0.1
300293,0.11
300306,0.13
300310,0.28
300324,0.26
300339,0.09
300346,0.14
300348,0.15
300354,0.13
300356,0.23
300358,0.16
300363,0.17
300366,0.23
300368,0.23
300370,0.18
300385,0.19
300392,0.25
300393,0.19
300403,0.19
300411,0.14
300420,0.08
300421,0.17
300435,0.26
300437,0.23
300440,0.24
300443,0.1
300456,0.25
300458,0.22
300459,0.27
300460,0.15
300462,0.21
300481,0.16
300486,0.34
300488,0.27
300503,0.21
300506,0.19
300517,0.13
300523,0.11
300525,0.11
300526,0.32
300552,0.12
300560,0.1
300570,0.13
300583,0.31
300585,0.17
300587,0.25
300598,0.26
300600,0.15
300608,0.34
300612,0.21
300618,0.21
300621,0.26
300640,0.19
300641,0.18
300651,0.18
300653,0.16
300667,0.21
300678,0.15
300680,0.13
300687,0.22
300702,0.25
300717,0.18
300722,0.1
300723,0.27
300732,0.19
300752,0.17
300761,0.37
300775,0.19
300786,0.21
300787,0.13
300788,0.2
300789,0.23
300794,0.13
300808,0.16
300834,0.17
300842,0.28
300844,0.24
300850,0.1
300851,0.19
300854,0.17
300866,0.22
300867,0.22
300868,0.13
300882,0.19
300883,0.2
300891,0.12
300894,0.18
300901,0.17
300904,0.18
300910,0.2
300914,0.25
300918,0.27
300948,0.26
300954,0.21
300958,0.18
300959,0.17
300970,0.18
300971,0.17
300975,0.17
300981,0.17
300983,0.19
300993,0.32
300996,0.08
301001,0.18
301005,0.15
301010,0.31
301021,0.33
301026,0.21
301029,0.17
301032,0.15
301061,0.28
301073,0.17
301083,0.21
301089,0.17
301093,0.27
301098,0.19
301103,0.31
301105,0.27
301112,0.23
301120,0.14
301122,0.13
301124,0.27
301137,0.16
301169,0.2
301173,0.14
301177,0.14
301179,0.16
301180,0.32
301185,0.22
301195,0.21
301199,0.16
301201,0.27
301206,0.15
301209,0.15
301210,0.2
301216,0.23
301224,0.31
301226,0.12
301227,0.25
301243,0.2
301246,0.11
301248,0.14
301252,0.15
301259,0.22
301260,0.18
301267,0.2
301268,0.19
301274,0.19
301281,0.17
301287,0.14
301288,0.16
301299,0.15
301304,0.23
301325,0.4
301327,0.21
301331,0.25
301332,0.12
301336,0.15
301345,0.23
301348,0.18
301356,0.14
301358,0.18
301360,0.05
301364,0.24
301389,0.09
301415,0.16
301421,0.23
301422,0.21
301424,0.19
301426,0.17
301433,0.17
301459,0.24
301460,0.21
301478,0.13
301483,0.13
301493,0.2
301494,0.17
301503,0.27
301510,0.18
301516,0.11
301530,0.1
301531,0.14
301549,0.18
301550,0.19
301555,0.24
301573,0.19
301588,0.14
301593,0.19
301613,0.14
301625,0.3
301643,0.1
301650,0.22
301651,0.14
301652,0.17
301653,0.23
301665,0.24
301684,0.13
301686,0.31
301694,0.3
301697,0.2
301698,0.14
301717,0.12
301725,0.28
301728,0.15
301734,0.28
301749,0.15
301761,0.33
301766,0.23
301775,0.24
301782,0.18
301784,0.2
301787,0.16
301789,0.28
301790,0.15
301804,0.26
301806,0.22
301817,0.18
301826,0.13
301837,0.16
301842,0.16
301848,0.19
301859,0.32
301860,0.14
301867,0.23
301877,0.14
301883,0.21
301902,0.18
301908,0.21
301916,0.12
301920,0.19
301921,0.13
301931,0.16
301939,0.27
301941,0.19
301943,0.11
301949,0.19
301955,0.15
301963,0.08
301968,0.17
301975,0.16
301988,0.11
302000,0.21
302005,0.13
302007,0.22
302016,0.27
302028,0.18
302038,0.22
302043,0.18
302051,0.18
302056,0.12
302063,0.13
302072,0.13
302074,0.29
302080,0.12
302093,0.14
302096,0.28
302123,0.18
302125,0.11
302128,0.19
302145,0.13
302146,0.21
302160,0.2
302166,0.15
302174,0.16
302175,0.18
302186,0.27
302190,0.23
302202,0.22
302207,0.3
302211,0.18
302215,0.2
302216,0.16
302217,0.19
302225,0.33
302231,0.15
302233,0.13
302259,0.21
302263,0.24
302281,0.18
302285,0.15
302288,0.23
302292,0.27
302303,0.19
302306,0.23
302309,0.2
302332,0.15
302341,0.17
302350,0.26
302352,0.24
302356,0.17
302361,0.18
302364,0.32
302373,0.13
302378,0.23
302385,0.24
302389,0.17
302393,0.23
302403,0.09
302422,0.16
302425,0.13
302431,0.43
302443,0.2
302448,0.15
302449,0.18
302455,0.22
302460,0.15
302462,0.21
302466,0.14
302467,0.21
302470,0.19
302472,0.13
302480,0.18
302481,0.08
302491,0.2
302494,0.15
302503,0.17
302504,0.18
302507,0.28
302527,0.23
302571,0.27
302580,0.27
302583,0.11
302591,0.25
302601,0.15
302613,0.25
302621,0.15
302638,0.07
302639,0.23
302655,0.16
302670,0.25
302673,0.34
302675,0.15
302691,0.23
302701,0.15
302705,0.18
302727,0.19
302750,0.11
302751,0.12
302757,0.25
302758,0.29
302761,0.17
302767,0.23
302787,0.13
302797,0.13
302799,0.24
302800,0.21
302815,0.13
302826,0.33
302827,0.26
302842,0.11
302856,0.14
302877,0.24
302879,0.18
302881,0.18
302882,0.2
302885,0.3
302905,0.18
302911,0.19
302916,0.18
302919,0.28
302947,0.13
302957,0.19
302968,0.14
302978,0.17
302984,0.21
302991,0.21
303007,0.21
303010,0.12
303012,0.31
303013,0.22
303024,0.07
303027,0.13
303034,0.16
303036,0.3
303037,0.22
303050,0.18
303060,0.23
303062,0.21
303066,0.19
303068,0.21
303077,0.28
303080,0.14
303082,0.2
303083,0.17
303085,0.13
303087,0.12
303089,0.13
303103,0.2
303105,0.18
303106,0.35
303120,0.21
303121,0.15
303127,0.09
303130,0.14
303142,0.06
303162,0.16
303169,0.18
303189,0.16
303220,0.15
303222,0.27
303223,0.14
303227,0.19
303262,0.09
303264,0.23
303277,0.14
303288,0.14
303292,0.13
303294,0.17
303301,0.44
303312,0.32
303328,0.14
303330,0.13
303347,0.2
303354,0.18
303356,0.14
303362,0.14
303377,0.15
303386,0.18
303393,0.14
303397,0.21
303403,0.22
303413,0.14
303416,0.18
303428,0.1
303429,0.15
303432,0.14
303446,0.28
303455,0.29
303464,0.1
303465,0.12
303473,0.17
303476,0.25
303479,0.2
303482,0.18
303484,0.14
303492,0.26
303493,0.18
303497,0.19
303498,0.06
303499,0.13
303509,0.1
303513,0.15
303524,0.07
303525,0.36
303540,0.2
303544,0.17
303548,0.15
303551,0.11
303569,0.26
303584,0.1
303592,0.3
303602,0.14
303607,0.24
303619,0.16
303630,0.19
303643,0.28
303644,0.25
303670,0.27
303671,0.19
303678,0.16
303689,0.2
303698,0.19
303702,0.12
303704,0.14
303711,0.21
303727,0.15
303728,0.15
303741,0.3
303752,0.06
303755,0.15
303777,0.16
303790,0.19
303798,0.11
303804,0.31
303812,0.15
303814,0.21
303817,0.28
303818,0.24
303848,0.25
303850,0.17
303854,0.23
303857,0.26
303860,0.15
303870,0.25
303877,0.19
303884,0.2
303893,0.15
303899,0.11
303900,0.21
303902,0.18
303906,0.17
303920,0.15
303937,0.19
303939,0.18
303941,0.19
303962,0.24
303963,0.13
303971,0.18
303978,0.21
303980,0.19
303986,0.21
304018,0.22
304025,0.1
304027,0.1
304028,0.21
304029,0.14
304030,0.15
304035,0.2
304040,0.24
304058,0.21
304083,0.23
304089,0.2
304092,0.21
304093,0.2
304100,0.11
304121,0.13
304142,0.24
304154,0.23
304158,0.29
304164,0.11
304173,0.26
304175,0.14
304182,0.17
304194,0.13
304201,0.26
304202,0.24
304206,0.22
304210,0.23
304226,0.15
304237,0.14
304256,0.19
304257,0.15
304265,0.18
304271,0.24
304274,0.17
304286,0.1
304292,0.19
304299,0.15
304350,0.22
304352,0.11
304355,0.1
304360,0.19
304361,0.21
304363,0.29
304375,0.2
304378,0.12
304382,0.28
304385,0.25
304386,0.2
304387,0.22
304388,0.26
304391,0.29
304398,0.2
304406,0.14
304420,0.28
304431,0.21
304436,0.33
304438,0.09
304440,0.15
304441,0.09
304450,0.07
304451,0.36
304454,0.17
304462,0.22
304466,0.24
304469,0.24
304472,0.17
304475,0.27
304481,0.22
304483,0.29
304485,0.27
304486,0.22
304504,0.15
304505,0.18
304512,0.23
304516,0.13
304517,0.12
304528,0.15
304530,0.17
304536,0.17
304549,0.22
304552,0.27
304554,0.34
304581,0.16
304593,0.17
304596,0.27
304604,0.17
304610,0.27
304614,0.16
304628,0.19
304629,0.11
304637,0.16
304644,0.14
304654,0.23
304664,0.35
304676,0.14
304680,0.16
304687,0.1
304696,0.25
304698,0.24
304700,0.2
304703,0.23
304704,0.16
304710,0.3
304717,0.19
304729,0.34
304732,0.18
304736,0.19
304738,0.13
304756,0.19
304771,0.17
304773,0.15
304776,0.17
304778,0.13
304779,0.24
304780,0.17
304790,0.27
304793,0.15
304805,0.42
304811,0.13
304825,0.2
304828,0.26
304829,0.24
304842,0.26
304851,0.08
304857,0.14
304884,0.16
304891,0.12
304897,0.18
304898,0.23
304905,0.2
304907,0.21
304917,0.11
304931,0.17
304935,0.15
304942,0.15
304954,0.23
304959,0.11
304968,0.23
304971,0.11
304977,0.28
304982,0.15
304985,0.18
304991,0.2
304992,0.19
304997,0.26
305004,0.23
305008,0.17
305019,0.13
305020,0.19
305025,0.16
305037,0.17
305046,0.23
305056,0.18
305062,0.17
305064,0.39
305065,0.16
305076,0.13
305108,0.2
305110,0.2
305115,0.22
305121,0.26
305125,0.14
305141,0.13
305151,0.12
305159,0.11
305162,0.05
305165,0.21
305174,0.14
305178,0.17
305180,0.24
305182,0.19
305183,0.13
305194,0.16
305199,0.27
305210,0.18
305214,0.34
305215,0.17
305218,0.14
305225,0.16
305229,0.16
305231,0.18
305233,0.24
305237,0.15
305260,0.21
305261,0.25
305278,0.15
305286,0.16
305293,0.16
305300,0.16
305301,0.32
305326,0.27
305334,0.25
305340,0.25
305348,0.18
305352,0.25
305359,0.3
305360,0.06
305362,0.17
305383,0.12
305406,0.19
305408,0.21
305412,0.29
305413,0.16
305414,0.31
305417,0.21
305421,0.2
305422,0.21
305447,0.2
305448,0.26
305450,0.25
305452,0.22
305459,0.08
305460,0.23
305474,0.12
305475,0.16
305481,0.26
305494,0.13
305503,0.15
305507,0.21
305508,0.2
305513,0.19
305518,0.16
305523,0.28
305526,0.21
305529,0.23
305532,0.17
305543,0.23
305555,0.16
305562,0.15
305571,0.23
305578,0.24
305579,0.19
305584,0.16
305603,0.22
305620,0.22
305626,0.14
305636,0.18
305640,0.09
305653,0.18
305662,0.1
305663,0.19
305667,0.2
305683,0.18
305698,0.15
305699,0.34
305707,0.24
305717,0.24
305723,0.16
305735,0.11
305738,0.27
305746,0.14
305766,0.22
305773,0.13
305776,0.17
305777,0.12
305809,0.12
305813,0.17
305816,0.27
305820,0.21
305826,0.25
305838,0.19
305839,0.13
305846,0.2
305861,0.15
305863,0.32
305869,0.15
305872,0.19
305876,0.15
305881,0.19
305887,0.15
305894,0.14
305898,0.18
305905,0.15
305908,0.14
305914,0.34
305915,0.14
305922,0.22
305938,0.16
305946,0.16
305956,0.24
305963,0.16
305965,0.14
305988,0.19
305990,0.16
305991,0.26
305994,0.18
305998,0.2
306003,0.11
306012,0.06
306016,0.16
306021,0.23
306025,0.27
306030,0.2
306047,0.18
306051,0.15
306063,0.26
306066,0.15
306069,0.16
306074,0.21
306091,0.18
306094,0.24
306095,0.16
306114,0.19
306116,0.14
306121,0.12
306127,0.24
306128,0.19
306133,0.21
306142,0.24
306144,0.2
306150,0.1
306153,0.13
306156,0.26
306159,0.42
306161,0.18
306173,0.19
306175,0.24
306193,0.28
306194,0.12
306198,0.24
306203,0.24
306209,0.26
306212,0.17
306216,0.34
306233,0.13
306247,0.29
306264,0.17
306267,0.17
306293,0.18
306302,0.42
306305,0.12
306311,0.14
306345,0.15
306357,0.16
306368,0.19
306372,0.3
306378,0.32
306389,0.23
306398,0.13
306414,0.18
306419,0.21
306437,0.16
306438,0.17
306441,0.2
306443,0.24
306450,0.26
306464,0.24
306468,0.28
306469,0.19
306484,0.12
306527,0.18
306538,0.19
306547,0.33
306554,0.18
306557,0.3
306560,0.16
306561,0.21
306565,0.13
306569,0.16
306576,0.23
306587,0.18
306604,0.13
306624,0.13
306625,0.29
306628,0.23
306647,0.14
306651,0.2
306658,0.28
306660,0.3
306664,0.14
306670,0.17
306699,0.3
306701,0.12
306712,0.14
306716,0.18
306727,0.14
306729,0.19
306735,0.2
306739,0.15
306756,0.25
306757,0.12
306767,0.16
306775,0.1
306795,0.19
306799,0.19
306800,0.15
306805,0.18
306812,0.11
306820,0.2
306840,0.27
306845,0.18
306848,0.17
306856,0.24
306862,0.18
306863,0.13
306868,0.21
306873,0.17
306876,0.18
306893,0.12
306896,0.26
306899,0.12
306907,0.21
306908,0.16
306917,0.21
306927,0.22
306930,0.17
306935,0.24
306942,0.23
306951,0.19
306961,0.17
306970,0.4
306972,0.36
306973,0.18
306976,0.19
306978,0.15
306990,0.12
306992,0.37
306995,0.11
307001,0.5
307004,0.39
307005,0.22
307006,0.13
307010,0.24
307011,0.17
307014,0.1
307016,0.14
307022,0.09
307027,0.39
307052,0.18
307061,0.2
307072,0.36
307078,0.16
307111,0.13
307112,0.15
307134,0.24
307143,0.16
307147,0.21
307148,0.26
307162,0.19
307166,0.11
307168,0.11
307174,0.16
307177,0.1
307197,0.21
307198,0.21
307199,0.15
307205,0.17
307207,0.15
307210,0.18
307212,0.15
307223,0.24
307224,0.1
307236,0.24
307241,0.23
307242,0.21
307259,0.18
307271,0.16
307274,0.2
307281,0.2
307288,0.14
307294,0.16
307302,0.17
307308,0.17
307313,0.16
307344,0.19
307350,0.16
307366,0.14
307372,0.11
307373,0.2
307374,0.14
307378,0.16
307384,0.23
307398,0.25
307406,0.19
307416,0.17
307420,0.18
307424,0.17
307427,0.32
307429,0.15
307436,0.11
307456,0.13
307491,0.14
307494,0.14
307496,0.18
307500,0.17
307504,0.23
307509,0.22
307511,0.21
307520,0.24
307527,0.17
307537,0.2
307539,0.1
307558,0.27
307561,0.24
307575,0.2
307577,0.21
307588,0.29
307636,0.29
307639,0.37
307641,0.11
307646,0.19
307653,0.17
307661,0.3
307669,0.28
307674,0.12
307678,0.18
307691,0.2
307697,0.18
307699,0.2
307702,0.18
307708,0.15
307712,0.27
307716,0.09
307729,0.16
307753,0.25
307765,0.32
307781,0.22
307787,0.18
307788,0.12
307798,0.16
307799,0.13
307800,0.18
307801,0.22
307804,0.16
307816,0.21
307820,0.18
307824,0.26
307828,0.1
307832,0.23
307836,0.22
307842,0.31
307851,0.31
307856,0.14
307861,0.2
307879,0.12
307904,0.29
307911,0.18
307912,0.18
307913,0.22
307922,0.2
307924,0.2
307925,0.18
307929,0.21
307933,0.21
307945,0.14
307948,0.17
307961,0.27
307962,0.14
307963,0.22
307971,0.16
307983,0.2
307984,0.25
307988,0.29
307993,0.19
307994,0.14
308007,0.29
308008,0.17
308018,0.14
308023,0.13
308026,0.12
308028,0.14
308030,0.16
308034,0.21
308053,0.15
308065,0.27
308095,0.12
308096,0.14
308100,0.16
308114,0.1
308116,0.3
308120,0.08
308128,0.32
308132,0.19
308134,0.23
308140,0.26
308142,0.29
308164,0.19
308168,0.2
308169,0.26
308171,0.22
308176,0.17
308177,0.2
308179,0.13
308180,0.3
308184,0.15
308188,0.25
308189,0.14
308190,0.2
308200,0.15
308210,0.27
308211,0.36
308218,0.19
308220,0.23
308228,0.19
308231,0.19
308236,0.22
308247,0.2
308251,0.18
308260,0.14
308266,0.19
308267,0.13
308280,0.29
308298,0.21
308301,0.15
308309,0.16
308312,0.22
308325,0.26
308334,0.25
308339,0.25
308346,0.24
308359,0.2
308360,0.19
308380,0.22
308391,0.21
308403,0.2
308408,0.2
308410,0.34
308415,0.23
308420,0.1
308427,0.17
308442,0.14
308447,0.3
308462,0.18
308464,0.27
308465,0.19
308467,0.22
308468,0.18
308476,0.11
308488,0.29
308498,0.13
308504,0.26
308507,0.12
308509,0.21
308521,0.13
308536,0.22
308537,0.16
308543,0.15
308547,0.11
308559,0.17
308565,0.29
308569,0.25
308584,0.08
308591,0.19
308608,0.28
308610,0.19
308613,0.18
308618,0.2
308623,0.14
308632,0.19
308636,0.2
308641,0.16
308643,0.22
308664,0.31
308678,0.16
308679,0.18
308691,0.13
308692,0.27
308701,0.26
308709,0.41
308711,0.22
308719,0.13
308723,0.18
308727,0.23
308732,0.17
308738,0.2
308747,0.14
308749,0.19
308755,0.14
308756,0.26
308761,0.14
308779,0.18
308780,0.22
308784,0.26
308789,0.21
308807,0.15
308818,0.28
308819,0.26
308822,0.33
308827,0.16
308831,0.2
308833,0.15
308842,0.11
308868,0.08
308871,0.15
308881,0.13
308889,0.22
308892,0.12
308900,0.18
308903,0.11
308912,0.27
308916,0.24
308919,0.16
308920,0.25
308921,0.11
308928,0.24
308929,0.29
308934,0.27
308940,0.14
308941,0.19
308946,0.27
308956,0.08
308958,0.09
308963,0.21
308965,0.11
308971,0.23
308977,0.24
308985,0.2
308987,0.13
308995,0.26
309005,0.16
309007,0.23
309015,0.22
309016,0.19
309018,0.2
309019,0.2
309035,0.11
309042,0.36
309044,0.14
309052,0.11
309061,0.17
309064,0.17
309072,0.12
309075,0.12
309083,0.16
309099,0.28
309124,0.13
309125,0.25
309146,0.13
309159,0.14
309161,0.14
309168,0.29
309180,0.19
309185,0.21
309195,0.21
309198,0.15
309200,0.26
309202,0.29
309204,0.11
309213,0.24
309227,0.24
309234,0.22
309241,0.19
309242,0.17
309244,0.17
309246,0.23
309250,0.14
309251,0.24
309274,0.3
309276,0.28
309280,0.21
309298,0.32
309301,0.35
309302,0.2
309326,0.11
309335,0.23
309341,0.09
309343,0.2
309344,0.16
309354,0.15
309362,0.26
309399,0.21
309406,0.31
309409,0.23
309411,0.24
309418,0.34
309421,0.22
309435,0.21
309443,0.22
309455,0.22
309462,0.12
309473,0.18
309476,0.23
309478,0.25
309493,0.19
309502,0.16
309508,0.2
309526,0.31
309536,0.14
309544,0.16
309547,0.18
309555,0.19
309562,0.16
309569,0.16
309574,0.23
309577,0.24
309578,0.24
309579,0.15
309585,0.12
309588,0.17
309603,0.29
309604,0.24
309617,0.26
309620,0.21
309623,0.16
309648,0.22
309665,0.22
309682,0.18
309694,0.15
309702,0.17
309711,0.11
309713,0.26
309729,0.14
309735,0.14
309744,0.16
309749,0.24
309750,0.19
309759,0.16
309761,0.18
309770,0.13
309776,0.17
309777,0.21
309789,0.14
309790,0.19
309800,0.19
309813,0.12
309814,0.27
309815,0.34
309825,0.2
309826,0.17
309829,0.16
309831,0.11
309837,0.12
309846,0.2
309849,0.28
309855,0.24
309860,0.12
309879,0.17
309882,0.26
309887,0.26
309892,0.21
309895,0.15
309902,0.13
309915,0.21
309923,0.19
309941,0.4
309942,0.16
309945,0.24
309950,0.17
309955,0.21
309963,0.12
309964,0.21
309967,0.26
309969,0.23
309971,0.17
309978,0.18
309987,0.26
309990,0.2
309992,0.23
309993,0.16
310010,0.16
310012,0.18
310017,0.1
310018,0.19
310022,0.26
310031,0.07
310033,0.18
310034,0.21
310038,0.23
310044,0.17
310062,0.18
310071,0.11
310075,0.09
310082,0.15
310093,0.23
310101,0.1
310106,0.2
310118,0.24
310123,0.16
310126,0.17
310130,0.17
310141,0.18
310145,0.12
310148,0.23
310150,0.19
310159,0.18
310162,0.25
310163,0.23
310166,0.24
310167,0.14
310170,0.21
310181,0.18
310187,0.08
310191,0.19
310192,0.19
310197,0.19
310200,0.18
310201,0.23
310203,0.16
310204,0.15
310213,0.14
310215,0.16
310218,0.2
310236,0.18
310238,0.13
310241,0.19
310245,0.23
310252,0.19
310259,0.07
310260,0.33
310261,0.18
310262,0.09
310274,0.13
310294,0.29
310296,0.24
310298,0.18
310306,0.13
310307,0.16
310316,0.15
310329,0.19
310338,0.23
310342,0.17
310343,0.24
310360,0.13
310362,0.31
310378,0.17
310379,0.17
310383,0.25
310385,0.17
310387,0.29
310388,0.21
310400,0.16
310408,0.22
310414,0.22
310423,0.18
310424,0.3
310428,0.26
310432,0.36
310456,0.12
310463,0.21
310475,0.19
310476,0.23
310482,0.2
310485,0.19
310490,0.1
310496,0.16
310505,0.18
310519,0.15
310546,0.19
310547,0.17
310553,0.24
310555,0.14
310556,0.39
310568,0.16
310573,0.27
310574,0.17
310577,0.14
310580,0.21
310581,0.22
310583,0.24
310586,0.18
310591,0.16
310598,0.11
310606,0.15
310628,0.12
310634,0.19
310638,0.23
310646,0.24
310648,0.2
310654,0.11
310659,0.21
310663,0.2
310669,0.14
310670,0.21
310674,0.2
310691,0.21
310693,0.22
310702,0.13
310706,0.19
310709,0.21
310711,0.24
310720,0.27
310739,0.28
310742,0.29
310743,0.17
310752,0.1
310753,0.24
310757,0.26
310763,0.12
310764,0.14
310769,0.17
310771,0.27
310775,0.13
310779,0.21
310781,0.25
310784,0.19
310793,0.22
310794,0.11
310816,0.26
310823,0.21
310837,0.26
310856,0.26
310865,0.14
310866,0.19
310872,0.17
310877,0.34
310879,0.25
310883,0.29
310884,0.22
310908,0.13
310928,0.2
310935,0.11
310954,0.22
310964,0.33
310971,0.23
310972,0.22
310983,0.15
310988,0.12
310994,0.12
311003,0.14
311020,0.26
311024,0.14
311037,0.19
311064,0.13
311070,0.18
311086,0.25
311087,0.19
311108,0.13
311110,0.22
311115,0.15
311116,0.35
311117,0.16
311128,0.2
311136,0.2
311146,0.11
311155,0.21
311157,0.19
311159,0.25
311170,0.29
311184,0.14
311199,0.13
311208,0.31
311209,0.18
311220,0.24
311230,0.22
311233,0.12
311241,0.21
311261,0.15
311262,0.15
311268,0.12
311277,0.27
311296,0.24
311298,0.2
311310,0.27
311313,0.26
311316,0.22
311324,0.1
311327,0.15
311331,0.22
311335,0.13
311343,0.2
311346,0.24
311357,0.18
311358,0.19
311365,0.22
311370,0.13
311376,0.14
311380,0.25
311393,0.15
311399,0.25
311404,0.16
311409,0.1
311425,0.29
311436,0.14
311455,0.12
311459,0.16
311475,0.17
311499,0.18
311509,0.14
311518,0.18
311535,0.16
311536,0.17
311540,0.25
311542,0.37
311552,0.21
311562,0.35
311580,0.13
311583,0.09
311588,0.16
311595,0.18
311601,0.1
311605,0.21
311609,0.18
311612,0.21
311621,0.23
311623,0.11
311625,0.18
311636,0.1
311637,0.13
311646,0.15
311648,0.1
311654,0.14
311663,0.2
311676,0.22
311679,0.12
311683,0.33
311685,0.2
311691,0.17
311695,0.17
311700,0.14
311710,0.3
311714,0.13
311716,0.25
311725,0.21
311727,0.17
311728,0.16
311737,0.36
311738,0.14
311743,0.18
311746,0.05
311747,0.15
311761,0.28
311765,0.19
311773,0.13
311776,0.15
311786,0.24
311801,0.24
311820,0.23
311822,0.33
311829,0.12
311835,0.11
311846,0.13
311851,0.3
311854,0.12
311872,0.19
311875,0.18
311888,0.2
311916,0.24
311928,0.17
311931,0.15
311933,0.3
311934,0.15
311948,0.12
311949,0.29
311950,0.24
311952,0.18
311954,0.25
311962,0.12
311965,0.17
311968,0.26
311976,0.22
311977,0.16
311983,0.19
311989,0.07
311996,0.29
311999,0.18
312007,0.34
312022,0.19
312023,0.23
312034,0.25
312042,0.18
312049,0.14
312077,0.26
312088,0.21
312091,0.33
312114,0.18
312115,0.15
312117,0.26
312119,0.24
312126,0.41
312127,0.11
312134,0.27
312164,0.18
312176,0.13
312178,0.2
312184,0.17
312185,0.21
312186,0.14
312191,0.21
312197,0.14
312213,0.43
312223,0.31
312224,0.31
312225,0.14
312226,0.16
312231,0.14
312239,0.23
312251,0.2
312271,0.14
312278,0.26
312281,0.19
312289,0.19
312291,0.16
312301,0.28
312302,0.08
312316,0.24
312324,0.24
312338,0.13
312361,0.04
312363,0.34
312368,0.1
312382,0.18
312384,0.23
312390,0.2
312395,0.22
312396,0.2
312400,0.12
312406,0.24
312412,0.17
312414,0.24
312417,0.2
312425,0.2
312428,0.17
312431,0.18
312437,0.11
312442,0.15
312451,0.25
312460,0.29
312464,0.13
312466,0.21
312470,0.17
312473,0.24
312490,0.13
312493,0.26
312503,0.13
312509,0.19
312520,0.14
312528,0.22
312543,0.12
312544,0.24
312553,0.08
312558,0.14
312565,0.3
312568,0.28
312579,0.2
312581,0.21
312582,0.25
312596,0.24
312597,0.23
312598,0.16
312617,0.35
312627,0.17
312635,0.13
312637,0.21
312639,0.13
312640,0.27
312642,0.32
312651,0.11
312663,0.19
312668,0.23
312685,0.16
312691,0.19
312693,0.17
312710,0.18
312711,0.16
312712,0.19
312720,0.15
312746,0.36
312763,0.13
312770,0.13
312791,0.22
312795,0.26
312796,0.21
312797,0.23
312804,0.22
312812,0.12
312813,0.18
312825,0.23
312827,0.26
312841,0.27
312842,0.23
312845,0.21
312856,0.16
312866,0.14
312870,0.33
312879,0.28
312895,0.26
312901,0.18
312909,0.18
312910,0.17
312916,0.22
312926,0.15
312942,0.23
312946,0.13
312950,0.18
312952,0.18
312963,0.15
312968,0.3
312976,0.23
312980,0.18
312984,0.19
312987,0.3
312994,0.15
312996,0.17
312997,0.19
313019,0.11
313020,0.25
313028,0.14
313041,0.34
313045,0.19
313048,0.24
313052,0.17
313062,0.2
313063,0.22
313066,0.21
313071,0.11
313085,0.14
313099,0.21
313109,0.2
313131,0.14
313139,0.19
313141,0.22
313142,0.25
313145,0.34
313153,0.23
313157,0.14
313161,0.25
313165,0.17
313179,0.18
313208,0.3
313228,0.24
313236,0.15
313243,0.13
313245,0.22
313249,0.17
313275,0.19
313276,0.16
313280,0.17
313284,0.27
313285,0.16
313292,0.16
313297,0.19
313304,0.17
313322,0.18
313323,0.16
313325,0.18
313326,0.06
313334,0.24
313336,0.15
313337,0.18
313339,0.19
313340,0.18
313341,0.37
313343,0.27
313346,0.32
313348,0.35
313359,0.17
313365,0.23
313375,0.35
313381,0.17
313382,0.19
313389,0.13
313390,0.21
313391,0.34
313410,0.2
313416,0.15
313417,0.13
313426,0.19
313429,0.16
313469,0.18
313479,0.15
313485,0.34
313494,0.19
313496,0.19
313501,0.22
313506,0.12
313521,0.16
313524,0.23
313538,0.25
313550,0.2
313557,0.2
313573,0.18
313583,0.18
313592,0.1
313602,0.17
313604,0.27
313606,0.23
313617,0.24
313622,0.24
313625,0.2
313638,0.21
313639,0.11
313645,0.24
313655,0.19
313656,0.37
313663,0.24
313669,0.19
313670,0.13
313676,0.19
313689,0.34
313699,0.13
313711,0.1
313720,0.22
313731,0.33
313736,0.35
313741,0.28
313744,0.16
313749,0.28
313750,0.21
313753,0.18
313763,0.15
313765,0.3
313776,0.11
313778,0.18
313781,0.24
313786,0.37
313787,0.19
313795,0.18
313809,0.23
313810,0.23
313811,0.31
313818,0.46
313825,0.23
313830,0.17
313831,0.13
313834,0.14
313837,0.36
313841,0.2
313859,0.15
313882,0.26
313887,0.43
313900,0.12
313902,0.14
313906,0.11
313930,0.2
313932,0.19
313943,0.19
313944,0.28
313957,0.23
313970,0.34
313980,0.17
313982,0.12
313999,0.28
314000,0.27
314003,0.27
314004,0.2
314005,0.38
314007,0.13
314010,0.29
314011,0.15
314016,0.18
314023,0.19
314024,0.16
314031,0.26
314038,0.23
314041,0.25
314061,0.26
314073,0.14
314091,0.24
314097,0.23
314099,0.09
314107,0.23
314124,0.31
314127,0.18
314131,0.09
314132,0.16
314137,0.25
314139,0.09
314143,0.14
314149,0.07
314153,0.16
314154,0.28
314160,0.23
314167,0.14
314171,0.19
314182,0.19
314190,0.13
314194,0.2
314198,0.14
314211,0.15
314220,0.27
314245,0.12
314247,0.15
314256,0.13
314259,0.2
314267,0.19
314271,0.16
314278,0.15
314282,0.15
314283,0.27
314294,0.19
314298,0.13
314299,0.25
314306,0.21
314307,0.2
314308,0.2
314309,0.29
314317,0.12
314323,0.14
314332,0.12
314334,0.2
314335,0.14
314337,0.12
314343,0.08
314344,0.25
314346,0.21
314351,0.11
314354,0.13
314355,0.14
314359,0.19
314364,0.16
314366,0.1
314367,0.34
314374,0.19
314376,0.18
314387,0.27
314405,0.26
314412,0.14
314418,0.28
314429,0.2
314438,0.36
314442,0.17
314477,0.14
314480,0.16
314486,0.15
314487,0.27
314488,0.22
314490,0.17
314523,0.18
314528,0.23
314535,0.08
314542,0.25
314560,0.2
314585,0.36
314594,0.13
314596,0.23
314601,0.19
314603,0.11
314612,0.19
314615,0.35
314619,0.15
314621,0.27
314627,0.32
314629,0.22
314635,0.27
314639,0.24
314646,0.27
314650,0.36
314661,0.17
314690,0.22
314699,0.18
314705,0.29
314709,0.22
314710,0.14
314711,0.09
314714,0.21
314719,0.19
314722,0.13
314723,0.14
314729,0.17
314732,0.27
314734,0.31
314746,0.18
314761,0.44
314769,0.21
314773,0.27
314774,0.18
314776,0.14
314780,0.15
314785,0.29
314789,0.34
314796,0.29
314810,0.15
314812,0.15
314817,0.17
314822,0.18
314840,0.24
314843,0.14
314853,0.16
314856,0.18
314862,0.24
314864,0.17
314878,0.2
314894,0.2
314906,0.46
314912,0.15
314914,0.04
314933,0.22
314941,0.15
314949,0.16
314950,0.1
314952,0.2
314961,0.28
314970,0.21
314972,0.2
314975,0.2
314985,0.15
314986,0.24
314991,0.21
314995,0.28
314997,0.18
315003,0.17
315035,0.19
315038,0.28
315040,0.18
315046,0.22
315053,0.13
315054,0.21
315060,0.36
315061,0.2
315067,0.29
315076,0.31
315079,0.23
315083,0.15
315084,0.16
315092,0.17
315095,0.24
315112,0.17
315122,0.17
315123,0.19
315125,0.27
315136,0.26
315143,0.26
315145,0.15
315153,0.14
315164,0.32
315169,0.08
315178,0.2
315179,0.22
315189,0.19
315192,0.32
315194,0.26
315198,0.19
315210,0.14
315211,0.23
315221,0.35
315222,0.17
315228,0.27
315231,0.34
315233,0.18
315235,0.24
315240,0.19
315244,0.2
315257,0.24
315261,0.3
315271,0.25
315278,0.25
315282,0.24
315287,0.18
315288,0.3
315291,0.2
315306,0.25
315309,0.11
315312,0.2
315330,0.12
315335,0.36
315337,0.17
315343,0.21
315344,0.45
315366,0.17
315389,0.21
315403,0.2
315414,0.26
315425,0.15
315430,0.23
315432,0.24
315436,0.27
315437,0.22
315445,0.14
315451,0.19
315460,0.1
315462,0.22
315476,0.16
315480,0.14
315489,0.18
315494,0.12
315499,0.08
315503,0.17
315507,0.27
315540,0.18
315541,0.18
315546,0.12
315553,0.26
315569,0.41
315571,0.13
315574,0.19
315580,0.13
315587,0.16
315609,0.25
315610,0.15
315617,0.22
315623,0.17
315629,0.17
315635,0.19
315637,0.25
315641,0.19
315644,0.24
315654,0.25
315662,0.1
315663,0.23
315673,0.14
315677,0.11
315679,0.21
315680,0.28
315681,0.15
315682,0.25
315684,0.2
315693,0.24
315701,0.15
315705,0.24
315706,0.09
315711,0.21
315714,0.17
315725,0.17
315738,0.16
315740,0.14
315749,0.27
315753,0.07
315757,0.16
315778,0.26
315781,0.2
315793,0.2
315813,0.17
315822,0.19
315827,0.26
315831,0.14
315843,0.26
315857,0.27
315864,0.15
315869,0.15
315870,0.23
315878,0.27
315891,0.29
315894,0.17
315895,0.23
315903,0.25
315917,0.14
315920,0.19
315937,0.13
315938,0.19
315947,0.19
315970,0.42
315971,0.16
315974,0.21
315984,0.14
315985,0.16
315988,0.23
315993,0.15
315995,0.33
315997,0.08
316000,0.18
316009,0.18
316011,0.2
316014,0.3
316021,0.17
316022,0.24
316023,0.27
316060,0.18
316063,0.19
316065,0.29
316066,0.23
316077,0.26
316083,0.27
316093,0.23
316100,0.14
316110,0.17
316118,0.15
316135,0.16
316139,0.31
316154,0.23
316156,0.12
316171,0.23
316173,0.2
316186,0.17
316188,0.19
316190,0.28
316195,0.28
316205,0.24
316214,0.18
316216,0.18
316220,0.13
316222,0.12
316224,0.27
316226,0.14
316230,0.21
316248,0.41
316258,0.31
316269,0.25
316270,0.12
316279,0.35
316286,0.23
316295,0.17
316297,0.11
316305,0.21
316312,0.17
316313,0.14
316314,0.19
316320,0.2
316321,0.22
316328,0.16
316329,0.23
316334,0.16
316364,0.2
316372,0.17
316382,0.14
316407,0.2
316411,0.32
316433,0.24
316435,0.19
316441,0.17
316456,0.12
316457,0.19
316462,0.18
316465,0.13
316466,0.17
316468,0.15
316469,0.2
316479,0.25
316481,0.24
316484,0.14
316502,0.22
316517,0.17
316525,0.17
316531,0.17
316546,0.14
316549,0.21
316557,0.08
316561,0.23
316564,0.2
316565,0.19
316594,0.33
316595,0.22
316600,0.2
316625,0.11
316645,0.23
316647,0.22
316659,0.23
316683,0.22
316694,0.14
316697,0.1
316701,0.15
316702,0.07
316703,0.18
316718,0.22
316723,0.18
316748,0.33
316756,0.08
316758,0.22
316763,0.2
316764,0.31
316768,0.21
316769,0.18
316772,0.15
316777,0.34
316781,0.11
316785,0.2
316786,0.21
316815,0.27
316816,0.19
316828,0.16
316831,0.16
316837,0.2
316843,0.23
316849,0.19
316854,0.16
316862,0.15
316867,0.19
316902,0.14
316903,0.11
316906,0.25
316914,0.22
316915,0.17
316923,0.17
316928,0.2
316930,0.19
316932,0.37
316940,0.19
316947,0.22
316948,0.25
316977,0.15
316983,0.28
316987,0.26
317003,0.24
317005,0.22
317035,0.2
317036,0.09
317043,0.23
317048,0.18
317056,0.13
317065,0.19
317079,0.19
317080,0.21
317083,0.16
317087,0.13
317103,0.19
317117,0.29
317119,0.14
317125,0.21
317126,0.19
317134,0.3
317138,0.12
317142,0.25
317150,0.14
317184,0.24
317190,0.19
317196,0.11
317197,0.28
317206,0.15
317210,0.14
317221,0.17
317226,0.25
317227,0.36
317236,0.15
317237,0.26
317241,0.15
317249,0.16
317256,0.14
317282,0.14
317294,0.19
317298,0.21
317300,0.14
317307,0.14
317311,0.2
317318,0.11
317322,0.2
317323,0.23
317332,0.2
317338,0.17
317346,0.11
317347,0.21
317349,0.26
317354,0.22
317369,0.24
317386,0.13
317389,0.13
317410,0.24
317411,0.24
317422,0.16
317434,0.13
317446,0.12
317449,0.21
317455,0.2
317469,0.18
317475,0.15
317476,0.08
317487,0.16
317488,0.2
317499,0.34
317500,0.14
317506,0.09
317515,0.16
317518,0.12
317520,0.25
317546,0.24
317549,0.19
317554,0.21
317565,0.15
317579,0.13
317591,0.23
317592,0.32
317593,0.2
317594,0.16
317601,0.2
317603,0.29
317606,0.2
317608,0.17
317611,0.2
317618,0.13
317628,0.25
317629,0.25
317642,0.18
317644,0.16
317648,0.29
317650,0.18
317665,0.26
317675,0.16
317695,0.23
317696,0.18
317704,0.25
317713,0.14
317730,0.19
317735,0.26
317736,0.19
317738,0.24
317747,0.19
317764,0.22
317765,0.26
317772,0.26
317774,0.21
317786,0.17
317788,0.15
317806,0.27
317809,0.31
317811,0.11
317814,0.18
317815,0.2
317830,0.14
317835,0.18
317843,0.26
317856,0.15
317863,0.26
317876,0.29
317889,0.17
317902,0.21
317910,0.2
317914,0.19
317933,0.14
317936,0.29
317940,0.16
317944,0.22
317952,0.19
317955,0.23
317958,0.17
317965,0.2
317966,0.11
317978,0.27
318000,0.17
318007,0.19
318008,0.23
318012,0.12
318016,0.12
318019,0.18
318020,0.15
318021,0.22
318025,0.23
318036,0.1
318044,0.1
318055,0.1
318056,0.26
318057,0.27
318065,0.24
318075,0.19
318081,0.33
318094,0.22
318096,0.16
318104,0.26
318105,0.2
318109,0.31
318113,0.23
318121,0.19
318122,0.24
318126,0.15
318127,0.16
318131,0.16
318135,0.15
318155,0.17
318156,0.16
318161,0.27
318164,0.21
318169,0.22
318173,0.27
318176,0.28
318177,0.16
318181,0.14
318187,0.15
318193,0.17
318203,0.2
318206,0.11
318214,0.22
318220,0.15
318232,0.17
318250,0.23
318251,0.17
318252,0.14
318254,0.14
318260,0.17
318261,0.22
318263,0.15
318264,0.14
318266,0.06
318267,0.16
318268,0.24
318270,0.21
318274,0.25
318282,0.15
318286,0.27
318292,0.11
318297,0.14
318320,0.14
318337,0.24
318343,0.23
318347,0.19
318351,0.27
318357,0.31
318360,0.2
318384,0.14
318385,0.24
318387,0.12
318390,0.24
318391,0.16
318393,0.13
318406,0.16
318408,0.33
318410,0.37
318424,0.27
318428,0.2
318432,0.21
318433,0.22
318445,0.21
318452,0.37
318467,0.13
318473,0.23
318480,0.23
318486,0.29
318496,0.06
318505,0.2
318511,0.25
318517,0.14
318522,0.17
318527,0.19
318530,0.12
318531,0.19
318533,0.14
318535,0.13
318536,0.27
318548,0.17
318551,0.11
318557,0.18
318576,0.12
318581,0.3
318607,0.23
318609,0.18
318615,0.39
318634,0.26
318640,0.33
318651,0.32
318657,0.19
318669,0.18
318674,0.18
318675,0.15
318686,0.2
318694,0.2
318760,0.19
318762,0.07
318763,0.16
318765,0.13
318766,0.22
318769,0.29
318775,0.16
318782,0.13
318786,0.35
318792,0.16
318801,0.24
318802,0.16
318803,0.17
318805,0.19
318813,0.21
318817,0.17
318821,0.1
318827,0.2
318834,0.26
318835,0.15
318851,0.2
318857,0.15
318862,0.12
318874,0.15
318878,0.15
318897,0.16
318909,0.38
318924,0.19
318927,0.16
318942,0.2
318946,0.2
318957,0.25
318959,0.18
318975,0.17
318982,0.2
318987,0.13
318993,0.12
318995,0.16
318996,0.13
318997,0.2
318999,0.23
319012,0.36
319014,0.15
319018,0.13
319020,0.26
319048,0.15
319052,0.22
319067,0.04
319083,0.25
319088,0.19
319089,0.2
319090,0.33
319096,0.22
319099,0.12
319108,0.18
319116,0.2
319117,0.24
319119,0.17
319126,0.23
319133,0.23
319135,0.17
319137,0.16
319143,0.26
319168,0.2
319170,0.17
319174,0.19
319181,0.14
319192,0.22
319193,0.17
319198,0.12
319211,0.18
319219,0.18
319220,0.13
319226,0.13
319240,0.17
319248,0.17
319257,0.12
319261,0.23
319264,0.14
319268,0.09
319289,0.27
319292,0.17
319295,0.12
319302,0.12
319308,0.3
319310,0.17
319313,0.15
319322,0.12
319329,0.13
319331,0.32
319334,0.26
319346,0.17
319352,0.35
319358,0.28
319363,0.17
319365,0.19
319370,0.11
319371,0.22
319372,0.15
319385,0.09
319387,0.12
319393,0.14
319396,0.22
319406,0.11
319439,0.08
319440,0.14
319441,0.41
319462,0.22
319471,0.15
319475,0.18
319476,0.15
319486,0.22
319487,0.23
319489,0.18
319491,0.2
319494,0.13
319496,0.32
319512,0.16
319519,0.2
319522,0.13
319530,0.14
319540,0.16
319547,0.16
319549,0.24
319559,0.24
319561,0.13
319566,0.21
319569,0.19
319574,0.14
319579,0.15
319580,0.2
319582,0.24
319583,0.18
319585,0.23
319598,0.13
319600,0.15
319602,0.16
319603,0.22
319604,0.2
319608,0.15
319622,0.26
319623,0.22
319625,0.22
319628,0.28
319637,0.16
319639,0.15
319658,0.2
319669,0.19
319677,0.22
319683,0.22
319688,0.13
319697,0.13
319700,0.18
319727,0.2
319747,0.16
319751,0.1
319758,0.2
319759,0.2
319765,0.14
319768,0.13
319774,0.17
319776,0.18
319777,0.22
319785,0.15
319789,0.11
319792,0.15
319799,0.18
319814,0.16
319815,0.16
319822,0.18
319829,0.22
319836,0.28
319837,0.21
319839,0.24
319843,0.12
319860,0.2
319876,0.21
319877,0.15
319887,0.27
319889,0.14
319892,0.14
319893,0.23
319897,0.08
319898,0.25
319911,0.19
319917,0.16
319923,0.15
319927,0.13
319929,0.24
319931,0.29
319948,0.18
319949,0.14
319992,0.25
319999,0.15
320001,0.16
320003,0.14
320004,0.16
320011,0.26
320012,0.14
320021,0.25
320026,0.22
320034,0.14
320041,0.28
320042,0.16
320046,0.16
320056,0.06
320062,0.19
320093,0.3
320094,0.19
320101,0.19
320114,0.21
320126,0.22
320128,0.12
320137,0.13
320149,0.16
320165,0.19
320172,0.18
320173,0.21
320175,0.32
320179,0.16
320181,0.18
320191,0.22
320192,0.23
320195,0.23
320199,0.14
320202,0.26
320203,0.31
320205,0.19
320224,0.15
320227,0.27
320228,0.14
320248,0.31
320252,0.22
320254,0.19
320259,0.17
320267,0.31
320276,0.12
320287,0.25
320291,0.12
320295,0.11
320297,0.2
320305,0.19
320321,0.4
320331,0.32
320336,0.21
320341,0.11
320344,0.17
320356,0.15
320362,0.24
320369,0.09
320379,0.17
320387,0.21
320397,0.12
320412,0.19
320421,0.21
320428,0.26
320429,0.3
320430,0.24
320434,0.13
320453,0.14
320462,0.12
320469,0.16
320475,0.15
320478,0.22
320484,0.22
320494,0.22
320499,0.21
320541,0.21
320550,0.18
320561,0.16
320562,0.21
320564,0.18
320566,0.25
320568,0.17
320593,0.09
320609,0.13
320614,0.17
320621,0.15
320639,0.36
320640,0.19
320656,0.13
320657,0.16
320670,0.14
320672,0.14
320691,0.19
320693,0.15
320698,0.19
320699,0.16
320704,0.1
320709,0.21
320711,0.13
320724,0.14
320737,0.2
320744,0.2
320747,0.17
320750,0.36
320752,0.2
320760,0.24
320765,0.22
320767,0.16
320778,0.36
320784,0.12
320789,0.18
320793,0.14
320795,0.27
320805,0.25
320806,0.23
320823,0.2
320828,0.18
320833,0.13
320843,0.17
320846,0.21
320851,0.29
320852,0.26
320869,0.16
320873,0.29
320890,0.12
320905,0.23
320912,0.16
320914,0.12
320915,0.09
320920,0.13
320924,0.21
320925,0.19
320936,0.16
320937,0.14
320940,0.17
320943,0.19
320954,0.11
320959,0.15
320960,0.15
320966,0.22
320968,0.22
320975,0.19
320978,0.07
320979,0.21
320981,0.17
320987,0.08
320989,0.15
321009,0.37
321021,0.24
321035,0.31
321038,0.21
321039,0.31
321051,0.09
321058,0.11
321066,0.37
321075,0.29
321092,0.09
321098,0.26
321107,0.15
321116,0.27
321118,0.14
321124,0.22
321131,0.11
321134,0.29
321140,0.21
321143,0.23
321145,0.13
321150,0.17
321151,0.1
321153,0.2
321154,0.18
321156,0.2
321160,0.11
321176,0.18
321183,0.15
321187,0.14
321196,0.15
321197,0.19
321204,0.25
321208,0.17
321209,0.17
321223,0.16
321226,0.2
321227,0.14
321236,0.18
321249,0.2
321250,0.22
321253,0.24
321256,0.24
321276,0.23
321298,0.18
321303,0.15
321309,0.14
321313,0.26
321322,0.34
321345,0.18
321350,0.16
321355,0.16
321358,0.09
321370,0.2
321377,0.38
321385,0.17
321398,0.2
321401,0.18
321415,0.13
321416,0.37
321419,0.22
321427,0.2
321433,0.14
321439,0.16
321455,0.21
321463,0.15
321465,0.19
321480,0.22
321486,0.14
321498,0.19
321502,0.35
321510,0.16
321524,0.26
321526,0.27
321528,0.23
321533,0.28
321536,0.28
321548,0.24
321557,0.21
321564,0.19
321567,0.29
321602,0.23
321625,0.27
321627,0.12
321640,0.24
321645,0.12
321648,0.14
321649,0.25
321652,0.21
321659,0.18
321667,0.09
321676,0.2
321696,0.2
321697,0.17
321702,0.29
321704,0.2
321706,0.15
321710,0.19
321722,0.18
321760,0.12
321770,0.2
321779,0.12
321784,0.18
321786,0.26
321792,0.17
321795,0.2
321801,0.11
321804,0.13
321806,0.18
321807,0.18
321808,0.42
321809,0.13
321825,0.15
321828,0.15
321843,0.15
321848,0.2
321854,0.2
321869,0.24
321870,0.27
321887,0.15
321896,0.15
321898,0.23
321908,0.23
321910,0.2
321915,0.19
321919,0.22
321922,0.11
321928,0.24
321929,0.17
321932,0.26
321934,0.3
321936,0.31
321956,0.19
321957,0.27
321965,0.17
321970,0.28
321974,0.18
321980,0.21
321985,0.2
321992,0.16
321999,0.16
322005,0.15
322018,0.22
322020,0.2
322021,0.24
322023,0.22
322024,0.2
322039,0.23
322054,0.24
322061,0.21
322082,0.15
322088,0.24
322093,0.18
322105,0.23
322111,0.15
322113,0.24
322117,0.24
322120,0.2
322123,0.15
322132,0.17
322136,0.31
322141,0.19
322147,0.22
322169,0.18
322170,0.35
322172,0.14
322196,0.12
322198,0.25
322217,0.19
322226,0.17
322227,0.12
322229,0.19
322242,0.23
322244,0.17
322249,0.1
322250,0.17
322253,0.2
322254,0.2
322267,0.2
322269,0.24
322274,0.44
322285,0.27
322309,0.21
322320,0.19
322327,0.11
322331,0.21
322332,0.15
322334,0.28
322339,0.24
322348,0.22
322350,0.35
322354,0.22
322356,0.09
322367,0.26
322369,0.14
322372,0.1
322374,0.23
322383,0.27
322388,0.34
322393,0.18
322395,0.24
322407,0.18
322413,0.13
322416,0.16
322419,0.14
322424,0.3
322432,0.11
322442,0.09
322447,0.19
322448,0.27
322460,0.1
322461,0.35
322468,0.19
322472,0.35
322473,0.36
322488,0.17
322490,0.25
322491,0.21
322497,0.22
322503,0.18
322521,0.24
322525,0.18
322533,0.33
322549,0.23
322561,0.17
322566,0.13
322570,0.23
322574,0.19
322578,0.16
322579,0.18
322586,0.18
322596,0.24
322598,0.14
322603,0.35
322614,0.13
322626,0.15
322630,0.24
322639,0.24
322640,0.15
322642,0.13
322651,0.16
322652,0.24
322656,0.16
322662,0.17
322664,0.26
322681,0.27
322684,0.15
322685,0.18
322711,0.19
322717,0.15
322719,0.26
322730,0.12
322740,0.07
322743,0.22
322749,0.16
322757,0.17
322759,0.08
322760,0.16
322770,0.15
322786,0.29
322797,0.31
322800,0.27
322815,0.13
322831,0.22
322835,0.32
322841,0.21
322845,0.18
322846,0.18
322851,0.14
322852,0.24
322877,0.22
322880,0.16
322893,0.22
322911,0.2
322928,0.21
322934,0.18
322938,0.39
322950,0.22
322959,0.09
322961,0.25
322965,0.2
322966,0.12
322968,0.08
322977,0.13
322979,0.16
322986,0.21
322990,0.22
322998,0.2
323005,0.14
323008,0.18
323014,0.21
323015,0.13
323025,0.18
323030,0.18
323033,0.22
323036,0.2
323043,0.27
323049,0.21
323051,0.35
323053,0.18
323056,0.16
323059,0.21
323076,0.25
323088,0.19
323108,0.29
323112,0.21
323127,0.21
323135,0.18
323137,0.16
323141,0.15
323142,0.23
323147,0.27
323150,0.3
323153,0.18
323156,0.25
323161,0.13
323171,0.16
323173,0.2
323176,0.1
323184,0.2
323189,0.16
323193,0.17
323209,0.27
323218,0.2
323224,0.29
323235,0.18
323236,0.19
323242,0.2
323252,0.12
323253,0.37
323254,0.1
323271,0.18
323276,0.15
323278,0.21
323281,0.18
323285,0.2
323289,0.21
323292,0.16
323297,0.29
323312,0.14
323318,0.14
323319,0.12
323324,0.22
323325,0.24
323328,0.27
323334,0.15
323338,0.24
323340,0.2
323343,0.13
323354,0.17
323373,0.11
323376,0.22
323381,0.32
323382,0.18
323383,0.32
323387,0.14
323394,0.16
323398,0.24
323405,0.23
323407,0.16
323428,0.35
323436,0.28
323451,0.32
323455,0.15
323463,0.1
323466,0.15
323475,0.27
323477,0.22
323481,0.16
323485,0.17
323488,0.21
323493,0.12
323494,0.23
323505,0.26
323506,0.17
323509,0.12
323518,0.21
323530,0.23
323539,0.18
323549,0.18
323557,0.13
323568,0.22
323569,0.21
323571,0.22
323573,0.19
323585,0.19
323588,0.14
323599,0.22
323615,0.1
323617,0.13
323620,0.34
323636,0.16
323665,0.22
323670,0.1
323675,0.22
323688,0.11
323693,0.14
323694,0.25
323696,0.19
323710,0.14
323716,0.37
323718,0.21
323719,0.14
323720,0.21
323722,0.2
323729,0.24
323738,0.09
323740,0.12
323787,0.15
323795,0.18
323801,0.18
323810,0.19
323822,0.19
323825,0.18
323833,0.2
323860,0.09
323871,0.16
323879,0.17
323888,0.14
323891,0.23
323894,0.13
323909,0.15
323911,0.25
323920,0.33
323923,0.15
323930,0.2
323935,0.14
323937,0.29
323938,0.13
323948,0.14
323956,0.19
323962,0.29
323964,0.15
323966,0.16
323970,0.21
323972,0.11
323977,0.21
323985,0.23
323989,0.14
323994,0.12
324010,0.14
324020,0.16
324033,0.18
324052,0.26
324055,0.13
324075,0.04
324087,0.26
324088,0.09
324091,0.15
324104,0.2
324109,0.26
324114,0.11
324118,0.22
324125,0.23
324130,0.41
324146,0.17
324149,0.16
324156,0.13
324170,0.14
324171,0.22
324172,0.16
324178,0.26
324180,0.19
324220,0.24
324222,0.21
324227,0.12
324229,0.29
324230,0.15
324235,0.14
324243,0.12
324247,0.42
324264,0.2
324269,0.2
324270,0.16
324271,0.24
324291,0.21
324293,0.16
324296,0.21
324298,0.2
324302,0.24
324305,0.21
324310,0.18
324325,0.18
324339,0.11
324345,0.18
324347,0.17
324356,0.19
324383,0.21
324387,0.21
324393,0.19
324400,0.16
324401,0.18
324412,0.21
324414,0.17
324415,0.2
324416,0.18
324420,0.19
324437,0.15
324445,0.29
324464,0.28
324472,0.13
324496,0.21
324499,0.2
324512,0.18
324544,0.28
324545,0.2
324552,0.22
324553,0.21
324558,0.35
324559,0.2
324572,0.13
324582,0.24
324595,0.38
324596,0.31
324598,0.11
324614,0.22
324620,0.29
324621,0.23
324624,0.26
324651,0.18
324655,0.32
324669,0.13
324674,0.31
324677,0.19
324681,0.37
324689,0.25
324708,0.13
324714,0.24
324716,0.26
324719,0.08
324731,0.27
324733,0.21
324741,0.28
324745,0.23
324747,0.19
324748,0.2
324764,0.25
324772,0.19
324788,0.14
324795,0.2
324801,0.11
324811,0.16
324816,0.34
324821,0.21
324825,0.14
324840,0.31
324841,0.25
324854,0.16
324866,0.21
324884,0.19
324894,0.27
324895,0.16
324913,0.18
324914,0.2
324944,0.23
324949,0.28
324978,0.17
324983,0.17
324987,0.18
324995,0.21
325000,0.15
325001,0.31
325005,0.1
325017,0.17
325019,0.18
325020,0.23
325021,0.32
325041,0.28
325063,0.39
325066,0.13
325070,0.2
325102,0.21
325117,0.25
325121,0.3
325136,0.2
325153,0.13
325157,0.11
325158,0.14
325163,0.24
325180,0.13
325181,0.19
325185,0.22
325194,0.17
325196,0.3
325206,0.16
325212,0.16
325217,0.31
325218,0.21
325223,0.19
325238,0.24
325254,0.24
325258,0.13
325268,0.13
325269,0.3
325275,0.13
325277,0.2
325282,0.18
325284,0.16
325289,0.21
325291,0.23
325300,0.13
325303,0.14
325306,0.16
325313,0.19
325316,0.21
325318,0.18
325332,0.32
325344,0.24
325354,0.21
325360,0.19
325364,0.26
325375,0.28
325377,0.17
325380,0.16
325390,0.19
325392,0.16
325395,0.22
325411,0.16
325412,0.16
325420,0.25
325424,0.3
325433,0.24
325438,0.13
325439,0.16
325443,0.18
325454,0.1
325464,0.27
325473,0.13
325476,0.16
325495,0.18
325525,0.19
325529,0.14
325552,0.23
325553,0.17
325564,0.2
325565,0.24
325580,0.25
325590,0.32
325591,0.11
325596,0.21
325601,0.12
325602,0.17
325623,0.13
325625,0.27
325641,0.32
325645,0.2
325657,0.22
325680,0.21
325691,0.18
325701,0.11
325710,0.19
325712,0.14
325714,0.23
325716,0.22
325724,0.25
325744,0.18
325751,0.23
325757,0.07
325765,0.19
325767,0.37
325770,0.26
325778,0.18
325784,0.24
325791,0.18
325809,0.21
325814,0.25
325817,0.14
325820,0.42
325822,0.17
325830,0.21
325832,0.3
325840,0.19
325849,0.1
325852,0.25
325859,0.2
325864,0.18
325865,0.3
325879,0.2
325890,0.16
325899,0.11
325908,0.18
325916,0.12
325918,0.14
325919,0.14
325922,0.12
325925,0.16
325934,0.15
325939,0.21
325942,0.16
325948,0.29
325954,0.15
325962,0.17
325966,0.12
325969,0.17
325971,0.16
325972,0.23
325976,0.15
325981,0.17
325992,0.2
326013,0.16
326017,0.22
326019,0.16
326027,0.18
326028,0.26
326033,0.2
326041,0.12
326043,0.13
326049,0.14
326054,0.1
326057,0.19
326074,0.21
326078,0.28
326083,0.27
326084,0.09
326085,0.17
326087,0.17
326088,0.21
326102,0.35
326117,0.13
326145,0.15
326150,0.15
326160,0.24
326166,0.2
326170,0.11
326180,0.18
326182,0.15
326186,0.15
326188,0.27
326190,0.28
326196,0.28
326199,0.19
326201,0.26
326204,0.19
326209,0.21
326211,0.19
326218,0.27
326239,0.21
326259,0.3
326260,0.23
326284,0.28
326289,0.27
326290,0.2
326295,0.2
326299,0.25
326305,0.15
326309,0.16
326323,0.21
326364,0.15
326369,0.13
326385,0.16
326410,0.19
326411,0.2
326418,0.22
326428,0.19
326435,0.23
326437,0.24
326438,0.29
326451,0.1
326464,0.25
326471,0.19
326472,0.38
326475,0.35
326477,0.19
326480,0.17
326486,0.14
326502,0.15
326506,0.32
326513,0.16
326516,0.16
326528,0.16
326530,0.12
326531,0.16
326532,0.09
326538,0.15
326551,0.19
326559,0.18
326576,0.14
326577,0.26
326602,0.24
326606,0.17
326618,0.18
326620,0.18
326624,0.21
326639,0.2
326647,0.22
326652,0.19
326661,0.25
326667,0.21
326670,0.21
326672,0.11
326693,0.18
326704,0.15
326723,0.14
326734,0.17
326738,0.23
326746,0.15
326753,0.17
326754,0.11
326763,0.28
326779,0.21
326785,0.27
326786,0.19
326787,0.15
326789,0.22
326799,0.1
326802,0.24
326804,0.2
326823,0.18
326827,0.16
326833,0.14
326838,0.14
326842,0.21
326856,0.31
326867,0.2
326870,0.19
326871,0.22
326875,0.15
326879,0.16
326884,0.2
326900,0.24
326904,0.17
326905,0.34
326917,0.08
326919,0.13
326921,0.26
326929,0.18
326942,0.15
326944,0.17
326953,0.21
326968,0.16
326985,0.17
326987,0.19
326988,0.22
326994,0.2
327005,0.12
327010,0.21
327017,0.17
327026,0.23
327030,0.13
327031,0.19
327045,0.24
327054,0.09
327078,0.2
327080,0.19
327087,0.28
327137,0.17
327147,0.17
327150,0.18
327153,0.21
327160,0.22
327164,0.14
327169,0.26
327187,0.29
327188,0.18
327189,0.17
327194,0.13
327196,0.15
327202,0.22
327207,0.13
327215,0.16
327216,0.17
327220,0.19
327222,0.23
327230,0.24
327231,0.37
327238,0.27
327247,0.16
327262,0.11
327265,0.11
327267,0.18
327273,0.14
327276,0.29
327280,0.17
327287,0.15
327301,0.21
327307,0.24
327309,0.22
327316,0.15
327327,0.25
327334,0.31
327335,0.19
327338,0.17
327341,0.2
327350,0.24
327355,0.1
327370,0.2
327386,0.19
327391,0.27
327393,0.26
327408,0.27
327415,0.19
327431,0.26
327445,0.18
327449,0.33
327457,0.17
327488,0.11
327489,0.3
327523,0.14
327537,0.18
327550,0.3
327556,0.16
327562,0.09
327567,0.18
327587,0.16
327594,0.15
327602,0.15
327604,0.16
327609,0.19
327618,0.25
327620,0.14
327626,0.24
327628,0.14
327629,0.19
327631,0.25
327633,0.07
327638,0.12
327665,0.14
327689,0.16
327697,0.14
327702,0.26
327704,0.26
327723,0.2
327726,0.12
327732,0.16
327739,0.2
327750,0.15
327751,0.13
327765,0.18
327766,0.12
327771,0.16
327772,0.34
327774,0.31
327784,0.1
327789,0.11
327794,0.16
327799,0.24
327803,0.29
327817,0.17
327819,0.2
327823,0.29
327828,0.37
327834,0.31
327835,0.16
327866,0.37
327871,0.14
327886,0.16
327900,0.28
327901,0.19
327904,0.23
327906,0.21
327908,0.11
327909,0.12
327914,0.28
327917,0.21
327928,0.19
327947,0.16
327949,0.22
327952,0.17
327954,0.14
327962,0.24
327964,0.28
327985,0.21
327996,0.24
327997,0.24
328013,0.13
328017,0.2
328027,0.23
328029,0.29
328042,0.12
328043,0.17
328064,0.27
328072,0.14
328074,0.28
328080,0.11
328086,0.1
328122,0.13
328126,0.18
328127,0.28
328142,0.16
328144,0.05
328150,0.23
328154,0.15
328160,0.13
328171,0.22
328179,0.29
328192,0.14
328195,0.24
328196,0.13
328201,0.17
328203,0.17
328217,0.27
328218,0.1
328228,0.19
328231,0.18
328246,0.2
328252,0.2
328255,0.25
328264,0.12
328281,0.06
328282,0.13
328291,0.18
328303,0.07
328305,0.25
328313,0.18
328336,0.15
328340,0.19
328343,0.17
328368,0.39
328372,0.09
328381,0.18
328383,0.26
328385,0.14
328393,0.25
328395,0.19
328409,0.22
328424,0.11
328427,0.2
328456,0.09
328463,0.19
328489,0.21
328491,0.19
328509,0.15
328516,0.26
328524,0.16
328535,0.18
328536,0.07
328539,0.14
328542,0.4
328545,0.29
328549,0.18
328554,0.19
328558,0.26
328571,0.15
328576,0.22
328578,0.15
328588,0.23
328601,0.12
328604,0.22
328624,0.11
328629,0.17
328632,0.16
328634,0.17
328636,0.18
328637,0.17
328647,0.14
328668,0.11
328669,0.24
328678,0.23
328684,0.18
328694,0.22
328705,0.14
328712,0.15
328720,0.19
328729,0.29
328730,0.23
328733,0.13
328758,0.22
328761,0.12
328764,0.16
328777,0.23
328783,0.15
328813,0.2
328819,0.17
328826,0.1
328829,0.26
328834,0.26
328845,0.14
328856,0.21
328865,0.2
328868,0.25
328878,0.44
328896,0.16
328899,0.1
328909,0.14
328914,0.21
328926,0.24
328934,0.22
328935,0.14
328949,0.26
328954,0.05
328957,0.24
328968,0.25
328974,0.19
328984,0.13
328991,0.18
328997,0.2
329000,0.2
329005,0.12
329007,0.23
329018,0.21
329034,0.22
329051,0.3
329052,0.18
329055,0.21
329062,0.36
329064,0.25
329070,0.36
329075,0.14
329078,0.16
329081,0.12
329086,0.21
329101,0.2
329105,0.25
329113,0.26
329119,0.22
329133,0.17
329135,0.17
329138,0.13
329143,0.2
329157,0.15
329165,0.21
329170,0.25
329176,0.18
329177,0.1
329179,0.19
329196,0.17
329209,0.23
329219,0.26
329241,0.12
329245,0.23
329248,0.21
329249,0.11
329251,0.25
329252,0.17
329256,0.2
329261,0.15
329264,0.28
329297,0.27
329310,0.21
329320,0.2
329328,0.12
329340,0.29
329347,0.14
329351,0.18
329356,0.19
329360,0.33
329364,0.14
329365,0.23
329381,0.17
329383,0.22
329385,0.16
329388,0.19
329390,0.19
329393,0.26
329403,0.26
329409,0.13
329418,0.37
329428,0.12
329433,0.18
329439,0.18
329459,0.15
329463,0.27
329475,0.13
329479,0.21
329494,0.29
329500,0.27
329503,0.13
329512,0.08
329514,0.16
329521,0.24
329526,0.23
329531,0.11
329534,0.27
329545,0.21
329553,0.15
329569,0.24
329571,0.25
329580,0.12
329585,0.27
329588,0.26
329603,0.14
329605,0.19
329611,0.1
329613,0.21
329615,0.2
329618,0.18
329623,0.12
329626,0.2
329678,0.14
329690,0.23
329693,0.21
329698,0.22
329700,0.08
329706,0.2
329709,0.21
329713,0.3
329716,0.23
329717,0.11
329719,0.18
329720,0.19
329737,0.08
329741,0.15
329742,0.16
329749,0.14
329765,0.27
329771,0.2
329775,0.19
329779,0.21
329781,0.13
329788,0.18
329798,0.25
329799,0.15
329810,0.21
329811,0.14
329812,0.14
329819,0.23
329822,0.22
329826,0.16
329843,0.15
329846,0.19
329856,0.17
329871,0.24
329882,0.16
329885,0.19
329893,0.19
329898,0.16
329903,0.1
329916,0.17
329918,0.09
329934,0.15
329942,0.13
329949,0.11
329958,0.34
329965,0.2
329969,0.14
329972,0.24
329981,0.3
329988,0.25
329989,0.16
330004,0.28
330006,0.4
330014,0.31
330025,0.33
330040,0.12
330047,0.25
330070,0.23
330074,0.12
330075,0.21
330085,0.19
330095,0.16
330106,0.15
330119,0.1
330122,0.16
330129,0.21
330145,0.17
330148,0.27
330154,0.16
330156,0.17
330162,0.24
330164,0.18
330187,0.23
330188,0.22
330189,0.17
330192,0.28
330193,0.24
330200,0.17
330205,0.18
330207,0.19
330220,0.2
330228,0.47
330243,0.14
330245,0.18
330270,0.17
330272,0.19
330279,0.18
330288,0.29
330289,0.15
330299,0.21
330308,0.17
330314,0.1
330317,0.25
330322,0.14
330332,0.19
330356,0.19
330358,0.17
330360,0.13
330363,0.23
330364,0.2
330368,0.18
330376,0.07
330378,0.25
330381,0.13
330386,0.17
330387,0.22
330395,0.18
330396,0.12
330406,0.17
330423,0.24
330430,0.2
330467,0.25
330469,0.12
330473,0.18
330479,0.25
330486,0.29
330523,0.19
330524,0.15
330540,0.14
330564,0.15
330565,0.13
330567,0.26
330568,0.29
330602,0.15
330616,0.18
330617,0.12
330625,0.24
330635,0.14
330636,0.22
330639,0.17
330661,0.21
330666,0.17
330670,0.14
330682,0.11
330690,0.23
330708,0.18
330726,0.13
330730,0.1
330765,0.11
330776,0.21
330789,0.11
330791,0.14
330803,0.23
330805,0.12
330807,0.18
330821,0.13
330822,0.13
330836,0.11
330837,0.22
330839,0.18
330840,0.15
330861,0.14
330878,0.18
330881,0.11
330888,0.22
330890,0.25
330903,0.24
330904,0.17
330905,0.14
330907,0.26
330915,0.14
330921,0.32
330922,0.17
330925,0.08
330942,0.17
330945,0.36
330957,0.23
330965,0.23
330973,0.12
330979,0.12
330981,0.21
331005,0.17
331018,0.21
331026,0.23
331032,0.08
331033,0.27
331036,0.14
331037,0.11
331048,0.17
331054,0.19
331058,0.27
331063,0.19
331077,0.22
331079,0.14
331081,0.29
331082,0.13
331090,0.2
331110,0.16
331127,0.27
331141,0.2
331153,0.16
331165,0.22
331171,0.24
331179,0.16
331191,0.2
331193,0.16
331197,0.18
331204,0.13
331207,0.19
331212,0.21
331220,0.22
331242,0.11
331244,0.2
331273,0.19
331281,0.14
331289,0.1
331293,0.19
331294,0.15
331299,0.15
331300,0.17
331302,0.14
331322,0.17
331334,0.14
331347,0.13
331353,0.21
331361,0.11
331370,0.1
331379,0.12
331382,0.2
331388,0.32
331390,0.16
331400,0.15
331411,0.16
331431,0.14
331451,0.13
331455,0.21
331456,0.26
331461,0.15
331468,0.16
331480,0.29
331491,0.12
331505,0.24
331508,0.11
331517,0.18
331519,0.27
331526,0.14
331530,0.12
331533,0.19
331554,0.21
331579,0.17
331590,0.24
331599,0.13
331604,0.22
331605,0.13
331611,0.19
331616,0.24
331620,0.25
331623,0.22
331641,0.19
331645,0.22
331657,0.2
331662,0.11
331678,0.12
331684,0.22
331686,0.3
331691,0.14
331697,0.29
331707,0.3
331709,0.11
331716,0.28
331719,0.16
331729,0.17
331735,0.08
331743,0.11
331761,0.24
331772,0.18
331777,0.2
331794,0.22
331813,0.16
331818,0.23
331834,0.22
331848,0.15
331849,0.15
331868,0.14
331875,0.19
331879,0.2
331886,0.13
331888,0.24
331891,0.21
331903,0.16
331905,0.16
331913,0.15
331914,0.2
331937,0.22
331938,0.23
331939,0.26
331944,0.1
331948,0.25
331968,0.1
331976,0.4
331977,0.25
332007,0.21
332014,0.15
332017,0.15
332027,0.2
332033,0.18
332041,0.09
332042,0.26
332047,0.17
332050,0.2
332056,0.13
332071,0.2
332075,0.31
332076,0.16
332077,0.13
332083,0.14
332093,0.29
332111,0.15
332119,0.17
332121,0.28
332135,0.19
332144,0.34
332147,0.18
332155,0.15
332156,0.29
332164,0.14
332166,0.26
332170,0.23
332180,0.2
332181,0.16
332184,0.16
332192,0.22
332204,0.18
332225,0.17
332234,0.17
332243,0.27
332253,0.15
332261,0.17
332266,0.27
332270,0.23
332285,0.32
332290,0.14
332296,0.21
332298,0.25
332302,0.19
332303,0.18
332317,0.12
332318,0.23
332327,0.2
332337,0.22
332351,0.15
332373,0.09
332377,0.28
332384,0.29
332398,0.1
332404,0.15
332405,0.11
332454,0.11
332456,0.23
332464,0.26
332468,0.13
332476,0.14
332482,0.15
332483,0.16
332508,0.2
332519,0.16
332529,0.21
332537,0.28
332545,0.25
332551,0.22
332552,0.21
332570,0.27
332574,0.2
332579,0.08
332607,0.21
332618,0.23
332626,0.2
332628,0.15
332645,0.18
332652,0.27
332666,0.26
332694,0.21
332697,0.24
332698,0.13
332700,0.19
332708,0.25
332714,0.22
332722,0.11
332724,0.15
332730,0.09
332741,0.18
332746,0.21
332754,0.31
332756,0.29
332759,0.17
332764,0.32
332786,0.17
332790,0.21
332816,0.32
332821,0.14
332827,0.07
332829,0.16
332831,0.14
332833,0.2
332834,0.15
332837,0.08
332846,0.19
332860,0.31
332861,0.2
332865,0.15
332882,0.2
332897,0.21
332901,0.16
332904,0.14
332910,0.45
332911,0.16
332912,0.35
332939,0.15
332940,0.18
332952,0.12
332956,0.12
332957,0.29
332958,0.12
332961,0.19
332967,0.22
332974,0.2
332993,0.17
333007,0.14
333012,0.34
333020,0.13
333021,0.16
333035,0.23
333040,0.27
333061,0.2
333073,0.14
333078,0.32
333085,0.18
333086,0.19
333096,0.32
333100,0.13
333112,0.19
333114,0.23
333120,0.34
333142,0.11
333152,0.17
333159,0.22
333178,0.21
333179,0.23
333187,0.23
333191,0.18
333192,0.13
333199,0.15
333211,0.18
333224,0.17
333237,0.24
333238,0.21
333262,0.2
333268,0.11
333275,0.15
333289,0.27
333292,0.29
333303,0.17
333305,0.22
333312,0.1
333316,0.12
333335,0.18
333354,0.14
333356,0.2
333358,0.15
333376,0.21
333378,0.18
333380,0.11
333381,0.19
333388,0.22
333392,0.1
333406,0.32
333410,0.11
333411,0.15
333412,0.22
333428,0.24
333432,0.13
333435,0.11
333442,0.2
333452,0.22
333455,0.27
333456,0.31
333459,0.21
333464,0.3
333466,0.31
333469,0.19
333475,0.15
333476,0.07
333477,0.26
333487,0.22
333490,0.21
333497,0.39
333499,0.12
333500,0.19
333501,0.15
333503,0.13
333513,0.17
333518,0.14
333544,0.15
333546,0.27
333563,0.23
333566,0.11
333568,0.28
333570,0.11
333573,0.15
333574,0.19
333584,0.16
333589,0.17
333594,0.18
333596,0.17
333597,0.19
333615,0.18
333621,0.25
333622,0.3
333629,0.2
333651,0.25
333653,0.13
333664,0.21
333680,0.08
333687,0.29
333688,0.24
333689,0.28
333693,0.2
333695,0.27
333706,0.18
333709,0.3
333713,0.28
333734,0.11
333745,0.26
333752,0.21
333764,0.19
333780,0.23
333789,0.27
333791,0.16
333795,0.2
333799,0.26
333801,0.29
333802,0.23
333803,0.21
333810,0.21
333837,0.14
333842,0.2
333843,0.19
333845,0.15
333852,0.3
333859,0.09
333885,0.34
333896,0.18
333904,0.24
333908,0.16
333913,0.28
333927,0.22
333930,0.23
333935,0.12
333952,0.15
333953,0.26
333966,0.17
333968,0.16
333988,0.17
334013,0.15
334027,0.24
334030,0.18
334032,0.34
334033,0.12
334042,0.13
334045,0.27
334053,0.1
334055,0.15
334058,0.2
334063,0.23
334070,0.19
334074,0.07
334080,0.28
334086,0.21
334092,0.24
334099,0.26
334101,0.13
334103,0.18
334104,0.21
334109,0.26
334125,0.23
334130,0.14
334138,0.31
334161,0.21
334164,0.14
334169,0.12
334171,0.27
334185,0.16
334186,0.07
334209,0.12
334211,0.23
334230,0.12
334231,0.26
334237,0.29
334241,0.25
334244,0.34
334247,0.18
334250,0.16
334252,0.24
334273,0.21
334282,0.15
334285,0.24
334286,0.24
334292,0.19
334296,0.17
334299,0.17
334300,0.12
334305,0.11
334307,0.26
334311,0.13
334315,0.12
334343,0.16
334344,0.12
334345,0.19
334350,0.21
334353,0.18
334365,0.25
334372,0.21
334374,0.21
334375,0.2
334382,0.22
334387,0.12
334391,0.23
334397,0.13
334407,0.17
334415,0.13
334417,0.16
334419,0.25
334431,0.14
334435,0.39
334446,0.48
334447,0.24
334457,0.18
334459,0.14
334471,0.11
334474,0.24
334481,0.15
334483,0.18
334486,0.26
334490,0.31
334492,0.26
334494,0.21
334512,0.23
334522,0.15
334527,0.14
334534,0.18
334537,0.09
334539,0.21
334552,0.2
334555,0.25
334565,0.2
334580,0.14
334585,0.2
334589,0.21
334594,0.21
334600,0.19
334603,0.28
334613,0.17
334621,0.15
334628,0.21
334631,0.25
334634,0.18
334635,0.23
334659,0.21
334660,0.18
334664,0.17
334671,0.22
334693,0.21
334695,0.22
334703,0.36
334718,0.33
334728,0.33
334732,0.24
334733,0.2
334735,0.14
334748,0.17
334756,0.2
334764,0.19
334766,0.19
334787,0.12
334803,0.13
334806,0.22
334817,0.23
334825,0.21
334831,0.23
334836,0.16
334845,0.15
334857,0.08
334868,0.17
334871,0.22
334873,0.12
334881,0.22
334886,0.17
334898,0.25
334899,0.15
334901,0.16
334916,0.2
334923,0.25
334933,0.23
334938,0.31
334955,0.24
334963,0.47
334974,0.22
334986,0.16
334994,0.1
334995,0.35
335001,0.14
335005,0.26
335009,0.14
335014,0.17
335015,0.1
335017,0.28
335025,0.26
335027,0.23
335055,0.12
335058,0.23
335072,0.12
335073,0.12
335081,0.17
335091,0.17
335096,0.16
335097,0.14
335099,0.15
335113,0.14
335136,0.14
335140,0.19
335141,0.19
335143,0.28
335155,0.17
335170,0.27
335176,0.19
335181,0.16
335183,0.29
335192,0.1
335196,0.24
335198,0.14
335203,0.19
335204,0.34
335218,0.19
335222,0.18
335223,0.29
335229,0.25
335231,0.27
335236,0.21
335253,0.29
335257,0.18
335262,0.15
335263,0.23
335273,0.2
335276,0.17
335278,0.14
335295,0.14
335301,0.11
335303,0.13
335305,0.26
335310,0.27
335313,0.16
335314,0.11
335319,0.15
335321,0.28
335331,0.15
335332,0.17
335333,0.19
335337,0.17
335342,0.19
335347,0.19
335351,0.29
335356,0.13
335366,0.23
335369,0.17
335377,0.23
335388,0.29
335395,0.18
335397,0.17
335411,0.17
335419,0.16
335425,0.17
335427,0.18
335443,0.13
335446,0.15
335448,0.17
335451,0.15
335458,0.2
335459,0.26
335460,0.24
335463,0.1
335471,0.21
335477,0.15
335478,0.26
335484,0.12
335490,0.35
335495,0.25
335506,0.32
335507,0.15
335518,0.19
335533,0.16
335537,0.27
335538,0.28
335549,0.13
335553,0.19
335561,0.23
335564,0.19
335573,0.12
335577,0.15
335579,0.1
335585,0.24
335590,0.22
335594,0.17
335598,0.21
335601,0.16
335608,0.19
335616,0.33
335640,0.3
335645,0.13
335653,0.18
335683,0.2
335692,0.25
335713,0.17
335726,0.19
335727,0.31
335728,0.21
335732,0.18
335736,0.29
335747,0.18
335754,0.24
335755,0.18
335761,0.16
335775,0.15
335778,0.28
335779,0.27
335787,0.11
335805,0.12
335807,0.21
335808,0.19
335815,0.15
335818,0.13
335835,0.26
335849,0.17
335850,0.12
335851,0.33
335852,0.24
335856,0.16
335857,0.16
335863,0.25
335871,0.2
335879,0.1
335885,0.11
335887,0.26
335893,0.3
335906,0.15
335912,0.22
335921,0.15
335944,0.19
335952,0.18
335955,0.14
335956,0.1
335957,0.22
335958,0.2
335962,0.15
335963,0.08
335964,0.22
335971,0.19
335973,0.26
335975,0.2
335981,0.16
335983,0.1
336016,0.15
336038,0.24
336039,0.17
336041,0.22
336061,0.11
336063,0.23
336067,0.1
336071,0.16
336089,0.22
336095,0.16
336096,0.19
336101,0.16
336117,0.09
336118,0.27
336120,0.39
336137,0.1
336155,0.19
336156,0.29
336159,0.17
336178,0.24
336183,0.25
336194,0.21
336195,0.2
336199,0.2
336209,0.15
336213,0.12
336214,0.21
336215,0.18
336220,0.09
336253,0.13
336260,0.3
336263,0.16
336265,0.24
336273,0.09
336277,0.13
336280,0.09
336295,0.2
336308,0.18
336309,0.09
336316,0.29
336319,0.18
336321,0.11
336322,0.15
336323,0.14
336340,0.18
336344,0.14
336352,0.15
336361,0.16
336367,0.13
336382,0.16
336383,0.21
336393,0.12
336407,0.21
336413,0.11
336418,0.23
336426,0.23
336427,0.1
336436,0.17
336443,0.23
336445,0.12
336447,0.2
336451,0.17
336464,0.11
336484,0.27
336491,0.18
336492,0.13
336493,0.22
336494,0.17
336499,0.22
336524,0.17
336527,0.32
336534,0.23
336544,0.26
336553,0.26
336558,0.19
336565,0.23
336569,0.23
336580,0.2
336586,0.12
336592,0.11
336604,0.16
336610,0.23
336623,0.25
336634,0.22
336635,0.15
336641,0.17
336660,0.12
336673,0.21
336686,0.09
336693,0.28
336701,0.17
336704,0.17
336711,0.26
336715,0.26
336717,0.17
336722,0.21
336724,0.27
336741,0.17
336745,0.1
336757,0.26
336764,0.32
336767,0.14
336783,0.23
336786,0.2
336791,0.15
336792,0.26
336813,0.17
336822,0.25
336823,0.17
336832,0.14
336843,0.26
336858,0.2
336870,0.16
336876,0.16
336885,0.15
336887,0.21
336891,0.17
336903,0.11
336916,0.18
336917,0.04
336922,0.13
336925,0.15
336931,0.28
336938,0.22
336950,0.34
336955,0.21
336956,0.1
336959,0.17
336966,0.31
336971,0.22
336978,0.1
336983,0.15
336986,0.13
336996,0.25
337003,0.34
337007,0.21
337029,0.23
337034,0.21
337039,0.11
337057,0.26
337058,0.09
337062,0.14
337080,0.21
337087,0.11
337105,0.1
337108,0.16
337120,0.14
337125,0.4
337142,0.15
337159,0.14
337160,0.17
337168,0.21
337170,0.19
337171,0.2
337178,0.3
337188,0.29
337191,0.22
337200,0.19
337207,0.2
337210,0.21
337218,0.16
337221,0.1
337237,0.16
337241,0.21
337244,0.16
337273,0.16
337294,0.12
337295,0.2
337298,0.05
337310,0.18
337326,0.15
337338,0.44
337343,0.25
337360,0.26
337369,0.27
337375,0.27
337386,0.21
337388,0.22
337405,0.14
337408,0.21
337412,0.11
337416,0.15
337418,0.28
337442,0.29
337449,0.23
337457,0.2
337460,0.17
337474,0.13
337499,0.24
337506,0.24
337512,0.25
337527,0.19
337528,0.21
337530,0.17
337539,0.19
337546,0.12
337551,0.25
337569,0.13
337576,0.11
337582,0.18
337590,0.26
337599,0.17
337600,0.3
337601,0.39
337608,0.17
337614,0.31
337619,0.15
337625,0.28
337629,0.27
337635,0.19
337642,0.15
337663,0.28
337665,0.28
337668,0.09
337700,0.22
337746,0.18
337761,0.19
337779,0.22
337788,0.18
337790,0.22
337793,0.14
337802,0.19
337807,0.22
337821,0.26
337840,0.19
337846,0.21
337848,0.36
337864,0.21
337866,0.25
337868,0.1
337878,0.15
337890,0.33
337896,0.26
337901,0.16
337905,0.25
337914,0.17
337953,0.17
337969,0.16
337984,0.2
337995,0.17
338009,0.18
338018,0.19
338022,0.16
338028,0.19
338029,0.19
338044,0.14
338050,0.24
338052,0.1
338073,0.34
338076,0.18
338084,0.17
338086,0.1
338094,0.14
338097,0.2
338099,0.14
338126,0.11
338127,0.35
338137,0.34
338146,0.14
338161,0.2
338164,0.14
338174,0.17
338179,0.46
338181,0.26
338188,0.13
338189,0.13
338193,0.12
338199,0.16
338202,0.21
338204,0.26
338210,0.19
338229,0.25
338240,0.31
338250,0.12
338253,0.32
338254,0.18
338268,0.16
338290,0.17
338293,0.16
338297,0.2
338301,0.13
338306,0.2
338314,0.17
338318,0.19
338325,0.14
338340,0.26
338341,0.2
338351,0.13
338352,0.33
338368,0.27
338381,0.24
338404,0.13
338409,0.1
338417,0.18
338418,0.12
338426,0.07
338431,0.15
338435,0.17
338463,0.11
338465,0.29
338467,0.16
338479,0.35
338495,0.26
338510,0.27
338526,0.11
338528,0.16
338530,0.19
338539,0.27
338543,0.15
338554,0.16
338557,0.2
338581,0.26
338589,0.2
338595,0.18
338597,0.19
338604,0.16
338607,0.12
338613,0.12
338615,0.16
338628,0.26
338636,0.18
338642,0.2
338669,0.13
338671,0.25
338675,0.21
338676,0.21
338690,0.15
338696,0.32
338702,0.33
338703,0.18
338709,0.21
338719,0.2
338725,0.16
338727,0.15
338732,0.21
338749,0.16
338773,0.22
338774,0.12
338784,0.24
338789,0.17
338792,0.19
338804,0.31
338808,0.28
338822,0.16
338824,0.15
338833,0.17
338836,0.37
338840,0.15
338842,0.26
338843,0.2
338847,0.14
338849,0.22
338857,0.19
338860,0.34
338872,0.14
338874,0.14
338878,0.27
338895,0.21
338896,0.17
338904,0.3
338920,0.28
338931,0.15
338938,0.19
338955,0.13
338962,0.16
338969,0.23
338976,0.21
338994,0.15
339011,0.09
339014,0.2
339017,0.13
339018,0.46
339030,0.17
339038,0.2
339060,0.14
339079,0.23
339082,0.18
339099,0.14
339103,0.23
339105,0.23
339107,0.23
339121,0.31
339148,0.18
339152,0.16
339154,0.18
339170,0.31
339186,0.16
339187,0.15
339193,0.21
339196,0.25
339199,0.1
339203,0.27
339216,0.24
339228,0.18
339232,0.28
339237,0.19
339240,0.21
339242,0.22
339245,0.19
339252,0.13
339256,0.19
339258,0.26
339260,0.17
339263,0.18
339268,0.22
339269,0.2
339286,0.31
339304,0.1
339307,0.12
339317,0.21
339330,0.28
339346,0.3
339380,0.13
339381,0.23
339382,0.2
339391,0.13
339396,0.29
339406,0.21
339407,0.19
339409,0.18
339410,0.14
339425,0.25
339427,0.19
339433,0.24
339443,0.08
339449,0.2
339452,0.16
339453,0.19
339455,0.24
339457,0.23
339477,0.24
339483,0.21
339487,0.23
339490,0.18
339518,0.24
339523,0.2
339529,0.18
339541,0.29
339544,0.29
339546,0.27
339559,0.24
339563,0.19
339573,0.13
339591,0.18
339593,0.19
339599,0.16
339604,0.33
339615,0.17
339621,0.15
339625,0.27
339642,0.16
339647,0.32
339650,0.18
339656,0.14
339659,0.17
339681,0.23
339683,0.21
339684,0.24
339689,0.14
339694,0.17
339699,0.2
339718,0.36
339727,0.32
339735,0.17
339736,0.2
339745,0.11
339755,0.12
339758,0.12
339770,0.09
339772,0.22
339778,0.17
339786,0.21
339787,0.25
339788,0.19
339799,0.24
339814,0.14
339837,0.11
339842,0.22
339845,0.14
339852,0.17
339857,0.38
339864,0.2
339872,0.13
339873,0.19
339874,0.26
339875,0.19
339879,0.25
339884,0.17
339888,0.26
339891,0.28
339905,0.2
339920,0.16
339934,0.19
339938,0.1
339948,0.09
339949,0.24
339953,0.16
339954,0.16
339957,0.12
339958,0.24
339971,0.23
339975,0.11
339978,0.21
339984,0.16
339993,0.15
340009,0.17
340012,0.13
340019,0.15
340031,0.18
340041,0.21
340045,0.18
340046,0.17
340067,0.16
340079,0.16
340081,0.22
340082,0.14
340090,0.14
340091,0.24
340099,0.14
340104,0.13
340109,0.11
340123,0.27
340146,0.15
340162,0.05
340167,0.19
340181,0.17
340194,0.16
340195,0.2
340198,0.22
340202,0.35
340203,0.35
340219,0.24
340221,0.16
340224,0.17
340239,0.22
340248,0.22
340262,0.17
340264,0.24
340277,0.27
340285,0.08
340292,0.19
340356,0.28
340365,0.35
340375,0.15
340377,0.12
340378,0.33
340385,0.2
340387,0.08
340388,0.25
340405,0.19
340407,0.14
340408,0.2
340416,0.09
340420,0.13
340421,0.33
340425,0.14
340430,0.2
340448,0.18
340451,0.22
340456,0.16
340457,0.14
340459,0.16
340460,0.19
340463,0.17
340464,0.26
340486,0.23
340503,0.28
340504,0.17
340505,0.2
340507,0.18
340509,0.21
340511,0.25
340513,0.11
340516,0.31
340529,0.2
340535,0.15
340542,0.38
340545,0.22
340546,0.29
340556,0.27
340567,0.2
340576,0.2
340577,0.1
340586,0.1
340587,0.27
340594,0.21
340610,0.36
340611,0.23
340614,0.21
340625,0.13
340630,0.32
340640,0.17
340667,0.22
340674,0.27
340679,0.21
340683,0.25
340686,0.36
340698,0.11
340708,0.15
340717,0.2
340718,0.18
340720,0.09
340726,0.16
340746,0.23
340747,0.11
340768,0.25
340769,0.17
340772,0.33
340774,0.24
340778,0.22
340806,0.23
340816,0.19
340823,0.15
340826,0.23
340838,0.17
340840,0.19
340842,0.21
340844,0.23
340845,0.16
340853,0.18
340855,0.29
340857,0.16
340858,0.22
340864,0.28
340899,0.2
340901,0.11
340909,0.26
340921,0.21
340925,0.22
340953,0.19
340954,0.1
340961,0.16
340963,0.26
340975,0.27
340977,0.1
340996,0.12
341009,0.18
341013,0.15
341020,0.2
341024,0.17
341031,0.17
341038,0.27
341042,0.25
341050,0.17
341063,0.23
341066,0.17
341067,0.15
341070,0.28
341075,0.18
341089,0.15
341091,0.24
341122,0.28
341132,0.21
341135,0.23
341150,0.25
341168,0.34
341172,0.31
341182,0.17
341183,0.13
341187,0.24
341192,0.2
341194,0.12
341201,0.17
341226,0.19
341228,0.21
341231,0.21
341235,0.24
341237,0.18
341251,0.22
341278,0.18
341284,0.19
341285,0.23
341294,0.21
341296,0.16
341297,0.17
341298,0.17
341302,0.21
341304,0.15
341307,0.16
341314,0.21
341324,0.18
341332,0.47
341342,0.22
341347,0.2
341356,0.15
341358,0.19
341365,0.2
341368,0.16
341372,0.2
341374,0.22
341380,0.15
341381,0.25
341390,0.21
341398,0.28
341401,0.23
341406,0.23
341413,0.23
341419,0.18
341421,0.22
341427,0.12
341429,0.13
341434,0.19
341437,0.23
341444,0.25
341447,0.13
341452,0.17
341458,0.3
341475,0.2
341478,0.16
341495,0.19
341503,0.24
341520,0.16
341525,0.21
341544,0.16
341545,0.11
341548,0.13
341551,0.11
341552,0.14
341562,0.21
341574,0.25
341577,0.18
341585,0.28
341616,0.14
341630,0.19
341631,0.2
341640,0.28
341651,0.24
341653,0.13
341655,0.3
341659,0.17
341696,0.22
341705,0.28
341717,0.19
341720,0.15
341728,0.19
341729,0.1
341737,0.17
341758,0.16
341765,0.14
341780,0.22
341785,0.24
341787,0.19
341790,0.16
341796,0.2
341805,0.15
341811,0.17
341823,0.17
341828,0.46
341841,0.19
341865,0.25
341873,0.15
341891,0.17
341899,0.17
341906,0.18
341917,0.13
341926,0.25
341931,0.13
341934,0.23
341939,0.32
341943,0.2
341962,0.14
341967,0.24
341971,0.16
341990,0.2
341997,0.11
342001,0.21
342010,0.22
342042,0.28
342052,0.24
342084,0.15
342089,0.08
342091,0.1
342099,0.11
342109,0.14
342111,0.17
342119,0.21
342120,0.28
342125,0.08
342127,0.29
342128,0.23
342135,0.16
342136,0.12
342138,0.11
342148,0.13
342153,0.26
342154,0.25
342157,0.06
342163,0.22
342168,0.13
342173,0.34
342182,0.21
342185,0.21
342194,0.17
342198,0.18
342210,0.22
342214,0.22
342220,0.21
342222,0.13
342223,0.23
342230,0.26
342239,0.17
342247,0.17
342248,0.29
342252,0.12
342257,0.16
342271,0.31
342272,0.07
342290,0.08
342295,0.15
342297,0.14
342298,0.11
342301,0.2
342305,0.14
342308,0.17
342314,0.17
342322,0.14
342340,0.33
342350,0.1
342353,0.12
342358,0.18
342377,0.17
342378,0.21
342382,0.36
342390,0.14
342396,0.16
342439,0.24
342442,0.27
342447,0.22
342449,0.16
342450,0.22
342451,0.23
342454,0.3
342455,0.33
342467,0.15
342476,0.26
342481,0.26
342498,0.12
342503,0.07
342510,0.17
342513,0.22
342523,0.16
342527,0.24
342555,0.24
342566,0.18
342584,0.19
342593,0.05
342600,0.12
342611,0.15
342614,0.14
342637,0.16
342639,0.16
342656,0.37
342669,0.13
342684,0.33
342686,0.24
342690,0.28
342693,0.19
342701,0.3
342702,0.4
342703,0.18
342706,0.14
342711,0.22
342730,0.13
342744,0.24
342753,0.22
342769,0.18
342779,0.28
342788,0.11
342792,0.14
342794,0.17
342795,0.12
342799,0.17
342802,0.36
342803,0.31
342812,0.21
342820,0.28
342824,0.14
342835,0.2
342836,0.17
342851,0.28
342860,0.15
342862,0.23
342870,0.16
342873,0.19
342894,0.19
342916,0.14
342950,0.14
342970,0.13
342971,0.25
342980,0.17
342981,0.15
343004,0.21
343044,0.07
343045,0.31
343072,0.14
343078,0.19
343080,0.2
343085,0.22
343126,0.22
343137,0.17
343139,0.19
343144,0.19
343155,0.24
343163,0.15
343165,0.17
343190,0.15
343205,0.24
343221,0.19
343226,0.14
343233,0.27
343236,0.14
343241,0.17
343245,0.19
343256,0.15
343260,0.1
343276,0.18
343298,0.22
343299,0.14
343310,0.3
343312,0.1
343317,0.24
343319,0.15
343324,0.22
343345,0.22
343348,0.23
343354,0.25
343363,0.23
343365,0.29
343376,0.15
343380,0.28
343401,0.21
343412,0.17
343414,0.18
343415,0.18
343418,0.18
343419,0.22
343421,0.22
343423,0.16
343432,0.22
343436,0.15
343440,0.3
343458,0.17
343470,0.2
343471,0.11
343480,0.18
343484,0.2
343492,0.31
343500,0.17
343503,0.11
343522,0.22
343525,0.14
343562,0.24
343577,0.2
343580,0.23
343591,0.24
343594,0.23
343602,0.2
343611,0.12
343615,0.29
343639,0.13
343643,0.28
343645,0.12
343647,0.14
343669,0.12
343683,0.14
343702,0.51
343703,0.13
343704,0.18
343710,0.09
343724,0.28
343730,0.16
343742,0.26
343743,0.22
343745,0.18
343775,0.22
343783,0.13
343794,0.18
343795,0.15
343816,0.12
343820,0.08
343823,0.18
343836,0.07
343845,0.13
343888,0.26
343893,0.13
343898,0.2
343914,0.12
343918,0.18
343920,0.17
343928,0.11
343931,0.18
343968,0.2
343990,0.25
343991,0.15
343996,0.22
344002,0.27
344004,0.19
344008,0.18
344011,0.18
344013,0.27
344014,0.26
344015,0.23
344016,0.15
344019,0.17
344026,0.11
344027,0.16
344029,0.33
344039,0.29
344041,0.35
344042,0.14
344047,0.26
344053,0.28
344055,0.14
344060,0.14
344064,0.17
344067,0.26
344080,0.11
344083,0.22
344088,0.13
344090,0.15
344093,0.15
344099,0.11
344113,0.15
344114,0.22
344119,0.13
344121,0.17
344135,0.17
344138,0.15
344159,0.19
344172,0.2
344176,0.21
344192,0.13
344202,0.26
344219,0.2
344225,0.2
344229,0.35
344240,0.19
344241,0.11
344249,0.19
344252,0.2
344256,0.24
344260,0.16
344264,0.19
344267,0.07
344275,0.24
344283,0.22
344292,0.19
344296,0.25
344297,0.15
344299,0.18
344303,0.16
344313,0.19
344315,0.14
344317,0.12
344323,0.17
344328,0.28
344339,0.18
344343,0.13
344345,0.16
344356,0.24
344358,0.13
344359,0.19
344366,0.31
344370,0.19
344382,0.12
344383,0.15
344386,0.22
344388,0.34
344393,0.18
344395,0.25
344401,0.23
344402,0.38
344404,0.21
344422,0.09
344427,0.15
344433,0.1
344444,0.25
344454,0.22
344460,0.17
344480,0.13
344483,0.18
344488,0.29
344496,0.25
344504,0.34
344516,0.27
344524,0.26
344540,0.22
344542,0.11
344550,0.19
344558,0.11
344561,0.15
344568,0.26
344571,0.22
344621,0.21
344633,0.22
344635,0.24
344660,0.27
344662,0.29
344681,0.13
344683,0.32
344685,0.15
344716,0.31
344726,0.22
344749,0.26
344750,0.32
344752,0.08
344760,0.08
344762,0.27
344768,0.22
344770,0.26
344772,0.28
344778,0.21
344783,0.23
344793,0.16
344814,0.19
344815,0.12
344818,0.19
344819,0.17
344826,0.26
344828,0.41
344835,0.16
344864,0.15
344869,0.26
344875,0.36
344883,0.17
344885,0.12
344887,0.16
344889,0.22
344892,0.35
344895,0.28
344913,0.13
344934,0.1
344939,0.17
344947,0.24
344964,0.22
344969,0.19
344973,0.24
344977,0.18
344978,0.15
344991,0.26
345010,0.17
345011,0.22
345012,0.28
345020,0.19
345021,0.15
345042,0.06
345046,0.23
345070,0.19
345078,0.13
345085,0.2
345087,0.19
345093,0.18
345094,0.36
345097,0.25
345107,0.14
345109,0.31
345117,0.17
345118,0.16
345126,0.3
345142,0.24
345143,0.15
345149,0.15
345150,0.12
345154,0.25
345174,0.17
345184,0.15
345193,0.18
345196,0.22
345202,0.2
345207,0.17
345209,0.25
345211,0.17
345212,0.21
345213,0.14
345218,0.14
345228,0.17
345234,0.14
345251,0.15
345252,0.13
345260,0.2
345269,0.1
345275,0.2
345300,0.15
345305,0.15
345306,0.26
345310,0.09
345315,0.29
345324,0.25
345329,0.14
345359,0.23
345360,0.34
345364,0.17
345385,0.29
345387,0.17
345390,0.14
345402,0.3
345404,0.2
345405,0.14
345416,0.12
345425,0.27
345432,0.26
345437,0.42
345442,0.18
345450,0.3
345458,0.11
345467,0.24
345468,0.29
345470,0.29
345478,0.11
345479,0.14
345482,0.18
345489,0.19
345492,0.19
345499,0.17
345502,0.21
345515,0.25
345538,0.14
345542,0.22
345548,0.12
345550,0.18
345552,0.2
345557,0.09
345560,0.08
345563,0.21
345564,0.3
345580,0.16
345582,0.2
345583,0.13
345604,0.25
345622,0.09
345630,0.15
345634,0.18
345643,0.2
345646,0.13
345685,0.32
345687,0.14
345694,0.25
345717,0.11
345718,0.2
345726,0.23
345733,0.16
345738,0.14
345754,0.22
345761,0.16
345771,0.27
345778,0.17
345780,0.4
345788,0.19
345796,0.23
345800,0.34
345808,0.28
345812,0.18
345821,0.32
345822,0.19
345843,0.33
345853,0.24
345854,0.21
345857,0.21
345858,0.2
345867,0.14
345884,0.18
345892,0.18
345893,0.12
345896,0.13
345902,0.17
345906,0.2
345913,0.18
345916,0.2
345922,0.24
345923,0.42
345924,0.23
345935,0.21
345941,0.19
345948,0.25
345953,0.17
345958,0.2
345962,0.23
345966,0.2
345973,0.21
345976,0.14
345989,0.14
345999,0.14
346003,0.16
346014,0.15
346027,0.1
346036,0.33
346048,0.21
346052,0.13
346057,0.19
346058,0.2
346064,0.28
346076,0.26
346079,0.15
346081,0.16
346091,0.15
346099,0.24
346104,0.18
346111,0.23
346117,0.31
346118,0.13
346126,0.1
346135,0.16
346141,0.1
346150,0.24
346153,0.14
346155,0.18
346164,0.23
346166,0.31
346173,0.26
346179,0.12
346184,0.22
346188,0.15
346201,0.25
346207,0.19
346213,0.23
346219,0.12
346245,0.2
346271,0.2
346273,0.33
346290,0.17
346300,0.25
346314,0.12
346328,0.15
346329,0.2
346338,0.12
346340,0.13
346341,0.2
346347,0.13
346358,0.25
346362,0.14
346373,0.25
346377,0.29
346379,0.41
346384,0.2
346387,0.17
346392,0.17
346396,0.13
346402,0.25
346405,0.13
346407,0.16
346409,0.2
346414,0.2
346423,0.13
346424,0.21
346428,0.14
346443,0.17
346444,0.17
346446,0.21
346449,0.21
346456,0.17
346476,0.14
346477,0.11
346480,0.13
346492,0.27
346526,0.07
346536,0.19
346539,0.18
346543,0.2
346544,0.16
346546,0.2
346591,0.31
346598,0.21
346599,0.1
346618,0.15
346620,0.22
346623,0.19
346631,0.18
346639,0.15
346657,0.21
346661,0.29
346671,0.11
346672,0.24
346694,0.14
346712,0.36
346714,0.15
346723,0.16
346727,0.27
346729,0.14
346747,0.21
346765,0.27
346775,0.14
346784,0.27
346797,0.19
346799,0.22
346802,0.11
346807,0.21
346822,0.27
346828,0.2
346836,0.23
346838,0.17
346841,0.2
346843,0.19
346848,0.23
346850,0.22
346851,0.15
346855,0.13
346856,0.25
346860,0.16
346870,0.2
346881,0.28
346884,0.21
346887,0.14
346890,0.16
346904,0.19
346912,0.25
346914,0.25
346923,0.16
346924,0.14
346926,0.18
346934,0.18
346936,0.14
346951,0.22
346952,0.19
346970,0.14
346982,0.23
346993,0.18
347013,0.22
347018,0.17
347021,0.18
347031,0.2
347033,0.49
347039,0.24
347045,0.16
347046,0.16
347058,0.15
347071,0.2
347078,0.21
347079,0.21
347097,0.23
347101,0.14
347120,0.18
347121,0.1
347133,0.08
347161,0.26
347163,0.16
347173,0.17
347175,0.21
347181,0.1
347193,0.32
347196,0.34
347204,0.16
347205,0.27
347217,0.24
347229,0.12
347255,0.09
347261,0.11
347266,0.23
347283,0.23
347286,0.22
347302,0.19
347304,0.17
347321,0.17
347323,0.16
347331,0.23
347340,0.15
347350,0.23
347374,0.2
347379,0.18
347404,0.25
347415,0.25
347438,0.31
347439,0.12
347443,0.24
347450,0.34
347456,0.18
347458,0.25
347463,0.19
347471,0.2
347476,0.22
347482,0.2
347483,0.19
347492,0.1
347498,0.12
347499,0.13
347501,0.17
347521,0.19
347527,0.18
347531,0.2
347540,0.12
347556,0.23
347575,0.21
347579,0.16
347581,0.16
347583,0.22
347611,0.16
347614,0.24
347621,0.16
347629,0.25
347639,0.19
347642,0.15
347650,0.2
347665,0.16
347674,0.24
347678,0.26
347689,0.18
347690,0.13
347708,0.24
347712,0.3
347722,0.26
347728,0.17
347734,0.22
347736,0.32
347747,0.2
347748,0.18
347753,0.26
347755,0.25
347756,0.12
347757,0.22
347763,0.19
347770,0.21
347771,0.19
347784,0.17
347792,0.19
347793,0.17
347801,0.2
347808,0.26
347821,0.12
347824,0.18
347829,0.28
347841,0.35
347845,0.25
347846,0.26
347853,0.26
347854,0.21
347858,0.17
347859,0.16
347864,0.09
347869,0.17
347876,0.12
347880,0.19
347884,0.2
347888,0.17
347893,0.1
347900,0.12
347902,0.15
347910,0.12
347912,0.17
347915,0.08
347916,0.2
347919,0.11
347923,0.2
347952,0.35
348002,0.35
348003,0.18
348008,0.21
348014,0.28
348027,0.25
348031,0.15
348051,0.23
348060,0.17
348064,0.17
348066,0.19
348069,0.15
348077,0.17
348081,0.17
348087,0.17
348088,0.19
348094,0.31
348100,0.18
348119,0.18
348122,0.18
348141,0.29
348145,0.21
348154,0.12
348158,0.12
348163,0.3
348176,0.27
348177,0.17
348181,0.24
348190,0.2
348195,0.24
348197,0.26
348200,0.13
348209,0.11
348216,0.16
348217,0.16
348223,0.3
348228,0.18
348230,0.16
348249,0.11
348251,0.25
348261,0.21
348264,0.16
348271,0.18
348273,0.2
348280,0.26
348283,0.24
348285,0.29
348306,0.24
348312,0.31
348327,0.12
348328,0.27
348344,0.23
348358,0.31
348361,0.21
348362,0.21
348364,0.16
348370,0.2
348380,0.18
348400,0.18
348420,0.26
348428,0.18
348430,0.22
348445,0.21
348460,0.31
348462,0.22
348465,0.18
348481,0.15
348482,0.1
348485,0.14
348491,0.2
348492,0.25
348522,0.21
348531,0.14
348536,0.22
348546,0.21
348547,0.15
348548,0.24
348551,0.18
348554,0.28
348564,0.13
348571,0.22
348577,0.31
348593,0.35
348595,0.22
348606,0.27
348621,0.1
348630,0.21
348633,0.35
348644,0.27
348646,0.2
348680,0.12
348692,0.28
348698,0.25
348703,0.33
348712,0.18
348726,0.21
348727,0.2
348731,0.23
348733,0.2
348747,0.25
348753,0.18
348756,0.14
348760,0.27
348771,0.17
348785,0.18
348789,0.28
348793,0.18
348797,0.12
348799,0.09
348811,0.16
348812,0.17
348818,0.14
348822,0.13
348833,0.24
348849,0.18
348875,0.22
348878,0.1
348879,0.22
348884,0.39
348887,0.16
348890,0.22
348901,0.18
348911,0.18
348936,0.16
348941,0.16
348949,0.24
348950,0.19
348952,0.16
348954,0.2
348971,0.17
348979,0.35
348985,0.21
348989,0.27
348999,0.3
349006,0.2
349013,0.26
349015,0.17
349024,0.14
349033,0.14
349047,0.23
349060,0.16
349065,0.12
349071,0.26
349081,0.25
349088,0.28
349093,0.15
349101,0.22
349107,0.19
349113,0.17
349123,0.24
349125,0.16
349129,0.24
349131,0.27
349132,0.13
349163,0.19
349168,0.16
349172,0.06
349187,0.12
349192,0.21
349193,0.19
349203,0.25
349227,0.12
349234,0.29
349248,0.18
349249,0.17
349254,0.21
349259,0.32
349265,0.19
349276,0.15
349281,0.17
349283,0.15
349288,0.19
349297,0.21
349299,0.13
349304,0.26
349306,0.22
349310,0.24
349314,0.18
349320,0.17
349326,0.21
349329,0.16
349337,0.23
349357,0.19
349363,0.12
349374,0.19
349375,0.26
349394,0.21
349399,0.15
349404,0.15
349419,0.2
349422,0.18
349425,0.22
349432,0.17
349433,0.28
349436,0.14
349437,0.24
349439,0.13
349484,0.12
349488,0.21
349490,0.18
349538,0.22
349541,0.14
349543,0.23
349552,0.2
349560,0.14
349565,0.15
349570,0.16
349586,0.19
349589,0.17
349592,0.23
349596,0.25
349598,0.22
349601,0.19
349608,0.29
349615,0.28
349645,0.19
349654,0.28
349671,0.23
349679,0.14
349693,0.22
349706,0.27
349707,0.21
349708,0.15
349719,0.21
349727,0.19
349730,0.15
349735,0.24
349744,0.21
349745,0.19
349760,0.27
349765,0.12
349778,0.24
349787,0.15
349802,0.22
349812,0.32
349815,0.13
349847,0.22
349854,0.11
349855,0.25
349872,0.16
349873,0.15
349874,0.27
349886,0.17
349887,0.23
349911,0.16
349916,0.2
349920,0.39
349921,0.11
349929,0.29
349931,0.09
349935,0.16
349939,0.22
349960,0.18
349967,0.19
349969,0.24
349971,0.26
349977,0.16
349979,0.13
349981,0.15
349982,0.26
349992,0.17
349994,0.17
350005,0.08
350006,0.11
350009,0.21
350017,0.1
350021,0.24
350023,0.23
350032,0.3
350033,0.18
350036,0.34
350037,0.23
350048,0.3
350052,0.19
350063,0.19
350077,0.13
350078,0.36
350086,0.19
350087,0.22
350107,0.13
350110,0.15
350114,0.18
350119,0.27
350139,0.12
350154,0.15
350174,0.2
350177,0.23
350190,0.25
350193,0.2
350203,0.11
350206,0.23
350210,0.15
350225,0.18
350242,0.15
350264,0.1
350273,0.18
350277,0.13
350283,0.12
350286,0.15
350288,0.1
350290,0.25
350293,0.18
350310,0.37
350327,0.28
350330,0.16
350334,0.35
350340,0.21
350342,0.2
350344,0.2
350370,0.13
350372,0.23
350376,0.22
350387,0.13
350389,0.14
350395,0.32
350397,0.24
350433,0.11
350436,0.26
350442,0.11
350445,0.2
350446,0.14
350457,0.21
350480,0.24
350481,0.2
350484,0.2
350494,0.21
350511,0.18
350529,0.15
350531,0.2
350535,0.25
350539,0.19
350543,0.13
350544,0.18
350550,0.19
350558,0.27
350569,0.24
350571,0.21
350577,0.18
350582,0.2
350585,0.09
350596,0.13
350598,0.14
350599,0.23
350602,0.18
350612,0.15
350621,0.25
350626,0.2
350628,0.08
350638,0.17
350646,0.31
350652,0.19
350665,0.14
350671,0.19
350677,0.13
350694,0.24
350697,0.2
350699,0.24
350703,0.25
350705,0.38
350708,0.11
350724,0.24
350731,0.18
350740,0.12
350745,0.19
350749,0.26
350754,0.18
350757,0.14
350764,0.11
350766,0.33
350779,0.15
350794,0.24
350805,0.22
350810,0.28
350817,0.19
350825,0.21
350829,0.12
350832,0.15
350841,0.15
350855,0.11
350862,0.17
350867,0.27
350871,0.1
350874,0.2
350891,0.05
350895,0.11
350898,0.26
350899,0.11
350902,0.2
350913,0.27
350916,0.11
350933,0.19
350944,0.15
350954,0.22
350959,0.08
350965,0.15
350969,0.19
350984,0.24
350997,0.25
350999,0.19
351002,0.29
351008,0.07
351014,0.15
351025,0.24
351026,0.25
351046,0.27
351048,0.24
351070,0.13
351073,0.11
351079,0.23
351085,0.21
351091,0.17
351094,0.23
351115,0.24
351117,0.14
351126,0.19
351142,0.11
351151,0.2
351171,0.1
351178,0.2
351186,0.15
351194,0.26
351201,0.21
351223,0.17
351225,0.34
351226,0.18
351227,0.21
351240,0.18
351243,0.17
351244,0.14
351245,0.13
351248,0.2
351252,0.18
351259,0.12
351265,0.19
351291,0.24
351292,0.15
351294,0.22
351298,0.11
351303,0.35
351311,0.18
351326,0.12
351331,0.22
351338,0.25
351339,0.17
351364,0.18
351380,0.24
351383,0.18
351385,0.16
351386,0.24
351389,0.19
351392,0.17
351393,0.14
351407,0.27
351419,0.16
351422,0.12
351423,0.22
351430,0.26
351446,0.13
351454,0.1
351458,0.18
351461,0.15
351489,0.18
351495,0.26
351520,0.23
351526,0.32
351535,0.13
351541,0.17
351567,0.1
351580,0.26
351581,0.46
351584,0.14
351587,0.17
351589,0.16
351593,0.32
351616,0.21
351619,0.15
351625,0.2
351626,0.11
351635,0.12
351641,0.19
351655,0.1
351658,0.29
351669,0.25
351670,0.18
351671,0.17
351680,0.21
351687,0.24
351699,0.17
351722,0.22
351725,0.27
351740,0.26
351747,0.16
351758,0.18
351771,0.14
351780,0.15
351786,0.23
351789,0.13
351796,0.22
351801,0.22
351814,0.23
351817,0.21
351819,0.28
351825,0.26
351830,0.31
351831,0.29
351834,0.15
351836,0.18
351837,0.14
351838,0.21
351839,0.26
351846,0.33
351863,0.15
351864,0.21
351880,0.23
351887,0.22
351891,0.22
351892,0.2
351898,0.23
351907,0.15
351916,0.2
351936,0.19
351937,0.18
351945,0.22
351957,0.24
351958,0.18
351962,0.16
351967,0.13
351970,0.26
351973,0.24
351978,0.21
351984,0.13
351989,0.24
351992,0.14
352015,0.15
352036,0.15
352043,0.17
352049,0.14
352053,0.2
352056,0.08
352058,0.13
352064,0.21
352065,0.11
352075,0.16
352092,0.11
352096,0.25
352097,0.25
352102,0.13
352103,0.19
352117,0.19
352119,0.17
352139,0.13
352145,0.12
352158,0.2
352198,0.16
352199,0.25
352200,0.22
352205,0.22
352241,0.15
352244,0.21
352258,0.21
352260,0.17
352266,0.18
352273,0.18
352283,0.21
352303,0.18
352304,0.26
352351,0.25
352353,0.24
352379,0.12
352389,0.23
352390,0.15
352391,0.29
352403,0.21
352407,0.13
352409,0.34
352421,0.13
352425,0.21
352447,0.19
352450,0.17
352451,0.22
352457,0.17
352468,0.27
352482,0.17
352495,0.13
352501,0.18
352506,0.39
352508,0.16
352522,0.19
352528,0.16
352539,0.2
352540,0.14
352551,0.19
352560,0.1
352561,0.22
352565,0.18
352566,0.19
352584,0.17
352592,0.1
352626,0.21
352650,0.19
352655,0.13
352668,0.33
352670,0.09
352685,0.33
352690,0.16
352692,0.18
352694,0.22
352700,0.12
352701,0.15
352708,0.21
352711,0.3
352734,0.19
352738,0.23
352742,0.23
352745,0.22
352746,0.17
352751,0.22
352762,0.25
352767,0.12
352768,0.15
352785,0.17
352788,0.15
352795,0.21
352814,0.22
352825,0.14
352827,0.26
352828,0.27
352830,0.18
352850,0.24
352890,0.16
352901,0.14
352907,0.09
352909,0.23
352913,0.19
352925,0.25
352927,0.23
352928,0.09
352938,0.32
352942,0.19
352943,0.39
352952,0.21
352958,0.18
352962,0.18
352967,0.25
352972,0.11
352988,0.14
352991,0.19
353002,0.15
353008,0.29
353011,0.14
353014,0.17
353018,0.15
353023,0.16
353029,0.15
353031,0.25
353035,0.28
353037,0.2
353042,0.11
353054,0.16
353078,0.15
353122,0.24
353123,0.21
353140,0.13
353145,0.14
353167,0.22
353177,0.18
353179,0.25
353185,0.22
353194,0.27
353195,0.19
353208,0.31
353210,0.13
353214,0.22
353215,0.12
353240,0.21
353241,0.29
353247,0.22
353259,0.18
353262,0.19
353264,0.13
353278,0.18
353279,0.26
353280,0.21
353287,0.32
353288,0.24
353290,0.21
353299,0.15
353314,0.23
353328,0.21
353340,0.13
353350,0.2
353352,0.18
353364,0.19
353371,0.17
353373,0.28
353374,0.19
353389,0.13
353395,0.18
353419,0.41
353427,0.19
353441,0.24
353454,0.13
353469,0.21
353475,0.22
353481,0.12
353483,0.22
353484,0.17
353488,0.21
353496,0.17
353504,0.18
353505,0.24
353509,0.15
353527,0.25
353574,0.16
353585,0.27
353595,0.23
353598,0.2
353602,0.23
353610,0.16
353618,0.13
353625,0.17
353626,0.26
353631,0.17
353635,0.24
353654,0.16
353682,0.27
353688,0.21
353695,0.17
353711,0.13
353724,0.23
353729,0.13
353732,0.17
353749,0.32
353750,0.15
353752,0.23
353761,0.2
353782,0.08
353784,0.15
353801,0.16
353809,0.27
353812,0.26
353814,0.13
353821,0.12
353832,0.25
353845,0.28
353860,0.19
353863,0.15
353867,0.22
353876,0.21
353905,0.18
353923,0.17
353934,0.21
353943,0.15
353945,0.22
353973,0.17
353995,0.16
354001,0.21
354003,0.16
354011,0.09
354020,0.15
354024,0.24
354027,0.13
354031,0.12
354036,0.11
354037,0.23
354039,0.14
354044,0.19
354058,0.13
354071,0.2
354080,0.24
354084,0.21
354085,0.16
354089,0.17
354099,0.2
354100,0.12
354104,0.17
354106,0.22
354107,0.2
354111,0.1
354114,0.16
354115,0.23
354122,0.17
354130,0.22
354139,0.2
354140,0.2
354145,0.18
354149,0.2
354167,0.13
354173,0.33
354176,0.17
354178,0.12
354182,0.15
354184,0.16
354186,0.26
354192,0.13
354209,0.17
354214,0.14
354218,0.18
354230,0.33
354251,0.15
354257,0.22
354264,0.3
354265,0.18
354267,0.11
354272,0.16
354273,0.21
354285,0.21
354298,0.2
354309,0.17
354312,0.22
354320,0.16
354322,0.09
354327,0.1
354333,0.37
354335,0.27
354344,0.29
354355,0.22
354358,0.16
354365,0.11
354368,0.2
354377,0.22
354386,0.14
354390,0.12
354394,0.17
354398,0.15
354402,0.27
354403,0.15
354406,0.29
354414,0.22
354421,0.12
354430,0.2
354445,0.13
354470,0.13
354479,0.19
354481,0.11
354483,0.28
354497,0.21
354511,0.21
354533,0.18
354549,0.27
354561,0.32
354570,0.18
354571,0.18
354577,0.15
354586,0.18
354598,0.27
354601,0.18
354602,0.17
354603,0.23
354606,0.12
354612,0.17
354613,0.14
354616,0.28
354624,0.14
354625,0.28
354636,0.17
354639,0.22
354640,0.15
354644,0.24
354650,0.07
354666,0.26
354673,0.2
354674,0.16
354677,0.15
354684,0.23
354694,0.28
354698,0.2
354708,0.2
354709,0.13
354720,0.18
354738,0.11
354740,0.28
354757,0.17
354768,0.23
354775,0.27
354776,0.12
354792,0.15
354803,0.15
354809,0.16
354817,0.23
354818,0.09
354830,0.19
354832,0.3
354838,0.2
354839,0.18
354851,0.14
354861,0.17
354865,0.19
354890,0.18
354893,0.33
354898,0.23
354900,0.27
354910,0.31
354913,0.12
354937,0.17
354942,0.07
354953,0.11
354956,0.17
354958,0.27
354960,0.23
354984,0.23
354993,0.18
355017,0.35
355025,0.22
355026,0.15
355041,0.16
355043,0.21
355048,0.17
355057,0.07
355071,0.27
355075,0.21
355081,0.14
355083,0.25
355090,0.14
355105,0.11
355107,0.17
355108,0.2
355109,0.16
355114,0.17
355117,0.17
355127,0.08
355148,0.16
355174,0.27
355180,0.14
355181,0.26
355184,0.27
355201,0.19
355207,0.12
355209,0.17
355217,0.16
355218,0.23
355237,0.19
355239,0.12
355241,0.19
355243,0.25
355250,0.25
355275,0.17
355282,0.16
355284,0.09
355287,0.23
355293,0.18
355296,0.28
355305,0.25
355312,0.15
355320,0.32
355327,0.19
355328,0.11
355333,0.19
355335,0.08
355336,0.22
355337,0.23
355338,0.22
355341,0.16
355355,0.16
355358,0.27
355360,0.25
355372,0.27
355382,0.11
355385,0.16
355393,0.3
355404,0.25
355408,0.19
355417,0.11
355418,0.1
355431,0.19
355434,0.1
355445,0.29
355502,0.2
355503,0.14
355511,0.13
355517,0.3
355519,0.25
355524,0.08
355536,0.18
355549,0.19
355550,0.19
355560,0.28
355569,0.23
355571,0.24
355572,0.25
355575,0.27
355578,0.29
355584,0.27
355588,0.21
355592,0.22
355604,0.19
355638,0.12
355646,0.13
355649,0.22
355656,0.14
355657,0.2
355666,0.23
355681,0.18
355697,0.17
355700,0.18
355701,0.18
355703,0.18
355704,0.27
355708,0.13
355736,0.19
355743,0.25
355769,0.13
355773,0.19
355781,0.13
355785,0.28
355786,0.23
355798,0.15
355817,0.2
355819,0.19
355826,0.13
355842,0.32
355846,0.17
355855,0.15
355870,0.17
355873,0.1
355874,0.35
355876,0.23
355877,0.11
355880,0.22
355920,0.14
355922,0.24
355930,0.15
355935,0.16
355942,0.2
355963,0.15
355971,0.25
355973,0.14
355980,0.15
355981,0.21
355984,0.13
355987,0.21
355996,0.2
355997,0.16
356013,0.23
356016,0.1
356025,0.23
356027,0.15
356035,0.14
356036,0.26
356038,0.18
356041,0.15
356057,0.15
356063,0.21
356077,0.16
356080,0.27
356086,0.12
356102,0.13
356106,0.24
356118,0.16
356140,0.25
356150,0.24
356153,0.12
356159,0.19
356163,0.2
356164,0.11
356168,0.18
356169,0.23
356170,0.16
356199,0.15
356211,0.08
356220,0.13
356246,0.16
356249,0.19
356255,0.23
356258,0.14
356262,0.12
356273,0.13
356279,0.29
356281,0.17
356308,0.29
356324,0.25
356327,0.17
356328,0.1
356331,0.17
356336,0.14
356345,0.19
356382,0.18
356395,0.16
356399,0.28
356400,0.18
356413,0.17
356414,0.27
356418,0.16
356427,0.23
356433,0.17
356439,0.13
356444,0.18
356475,0.15
356480,0.22
356482,0.26
356497,0.2
356512,0.16
356517,0.32
356536,0.14
356539,0.2
356551,0.15
356556,0.27
356558,0.33
356559,0.12
356563,0.13
356578,0.29
356583,0.28
356584,0.25
356592,0.16
356594,0.12
356596,0.21
356597,0.16
356598,0.3
356602,0.27
356609,0.17
356624,0.27
356626,0.11
356627,0.08
356641,0.24
356648,0.14
356649,0.18
356650,0.16
356651,0.11
356659,0.18
356676,0.16
356687,0.34
356689,0.17
356698,0.23
356726,0.23
356732,0.18
356741,0.4
356742,0.15
356746,0.16
356750,0.24
356754,0.19
356760,0.12
356762,0.16
356763,0.09
356777,0.22
356784,0.14
356795,0.18
356801,0.15
356802,0.14
356808,0.19
356813,0.19
356816,0.21
356818,0.28
356825,0.2
356828,0.13
356836,0.21
356854,0.19
356857,0.19
356865,0.18
356873,0.23
356879,0.18
356880,0.19
356885,0.17
356889,0.14
356903,0.1
356905,0.18
356913,0.19
356916,0.2
356939,0.17
356944,0.17
356952,0.33
356958,0.17
356963,0.13
356967,0.11
356970,0.2
356977,0.11
356980,0.18
356981,0.12
356983,0.13
356998,0.39
357005,0.14
357022,0.11
357032,0.21
357033,0.33
357035,0.08
357047,0.19
357054,0.15
357057,0.3
357069,0.23
357096,0.2
357102,0.23
357118,0.16
357124,0.21
357137,0.18
357138,0.35
357149,0.13
357151,0.16
357157,0.21
357158,0.23
357162,0.21
357163,0.24
357171,0.11
357175,0.16
357192,0.19
357200,0.23
357204,0.21
357206,0.19
357215,0.28
357221,0.13
357228,0.16
357247,0.18
357249,0.14
357268,0.08
357270,0.18
357279,0.15
357287,0.1
357293,0.12
357306,0.23
357308,0.24
357321,0.14
357326,0.32
357340,0.12
357342,0.22
357352,0.13
357361,0.18
357368,0.1
357370,0.07
357377,0.3
357382,0.12
357383,0.08
357384,0.12
357398,0.11
357415,0.12
357420,0.22
357439,0.08
357440,0.12
357458,0.1
357464,0.16
357467,0.14
357469,0.22
357472,0.22
357489,0.25
357504,0.32
357522,0.21
357527,0.14
357547,0.19
357550,0.12
357558,0.15
357559,0.23
357562,0.21
357572,0.15
357583,0.32
357585,0.24
357598,0.19
357607,0.12
357613,0.13
357627,0.2
357630,0.18
357631,0.21
357680,0.16
357694,0.12
357698,0.23
357699,0.21
357707,0.17
357732,0.2
357748,0.18
357755,0.18
357767,0.19
357786,0.22
357791,0.19
357799,0.15
357824,0.12
357830,0.17
357832,0.25
357840,0.22
357863,0.2
357865,0.14
357868,0.32
357869,0.2
357878,0.2
357886,0.18
357891,0.2
357897,0.25
357915,0.21
357927,0.21
357947,0.13
357958,0.13
357959,0.15
357976,0.18
357992,0.28
357995,0.1
357996,0.16
358020,0.35
358022,0.32
358023,0.28
358029,0.2
358040,0.15
358059,0.16
358071,0.16
358076,0.15
358095,0.15
358096,0.23
358104,0.15
358110,0.12
358122,0.16
358137,0.2
358147,0.17
358149,0.23
358155,0.16
358161,0.24
358163,0.25
358172,0.21
358178,0.18
358183,0.17
358186,0.19
358189,0.16
358198,0.14
358211,0.21
358219,0.16
358220,0.18
358225,0.4
358231,0.18
358233,0.11
358247,0.3
358258,0.24
358264,0.23
358271,0.33
358273,0.19
358275,0.17
358278,0.18
358287,0.13
358309,0.2
358327,0.23
358342,0.16
358348,0.17
358352,0.15
358373,0.21
358384,0.15
358394,0.18
358405,0.32
358409,0.11
358412,0.23
358424,0.24
358427,0.16
358434,0.2
358444,0.21
358448,0.29
358449,0.19
358458,0.15
358472,0.25
358483,0.23
358490,0.12
358503,0.12
358504,0.12
358505,0.13
358512,0.29
358513,0.22
358528,0.21
358532,0.17
358536,0.22
358538,0.19
358559,0.18
358590,0.28
358601,0.21
358627,0.18
358631,0.19
358632,0.17
358640,0.24
358649,0.21
358650,0.14
358653,0.09
358676,0.21
358679,0.16
358695,0.18
358703,0.17
358705,0.17
358710,0.27
358730,0.17
358731,0.17
358735,0.14
358744,0.26
358748,0.16
358750,0.06
358752,0.16
358764,0.19
358777,0.18
358786,0.22
358789,0.25
358805,0.2
358809,0.2
358810,0.15
358824,0.19
358829,0.14
358838,0.13
358840,0.25
358841,0.12
358854,0.17
358873,0.43
358879,0.21
358884,0.27
358885,0.17
358886,0.21
358892,0.21
358895,0.28
358906,0.18
358910,0.14
358911,0.22
358924,0.35
358929,0.16
358937,0.17
358949,0.25
358955,0.16
358956,0.26
358959,0.15
358960,0.15
358969,0.15
358983,0.14
358990,0.24
358992,0.17
358994,0.15
359004,0.25
359015,0.19
359023,0.17
359030,0.14
359032,0.26
359038,0.14
359044,0.2
359049,0.2
359050,0.16
359064,0.17
359095,0.19
359100,0.35
359105,0.1
359116,0.24
359134,0.25
359136,0.25
359143,0.09
359147,0.15
359175,0.15
359182,0.08
359188,0.13
359196,0.19
359198,0.23
359202,0.17
359212,0.17
359229,0.2
359232,0.18
359247,0.18
359258,0.09
359260,0.27
359261,0.23
359262,0.29
359268,0.29
359285,0.12
359293,0.13
359294,0.13
359297,0.16
359299,0.16
359311,0.22
359319,0.13
359320,0.09
359322,0.25
359353,0.2
359355,0.16
359360,0.14
359367,0.22
359369,0.15
359372,0.15
359377,0.15
359381,0.17
359382,0.23
359387,0.15
359389,0.22
359392,0.2
359437,0.27
359438,0.15
359440,0.16
359442,0.13
359455,0.15
359474,0.26
359475,0.22
359480,0.39
359485,0.27
359493,0.13
359497,0.22
359505,0.12
359506,0.19
359516,0.16
359518,0.17
359523,0.27
359547,0.29
359548,0.19
359556,0.17
359577,0.08
359580,0.37
359588,0.19
359590,0.1
359592,0.08
359599,0.16
359609,0.25
359611,0.16
359619,0.19
359623,0.23
359654,0.13
359666,0.28
359669,0.14
359672,0.16
359673,0.36
359677,0.18
359685,0.11
359690,0.18
359697,0.22
359702,0.13
359707,0.17
359711,0.19
359719,0.17
359722,0.18
359726,0.16
359730,0.25
359731,0.21
359741,0.38
359743,0.15
359748,0.12
359753,0.17
359758,0.29
359773,0.15
359780,0.1
359785,0.24
359800,0.18
359806,0.27
359809,0.12
359822,0.14
359828,0.2
359847,0.17
359855,0.07
359858,0.14
359864,0.17
359884,0.25
359886,0.14
359898,0.18
359908,0.3
359921,0.25
359945,0.22
359958,0.14
359964,0.24
359980,0.16
359992,0.25
359994,0.25
360001,0.15
360004,0.16
360009,0.25
360020,0.16
360049,0.49
360058,0.16
360063,0.13
360064,0.12
360074,0.15
360095,0.17
360098,0.21
360099,0.16
360100,0.22
360103,0.14
360106,0.22
360107,0.24
360124,0.2
360126,0.12
360138,0.13
360140,0.28
360141,0.11
360149,0.27
360152,0.37
360165,0.16
360171,0.15
360176,0.27
360183,0.13
360186,0.17
360189,0.3
360191,0.25
360199,0.22
360204,0.26
360205,0.22
360217,0.28
360225,0.28
360231,0.13
360238,0.18
360248,0.35
360249,0.21
360254,0.21
360256,0.2
360257,0.14
360258,0.14
360277,0.24
360279,0.26
360280,0.3
360281,0.17
360283,0.18
360290,0.23
360312,0.19
360316,0.04
360320,0.08
360324,0.18
360333,0.14
360339,0.15
360347,0.12
360359,0.24
360360,0.23
360367,0.23
360372,0.17
360382,0.24
360386,0.19
360400,0.08
360411,0.21
360412,0.3
360415,0.23
360419,0.26
360421,0.18
360427,0.17
360429,0.19
360438,0.1
360439,0.18
360445,0.23
360454,0.3
360458,0.2
360467,0.19
360469,0.22
360471,0.14
360472,0.04
360475,0.1
360478,0.23
360479,0.17
360480,0.24
360484,0.2
360496,0.15
360504,0.24
360517,0.23
360518,0.25
360526,0.15
360530,0.18
360535,0.27
360538,0.18
360539,0.22
360545,0.1
360569,0.15
360579,0.08
360580,0.14
360611,0.25
360612,0.16
360626,0.12
360628,0.23
360631,0.16
360633,0.16
360640,0.22
360643,0.19
360645,0.26
360663,0.15
360666,0.13
360678,0.12
360683,0.2
360707,0.19
360715,0.18
360723,0.27
360727,0.12
360733,0.28
360746,0.11
360759,0.08
360767,0.18
360769,0.32
360770,0.14
360779,0.13
360791,0.17
360792,0.17
360801,0.23
360812,0.22
360814,0.13
360828,0.13
360830,0.28
360837,0.21
360838,0.19
360844,0.11
360860,0.1
360864,0.27
360871,0.18
360872,0.26
360877,0.22
360880,0.18
360881,0.15
360882,0.13
360884,0.15
360885,0.2
360889,0.26
360893,0.17
360898,0.14
360933,0.24
360941,0.12
360942,0.23
360943,0.15
360960,0.16
360973,0.23
360979,0.18
360987,0.23
360988,0.23
360999,0.3
361001,0.16
361005,0.31
361007,0.19
361024,0.13
361028,0.24
361051,0.17
361072,0.13
361086,0.2
361093,0.25
361098,0.19
361124,0.13
361130,0.15
361132,0.19
361133,0.11
361135,0.22
361148,0.35
361150,0.13
361152,0.1
361154,0.17
361158,0.09
361171,0.23
361175,0.17
361177,0.19
361195,0.13
361200,0.17
361203,0.31
361205,0.19
361214,0.19
361217,0.22
361226,0.21
361232,0.19
361236,0.17
361249,0.11
361251,0.29
361252,0.2
361284,0.19
361289,0.2
361297,0.2
361304,0.12
361311,0.18
361334,0.26
361339,0.15
361340,0.19
361348,0.17
361352,0.16
361354,0.13
361355,0.24
361370,0.28
361390,0.2
361392,0.14
361397,0.25
361402,0.15
361405,0.24
361406,0.17
361426,0.09
361431,0.19
361440,0.15
361451,0.18
361469,0.31
361473,0.18
361497,0.19
361511,0.14
361515,0.08
361525,0.18
361540,0.24
361557,0.19
361560,0.22
361565,0.16
361569,0.2
361570,0.15
361578,0.08
361580,0.34
361585,0.15
361589,0.24
361591,0.13
361599,0.19
361603,0.16
361605,0.23
361606,0.33
361615,0.3
361622,0.16
361627,0.16
361632,0.23
361636,0.18
361637,0.15
361638,0.2
361639,0.13
361651,0.18
361662,0.26
361684,0.25
361693,0.18
361697,0.19
361710,0.16
361713,0.4
361729,0.21
361785,0.2
361796,0.19
361805,0.19
361811,0.26
361812,0.3
361819,0.3
361828,0.11
361833,0.16
361836,0.2
361839,0.19
361855,0.19
361866,0.16
361870,0.16
361873,0.12
361885,0.19
361896,0.19
361913,0.17
361919,0.09
361932,0.19
361933,0.13
361935,0.27
361939,0.13
361946,0.1
361947,0.1
361949,0.21
361951,0.2
361962,0.24
361972,0.13
361975,0.13
361989,0.13
362004,0.16
362012,0.08
362014,0.17
362016,0.24
362028,0.19
362033,0.23
362034,0.18
362038,0.21
362052,0.16
362061,0.19
362063,0.21
362070,0.16
362072,0.07
362075,0.19
362079,0.16
362086,0.12
362091,0.34
362094,0.17
362101,0.08
362112,0.14
362115,0.34
362117,0.15
362121,0.38
362128,0.1
362130,0.16
362135,0.27
362142,0.15
362146,0.16
362149,0.28
362157,0.17
362165,0.07
362166,0.1
362167,0.17
362173,0.28
362187,0.18
362197,0.17
362206,0.21
362207,0.21
362210,0.21
362216,0.17
362219,0.2
362221,0.24
362224,0.22
362228,0.17
362236,0.13
362242,0.11
362251,0.23
362252,0.16
362257,0.14
362284,0.17
362286,0.2
362298,0.17
362300,0.15
362306,0.15
362308,0.37
362315,0.21
362318,0.16
362322,0.18
362332,0.26
362338,0.22
362341,0.32
362347,0.26
362348,0.21
362361,0.32
362365,0.19
362369,0.28
362373,0.13
362376,0.22
362384,0.15
362386,0.19
362387,0.13
362389,0.19
362393,0.18
362412,0.2
362420,0.17
362426,0.18
362432,0.18
362445,0.38
362450,0.16
362452,0.25
362465,0.14
362468,0.2
362474,0.21
362484,0.11
362487,0.27
362512,0.26
362530,0.05
362531,0.15
362552,0.17
362555,0.2
362556,0.18
362563,0.17
362572,0.17
362579,0.18
362580,0.31
362597,0.14
362635,0.09
362637,0.12
362641,0.24
362652,0.12
362657,0.13
362660,0.11
362661,0.15
362671,0.12
362675,0.23
362680,0.18
362682,0.14
362685,0.19
362697,0.15
362700,0.32
362702,0.18
362705,0.14
362707,0.24
362710,0.23
362711,0.25
362718,0.2
362723,0.14
362730,0.11
362742,0.24
362781,0.08
362789,0.31
362790,0.11
362795,0.13
362799,0.21
362800,0.16
362803,0.19
362808,0.33
362814,0.23
362820,0.29
362826,0.26
362831,0.29
362833,0.1
362839,0.27
362852,0.23
362872,0.2
362882,0.17
362885,0.23
362889,0.22
362890,0.19
362891,0.1
362900,0.19
362907,0.1
362908,0.16
362953,0.11
362967,0.22
362982,0.11
363015,0.13
363027,0.2
363035,0.15
363039,0.2
363045,0.14
363048,0.21
363057,0.23
363059,0.27
363063,0.2
363080,0.21
363082,0.27
363090,0.24
363094,0.21
363106,0.18
363114,0.34
363118,0.27
363121,0.21
363128,0.18
363136,0.22
363141,0.11
363142,0.16
363147,0.17
363151,0.16
363153,0.12
363158,0.16
363171,0.19
363174,0.16
363180,0.18
363187,0.2
363191,0.23
363192,0.13
363196,0.14
363199,0.16
363209,0.23
363210,0.29
363212,0.29
363227,0.24
363231,0.18
363232,0.15
363243,0.19
363253,0.18
363285,0.21
363299,0.18
363310,0.21
363311,0.22
363316,0.2
363322,0.26
363329,0.16
363331,0.19
363334,0.18
363339,0.19
363340,0.36
363341,0.16
363343,0.39
363347,0.17
363350,0.16
363377,0.29
363379,0.21
363382,0.15
363386,0.14
363387,0.13
363388,0.13
363391,0.1
363394,0.16
363397,0.17
363405,0.24
363422,0.1
363427,0.18
363455,0.15
363467,0.23
363493,0.25
363508,0.2
363514,0.26
363525,0.18
363530,0.24
363531,0.13
363538,0.29
363539,0.18
363542,0.27
363543,0.16
363551,0.33
363568,0.17
363576,0.2
363580,0.24
363582,0.12
363598,0.18
363601,0.12
363611,0.21
363612,0.13
363618,0.08
363623,0.22
363624,0.26
363642,0.21
363645,0.26
363651,0.29
363657,0.19
363663,0.25
363667,0.18
363687,0.19
363704,0.19
363705,0.16
363717,0.19
363725,0.11
363728,0.13
363733,0.16
363744,0.22
363745,0.24
363756,0.21
363759,0.23
363760,0.18
363762,0.14
363768,0.2
363777,0.17
363782,0.08
363785,0.11
363797,0.11
363815,0.12
363822,0.12
363834,0.16
363842,0.18
363845,0.38
363846,0.18
363849,0.16
363850,0.11
363853,0.15
363859,0.18
363860,0.17
363877,0.19
363881,0.12
363893,0.06
363902,0.22
363903,0.21
363916,0.16
363924,0.23
363940,0.15
363944,0.14
363955,0.28
363960,0.15
363984,0.19
363990,0.21
364009,0.25
364014,0.22
364035,0.24
364043,0.11
364065,0.22
364067,0.16
364068,0.21
364072,0.22
364079,0.21
364094,0.27
364096,0.17
364105,0.18
364109,0.17
364122,0.2
364141,0.18
364146,0.25
364147,0.18
364151,0.22
364152,0.12
364156,0.16
364160,0.18
364171,0.24
364183,0.14
364199,0.22
364206,0.16
364220,0.17
364222,0.09
364224,0.27
364232,0.29
364248,0.13
364251,0.19
364274,0.16
364286,0.18
364289,0.16
364290,0.24
364291,0.17
364292,0.11
364308,0.17
364310,0.18
364311,0.14
364312,0.29
364314,0.28
364337,0.18
364339,0.21
364357,0.34
364359,0.22
364371,0.22
364374,0.19
364378,0.23
364382,0.27
364397,0.2
364401,0.15
364403,0.14
364411,0.16
364413,0.21
364414,0.14
364415,0.18
364418,0.1
364428,0.2
364430,0.07
364436,0.19
364451,0.14
364457,0.09
364461,0.29
364471,0.26
364472,0.11
364481,0.37
364482,0.13
364484,0.28
364492,0.22
364494,0.16
364507,0.18
364508,0.22
364537,0.16
364538,0.21
364539,0.31
364547,0.3
364561,0.29
364586,0.27
364603,0.23
364622,0.07
364660,0.12
364662,0.15
364669,0.18
364698,0.17
364699,0.14
364700,0.16
364702,0.19
364710,0.16
364714,0.23
364731,0.27
364738,0.24
364739,0.17
364743,0.21
364762,0.19
364767,0.24
364775,0.21
364781,0.16
364783,0.13
364796,0.1
364810,0.18
364815,0.23
364823,0.11
364826,0.2
364837,0.17
364839,0.29
364844,0.17
364851,0.26
364853,0.21
364854,0.13
364858,0.14
364872,0.21
364875,0.19
364877,0.22
364878,0.15
364884,0.12
364907,0.2
364911,0.22
364916,0.12
364920,0.13
364927,0.19
364944,0.22
364948,0.25
364950,0.18
364953,0.19
364955,0.25
364959,0.17
364966,0.24
364971,0.15
364979,0.22
364980,0.19
364982,0.34
364984,0.18
364993,0.15
365001,0.08
365030,0.09
365035,0.22
365044,0.13
365046,0.18
365050,0.12
365051,0.17
365054,0.19
365055,0.11
365064,0.25
365069,0.19
365092,0.24
365102,0.2
365109,0.17
365110,0.17
365117,0.08
365120,0.17
365128,0.26
365131,0.35
365136,0.18
365151,0.28
365153,0.28
365154,0.13
365160,0.14
365166,0.15
365171,0.12
365181,0.2
365194,0.28
365210,0.14
365221,0.21
365234,0.22
365252,0.19
365254,0.27
365264,0.09
365276,0.18
365282,0.18
365284,0.22
365290,0.14
365317,0.24
365329,0.2
365353,0.06
365356,0.22
365358,0.17
365374,0.18
365392,0.23
365396,0.07
365408,0.18
365412,0.2
365429,0.16
365431,0.22
365435,0.18
365439,0.23
365473,0.14
365476,0.15
365486,0.22
365497,0.23
365518,0.26
365519,0.2
365520,0.35
365523,0.14
365531,0.23
365532,0.17
365534,0.15
365544,0.26
365552,0.22
365564,0.17
365569,0.17
365570,0.24
365575,0.37
365576,0.14
365585,0.22
365595,0.18
365612,0.24
365613,0.28
365624,0.1
365631,0.12
365634,0.16
365643,0.12
365644,0.21
365663,0.19
365666,0.19
365672,0.16
365676,0.26
365680,0.14
365696,0.23
365699,0.2
365706,0.12
365707,0.08
365711,0.22
365716,0.17
365717,0.23
365718,0.19
365757,0.2
365770,0.16
365776,0.15
365781,0.24
365784,0.24
365787,0.13
365805,0.21
365820,0.09
365831,0.17
365836,0.16
365837,0.32
365859,0.5
365861,0.17
365863,0.12
365872,0.19
365877,0.2
365882,0.18
365893,0.19
365894,0.26
365900,0.21
365910,0.23
365913,0.11
365916,0.22
365923,0.24
365946,0.31
365948,0.31
365951,0.16
365965,0.22
365966,0.2
365975,0.2
365979,0.42
365989,0.25
365991,0.37
365992,0.13
366001,0.19
366010,0.26
366013,0.23
366028,0.24
366036,0.13
366038,0.16
366044,0.16
366048,0.21
366060,0.14
366067,0.28
366071,0.17
366078,0.18
366081,0.17
366082,0.21
366093,0.25
366099,0.16
366103,0.07
366105,0.24
366111,0.23
366112,0.12
366125,0.13
366144,0.19
366147,0.17
366149,0.42
366166,0.17
366168,0.29
366173,0.19
366178,0.15
366180,0.24
366209,0.09
366213,0.22
366214,0.3
366215,0.21
366220,0.13
366226,0.15
366230,0.35
366236,0.35
366245,0.12
366282,0.19
366286,0.13
366295,0.21
366296,0.11
366297,0.2
366300,0.13
366303,0.13
366307,0.24
366314,0.23
366320,0.1
366321,0.13
366327,0.1
366330,0.26
366332,0.27
366334,0.15
366341,0.09
366363,0.2
366367,0.19
366369,0.3
366382,0.14
366394,0.17
366396,0.09
366398,0.19
366406,0.27
366414,0.14
366417,0.15
366419,0.26
366422,0.23
366436,0.14
366442,0.36
366451,0.22
366455,0.25
366458,0.2
366460,0.14
366466,0.17
366473,0.21
366502,0.23
366505,0.26
366526,0.19
366530,0.25
366532,0.2
366539,0.12
366541,0.21
366542,0.19
366553,0.25
366571,0.23
366582,0.13
366583,0.22
366589,0.25
366595,0.27
366606,0.12
366611,0.19
366613,0.24
366615,0.24
366616,0.29
366624,0.26
366632,0.17
366649,0.18
366650,0.3
366657,0.14
366664,0.2
366666,0.17
366674,0.3
366676,0.13
366677,0.23
366688,0.13
366689,0.24
366693,0.19
366696,0.23
366698,0.17
366700,0.15
366703,0.28
366709,0.11
366711,0.19
366725,0.17
366741,0.12
366742,0.11
366747,0.09
366750,0.14
366754,0.19
366762,0.16
366774,0.12
366781,0.22
366784,0.21
366789,0.18
366790,0.24
366797,0.14
366806,0.19
366820,0.15
366845,0.33
366858,0.24
366860,0.19
366874,0.16
366876,0.24
366879,0.19
366884,0.19
366886,0.14
366905,0.31
366908,0.15
366909,0.31
366917,0.21
366921,0.24
366927,0.12
366936,0.16
366952,0.23
366962,0.27
366964,0.28
366965,0.15
366981,0.21
366988,0.21
366992,0.14
366998,0.32
366999,0.2
367017,0.19
367023,0.18
367024,0.18
367025,0.35
367037,0.13
367040,0.18
367043,0.19
367052,0.18
367056,0.06
367064,0.31
367075,0.21
367089,0.14
367098,0.14
367119,0.25
367124,0.2
367134,0.22
367136,0.22
367138,0.16
367153,0.15
367158,0.17
367169,0.22
367179,0.28
367180,0.22
367212,0.14
367216,0.32
367217,0.18
367220,0.17
367224,0.18
367241,0.22
367245,0.2
367256,0.25
367266,0.16
367283,0.18
367290,0.19
367295,0.13
367310,0.19
367315,0.27
367322,0.19
367332,0.12
367338,0.25
367347,0.24
367381,0.24
367383,0.18
367386,0.15
367392,0.13
367399,0.26
367411,0.13
367414,0.14
367436,0.17
367439,0.23
367440,0.26
367465,0.25
367466,0.27
367478,0.15
367479,0.19
367481,0.25
367505,0.22
367515,0.16
367516,0.22
367526,0.24
367527,0.24
367533,0.23
367535,0.21
367545,0.27
367546,0.18
367547,0.24
367555,0.2
367557,0.18
367558,0.2
367573,0.14
367580,0.27
367581,0.14
367582,0.19
367588,0.17
367601,0.1
367617,0.31
367624,0.17
367626,0.19
367632,0.18
367651,0.19
367663,0.16
367674,0.16
367677,0.34
367678,0.2
367691,0.22
367698,0.23
367710,0.21
367712,0.22
367727,0.24
367739,0.18
367740,0.13
367746,0.12
367759,0.19
367770,0.3
367780,0.17
367783,0.27
367787,0.14
367791,0.28
367797,0.24
367799,0.21
367811,0.14
367817,0.16
367827,0.18
367829,0.24
367830,0.28
367837,0.24
367843,0.14
367847,0.18
367849,0.22
367854,0.11
367855,0.15
367862,0.16
367863,0.19
367868,0.15
367873,0.18
367879,0.19
367889,0.29
367890,0.29
367892,0.12
367893,0.11
367895,0.31
367896,0.12
367898,0.08
367903,0.17
367906,0.27
367919,0.19
367927,0.14
367931,0.26
367935,0.22
367945,0.21
367947,0.29
367952,0.2
367958,0.22
367971,0.13
367975,0.26
367983,0.23
367994,0.2
367998,0.17
367999,0.21
368005,0.23
368029,0.24
368034,0.18
368036,0.26
368041,0.11
368064,0.2
368066,0.16
368079,0.25
368082,0.21
368090,0.26
368092,0.17
368097,0.17
368107,0.22
368127,0.17
368129,0.28
368134,0.27
368150,0.18
368166,0.17
368172,0.16
368179,0.11
368185,0.31
368193,0.25
368207,0.25
368251,0.25
368253,0.16
368256,0.27
368257,0.17
368263,0.21
368271,0.25
368273,0.23
368279,0.18
368281,0.29
368282,0.3
368288,0.28
368303,0.15
368315,0.2
368323,0.14
368324,0.13
368326,0.17
368334,0.17
368337,0.2
368351,0.13
368353,0.3
368358,0.26
368389,0.15
368392,0.32
368393,0.21
368415,0.23
368424,0.22
368436,0.16
368448,0.17
368456,0.24
368457,0.13
368465,0.33
368484,0.23
368485,0.31
368487,0.19
368489,0.22
368493,0.22
368509,0.18
368513,0.18
368523,0.21
368530,0.12
368539,0.22
368543,0.28
368544,0.1
368557,0.19
368561,0.19
368577,0.2
368579,0.14
368580,0.21
368583,0.16
368589,0.18
368594,0.21
368598,0.17
368621,0.26
368622,0.31
368627,0.12
368628,0.2
368633,0.22
368638,0.21
368645,0.22
368646,0.39
368652,0.2
368659,0.26
368672,0.24
368679,0.14
368683,0.36
368697,0.15
368702,0.3
368707,0.16
368715,0.28
368740,0.12
368754,0.1
368765,0.15
368770,0.2
368777,0.3
368780,0.16
368782,0.29
368784,0.23
368790,0.24
368792,0.15
368793,0.14
368811,0.16
368816,0.27
368819,0.19
368843,0.15
368853,0.22
368857,0.18
368858,0.24
368887,0.25
368898,0.19
368909,0.26
368919,0.09
368930,0.12
368944,0.17
368949,0.25
368953,0.14
368956,0.2
368959,0.16
368968,0.19
368971,0.16
368974,0.21
368975,0.12
368983,0.16
368991,0.13
368994,0.13
369001,0.16
369004,0.22
369016,0.11
369030,0.22
369047,0.14
369055,0.24
369067,0.1
369068,0.31
369096,0.21
369103,0.13
369105,0.29
369107,0.33
369109,0.24
369130,0.12
369133,0.14
369144,0.19
369150,0.19
369152,0.16
369156,0.18
369180,0.11
369183,0.22
369184,0.33
369186,0.19
369187,0.23
369200,0.13
369201,0.12
369220,0.24
369223,0.16
369233,0.11
369240,0.19
369254,0.16
369264,0.14
369266,0.18
369272,0.24
369283,0.2
369295,0.21
369300,0.16
369302,0.18
369305,0.14
369322,0.11
369334,0.26
369350,0.15
369355,0.16
369361,0.14
369367,0.11
369371,0.15
369373,0.28
369375,0.29
369385,0.14
369394,0.15
369398,0.3
369408,0.19
369413,0.24
369419,0.18
369424,0.21
369439,0.24
369466,0.24
369482,0.19
369494,0.11
369504,0.16
369512,0.27
369528,0.17
369531,0.18
369540,0.17
369547,0.1
369565,0.09
369569,0.16
369581,0.24
369583,0.21
369593,0.2
369601,0.12
369608,0.12
369612,0.27
369615,0.19
369621,0.26
369636,0.15
369648,0.16
369649,0.39
369651,0.22
369659,0.13
369666,0.15
369684,0.2
369686,0.18
369698,0.15
369701,0.2
369712,0.14
369717,0.19
369722,0.25
369732,0.37
369740,0.39
369751,0.11
369755,0.12
369757,0.2
369761,0.19
369767,0.18
369782,0.28
369788,0.21
369790,0.17
369791,0.11
369792,0.2
369803,0.26
369812,0.18
369813,0.22
369827,0.16
369835,0.1
369838,0.15
369839,0.17
369843,0.23
369846,0.23
369860,0.13
369870,0.22
369871,0.33
369872,0.28
369884,0.17
369893,0.27
369901,0.15
369904,0.18
369908,0.2
369910,0.2
369911,0.16
369919,0.15
369920,0.23
369921,0.24
369931,0.22
369935,0.16
369936,0.19
369948,0.22
369953,0.21
369955,0.23
369961,0.2
369964,0.17
369967,0.18
369971,0.35
369983,0.15
369993,0.15
369995,0.25
370012,0.17
370022,0.3
370023,0.16
370027,0.22
370030,0.18
370033,0.29
370037,0.16
370051,0.11
370055,0.13
370077,0.21
370088,0.14
370091,0.16
370114,0.22
370117,0.28
370120,0.19
370122,0.15
370128,0.24
370135,0.16
370144,0.24
370146,0.32
370148,0.22
370150,0.2
370155,0.16
370164,0.15
370179,0.17
370188,0.21
370190,0.27
370199,0.09
370203,0.16
370213,0.15
370216,0.17
370219,0.14
370220,0.22
370224,0.18
370230,0.23
370254,0.27
370255,0.16
370265,0.33
370273,0.23
370288,0.13
370295,0.3
370297,0.14
370319,0.18
370323,0.12
370329,0.12
370330,0.15
370333,0.16
370346,0.25
370354,0.23
370355,0.16
370358,0.28
370362,0.14
370373,0.16
370376,0.18
370379,0.21
370380,0.11
370386,0.19
370392,0.2
370411,0.16
370416,0.14
370432,0.19
370439,0.2
370440,0.13
370445,0.15
370446,0.11
370455,0.16
370473,0.18
370474,0.09
370475,0.2
370482,0.31
370489,0.2
370512,0.23
370518,0.35
370522,0.13
370533,0.11
370538,0.29
370551,0.06
370552,0.19
370556,0.17
370566,0.2
370568,0.18
370573,0.22
370575,0.19
370578,0.17
370582,0.13
370596,0.23
370597,0.13
370599,0.18
370602,0.24
370609,0.18
370632,0.16
370634,0.33
370646,0.16
370666,0.34
370670,0.12
370672,0.17
370675,0.16
370676,0.32
370682,0.14
370685,0.16
370697,0.22
370699,0.15
370701,0.14
370711,0.33
370719,0.17
370728,0.27
370731,0.25
370735,0.24
370749,0.28
370753,0.15
370757,0.13
370763,0.19
370770,0.27
370779,0.18
370794,0.1
370805,0.17
370806,0.11
370808,0.15
370814,0.19
370827,0.37
370833,0.22
370844,0.12
370845,0.15
370850,0.21
370853,0.11
370856,0.15
370858,0.24
370862,0.22
370866,0.34
370874,0.2
370876,0.18
370878,0.25
370881,0.19
370882,0.2
370884,0.25
370887,0.21
370904,0.23
370905,0.22
370913,0.22
370915,0.18
370921,0.22
370922,0.18
370932,0.23
370939,0.13
370953,0.25
370964,0.18
370968,0.27
370969,0.19
370972,0.1
370978,0.16
371000,0.21
371001,0.25
371013,0.22
371053,0.18
371059,0.2
371060,0.19
371065,0.2
371069,0.23
371073,0.26
371084,0.23
371085,0.11
371088,0.23
371099,0.12
371115,0.18
371118,0.36
371127,0.22
371132,0.18
371136,0.19
371139,0.29
371152,0.24
371161,0.16
371162,0.26
371174,0.15
371176,0.22
371182,0.14
371185,0.15
371193,0.24
371197,0.15
371198,0.15
371202,0.15
371207,0.16
371211,0.28
371242,0.15
371243,0.15
371244,0.2
371255,0.16
371258,0.21
371259,0.33
371265,0.13
371274,0.17
371275,0.19
371288,0.27
371291,0.29
371295,0.26
371314,0.12
371322,0.24
371323,0.16
371328,0.25
371332,0.15
371333,0.16
371335,0.17
371342,0.18
371350,0.13
371357,0.18
371365,0.15
371383,0.23
371384,0.17
371385,0.21
371393,0.28
371394,0.2
371397,0.13
371417,0.18
371431,0.21
371433,0.19
371437,0.11
371439,0.33
371445,0.18
371452,0.28
371457,0.14
371469,0.24
371470,0.18
371477,0.14
371500,0.14
371504,0.24
371508,0.21
371514,0.22
371518,0.24
371520,0.27
371521,0.21
371522,0.18
371525,0.17
371530,0.12
371532,0.07
371548,0.26
371561,0.15
371566,0.2
371568,0.22
371571,0.18
371573,0.21
371577,0.2
371587,0.3
371592,0.26
371593,0.37
371595,0.14
371603,0.13
371614,0.21
371616,0.2
371619,0.22
371627,0.4
371641,0.11
371657,0.2
371664,0.16
371693,0.19
371698,0.12
371700,0.13
371707,0.17
371710,0.08
371715,0.28
371722,0.22
371731,0.16
371741,0.12
371744,0.2
371753,0.17
371755,0.14
371760,0.24
371773,0.23
371797,0.14
371807,0.25
371809,0.25
371811,0.17
371815,0.27
371822,0.21
371824,0.24
371828,0.15
371835,0.12
371837,0.14
371840,0.24
371849,0.27
371857,0.14
371860,0.29
371862,0.06
371875,0.19
371896,0.24
371898,0.14
371901,0.33
371903,0.11
371908,0.17
371910,0.21
371944,0.23
371947,0.11
371955,0.21
371963,0.21
371972,0.16
371973,0.21
371978,0.14
371980,0.2
371988,0.15
372020,0.22
372043,0.19
372060,0.17
372070,0.2
372082,0.14
372085,0.19
372090,0.2
372091,0.26
372112,0.12
372115,0.22
372132,0.15
372134,0.27
372136,0.2
372142,0.2
372145,0.19
372146,0.2
372159,0.13
372172,0.11
372179,0.32
372183,0.08
372184,0.15
372192,0.14
372234,0.2
372239,0.3
372244,0.1
372268,0.22
372287,0.18
372289,0.12
372292,0.16
372301,0.1
372315,0.2
372316,0.36
372328,0.19
372337,0.12
372347,0.27
372350,0.23
372381,0.2
372382,0.24
372384,0.21
372393,0.18
372398,0.23
372399,0.19
372400,0.22
372402,0.12
372410,0.17
372415,0.19
372425,0.08
372428,0.12
372430,0.22
372431,0.18
372449,0.13
372452,0.23
372453,0.17
372460,0.22
372463,0.37
372471,0.19
372484,0.22
372486,0.17
372489,0.15
372506,0.19
372513,0.23
372527,0.32
372568,0.23
372596,0.11
372606,0.16
372617,0.19
372618,0.19
372622,0.16
372624,0.2
372633,0.13
372637,0.18
372643,0.23
372644,0.18
372656,0.42
372662,0.21
372664,0.19
372666,0.23
372672,0.19
372674,0.21
372693,0.21
372704,0.2
372719,0.22
372727,0.18
372740,0.19
372745,0.21
372753,0.2
372762,0.14
372764,0.24
372771,0.26
372772,0.17
372789,0.18
372793,0.19
372799,0.08
372806,0.39
372809,0.16
372829,0.21
372848,0.14
372850,0.19
372853,0.26
372854,0.16
372858,0.23
372861,0.19
372863,0.19
372876,0.24
372878,0.12
372893,0.26
372894,0.15
372911,0.13
372912,0.21
372924,0.23
372942,0.14
372946,0.21
372955,0.26
372956,0.18
372957,0.2
372984,0.23
372993,0.21
372995,0.34
372997,0.19
373014,0.14
373018,0.25
373022,0.11
373023,0.13
373029,0.08
373063,0.15
373071,0.19
373075,0.17
373088,0.13
373089,0.16
373098,0.11
373101,0.17
373112,0.27
373114,0.26
373118,0.27
373120,0.35
373121,0.17
373122,0.17
373138,0.21
373145,0.2
373153,0.16
373154,0.33
373155,0.09
373159,0.16
373167,0.15
373190,0.14
373195,0.25
373202,0.19
373205,0.18
373209,0.11
373215,0.22
373222,0.17
373239,0.13
373240,0.32
373247,0.22
373251,0.1
373260,0.12
373284,0.23
373286,0.13
373292,0.26
373297,0.11
373299,0.25
373305,0.23
373307,0.26
373323,0.14
373327,0.26
373328,0.13
373363,0.24
373390,0.11
373396,0.1
373407,0.2
373413,0.26
373437,0.27
373445,0.15
373448,0.12
373458,0.27
373464,0.18
373472,0.34
373474,0.14
373475,0.1
373480,0.2
373484,0.2
373491,0.16
373493,0.17
373504,0.05
373537,0.23
373542,0.21
373545,0.24
373554,0.18
373559,0.33
373560,0.18
373562,0.16
373565,0.24
373573,0.31
373577,0.21
373591,0.22
373592,0.17
373596,0.18
373598,0.22
373600,0.2
373605,0.2
373607,0.14
373616,0.21
373618,0.18
373624,0.17
373630,0.15
373631,0.21
373634,0.23
373646,0.19
373651,0.22
373669,0.23
373682,0.17
373716,0.24
373751,0.24
373756,0.38
373757,0.25
373767,0.18
373778,0.11
373780,0.17
373781,0.25
373796,0.24
373801,0.16
373805,0.22
373811,0.21
373815,0.12
373820,0.26
373833,0.12
373839,0.17
373841,0.11
373871,0.1
373875,0.3
373893,0.16
373894,0.26
373898,0.18
373899,0.31
373908,0.29
373909,0.15
373911,0.21
373918,0.18
373927,0.21
373938,0.17
373943,0.22
373946,0.14
373948,0.25
373953,0.26
373956,0.28
373984,0.14
373985,0.21
373986,0.24
374002,0.16
374014,0.17
374015,0.19
374024,0.12
374029,0.12
374034,0.15
374039,0.15
374042,0.21
374048,0.22
374051,0.23
374054,0.12
374055,0.19
374061,0.18
374075,0.19
374087,0.14
374101,0.13
374103,0.21
374114,0.26
374116,0.22
374119,0.25
374121,0.23
374133,0.14
374134,0.17
374140,0.08
374141,0.31
374145,0.3
374155,0.16
374163,0.25
374169,0.25
374173,0.21
374188,0.23
374199,0.19
374200,0.13
374207,0.19
374225,0.17
374226,0.21
374227,0.24
374249,0.16
374254,0.22
374284,0.2
374293,0.19
374296,0.15
374297,0.18
374298,0.19
374307,0.13
374320,0.27
374322,0.29
374324,0.21
374328,0.21
374334,0.13
374341,0.23
374343,0.18
374346,0.17
374359,0.17
374374,0.17
374381,0.25
374400,0.13
374405,0.18
374409,0.21
374420,0.22
374442,0.18
374443,0.22
374445,0.15
374447,0.2
374452,0.21
374458,0.2
374485,0.15
374487,0.23
374496,0.15
374503,0.23
374518,0.24
374519,0.13
374532,0.17
374534,0.15
374536,0.16
374546,0.21
374559,0.22
374568,0.23
374573,0.17
374582,0.14
374585,0.14
374598,0.19
374606,0.1
374612,0.15
374617,0.27
374619,0.18
374626,0.19
374646,0.22
374653,0.16
374656,0.19
374664,0.15
374666,0.17
374677,0.18
374679,0.19
374682,0.23
374700,0.16
374703,0.23
374705,0.21
374720,0.29
374724,0.22
374731,0.14
374732,0.3
374734,0.19
374759,0.16
374770,0.21
374774,0.24
374777,0.26
374788,0.17
374796,0.26
374799,0.18
374813,0.29
374819,0.11
374826,0.26
374827,0.14
374832,0.21
374837,0.14
374844,0.29
374848,0.25
374853,0.2
374854,0.25
374856,0.2
374864,0.24
374868,0.18
374888,0.17
374891,0.17
374892,0.11
374896,0.19
374909,0.24
374911,0.23
374912,0.15
374913,0.31
374916,0.15
374917,0.18
374923,0.15
374933,0.33
374935,0.21
374940,0.18
374941,0.13
374943,0.12
374951,0.21
374967,0.36
374970,0.24
374990,0.3
374993,0.22
374994,0.24
375015,0.14
375017,0.14
375018,0.13
375021,0.13
375023,0.2
375030,0.25
375038,0.17
375040,0.17
375041,0.22
375052,0.12
375061,0.27
375064,0.09
375076,0.2
375086,0.22
375109,0.2
375118,0.22
375133,0.18
375140,0.3
375156,0.26
375168,0.16
375170,0.2
375182,0.2
375187,0.34
375188,0.27
375197,0.26
375201,0.16
375204,0.14
375216,0.33
375225,0.1
375231,0.14
375234,0.15
375241,0.13
375242,0.24
375244,0.16
375246,0.19
375257,0.16
375290,0.16
375292,0.13
375293,0.12
375295,0.22
375296,0.15
375300,0.11
375322,0.22
375332,0.17
375338,0.18
375342,0.18
375365,0.09
375367,0.19
375384,0.11
375418,0.1
375464,0.31
375477,0.14
375485,0.16
375496,0.11
375534,0.18
375544,0.19
375556,0.21
375588,0.18
375589,0.16
375594,0.23
375629,0.19
375649,0.11
375654,0.2
375696,0.16
375758,0.17
375795,0.24
375843,0.2
375844,0.22
375853,0.23
375878,0.15
375879,0.1
375883,0.15
375887,0.24
375929,0.15
375934,0.19
375936,0.21
375937,0.17
375948,0.19
375951,0.19
375953,0.27
375964,0.24
375969,0.15
375970,0.24
375973,0.33
375976,0.28
375997,0.12
376000,0.19
376011,0.09
376019,0.08
376035,0.16
376036,0.22
376041,0.2
376042,0.21
376045,0.16
376047,0.2
376060,0.14
376061,0.21
376067,0.25
376068,0.2
376070,0.15
376074,0.15
376075,0.12
376076,0.19
376078,0.17
376080,0.2
376081,0.17
376082,0.14
376083,0.3
376084,0.22
376086,0.18
376087,0.12
376088,0.14
376089,0.12
376090,0.18
376091,0.24
376092,0.15
376093,0.24
376094,0.29
376095,0.22
376096,0.37
376097,0.24
376098,0.31
376206,0.16
376209,0.28
376225,0.11
376239,0.19
376247,0.11
376248,0.16
376252,0.17
376257,0.13
376273,0.14
376274,0.15
376275,0.12
376279,0.19
376283,0.19
376284,0.13
376288,0.11
376289,0.16
376292,0.15
376298,0.25
376301,0.13
376311,0.12
376312,0.22
376313,0.24
376316,0.23
376317,0.18
376319,0.21
376320,0.3
376321,0.16
376322,0.18
376325,0.22
376326,0.36
376328,0.18
376329,0.2
376330,0.15
376332,0.13
376334,0.26
376335,0.26
376336,0.26
376337,0.19
376338,0.25
376339,0.16
376340,0.11
376341,0.23
376343,0.18
376344,0.15
376345,0.13
376346,0.29
376347,0.33
376348,0.14
376349,0.3
376350,0.2
376351,0.17
376352,0.16
376353,0.17
376354,0.22
376355,0.19
376356,0.22
376357,0.17
376360,0.16
376445,0.25
376447,0.2
376449,0.33
376470,0.15
376483,0.26
376484,0.21
376486,0.17
376487,0.19
376488,0.14
376491,0.2
376492,0.13
376494,0.28
376495,0.38
376496,0.18
376497,0.29
376498,0.21
376502,0.18
376503,0.2
376504,0.24
376506,0.2
376509,0.21
376515,0.15
376517,0.14
376518,0.27
376519,0.3
376520,0.15
376521,0.21
376522,0.22
376523,0.2
376524,0.18
376527,0.22
376530,0.24
376531,0.23
376532,0.31
376533,0.28
376534,0.11
376535,0.17
376537,0.24
376538,0.22
376539,0.25
376546,0.25
376594,0.1
376595,0.19
376614,0.15
376616,0.17
376617,0.12
376618,0.27
376619,0.19
376620,0.09
376627,0.13
376630,0.13
376631,0.22
376632,0.12
376633,0.16
376635,0.22
376636,0.28
376637,0.15
376639,0.31
376640,0.14
376642,0.14
376643,0.15
376644,0.18
376645,0.18
376646,0.25
376648,0.18
376650,0.16
376651,0.07
376652,0.23
376732,0.16
376733,0.19
376734,0.19
376756,0.18
376804,0.18
376856,0.32
376869,0.14
376893,0.15
377045,0.17
377088,0.19
377137,0.21
377138,0.19
377159,0.14
377176,0.2
377201,0.15
377226,0.28
377335,0.14
377358,0.33
377362,0.18
377363,0.15
377389,0.3
377426,0.2
377427,0.22
377429,0.14
377441,0.2
377449,0.36
377450,0.35
377458,0.19
377472,0.27
377541,0.42
377567,0.16
377573,0.09
377605,0.15
377611,0.24
377622,0.15
377631,0.22
377657,0.16
377681,0.2
377711,0.13
377717,0.2
377720,0.27
377721,0.27
377723,0.11
377727,0.16
377729,0.15
377733,0.1
377735,0.17
377736,0.21
377737,0.17
377738,0.23
377750,0.3
377751,0.19
377753,0.16
377754,0.3
377755,0.23
377756,0.22
377757,0.31
377758,0.17
377759,0.25
377760,0.17
377761,0.18
377762,0.16
377763,0.18
377764,0.2
377765,0.23
377766,0.17
377767,0.14
377768,0.16
377771,0.15
377772,0.12
377773,0.19
377774,0.24
377775,0.2
377776,0.18
377778,0.19
377779,0.19
377780,0.17
377781,0.19
377782,0.23
377783,0.14
377784,0.18
377785,0.13
377786,0.14
377862,0.15
377871,0.21
377930,0.21
377970,0.22
377987,0.22
377988,0.29
377990,0.17
377992,0.19
377995,0.27
378005,0.17
378006,0.14
378011,0.23
378018,0.13
378019,0.09
378023,0.26
378025,0.08
378026,0.12
378027,0.15
378031,0.08
378033,0.17
378034,0.16
378035,0.19
378040,0.28
378041,0.15
378042,0.16
378043,0.2
378044,0.14
378045,0.3
378046,0.18
378047,0.16
378048,0.15
378049,0.17
378051,0.3
378052,0.08
378053,0.19
378054,0.26
378055,0.1
378056,0.18
378057,0.2
378059,0.22
378060,0.23
378061,0.25
378062,0.19
378063,0.21
378065,0.19
378066,0.27
378067,0.24
378068,0.1
378069,0.26
378070,0.19
378096,0.14
378098,0.28
378104,0.16
378105,0.22
378106,0.22
378107,0.15
378108,0.13
378109,0.23
378110,0.17
378111,0.18
378112,0.13
378113,0.28
378114,0.25
378115,0.13
378116,0.25
378117,0.22
378119,0.09
378120,0.32
378121,0.29
378122,0.12
378123,0.17
378124,0.15
378136,0.21
378181,0.29
378184,0.1
378190,0.22
378263,0.12
378300,0.22
378304,0.38
378305,0.14
378311,0.17
378313,0.17
378314,0.2
378317,0.18
378320,0.26
378322,0.18
378325,0.3
378327,0.23
378328,0.16
378329,0.17
378330,0.13
378331,0.26
378334,0.19
378335,0.13
378336,0.1
378339,0.11
378340,0.21
378341,0.21
378342,0.19
378343,0.13
378344,0.19
378345,0.41
378346,0.17
378347,0.28
378348,0.21
378349,0.29
378350,0.33
378351,0.19
378352,0.16
378353,0.16
378354,0.16
378355,0.2
378356,0.34
378427,0.25
378434,0.23
378564,0.23
378671,0.29
378689,0.18
378710,0.37
378755,0.2
378887,0.14
378907,0.31
378924,0.2
378944,0.18
378945,0.18
378991,0.21
379009,0.19
379025,0.3
379046,0.14
379047,0.2
379048,0.16
379052,0.23
379065,0.18
379066,0.26
379076,0.15
379080,0.14
379085,0.31
379086,0.09
379087,0.21
379089,0.25
379094,0.16
379095,0.22
379101,0.21
379102,0.29
379103,0.24
379105,0.18
379108,0.19
379111,0.21
379112,0.2
379113,0.34
379114,0.16
379115,0.19
379116,0.21
379117,0.19
379118,0.17
379119,0.43
379120,0.19
379121,0.1
379123,0.17
379124,0.11
379126,0.2
379127,0.15
379128,0.13
379129,0.2
379131,0.39
379132,0.3
379133,0.17
379134,0.23
379178,0.11
379266,0.15
379268,0.12
379291,0.18
379296,0.2
379301,0.17
379313,0.14
379318,0.15
379319,0.22
379329,0.19
379336,0.28
379348,0.24
379356,0.19
379357,0.22
379363,0.33
379385,0.32
379408,0.23
379432,0.18
379437,0.26
379440,0.15
379456,0.22
379457,0.19
379463,0.31
379464,0.17
379467,0.32
379469,0.23
379470,0.12
379472,0.37
379473,0.19
379474,0.17
379475,0.15
379476,0.27
379481,0.26
379482,0.17
379483,0.2
379484,0.2
379485,0.43
379486,0.13
379487,0.12
379488,0.16
379490,0.09
379491,0.11
379492,0.16
379494,0.12
379495,0.17
379496,0.13
379497,0.14
379500,0.26
379501,0.21
379502,0.13
379503,0.09
379504,0.08
379505,0.29
379506,0.12
379507,0.08
379508,0.19
379509,0.24
379510,0.15
379512,0.16
379513,0.14
379514,0.35
379515,0.21
379516,0.24
379517,0.21
379518,0.17
379520,0.22
379627,0.19
379673,0.22
379674,0.16
379720,0.26
379726,0.2
379730,0.24
379746,0.27
379775,0.12
379776,0.14
379778,0.23
379841,0.11
379921,0.17
379951,0.24
380002,0.28
380003,0.32
380005,0.24
380006,0.23
380010,0.16
380012,0.18
380014,0.26
380015,0.27
380017,0.17
380018,0.22
380019,0.14
380020,0.12
380022,0.19
380023,0.22
380025,0.18
380026,0.18
380028,0.12
380030,0.27
380031,0.3
380032,0.15
380033,0.12
380034,0.16
380035,0.15
380037,0.17
380038,0.26
380039,0.31
380040,0.28
380064,0.2
380065,0.26
380121,0.2
380122,0.17
380130,0.22
380219,0.19
380228,0.19
380229,0.1
380366,0.16
380408,0.2
380414,0.12
380487,0.23
380488,0.1
380489,0.15
380494,0.2
380543,0.17
380553,0.13
380600,0.22
380625,0.17
380635,0.21
380643,0.25
380762,0.12
380773,0.24
380781,0.27
380785,0.2
380787,0.17
380788,0.16
380789,0.1
380797,0.23
380800,0.15
380802,0.24
380805,0.27
380806,0.21
380807,0.24
380811,0.18
380812,0.17
380815,0.27
380816,0.17
380817,0.13
380819,0.17
380823,0.18
380824,0.15
380825,0.17
380826,0.19
380827,0.3
380828,0.22
380830,0.12
380831,0.16
380832,0.18
380833,0.12
380834,0.15
380836,0.23
380837,0.15
380838,0.19
380839,0.11
380840,0.35
380841,0.19
380879,0.11
380901,0.09
380928,0.11
380956,0.2
380979,0.16
381037,0.21
381047,0.17
381074,0.22
381104,0.15
381121,0.24
381130,0.32
381133,0.17
381139,0.14
381141,0.2
381142,0.22
381145,0.18
381152,0.16
381153,0.23
381154,0.31
381156,0.12
381160,0.21
381164,0.27
381168,0.2
381171,0.2
381173,0.37
381174,0.16
381176,0.28
381178,0.23
381179,0.15
381182,0.15
381185,0.09
381187,0.26
381189,0.22
381190,0.11
381191,0.18
381192,0.26
381193,0.15
381194,0.27
381195,0.21
381198,0.12
381199,0.12
381200,0.15
381201,0.33
381202,0.11
381203,0.28
381204,0.36
381205,0.18
381259,0.23
381288,0.18
381289,0.2
381335,0.19
381344,0.21
381367,0.25
381376,0.12
381381,0.12
381397,0.11
381406,0.19
381412,0.23
381421,0.27
381424,0.13
381427,0.18
381428,0.26
381429,0.09
381430,0.23
381434,0.16
381435,0.17
381436,0.16
381437,0.19
381438,0.22
381439,0.17
381444,0.16
381446,0.17
381447,0.32
381449,0.33
381450,0.24
381453,0.22
381454,0.15
381455,0.23
381456,0.28
381457,0.16
381458,0.17
381459,0.14
381460,0.21
381461,0.26
381462,0.17
381463,0.19
381464,0.25
381465,0.16
381466,0.27
381467,0.26
381468,0.25
381469,0.27
381470,0.23
381471,0.22
381472,0.25
381473,0.23
381475,0.28
381476,0.07
381477,0.2
381478,0.21
381479,0.25
381480,0.29
381481,0.24
381482,0.1
381483,0.18
381495,0.2
381545,0.14
381580,0.08
381657,0.3
381674,0.22
381691,0.21
381697,0.13
381704,0.13
381711,0.2
381721,0.22
381728,0.16
381729,0.25
381734,0.07
381735,0.24
381736,0.21
381740,0.31
381742,0.44
381743,0.25
381744,0.15
381747,0.16
381748,0.28
381749,0.14
381750,0.25
381751,0.14
381752,0.25
381753,0.24
381754,0.2
381755,0.21
381756,0.19
381757,0.16
381758,0.21
381759,0.16
381760,0.09
381761,0.25
381762,0.16
381763,0.16
381764,0.21
381765,0.28
381766,0.16
381767,0.15
381768,0.18
381769,0.15
381770,0.15
381772,0.21
381774,0.2
381777,0.25
381861,0.16
381974,0.21
381991,0.12
382024,0.25
382051,0.18
382066,0.19
382067,0.13
382068,0.24
382107,0.13
382108,0.24
382111,0.13
382113,0.17
382114,0.24
382120,0.17
382121,0.21
382122,0.25
382124,0.22
382126,0.16
382131,0.11
382132,0.2
382135,0.17
382136,0.15
382137,0.15
382138,0.2
382140,0.36
382141,0.18
382142,0.16
382143,0.19
382144,0.24
382145,0.2
382146,0.21
382147,0.16
382149,0.36
382150,0.11
382152,0.2
382153,0.24
382164,0.26
382180,0.27
382239,0.11
382275,0.17
382297,0.22
382391,0.26
382392,0.28
382396,0.2
382424,0.15
382471,0.16
382493,0.11
382496,0.2
382504,0.21
382505,0.16
382513,0.19
382517,0.26
382521,0.18
382528,0.13
382530,0.25
382544,0.23
382603,0.37
382604,0.16
382642,0.16
382666,0.21
382699,0.19
382737,0.2
382792,0.25
382796,0.18
382807,0.14
382813,0.18
382817,0.37
382818,0.17
382826,0.18
382845,0.18
382846,0.16
382850,0.31
382851,0.13
382856,0.23
382858,0.17
382859,0.15
382862,0.12
382863,0.17
382865,0.18
382866,0.21
382868,0.14
382870,0.15
382871,0.24
382872,0.19
382873,0.22
382874,0.36
382875,0.08
382876,0.26
382877,0.17
382878,0.21
382879,0.31
382880,0.2
382882,0.3
382883,0.12
382884,0.17
382885,0.19
382886,0.1
382887,0.2
382989,0.13
383009,0.21
383039,0.2
383068,0.13
383072,0.07
383093,0.24
383099,0.21
383167,0.08
383168,0.22
383170,0.21
383171,0.35
383174,0.24
383175,0.11
383176,0.16
383178,0.15
383181,0.19
383182,0.13
383184,0.16
383186,0.22
383187,0.15
383189,0.1
383190,0.24
383191,0.28
383192,0.24
383194,0.1
383195,0.16
383196,0.15
383197,0.25
383198,0.13
383199,0.15
383200,0.21
383201,0.15
383202,0.13
383203,0.13
383204,0.21
383205,0.13
383206,0.25
383207,0.15
383208,0.12
383279,0.22
383335,0.13
383384,0.18
383394,0.17
383400,0.3
383401,0.07
383409,0.15
383410,0.23
383412,0.23
383414,0.29
383419,0.21
383422,0.12
383425,0.13
383426,0.12
383427,0.16
383428,0.27
383429,0.17
383430,0.26
383431,0.16
383433,0.47
383434,0.13
383435,0.21
383436,0.34
383437,0.2
383438,0.18
383439,0.15
383440,0.1
383441,0.22
383442,0.19
383443,0.12
383444,0.06
383445,0.16
383446,0.2
383447,0.21
383448,0.23
383449,0.12
383450,0.23
383451,0.2
383452,0.17
383453,0.16
383454,0.2
383533,0.22
383583,0.23
383608,0.13
383622,0.18
383673,0.25
383804,0.18
383806,0.21
383812,0.16
383814,0.12
383816,0.23
383825,0.2
383827,0.16
383833,0.22
383841,0.17
383842,0.26
383849,0.23
383859,0.19
383883,0.21
383891,0.39
383910,0.17
383925,0.13
383943,0.32
383946,0.23
383959,0.11
383960,0.13
383961,0.18
383962,0.19
383979,0.21
383985,0.19
383990,0.2
383999,0.23
384001,0.26
384003,0.14
384008,0.23
384019,0.26
384020,0.14
384065,0.2
384102,0.21
384154,0.19
384155,0.18
384171,0.16
384177,0.13
384183,0.21
384186,0.13
384198,0.27
384199,0.24
384201,0.3
384203,0.25
384204,0.25
384205,0.1
384207,0.11
384208,0.16
384209,0.22
384210,0.16
384211,0.24
384212,0.19
384215,0.35
384216,0.16
384220,0.2
384221,0.18
384226,0.17
384273,0.15
384287,0.19
384288,0.08
384332,0.36
384365,0.24
384380,0.28
384392,0.15
384412,0.18
384424,0.28
384428,0.16
384429,0.33
384430,0.15
384434,0.16
384480,0.19
384502,0.32
384503,0.25
384504,0.19
384505,0.19
384508,0.21
384519,0.13
384520,0.27
384524,0.24
384528,0.13
384532,0.17
384539,0.11
384542,0.18
384543,0.15
384544,0.22
384546,0.4
384547,0.18
384548,0.23
384549,0.16
384552,0.34
384554,0.21
384556,0.19
384557,0.16
384558,0.16
384559,0.17
384560,0.24
384561,0.25
384562,0.23
384563,0.18
384564,0.19
384565,0.26
384656,0.15
384657,0.14
384672,0.29
384679,0.15
384680,0.24
384689,0.23
384692,0.12
384695,0.16
384710,0.25
384712,0.13
384715,0.26
384735,0.13
384749,0.13
384751,0.17
384753,0.11
384757,0.18
384759,0.14
384761,0.13
384762,0.2
384765,0.28
384775,0.25
384782,0.21
384794,0.13
384798,0.08
384805,0.15
384807,0.28
384812,0.11
384821,0.14
384834,0.21
384847,0.17
384856,0.13
384857,0.21
384858,0.15
384859,0.2
384860,0.18
384861,0.33
384862,0.15
384863,0.27
384864,0.15
384865,0.16
384866,0.34
384867,0.2
384868,0.13
384869,0.16
384870,0.15
384871,0.18
384873,0.29
384874,0.31
384876,0.26
384877,0.14
384878,0.21
384880,0.13
384881,0.12
384882,0.24
384883,0.16
384884,0.24
384885,0.16
384886,0.19
384887,0.17
384969,0.14
385023,0.18
385049,0.21
385081,0.15
385091,0.22
385092,0.11
385093,0.18
385094,0.23
385106,0.28
385107,0.25
385110,0.22
385111,0.2
385113,0.19
385114,0.22
385115,0.34
385117,0.19
385119,0.14
385120,0.22
385121,0.31
385122,0.18
385123,0.15
385125,0.26
385126,0.11
385127,0.19
385128,0.24
385129,0.24
385130,0.1
385131,0.18
385132,0.19
385133,0.16
385134,0.22
385135,0.24
385136,0.15
385137,0.27
385138,0.12
385139,0.33
385140,0.38
385141,0.16
385142,0.19
385143,0.16
385144,0.13
385145,0.24
385146,0.1
385147,0.27
385149,0.17
385151,0.16
385152,0.17
385153,0.11
385197,0.2
385230,0.22
385231,0.21
385252,0.29
385299,0.27
385351,0.21
385376,0.33
385405,0.23
385452,0.16
385479,0.25
385510,0.21
385522,0.28
385524,0.1
385544,0.23
385563,0.21
385566,0.25
385571,0.13
385585,0.12
385586,0.18
385611,0.23
385621,0.1
385623,0.23
385628,0.33
385633,0.2
385634,0.13
385643,0.12
385650,0.17
385656,0.13
385666,0.18
385693,0.16
385705,0.18
385706,0.12
385835,0.09
385847,0.14
385867,0.21
385871,0.29
385872,0.09
385879,0.08
385883,0.1
385884,0.19
385885,0.14
385889,0.14
385893,0.14
385894,0.1
385898,0.23
385899,0.21
385902,0.16
385903,0.19
385904,0.19
385905,0.24
385906,0.19
385907,0.17
385908,0.29
385909,0.19
385910,0.18
385973,0.19
386003,0.33
386013,0.14
386023,0.2
386065,0.11
386072,0.28
386077,0.35
386135,0.24
386141,0.19
386178,0.31
386198,0.22
386200,0.25
386203,0.24
386223,0.1
386225,0.2
386245,0.19
386250,0.17
386253,0.22
386254,0.15
386255,0.24
386262,0.29
386263,0.23
386264,0.12
386267,0.28
386268,0.16
386276,0.16
386279,0.17
386281,0.27
386282,0.27
386283,0.19
386284,0.18
386285,0.17
386286,0.3
386287,0.11
386288,0.16
386289,0.24
386290,0.16
386292,0.17
386293,0.1
386294,0.26
386295,0.47
386296,0.25
386297,0.21
386299,0.15
386300,0.12
386301,0.17
386302,0.22
386303,0.19
386304,0.35
386305,0.14
386307,0.14
386308,0.15
386309,0.13
386310,0.2
386311,0.12
386347,0.25
386350,0.23
386352,0.21
386365,0.2
386378,0.17
386380,0.16
386399,0.14
386458,0.22
386523,0.18
386531,0.29
386545,0.17
386546,0.17
386547,0.16
386549,0.18
386550,0.21
386551,0.24
386552,0.24
386633,0.19
386647,0.13
386665,0.25
386767,0.25
386773,0.17
386774,0.15
386775,0.19
386777,0.14
386785,0.2
386791,0.25
386792,0.22
386795,0.2
386798,0.23
386803,0.18
386805,0.23
386806,0.16
386808,0.22
386811,0.2
386813,0.15
386814,0.25
386817,0.19
386819,0.14
386820,0.17
386821,0.23
386822,0.43
386824,0.16
386825,0.2
386826,0.12
386827,0.21
386828,0.27
386830,0.09
386831,0.26
386832,0.09
386833,0.28
386834,0.15
386835,0.1
386836,0.18
386837,0.22
386838,0.24
386839,0.29
386840,0.17
386841,0.1
386843,0.24
386844,0.15
386845,0.12
386847,0.17
386848,0.17
386849,0.19
386860,0.22
386938,0.13
386940,0.1
386989,0.19
387021,0.17
387193,0.33
387194,0.16
387286,0.16
387291,0.18
387292,0.18
387324,0.19
387325,0.27
387329,0.19
387331,0.16
387333,0.16
387337,0.28
387341,0.24
387342,0.09
387349,0.21
387350,0.16
387351,0.2
387352,0.18
387353,0.2
387355,0.15
387356,0.22
387357,0.18
387358,0.18
387360,0.14
387361,0.21
387362,0.23
387363,0.13
387364,0.15
387365,0.19
387366,0.2
387367,0.12
387368,0.16
387369,0.11
387370,0.2
387371,0.18
387372,0.16
387377,0.19
387378,0.23
387424,0.13
387440,0.14
387447,0.26
387489,0.19
387501,0.2
387526,0.32
387542,0.15
387543,0.25
387544,0.21
387565,0.17
387572,0.2
387577,0.28
387578,0.19
387583,0.16
387584,0.09
387588,0.14
387595,0.2
387596,0.18
387597,0.22
387598,0.11
387662,0.24
387687,0.22
387688,0.2
387689,0.03
387718,0.24
387730,0.17
387753,0.15
387807,0.22
387843,0.23
387848,0.24
387882,0.18
387884,0.21
387892,0.14
387896,0.23
387916,0.28
387920,0.26
387927,0.28
387928,0.2
387929,0.18
387932,0.18
387934,0.22
387937,0.17
387942,0.22
387947,0.14
387948,0.14
387952,0.25
387953,0.22
387954,0.18
387955,0.18
387956,0.3
387957,0.33
387958,0.28
387960,0.17
387961,0.19
387962,0.12
387963,0.25
387964,0.33
387965,0.22
387966,0.13
387967,0.14
387968,0.13
387969,0.13
387970,0.15
387971,0.16
387972,0.14
387973,0.1
388053,0.31
388056,0.2
388057,0.17
388078,0.25
388079,0.18
388127,0.11
388155,0.28
388159,0.16
388169,0.21
388170,0.12
388173,0.21
388174,0.17
388176,0.2
388179,0.22
388182,0.19
388183,0.14
388187,0.16
388189,0.21
388191,0.12
388193,0.25
388194,0.18
388195,0.17
388196,0.17
388198,0.2
388199,0.17
388201,0.21
388202,0.21
388203,0.2
388204,0.16
388206,0.19
388208,0.13
388209,0.18
388210,0.18
388211,0.18
388212,0.12
388213,0.14
388214,0.06
388215,0.22
388216,0.17
388217,0.2
388218,0.2
388219,0.16
388220,0.25
388221,0.26
388222,0.19
388223,0.14
388237,0.24
388238,0.17
388242,0.13
388243,0.24
388248,0.16
388249,0.19
388251,0.17
388253,0.23
388255,0.21
388256,0.16
388258,0.13
388259,0.24
388260,0.17
388262,0.34
388263,0.16
388264,0.1
388265,0.3
388266,0.18
388267,0.17
388269,0.47
388270,0.19
388271,0.19
388272,0.33
388273,0.16
388274,0.23
388275,0.29
388276,0.21
388397,0.12
388428,0.3
388429,0.14
388448,0.15
388449,0.22
388460,0.21
388463,0.2
388465,0.28
388505,0.22
388508,0.27
388511,0.21
388525,0.19
388554,0.12
388561,0.37
388566,0.19
388572,0.13
388574,0.2
388585,0.16
388589,0.22
388590,0.18
388594,0.19
388596,0.22
388616,0.24
388621,0.22
388622,0.11
388627,0.14
388633,0.17
388639,0.22
388647,0.21
388655,0.33
388665,0.2
388667,0.26
388668,0.17
388669,0.23
388679,0.17
388683,0.16
388687,0.09
388688,0.22
388700,0.2
388703,0.14
388704,0.25
388705,0.31
388707,0.07
388712,0.25
388729,0.19
388733,0.15
388748,0.17
388754,0.25
388763,0.33
388777,0.12
388790,0.16
388800,0.28
388801,0.15
388812,0.19
388816,0.28
388835,0.22
388837,0.18
388842,0.17
388847,0.2
388848,0.18
388849,0.15
388850,0.36
388859,0.2
388864,0.17
388865,0.31
388870,0.16
388872,0.2
388873,0.22
388879,0.15
388890,0.33
388898,0.21
388899,0.19
388900,0.21
388913,0.38
388919,0.15
388921,0.26
388929,0.12
388945,0.23
388962,0.22
388963,0.17
388985,0.11
388986,0.2
388992,0.27
388993,0.13
389002,0.11
389006,0.12
389009,0.2
389018,0.32
389048,0.18
389051,0.2
389068,0.24
389069,0.19
389070,0.25
389080,0.13
389085,0.09
389090,0.19
389094,0.18
389097,0.3
389098,0.16
389101,0.13
389104,0.11
389131,0.3
389133,0.24
389134,0.18
389143,0.2
389176,0.33
389181,0.21
389192,0.15
389202,0.22
389222,0.19
389225,0.23
389227,0.18
389239,0.08
389245,0.23
389248,0.14
389258,0.16
389266,0.16
389268,0.21
389277,0.2
389280,0.22
389300,0.12
389319,0.25
389330,0.13
389338,0.19
389356,0.13
389363,0.2
389371,0.16
389377,0.22
389398,0.13
389409,0.13
389415,0.08
389418,0.23
389420,0.2
389426,0.25
389433,0.28
389434,0.17
389440,0.2
389441,0.13
389443,0.23
389448,0.12
389464,0.13
389466,0.17
389471,0.2
389473,0.11
389480,0.16
389481,0.25
389483,0.16
389486,0.13
389490,0.22
389500,0.21
389507,0.3
389509,0.07
389515,0.35
389517,0.18
389523,0.19
389527,0.15
389529,0.36
389532,0.11
389539,0.13
389550,0.26
389551,0.24
389552,0.2
389554,0.22
389563,0.2
389566,0.26
389572,0.12
389573,0.13
389585,0.24
389587,0.14
389589,0.1
389592,0.17
389601,0.42
389603,0.12
389604,0.23
389617,0.12
389618,0.23
389619,0.18
389622,0.26
389623,0.19
389627,0.21
389644,0.31
389667,0.18
389678,0.17
389694,0.22
389700,0.19
389707,0.16
389714,0.1
389717,0.23
389732,0.14
389737,0.26
389741,0.26
389755,0.17
389756,0.18
389763,0.26
389772,0.24
389777,0.15
389778,0.16
389796,0.19
389798,0.19
389805,0.14
389807,0.15
389815,0.17
389818,0.19
389823,0.18
389824,0.15
389831,0.17
389856,0.3
389860,0.09
389862,0.24
389872,0.25
389875,0.15
389878,0.23
389879,0.24
389881,0.18
389895,0.18
389897,0.23
389898,0.13
389924,0.12
389929,0.22
389934,0.24
389947,0.2
389962,0.17
389981,0.15
390003,0.15
390006,0.24
390011,0.17
390041,0.19
390044,0.2
390045,0.21
390047,0.11
390048,0.2
390052,0.22
390056,0.12
390061,0.2
390065,0.21
390070,0.19
390073,0.25
390076,0.14
390087,0.1
390092,0.18
390095,0.16
390099,0.28
390107,0.25
390116,0.16
390130,0.15
390133,0.26
390144,0.19
390155,0.15
390159,0.2
390181,0.15
390183,0.12
390214,0.22
390222,0.19
390230,0.18
390235,0.09
390237,0.2
390242,0.4
390256,0.12
390259,0.32
390261,0.17
390268,0.21
390271,0.22
390274,0.17
390276,0.18
390279,0.23
390283,0.19
390285,0.18
390299,0.15
390316,0.13
390321,0.11
390330,0.21
390343,0.17
390346,0.36
390357,0.18
390359,0.3
390361,0.23
390365,0.17
390366,0.18
390372,0.26
390376,0.1
390378,0.34
390388,0.2
390391,0.2
390400,0.21
390407,0.25
390411,0.18
390419,0.08
390423,0.2
390437,0.25
390445,0.14
390449,0.11
390455,0.18
390465,0.16
390491,0.15
390492,0.24
390494,0.2
390495,0.3
390497,0.13
390504,0.18
390508,0.17
390510,0.19
390512,0.15
390524,0.25
390531,0.1
390558,0.27
390561,0.16
390564,0.13
390569,0.19
390574,0.23
390575,0.23
390587,0.36
390620,0.25
390621,0.29
390633,0.2
390634,0.22
390638,0.26
390639,0.22
390642,0.17
390647,0.29
390648,0.23
390663,0.16
390686,0.13
390688,0.22
390690,0.23
390691,0.17
390696,0.3
390703,0.06
390711,0.2
390722,0.23
390736,0.2
390747,0.35
390752,0.26
390760,0.25
390774,0.16
390777,0.24
390781,0.2
390793,0.2
390838,0.15
390847,0.33
390851,0.13
390854,0.19
390858,0.14
390864,0.16
390871,0.3
390905,0.19
390908,0.26
390910,0.21
390917,0.17
390919,0.12
390920,0.11
390922,0.16
390928,0.2
390929,0.22
390953,0.21
390955,0.2
390959,0.15
390962,0.15
390971,0.2
390972,0.11
390990,0.22
390994,0.22
390997,0.23
391015,0.15
391034,0.12
391038,0.21
391043,0.19
391048,0.17
391049,0.23
391056,0.2
391060,0.13
391072,0.19
391073,0.18
391077,0.18
391086,0.22
391092,0.16
391096,0.07
391118,0.13
391123,0.23
391136,0.19
391137,0.16
391145,0.08
391162,0.11
391164,0.24
391168,0.24
391172,0.21
391184,0.28
391188,0.16
391198,0.2
391207,0.18
391208,0.13
391209,0.27
391230,0.15
391232,0.21
391236,0.17
391237,0.21
391245,0.12
391269,0.18
391274,0.19
391275,0.25
391276,0.22
391279,0.29
391285,0.16
391306,0.09
391310,0.19
391321,0.07
391327,0.17
391341,0.23
391350,0.21
391353,0.13
391354,0.21
391357,0.17
391367,0.37
391371,0.12
391384,0.22
391387,0.14
391388,0.19
391392,0.16
391408,0.1
391433,0.19
391439,0.21
391443,0.23
391445,0.19
391449,0.17
391450,0.16
391461,0.16
391469,0.2
391486,0.12
391487,0.25
391500,0.15
391501,0.13
391505,0.18
391516,0.19
391517,0.11
391522,0.05
391539,0.3
391543,0.33
391546,0.22
391552,0.29
391555,0.17
391564,0.15
391565,0.15
391570,0.15
391586,0.17
391587,0.26
391588,0.11
391590,0.19
391613,0.31
391614,0.18
391617,0.14
391623,0.24
391635,0.15
391653,0.15
391661,0.19
391670,0.16
391682,0.14
391713,0.2
391717,0.17
391726,0.45
391738,0.28
391740,0.17
391741,0.19
391742,0.17
391756,0.08
391765,0.27
391766,0.22
391768,0.15
391771,0.1
391784,0.2
391786,0.19
391791,0.22
391798,0.24
391820,0.25
391831,0.25
391842,0.13
391843,0.14
391853,0.18
391858,0.33
391866,0.38
391867,0.17
391870,0.15
391879,0.19
391903,0.16
391915,0.18
391920,0.14
391929,0.19
391935,0.14
391944,0.15
391945,0.29
391947,0.22
391957,0.09
391960,0.2
391966,0.2
391977,0.16
391983,0.19
391990,0.21
391999,0.2
392010,0.12
392011,0.17
392012,0.1
392013,0.16
392015,0.11
392027,0.26
392029,0.23
392031,0.17
392035,0.1
392042,0.16
392049,0.17
392050,0.14
392062,0.18
392068,0.21
392071,0.13
392079,0.25
392087,0.18
392106,0.25
392111,0.16
392123,0.23
392127,0.27
392132,0.23
392149,0.42
392151,0.19
392175,0.29
392186,0.18
392190,0.22
392196,0.28
392202,0.21
392212,0.14
392221,0.22
392224,0.25
392230,0.23
392232,0.2
392234,0.24
392239,0.28
392240,0.25
392241,0.1
392243,0.25
392250,0.2
392253,0.08
392258,0.23
392260,0.12
392270,0.31
392280,0.15
392283,0.16
392293,0.12
392311,0.19
392316,0.2
392317,0.21
392319,0.18
392328,0.25
392363,0.2
392369,0.19
392371,0.17
392372,0.17
392386,0.19
392389,0.24
392390,0.18
392391,0.27
392398,0.12
392399,0.16
392404,0.36
392405,0.15
392408,0.3
392422,0.22
392423,0.07
392424,0.22
392429,0.19
392430,0.27
392431,0.24
392437,0.2
392450,0.1
392458,0.1
392460,0.22
392469,0.26
392474,0.17
392491,0.33
392495,0.08
392513,0.35
392526,0.14
392527,0.24
392534,0.1
392540,0.24
392554,0.17
392571,0.14
392578,0.28
392583,0.19
392588,0.21
392594,0.23
392604,0.16
392610,0.23
392613,0.21
392619,0.15
392622,0.43
392624,0.08
392629,0.4
392634,0.21
392639,0.09
392649,0.16
392671,0.33
392680,0.28
392682,0.17
392684,0.17
392685,0.22
392686,0.24
392699,0.11
392704,0.22
392709,0.33
392714,0.34
392717,0.22
392727,0.18
392730,0.14
392741,0.21
392754,0.28
392762,0.23
392774,0.12
392775,0.22
392793,0.16
392800,0.15
392809,0.18
392812,0.19
392814,0.13
392820,0.25
392825,0.19
392847,0.17
392849,0.36
392861,0.26
392868,0.24
392880,0.36
392882,0.22
392888,0.19
392905,0.09
392909,0.36
392915,0.18
392925,0.17
392931,0.2
392933,0.14
392935,0.22
392939,0.23
392951,0.21
392960,0.12
392962,0.19
392964,0.24
392970,0.17
392980,0.13
392981,0.18
392985,0.17
392990,0.17
392992,0.3
392998,0.15
392999,0.16
393007,0.17
393009,0.16
393012,0.18
393014,0.15
393015,0.25
393035,0.19
393055,0.22
393056,0.27
393075,0.15
393078,0.2
393094,0.22
393111,0.2
393115,0.18
393117,0.25
393118,0.21
393128,0.28
393129,0.12
393136,0.12
393138,0.2
393139,0.35
393156,0.22
393159,0.25
393168,0.13
393172,0.26
393177,0.27
393189,0.11
393194,0.25
393201,0.18
393202,0.2
393209,0.21
393216,0.38
393218,0.33
393224,0.19
393227,0.19
393232,0.14
393256,0.21
393257,0.17
393258,0.29
393267,0.19
393269,0.19
393275,0.23
393278,0.12
393279,0.28
393312,0.16
393318,0.17
393343,0.22
393351,0.21
393356,0.1
393361,0.21
393370,0.2
393381,0.14
393395,0.17
393405,0.14
393416,0.2
393419,0.18
393430,0.25
393443,0.25
393454,0.25
393478,0.15
393489,0.08
393499,0.14
393503,0.17
393505,0.29
393507,0.21
393526,0.28
393537,0.11
393543,0.1
393555,0.17
393562,0.19
393573,0.38
393587,0.25
393591,0.11
393606,0.11
393621,0.22
393624,0.24
393625,0.29
393628,0.28
393633,0.18
393641,0.23
393642,0.25
393650,0.3
393658,0.19
393669,0.11
393671,0.19
393672,0.22
393680,0.2
393683,0.27
393684,0.16
393691,0.26
393696,0.2
393699,0.19
393708,0.1
393709,0.22
393711,0.16
393720,0.3
393738,0.17
393740,0.25
393762,0.24
393774,0.09
393776,0.18
393778,0.24
393793,0.19
393804,0.2
393818,0.31
393821,0.32
393822,0.15
393833,0.32
393839,0.28
393840,0.19
393843,0.15
393852,0.18
393855,0.19
393860,0.12
393864,0.26
393877,0.26
393882,0.31
393884,0.22
393886,0.21
393892,0.16
393894,0.18
393902,0.14
393909,0.16
393910,0.16
393911,0.19
393934,0.22
393936,0.27
393939,0.21
393940,0.15
393943,0.15
393946,0.35
393950,0.15
393953,0.12
393959,0.39
393974,0.37
393980,0.38
393983,0.14
393985,0.19
393992,0.16
393995,0.12
394008,0.21
394010,0.16
394022,0.14
394062,0.14
394063,0.15
394066,0.18
394069,0.2
394071,0.15
394082,0.14
394087,0.16
394095,0.23
394097,0.17
394106,0.19
394113,0.3
394115,0.23
394125,0.15
394131,0.15
394132,0.16
394141,0.3
394145,0.26
394153,0.33
394159,0.3
394180,0.24
394186,0.14
394200,0.17
394203,0.24
394210,0.15
394214,0.17
394218,0.26
394231,0.26
394240,0.23
394248,0.19
394249,0.16
394254,0.31
394264,0.2
394267,0.25
394269,0.3
394275,0.25
394289,0.09
394295,0.16
394305,0.25
394308,0.28
394317,0.22
394323,0.27
394332,0.15
394336,0.19
394345,0.26
394346,0.09
394347,0.18
394351,0.2
394355,0.18
394360,0.2
394372,0.22
394373,0.16
394374,0.15
394382,0.22
394385,0.19
394409,0.18
394415,0.13
394433,0.14
394445,0.2
394448,0.22
394451,0.19
394467,0.17
394471,0.1
394473,0.18
394474,0.1
394476,0.11
394492,0.31
394502,0.17
394506,0.2
394510,0.19
394515,0.08
394535,0.18
394537,0.29
394539,0.19
394541,0.25
394564,0.24
394567,0.16
394568,0.21
394571,0.27
394576,0.17
394579,0.4
394585,0.28
394588,0.2
394606,0.25
394623,0.14
394632,0.21
394635,0.23
394642,0.19
394653,0.19
394689,0.24
394695,0.12
394699,0.2
394706,0.16
394712,0.32
394721,0.35
394722,0.22
394739,0.19
394742,0.2
394761,0.22
394775,0.22
394777,0.34
394783,0.26
394800,0.22
394803,0.17
394804,0.24
394815,0.16
394835,0.13
394843,0.32
394845,0.21
394847,0.12
394848,0.23
394850,0.2
394857,0.26
394873,0.22
394892,0.22
394898,0.25
394904,0.21
394918,0.31
394920,0.24
394926,0.2
394927,0.23
394940,0.13
394942,0.14
394943,0.25
394959,0.26
394977,0.29
394991,0.17
395014,0.22
395027,0.17
395042,0.22
395062,0.23
395063,0.34
395064,0.2
395076,0.18
395085,0.25
395095,0.11
395100,0.21
395105,0.15
395108,0.18
395110,0.31
395114,0.37
395123,0.22
395131,0.21
395144,0.24
395152,0.34
395159,0.18
395166,0.23
395197,0.12
395210,0.21
395212,0.17
395216,0.23
395218,0.27
395224,0.13
395225,0.33
395233,0.2
395237,0.27
395246,0.23
395248,0.28
395262,0.22
395271,0.15
395275,0.18
395286,0.09
395316,0.16
395318,0.35
395328,0.32
395334,0.2
395337,0.28
395338,0.19
395346,0.22
395365,0.14
395373,0.24
395383,0.41
395387,0.22
395391,0.15
395401,0.16
395432,0.12
395443,0.07
395447,0.17
395448,0.24
395450,0.22
395456,0.23
395459,0.29
395462,0.16
395488,0.2
395492,0.11
395495,0.16
395504,0.22
395507,0.29
395508,0.15
395509,0.12
395513,0.18
395515,0.24
395517,0.21
395520,0.27
395524,0.21
395525,0.17
395533,0.22
395538,0.23
395545,0.19
395553,0.23
395576,0.32
395585,0.22
395590,0.2
395593,0.16
395595,0.21
395603,0.2
395604,0.17
395611,0.18
395612,0.13
395617,0.1
395624,0.16
395653,0.27
395665,0.11
395668,0.21
395672,0.17
395677,0.2
395692,0.2
395693,0.19
395694,0.23
395696,0.32
395699,0.18
395703,0.12
395712,0.18
395731,0.23
395732,0.08
395735,0.2
395736,0.11
395744,0.28
395763,0.14
395771,0.13
395774,0.17
395784,0.12
395790,0.21
395792,0.38
395796,0.24
395808,0.2
395810,0.23
395814,0.2
395831,0.19
395836,0.15
395837,0.15
395852,0.16
395854,0.06
395856,0.2
395857,0.17
395860,0.12
395862,0.17
395875,0.17
395880,0.1
395893,0.23
395900,0.1
395908,0.21
395921,0.33
395922,0.17
395926,0.25
395933,0.1
395936,0.18
395940,0.11
395951,0.24
395964,0.17
395969,0.21
395971,0.22
395973,0.14
395975,0.26
395984,0.36
395993,0.2
396012,0.21
396033,0.19
396035,0.14
396036,0.17
396041,0.24
396048,0.19
396049,0.19
396057,0.13
396060,0.23
396063,0.11
396078,0.22
396085,0.27
396087,0.16
396094,0.16
396104,0.19
396110,0.23
396123,0.25
396139,0.16
396160,0.14
396165,0.18
396169,0.23
396182,0.11
396200,0.33
396201,0.17
396202,0.11
396216,0.17
396227,0.2
396236,0.17
396240,0.23
396249,0.15
396252,0.14
396253,0.34
396276,0.15
396297,0.06
396301,0.2
396310,0.22
396327,0.2
396330,0.26
396331,0.11
396334,0.12
396337,0.18
396343,0.19
396346,0.21
396350,0.25
396368,0.19
396375,0.23
396378,0.22
396380,0.27
396393,0.17
396397,0.18
396403,0.11
396404,0.3
396408,0.21
396414,0.22
396418,0.26
396420,0.15
396426,0.17
396428,0.13
396434,0.26
396435,0.19
396437,0.18
396442,0.14
396444,0.26
396449,0.14
396453,0.25
396464,0.11
396474,0.16
396483,0.16
396496,0.28
396501,0.22
396505,0.15
396506,0.11
396512,0.13
396513,0.22
396518,0.12
396530,0.19
396542,0.23
396549,0.1
396553,0.13
396555,0.33
396557,0.24
396562,0.27
396566,0.2
396588,0.27
396589,0.15
396590,0.24
396597,0.13
396602,0.1
396609,0.36
396614,0.25
396617,0.22
396620,0.16
396625,0.43
396638,0.25
396640,0.24
396646,0.1
396648,0.19
396653,0.17
396663,0.2
396668,0.2
396670,0.2
396678,0.17
396681,0.23
396698,0.08
396699,0.3
396710,0.23
396713,0.29
396729,0.21
396732,0.2
396735,0.2
396752,0.24
396754,0.22
396761,0.12
396769,0.19
396777,0.11
396789,0.26
396790,0.13
396792,0.12
396824,0.22
396829,0.24
396830,0.15
396844,0.24
396849,0.19
396855,0.37
396864,0.17
396865,0.17
396866,0.14
396883,0.17
396889,0.26
396893,0.2
396900,0.21
396904,0.19
396912,0.12
396916,0.17
396922,0.18
396926,0.13
396928,0.25
396931,0.23
396944,0.22
396949,0.22
396952,0.3
396979,0.29
396984,0.12
396986,0.2
396992,0.17
396995,0.47
397014,0.17
397025,0.18
397046,0.22
397047,0.11
397051,0.16
397052,0.15
397058,0.14
397071,0.16
397081,0.1
397084,0.2
397086,0.18
397088,0.15
397090,0.32
397093,0.24
397106,0.21
397109,0.31
397110,0.21
397118,0.09
397119,0.27
397120,0.16
397127,0.17
397128,0.18
397129,0.24
397132,0.15
397138,0.09
397139,0.2
397146,0.26
397148,0.26
397149,0.14
397166,0.14
397167,0.18
397168,0.14
397171,0.18
397178,0.14
397185,0.15
397191,0.2
397195,0.15
397197,0.18
397198,0.13
397211,0.13
397213,0.24
397216,0.14
397219,0.26
397226,0.13
397241,0.19
397249,0.14
397261,0.21
397265,0.14
397281,0.17
397304,0.1
397306,0.16
397325,0.14
397327,0.13
397345,0.35
397360,0.16
397378,0.15
397383,0.25
397384,0.22
397399,0.18
397415,0.13
397433,0.13
397444,0.29
397452,0.25
397458,0.12
397460,0.18
397462,0.23
397464,0.22
397466,0.31
397472,0.14
397474,0.21
397476,0.22
397482,0.25
397492,0.28
397494,0.13
397501,0.27
397507,0.21
397512,0.11
397513,0.21
397517,0.14
397533,0.26
397549,0.43
397560,0.18
397562,0.09
397570,0.32
397575,0.21
397584,0.14
397585,0.16
397593,0.13
397609,0.25
397615,0.16
397630,0.37
397631,0.12
397633,0.24
397641,0.17
397664,0.13
397668,0.07
397674,0.21
397679,0.17
397681,0.22
397694,0.13
397695,0.21
397707,0.26
397713,0.22
397714,0.17
397715,0.21
397724,0.17
397726,0.36
397729,0.16
397739,0.16
397741,0.11
397759,0.27
397761,0.18
397767,0.19
397776,0.24
397782,0.31
397785,0.21
397789,0.19
397793,0.23
397794,0.19
397804,0.17
397815,0.17
397816,0.17
397825,0.23
397857,0.32
397861,0.18
397890,0.25
397891,0.33
397900,0.27
397903,0.12
397911,0.15
397925,0.32
397928,0.17
397954,0.17
397955,0.14
397962,0.25
397971,0.21
397975,0.15
397984,0.22
397989,0.11
397993,0.2
398004,0.22
398032,0.25
398038,0.14
398043,0.18
398046,0.23
398051,0.45
398061,0.17
398082,0.15
398086,0.16
398087,0.2
398088,0.17
398093,0.07
398103,0.11
398106,0.21
398109,0.19
398110,0.14
398113,0.19
398116,0.17
398132,0.16
398135,0.24
398138,0.22
398159,0.23
398163,0.32
398165,0.18
398166,0.13
398173,0.09
398179,0.21
398181,0.28
398189,0.17
398196,0.21
398206,0.3
398208,0.14
398220,0.27
398231,0.21
398234,0.33
398239,0.19
398254,0.19
398260,0.23
398261,0.18
398269,0.27
398274,0.24
398279,0.14
398280,0.21
398292,0.2
398293,0.2
398295,0.19
398329,0.08
398337,0.17
398344,0.18
398347,0.16
398348,0.41
398352,0.26
398355,0.26
398360,0.23
398363,0.28
398368,0.16
398373,0.22
398377,0.2
398384,0.19
398389,0.15
398394,0.23
398397,0.11
398400,0.14
398409,0.13
398429,0.21
398432,0.24
398444,0.36
398446,0.25
398456,0.21
398461,0.21
398473,0.18
398480,0.12
398481,0.21
398485,0.22
398488,0.22
398500,0.25
398520,0.28
398524,0.18
398534,0.2
398554,0.15
398572,0.16
398580,0.15
398586,0.12
398592,0.17
398606,0.17
398619,0.24
398621,0.15
398625,0.2
398645,0.24
398652,0.26
398656,0.11
398661,0.21
398667,0.16
398669,0.16
398676,0.16
398690,0.21
398699,0.25
398715,0.21
398718,0.11
398721,0.09
398729,0.14
398737,0.17
398738,0.13
398752,0.18
398757,0.2
398759,0.19
398764,0.29
398771,0.2
398773,0.19
398775,0.2
398779,0.24
398791,0.24
398807,0.22
398811,0.19
398814,0.18
398817,0.24
398829,0.14
398830,0.13
398838,0.09
398839,0.2
398841,0.12
398850,0.15
398852,0.14
398858,0.29
398859,0.34
398862,0.19
398870,0.23
398875,0.32
398902,0.12
398910,0.13
398919,0.25
398929,0.17
398935,0.31
398940,0.2
398953,0.27
398956,0.16
398963,0.09
398966,0.18
398967,0.19
398968,0.26
398974,0.17
398976,0.18
398982,0.21
398993,0.1
399011,0.25
399016,0.16
399017,0.17
399020,0.22
399047,0.25
399053,0.3
399056,0.1
399061,0.19
399066,0.24
399074,0.17
399086,0.22
399088,0.22
399091,0.21
399092,0.19
399093,0.21
399100,0.2
399124,0.11
399131,0.2
399142,0.14
399149,0.16
399158,0.32
399160,0.15
399167,0.17
399169,0.26
399171,0.23
399174,0.14
399178,0.22
399179,0.24
399184,0.16
399185,0.19
399186,0.2
399191,0.15
399192,0.11
399195,0.22
399212,0.19
399221,0.12
399223,0.31
399230,0.16
399246,0.24
399260,0.2
399261,0.19
399266,0.17
399289,0.18
399293,0.16
399299,0.14
399306,0.17
399321,0.17
399328,0.11
399344,0.09
399352,0.17
399358,0.12
399374,0.2
399382,0.43
399385,0.16
399388,0.1
399399,0.15
399410,0.24
399417,0.09
399423,0.14
399427,0.12
399429,0.13
399435,0.14
399439,0.1
399451,0.2
399454,0.18
399458,0.27
399468,0.12
399477,0.22
399483,0.14
399493,0.1
399494,0.17
399499,0.22
399503,0.21
399510,0.12
399511,0.19
399525,0.18
399528,0.22
399533,0.15
399538,0.16
399551,0.2
399568,0.23
399571,0.18
399585,0.15
399589,0.15
399595,0.15
399598,0.18
399605,0.2
399616,0.25
399617,0.09
399622,0.11
399627,0.2
399635,0.31
399639,0.39
399641,0.14
399643,0.2
399659,0.13
399667,0.2
399683,0.08
399702,0.27
399706,0.33
399720,0.15
399727,0.22
399730,0.24
399734,0.22
399751,0.24
399754,0.22
399759,0.18
399768,0.25
399770,0.2
399781,0.19
399786,0.25
399799,0.17
399811,0.08
399813,0.24
399820,0.18
399832,0.18
399851,0.1
399853,0.15
399855,0.2
399860,0.24
399876,0.32
399877,0.19
399881,0.21
399882,0.11
399903,0.1
399906,0.23
399912,0.35
399915,0.27
399921,0.14
399935,0.19
399936,0.17
399938,0.18
399939,0.19
399940,0.16
399949,0.15
399953,0.11
399959,0.22
399968,0.21
399969,0.16
399972,0.3
399974,0.19
399976,0.18
399979,0.19
399988,0.27
399994,0.35
399996,0.24
399997,0.3
400000,0.14
400004,0.2
400011,0.21
400014,0.37
400015,0.19
400017,0.21
400046,0.25
400063,0.2
400065,0.17
400069,0.12
400075,0.16
400088,0.16
400091,0.17
400105,0.2
400108,0.21
400113,0.11
400119,0.18
400123,0.11
400127,0.2
400136,0.14
400137,0.27
400138,0.2
400158,0.29
400172,0.1
400174,0.13
400224,0.18
400229,0.13
400236,0.27
400240,0.13
400249,0.14
400258,0.28
400268,0.21
400272,0.1
400284,0.17
400292,0.15
400295,0.24
400308,0.29
400314,0.19
400315,0.15
400331,0.24
400332,0.16
400339,0.13
400342,0.2
400361,0.18
400363,0.28
400365,0.16
400374,0.23
400379,0.12
400382,0.1
400416,0.19
400422,0.25
400436,0.23
400460,0.15
400462,0.4
400468,0.22
400482,0.14
400489,0.2
400490,0.31
400501,0.17
400519,0.22
400525,0.33
400526,0.17
400529,0.13
400540,0.2
400543,0.24
400545,0.16
400556,0.24
400572,0.2
400584,0.03
400589,0.23
400593,0.29
400597,0.16
400616,0.28
400642,0.22
400643,0.2
400649,0.2
400672,0.17
400685,0.2
400693,0.17
400695,0.15
400701,0.1
400720,0.15
400741,0.15
400745,0.24
400750,0.1
400779,0.29
400784,0.19
400792,0.22
400800,0.17
400811,0.22
400813,0.26
400820,0.14
400830,0.18
400833,0.14
400834,0.16
400841,0.17
400855,0.29
400856,0.22
400860,0.18
400866,0.2
400869,0.31
400870,0.21
400880,0.17
400882,0.12
400915,0.2
400921,0.21
400923,0.16
400925,0.25
400936,0.18
400943,0.26
400962,0.24
400963,0.26
400967,0.18
400970,0.24
400975,0.11
400981,0.24
400983,0.25
400987,0.17
400988,0.16
400994,0.26
400998,0.32
401002,0.29
401003,0.17
401005,0.17
401007,0.21
401022,0.28
401029,0.18
401035,0.13
401036,0.23
401040,0.17
401045,0.24
401053,0.21
401065,0.21
401067,0.25
401069,0.18
401073,0.15
401074,0.26
401078,0.23
401082,0.25
401086,0.17
401092,0.21
401097,0.21
401098,0.09
401099,0.18
401100,0.33
401107,0.1
401119,0.34
401120,0.11
401137,0.18
401142,0.32
401162,0.16
401163,0.21
401172,0.28
401179,0.26
401182,0.16
401184,0.24
401190,0.07
401207,0.12
401210,0.09
401220,0.19
401225,0.16
401230,0.19
401240,0.15
401246,0.19
401256,0.22
401273,0.14
401274,0.15
401287,0.13
401292,0.17
401305,0.25
401310,0.11
401311,0.15
401321,0.22
401332,0.11
401338,0.13
401345,0.18
401368,0.17
401375,0.37
401378,0.17
401379,0.13
401395,0.19
401403,0.17
401406,0.14
401415,0.16
401424,0.19
401425,0.16
401428,0.18
401430,0.2
401436,0.16
401440,0.27
401443,0.19
401447,0.16
401448,0.16
401450,0.18
401459,0.14
401462,0.15
401470,0.29
401479,0.19
401481,0.1
401486,0.18
401496,0.18
401497,0.28
401502,0.14
401508,0.23
401513,0.26
401517,0.32
401519,0.2
401533,0.3
401536,0.27
401547,0.16
401581,0.22
401582,0.17
401586,0.2
401593,0.28
401603,0.09
401621,0.18
401625,0.2
401635,0.32
401646,0.19
401649,0.11
401660,0.17
401668,0.32
401686,0.15
401706,0.26
401712,0.19
401721,0.07
401725,0.24
401730,0.37
401741,0.12
401743,0.21
401748,0.19
401751,0.12
401770,0.16
401791,0.2
401792,0.17
401808,0.23
401816,0.16
401820,0.3
401821,0.16
401828,0.24
401830,0.22
401832,0.13
401839,0.14
401852,0.06
401868,0.15
401876,0.09
401879,0.28
401882,0.05
401894,0.15
401899,0.24
401901,0.32
401913,0.15
401919,0.1
401920,0.21
401923,0.14
401924,0.25
401932,0.28
401942,0.13
401949,0.19
401950,0.25
401951,0.18
401952,0.19
401971,0.21
401972,0.14
401973,0.24
401974,0.18
401983,0.17
401984,0.05
401988,0.1
401989,0.25
401990,0.09
402024,0.2
402029,0.14
402030,0.37
402041,0.16
402042,0.14
402043,0.1
402052,0.35
402053,0.14
402054,0.14
402057,0.18
402067,0.26
402068,0.17
402069,0.22
402070,0.26
402071,0.15
402073,0.17
402074,0.1
402075,0.21
402076,0.22
402077,0.18
402078,0.24
402079,0.24
402080,0.2
402081,0.1
402082,0.2
402089,0.2
402090,0.27
402091,0.29
402092,0.1
402094,0.17
402095,0.18
402096,0.17
402109,0.32
402151,0.17
402152,0.15
402153,0.15
402155,0.14
402201,0.16
402210,0.24
402212,0.15
402218,0.19
402227,0.23
402234,0.23
402236,0.13
402242,0.18
402243,0.18
402244,0.38
402245,0.1
402250,0.13
402251,0.24
402254,0.29
402255,0.19
402256,0.24
402257,0.23
402258,0.18
402259,0.21
402260,0.17
402261,0.32
402262,0.17
402263,0.16
402264,0.2
402265,0.18
402266,0.31
402267,0.18
402268,0.1
402270,0.11
402271,0.17
402272,0.12
402273,0.16
402274,0.14
402275,0.15
402276,0.16
402277,0.14
402278,0.14
402279,0.26
402280,0.16
402362,0.19
402363,0.15
402364,0.23
402370,0.15
402376,0.17
402381,0.26
402384,0.11
402389,0.15
402414,0.14
402416,0.14
402417,0.12
402420,0.22
402426,0.18
402436,0.39
402444,0.16
402447,0.19
402449,0.18
402454,0.21
402458,0.24
402460,0.22
402466,0.1
402475,0.22
402498,0.27
402502,0.27
402505,0.19
402509,0.13
402513,0.29
402517,0.15
402519,0.24
402522,0.22
402523,0.21
402525,0.2
402528,0.23
402534,0.27
402536,0.17
402542,0.24
402548,0.39
402552,0.22
402559,0.15
402563,0.16
402568,0.15
402573,0.14
402574,0.18
402575,0.19
402577,0.2
402602,0.11
402603,0.15
402604,0.13
402614,0.26
402615,0.17
402616,0.15
402617,0.23
402618,0.31
402619,0.19
402639,0.19
402640,0.2
402641,0.34
402642,0.07
402643,0.15
402644,0.25
402645,0.21
402649,0.18
402650,0.27
402653,0.22
402654,0.18
402655,0.25
402656,0.22
402657,0.21
402658,0.15
402659,0.17
402662,0.17
402696,0.14
402705,0.24
402707,0.27
402708,0.19
402709,0.19
402729,0.14
402730,0.15
402732,0.23
402739,0.13
402740,0.25
402741,0.13
402744,0.39
402745,0.3
402746,0.15
402772,0.3
402773,0.21
402774,0.14
402780,0.25
402781,0.13
402782,0.23
402790,0.18
402803,0.22
402808,0.18
402809,0.15
402810,0.15
402811,0.2
402815,0.18
402820,0.15
402821,0.29
402822,0.17
402824,0.13
402825,0.16
402870,0.11
402875,0.11
402924,0.36
402925,0.2
402926,0.19
402927,0.19
402928,0.2
402929,0.18
402930,0.12
402931,0.14
402932,0.12
402933,0.22
402940,0.26
402953,0.16
402954,0.24
402955,0.24
402956,0.1
402957,0.13
402970,0.07
402973,0.23
402974,0.17
402975,0.22
402976,0.25
402977,0.18
402978,0.25
402979,0.25
402980,0.22
402981,0.2
402982,0.22
402993,0.36
402994,0.13
403099,0.19
403137,0.09
403138,0.14
403165,0.19
403192,0.23
403214,0.23
403223,0.16
403238,0.15
403244,0.18
403246,0.3
403252,0.11
403254,0.19
403255,0.2
403259,0.17
403262,0.12
403277,0.19
403280,0.19
403281,0.16
403287,0.15
403315,0.13
403318,0.25
403319,0.14
403327,0.16
403331,0.16
403342,0.33
403349,0.22
403353,0.23
403364,0.19
403369,0.18
403373,0.16
403376,0.16
403378,0.17
403384,0.34
403385,0.16
403386,0.18
403388,0.21
403396,0.16
403398,0.19
403404,0.28
403410,0.2
403414,0.33
403417,0.21
403422,0.15
403424,0.2
403438,0.2
403451,0.14
403452,0.29
403453,0.13
403454,0.19
403455,0.18
403464,0.14
403465,0.21
403466,0.17
403500,0.17
403501,0.17
403524,0.29
403525,0.34
403526,0.13
403527,0.21
403542,0.24
403543,0.18
403549,0.12
403550,0.2
403551,0.22
403552,0.32
403553,0.18
403554,0.21
403558,0.23
403559,0.14
403560,0.48
403561,0.27
403562,0.28
403564,0.15
403565,0.19
403566,0.03
403600,0.26
403602,0.27
403603,0.18
403662,0.18
403685,0.23
403686,0.15
403687,0.16
403688,0.17
403689,0.42
403690,0.42
403691,0.26
403692,0.15
403696,0.16
403697,0.32
403698,0.2
403699,0.26
403701,0.24
403702,0.16
403703,0.21
403704,0.2
403705,0.14
403712,0.18
403713,0.13
403714,0.34
403715,0.17
403718,0.18
403722,0.32
403723,0.16
403724,0.29
403725,0.23
403726,0.12
403764,0.23
403765,0.12
403766,0.16
403770,0.25
403771,0.22
403772,0.32
403795,0.19
403799,0.18
403800,0.09
403801,0.18
403802,0.3
403803,0.31
403811,0.24
403814,0.17
403815,0.11
403816,0.14
403817,0.14
403818,0.15
403820,0.13
403821,0.2
403822,0.26
403823,0.21
403824,0.14
403825,0.15
403826,0.17
403828,0.25
403834,0.22
403836,0.21
403837,0.18
403838,0.17
403839,0.21
403873,0.14
403876,0.27
403902,0.21
403918,0.2
403922,0.23
403928,0.3
403929,0.2
403931,0.16
403932,0.24
403933,0.26
403935,0.15
403936,0.34
403937,0.2
403938,0.26
403943,0.23
403944,0.14
403945,0.22
403946,0.22
403948,0.23
403951,0.23
403955,0.2
403956,0.17
403957,0.21
403958,0.13
403960,0.22
403961,0.21
403962,0.19
403963,0.14
403964,0.22
403965,0.29
403966,0.24
403967,0.2
403968,0.31
403969,0.34
403970,0.22
403971,0.19
403972,0.31
403973,0.24
403974,0.28
403975,0.14
403976,0.19
403977,0.12
403978,0.22
403979,0.21
403980,0.42
403981,0.13
403982,0.11
404062,0.07
404067,0.14
404070,0.11
404079,0.16
404084,0.15
404108,0.2
404112,0.15
404118,0.23
404121,0.16
404122,0.11
404126,0.24
404140,0.22
404152,0.33
404156,0.42
404158,0.25
404160,0.14
404172,0.17
404174,0.21
404180,0.18
404186,0.17
404190,0.21
404192,0.17
404206,0.18
404207,0.31
404213,0.27
404216,0.23
404220,0.16
404227,0.08
404235,0.2
404247,0.31
404259,0.14
404266,0.23
404267,0.2
404274,0.36
404276,0.21
404277,0.17
404278,0.21
404279,0.16
404280,0.21
404287,0.27
404288,0.31
404289,0.16
404290,0.22
404291,0.17
404293,0.19
404302,0.17
404303,0.16
404304,0.28
404307,0.18
404308,0.11
404309,0.23
404310,0.3
404311,0.27
404312,0.16
404323,0.16
404324,0.11
404325,0.11
404326,0.15
404327,0.35
404328,0.19
404329,0.17
404330,0.24
404331,0.2
404335,0.2
404336,0.22
404337,0.3
404364,0.31
404379,0.22
404380,0.34
404381,0.32
404382,0.27
404385,0.22
404390,0.16
404391,0.16
404392,0.34
404393,0.11
404396,0.22
404400,0.15
404401,0.13
404402,0.13
404403,0.24
404404,0.24
404405,0.24
404406,0.12
404437,0.29
404439,0.22
404461,0.19
404462,0.18
404464,0.1
404468,0.19
404469,0.15
404470,0.14
404471,0.16
404472,0.25
404473,0.08
404474,0.25
404475,0.27
404477,0.13
404478,0.14
404554,0.16
404555,0.17
404556,0.13
404557,0.13
404569,0.19
404571,0.17
404585,0.17
404586,0.19
404592,0.28
404595,0.12
404596,0.2
404597,0.15
404603,0.24
404606,0.16
404607,0.27
404608,0.19
404609,0.12
404620,0.37
404689,0.22
404708,0.17
404734,0.3
404771,0.1
404806,0.19
404818,0.17
404850,0.18
404870,0.22
404923,0.18
404934,0.3
404938,0.14
404954,0.12
404957,0.2
404963,0.23
404964,0.12
404969,0.26
404970,0.21
404979,0.17
404997,0.16
404998,0.12
405009,0.2
405016,0.14
405018,0.17
405035,0.25
405036,0.16
405038,0.14
405047,0.16
405055,0.24
405060,0.21
405066,0.16
405081,0.19
405084,0.34
405089,0.18
405098,0.28
405100,0.28
405114,0.12
405118,0.24
405119,0.25
405120,0.19
405121,0.21
405124,0.22
405125,0.15
405132,0.16
405179,0.15
405193,0.16
405194,0.26
405195,0.19
405206,0.22
405207,0.11
405211,0.2
405215,0.17
405217,0.27
405219,0.25
405220,0.19
405231,0.19
405232,0.17
405291,0.22
405316,0.16
405317,0.25
405318,0.17
405319,0.15
405320,0.1
405325,0.12
405326,0.19
405333,0.12
405334,0.3
405349,0.27
405351,0.15
405353,0.1
405354,0.38
405361,0.29
405362,0.16
405363,0.15
405364,0.32
405365,0.27
405366,0.33
405372,0.37
405397,0.18
405402,0.13
405409,0.15
405410,0.3
405411,0.13
405412,0.14
405435,0.14
405436,0.24
405438,0.16
405442,0.17
405443,0.34
405444,0.17
405445,0.23
405446,0.11
405468,0.15
405489,0.25
405490,0.08
405498,0.13
405509,0.2
405510,0.17
405511,0.18
405512,0.16
405517,0.1
405518,0.21
405523,0.1
405544,0.21
405546,0.14
405552,0.29
405583,0.13
405592,0.16
405599,0.2
405602,0.21
405607,0.17
405613,0.21
405620,0.36
405624,0.17
405625,0.13
405626,0.21
405632,0.17
405633,0.21
405637,0.27
405640,0.18
405642,0.12
405646,0.1
405647,0.16
405650,0.25
405653,0.21
405654,0.11
405660,0.17
405666,0.14
405667,0.2
405668,0.17
405669,0.13
405671,0.21
405672,0.15
405673,0.21
405674,0.24
405675,0.13
405676,0.18
405677,0.14
405679,0.14
405680,0.24
405682,0.22
405683,0.15
405684,0.14
405685,0.22
405687,0.1
405689,0.12
405690,0.1
405691,0.27
405692,0.15
405693,0.22
405695,0.23
405696,0.27
405697,0.22
405698,0.17
405699,0.21
405700,0.39
405701,0.32
405702,0.24
405761,0.18
405765,0.13
405769,0.12
405784,0.2
405811,0.15
405814,0.22
405816,0.28
405818,0.15
405821,0.19
405822,0.18
405838,0.18
405841,0.2
405846,0.25
405855,0.19
405857,0.16
405858,0.24
405860,0.2
405861,0.15
405871,0.19
405879,0.19
405880,0.24
405886,0.28
405901,0.15
405904,0.22
405905,0.17
405906,0.12
405927,0.07
405930,0.21
405944,0.24
405946,0.12
405954,0.31
405963,0.26
405964,0.15
405965,0.12
405966,0.24
405970,0.17
405971,0.2
405992,0.17
405996,0.16
405999,0.25
406002,0.21
406003,0.08
406004,0.1
406005,0.16
406006,0.19
406007,0.28
406008,0.24
406028,0.18
406029,0.13
406043,0.18
406044,0.12
406045,0.27
406046,0.28
406048,0.18
406050,0.19
406051,0.15
406052,0.21
406053,0.29
406077,0.17
406082,0.18
406083,0.31
406084,0.2
406098,0.14
406099,0.19
406100,0.33
406113,0.16
406114,0.22
406115,0.21
406116,0.14
406117,0.06
406127,0.06
406128,0.23
406129,0.24
406132,0.14
406133,0.24
406134,0.11
406135,0.27
406136,0.25
406137,0.28
406138,0.28
406139,0.19
406142,0.15
406143,0.24
406175,0.16
406176,0.23
406177,0.09
406194,0.16
406195,0.24
406208,0.26
406210,0.21
406216,0.24
406217,0.25
406227,0.12
406228,0.2
406253,0.08
406254,0.13
406260,0.13
406267,0.18
406269,0.16
406276,0.25
406277,0.25
406279,0.14
406288,0.17
406297,0.24
406308,0.16
406310,0.29
406320,0.21
406336,0.18
406352,0.1
406365,0.11
406369,0.24
406371,0.21
406401,0.25
406408,0.17
406409,0.23
406475,0.31
406492,0.25
406510,0.28
406519,0.19
406565,0.25
406584,0.21
406596,0.17
406598,0.2
406605,0.16
406609,0.14
406610,0.27
406611,0.13
406654,0.2
406670,0.2
406675,0.27
406681,0.15
406682,0.16
406695,0.17
406697,0.17
406712,0.16
406719,0.19
406725,0.18
406734,0.26
406743,0.2
406778,0.19
406784,0.23
406786,0.2
406791,0.16
406792,0.14
406803,0.26
406812,0.19
406813,0.13
406814,0.19
406841,0.24
406842,0.21
406843,0.19
406848,0.19
406861,0.19
406862,0.28
406863,0.14
406864,0.14
406865,0.26
406871,0.24
406872,0.21
406873,0.13
406893,0.2
406919,0.19
406920,0.23
406921,0.19
406923,0.23
406924,0.35
406925,0.13
406926,0.21
406927,0.16
406936,0.11
406937,0.33
406938,0.19
406939,0.09
406940,0.21
406941,0.15
406952,0.18
406953,0.25
406954,0.17
406962,0.14
406963,0.33
406964,0.23
406965,0.23
406966,0.19
406967,0.17
406968,0.35
406969,0.16
406970,0.18
406971,0.15
406972,0.18
406973,0.26
406974,0.17
406975,0.16
406976,0.16
406977,0.17
406985,0.23
406987,0.25
407025,0.2
407031,0.15
407033,0.24
407039,0.2
407041,0.25
407044,0.24
407046,0.22
407053,0.2
407061,0.19
407069,0.17
407070,0.24
407072,0.2
407073,0.25
407081,0.24
407082,0.12
407088,0.15
407091,0.25
407097,0.12
407104,0.41
407105,0.29
407106,0.19
407121,0.2
407128,0.27
407137,0.19
407144,0.2
407145,0.2
407154,0.26
407162,0.14
407164,0.28
407168,0.3
407203,0.18
407210,0.26
407215,0.17
407218,0.16
407228,0.19
407262,0.14
407274,0.36
407280,0.32
407288,0.2
407298,0.2
407299,0.33
407302,0.2
407303,0.2
407305,0.26
407306,0.23
407307,0.16
407313,0.16
407314,0.16
407315,0.12
407316,0.27
407322,0.22
407323,0.2
407324,0.15
407325,0.17
407329,0.22
407330,0.21
407332,0.17
407333,0.12
407334,0.03
407335,0.2
407336,0.23
407337,0.24
407338,0.28
407339,0.16
407340,0.22
407341,0.22
407342,0.19
407343,0.17
407344,0.17
407345,0.22
407346,0.28
407353,0.24
407364,0.25
407365,0.18
407366,0.21
407370,0.08
407373,0.33
407376,0.16
407386,0.14
407388,0.15
407391,0.17
407393,0.24
407427,0.23
407452,0.21
407454,0.2
407457,0.17
407462,0.07
407463,0.19
407468,0.17
407469,0.25
407478,0.12
407482,0.15
407487,0.26
407489,0.32
407498,0.27
407516,0.24
407519,0.16
407528,0.18
407532,0.31
407534,0.38
407543,0.11
407546,0.35
407550,0.14
407555,0.19
407558,0.18
407587,0.2
407588,0.16
407594,0.21
407596,0.19
407598,0.29
407602,0.21
407605,0.22
407613,0.16
407619,0.28
407625,0.23
407627,0.18
407629,0.21
407631,0.16
407633,0.14
407636,0.2
407645,0.36
407648,0.24
407669,0.2
407674,0.14
407675,0.27
407676,0.19
407677,0.16
407678,0.27
407679,0.15
407680,0.26
407681,0.21
407682,0.16
407684,0.33
407692,0.22
407693,0.28
407694,0.13
407695,0.14
407696,0.17
407697,0.26
407698,0.19
407699,0.23
407702,0.14
407703,0.16
407725,0.22
407726,0.19
407729,0.31
407731,0.15
407745,0.18
407749,0.15
407750,0.14
407751,0.27
407752,0.35
407753,0.19
407754,0.22
407755,0.28
407756,0.17
407765,0.09
407766,0.2
407767,0.18
407768,0.15
407773,0.21
407774,0.12
407778,0.17
407779,0.18
407780,0.22
407781,0.23
407782,0.07
407783,0.21
407784,0.19
407825,0.18
407826,0.11
407828,0.27
407829,0.09
407830,0.23
407831,0.21
407832,0.11
407838,0.16
407839,0.18
407840,0.12
407841,0.24
407842,0.21
407855,0.21
407857,0.13
407881,0.21
407882,0.19
407885,0.2
407915,0.16
407916,0.15
407918,0.28
407919,0.18
407920,0.09
407921,0.13
407922,0.22
407927,0.13
407934,0.21
407941,0.2
407942,0.16
407943,0.15
407944,0.22
407946,0.24
407947,0.22
407952,0.18
407955,0.24
407978,0.16
407986,0.1
408003,0.31
408006,0.12
408008,0.15
408015,0.25
408016,0.23
408028,0.25
408035,0.14
408042,0.18
408044,0.29
408052,0.12
408053,0.18
408056,0.23
408068,0.2
408071,0.17
408074,0.17
408085,0.37
408089,0.23
408091,0.15
408098,0.14
408106,0.22
408108,0.38
408116,0.24
408126,0.2
408130,0.26
408135,0.17
408148,0.24
408168,0.24
408170,0.18
408172,0.21
408176,0.14
408181,0.17
408191,0.24
408194,0.13
408213,0.13
408248,0.13
408249,0.15
408250,0.19
408256,0.32
408261,0.11
408262,0.27
408268,0.28
408269,0.2
408273,0.22
408280,0.2
408286,0.24
408347,0.23
408349,0.12
408350,0.12
408351,0.26
408352,0.14
408355,0.18
408356,0.17
408357,0.13
408384,0.18
408385,0.28
408386,0.2
408387,0.16
408388,0.22
408389,0.15
408390,0.17
408391,0.23
408392,0.31
408393,0.22
408398,0.27
408399,0.15
408400,0.14
408405,0.12
408406,0.14
408437,0.15
408459,0.22
408460,0.3
408463,0.22
408467,0.23
408468,0.18
408471,0.16
408477,0.24
408478,0.14
408479,0.24
408481,0.17
408482,0.08
408483,0.16
408484,0.18
408485,0.19
408486,0.1
408489,0.31
408490,0.19
408504,0.15
408506,0.3
408508,0.18
408514,0.14
408515,0.19
408516,0.11
408517,0.23
408518,0.14
408523,0.15
408524,0.15
408525,0.17
408526,0.18
408531,0.12
408579,0.13
408580,0.18
408581,0.18
408599,0.27
408615,0.19
408616,0.16
408617,0.26
408619,0.18
408622,0.24
408624,0.21
408625,0.16
408626,0.19
408627,0.18
408651,0.23
408658,0.09
408659,0.32
408660,0.14
408661,0.23
408662,0.19
408688,0.17
408689,0.33
408690,0.15
408695,0.19
408696,0.1
408701,0.13
408702,0.14
408705,0.16
408728,0.32
408742,0.18
408759,0.17
408766,0.24
408768,0.27
408774,0.22
408775,0.22
408780,0.16
408790,0.18
408791,0.17
408792,0.12
408794,0.17
408797,0.23
408808,0.11
408830,0.17
408857,0.14
408863,0.19
408874,0.35
408880,0.19
408885,0.25
408890,0.19
408898,0.2
408902,0.14
408903,0.18
408905,0.2
408908,0.22
408911,0.17
408921,0.26
408932,0.27
408933,0.17
408935,0.4
408960,0.18
408968,0.12
408985,0.13
408986,0.14
408990,0.19
408993,0.19
409001,0.07
409003,0.17
409008,0.21
409010,0.19
409015,0.09
409017,0.2
409028,0.18
409034,0.17
409035,0.17
409041,0.19
409054,0.21
409057,0.11
409064,0.24
409065,0.33
409066,0.17
409068,0.25
409076,0.09
409080,0.13
409083,0.18
409084,0.2
409085,0.2
409088,0.19
409105,0.3
409121,0.08
409123,0.3
409133,0.14
409153,0.21
409156,0.18
409157,0.26
409158,0.11
409163,0.27
409167,0.17
409168,0.28
409169,0.08
409172,0.33
409173,0.14
409174,0.21
409175,0.07
409192,0.35
409193,0.27
409197,0.2
409204,0.08
409206,0.18
409208,0.13
409209,0.23
409212,0.23
409213,0.17
409214,0.32
409217,0.2
409218,0.14
409220,0.1
409221,0.19
409227,0.19
409228,0.18
409229,0.17
409230,0.22
409259,0.22
409261,0.2
409269,0.16
409277,0.12
409278,0.1
409285,0.35
409286,0.23
409287,0.18
409293,0.13
409297,0.15
409298,0.13
409299,0.14
409340,0.18
409377,0.28
409383,0.13
409384,0.2
409409,0.07
409412,0.19
409413,0.18
409414,0.19
409415,0.09
409423,0.17
409428,0.15
409429,0.12
409430,0.17
409431,0.16
409432,0.24
409433,0.12
409434,0.18
409442,0.25
409443,0.36
409446,0.23
409463,0.14
409482,0.12
409507,0.27
409508,0.22
409509,0.24
409514,0.15
409535,0.17
409536,0.29
409537,0.17
409538,0.12
409541,0.15
409542,0.25
409543,0.14
409545,0.3
409550,0.18
409551,0.13
409552,0.28
409553,0.28
409558,0.23
409563,0.17
409574,0.12
409607,0.23
409608,0.35
409628,0.14
409632,0.25
409633,0.27
409636,0.24
409676,0.16
409691,0.26
409694,0.24
409707,0.19
409723,0.14
409741,0.22
409743,0.19
409747,0.2
409773,0.25
409777,0.15
409778,0.25
409804,0.16
409805,0.2
409812,0.15
409817,0.12
409836,0.17
409846,0.17
409850,0.3
409852,0.16
409861,0.26
409864,0.22
409871,0.15
409891,0.16
409896,0.16
409917,0.26
409918,0.12
409923,0.25
409941,0.16
409949,0.27
409953,0.14
409958,0.17
409972,0.2
409979,0.33
409983,0.27
409984,0.26
409985,0.14
409986,0.25
409994,0.26
409999,0.17
410019,0.21
410024,0.14
410025,0.15
410039,0.23
410044,0.31
410045,0.18
410046,0.22
410047,0.21
410048,0.17
410065,0.2
410066,0.24
410073,0.09
410087,0.11
410089,0.27
410092,0.15
410093,0.28
410094,0.14
410095,0.2
410096,0.2
410101,0.18
410102,0.14
410103,0.19
410107,0.19
410110,0.24
410111,0.14
410112,0.29
410142,0.23
410143,0.17
410161,0.21
410162,0.24
410165,0.11
410166,0.23
410167,0.31
410184,0.29
410185,0.19
410186,0.15
410187,0.14
410223,0.14
410256,0.38
410257,0.24
410258,0.15
410259,0.14
410269,0.2
410270,0.28
410273,0.26
410274,0.17
410275,0.19
410276,0.28
410277,0.21
410295,0.15
410296,0.15
410297,0.19
410298,0.09
410300,0.27
410301,0.2
410302,0.17
410303,0.12
410304,0.25
410305,0.19
410306,0.12
410307,0.16
410308,0.25
410309,0.18
410316,0.18
410317,0.24
410358,0.11
410359,0.13
410360,0.21
410368,0.28
410369,0.11
410370,0.11
410372,0.11
410373,0.19
410378,0.31
410379,0.21
410380,0.22
410387,0.22
410388,0.29
410389,0.2
410390,0.14
410405,0.17
410411,0.14
410416,0.14
410418,0.22
410424,0.23
410429,0.27
410438,0.17
410442,0.23
410448,0.11
410456,0.21
410464,0.24
410467,0.11
410473,0.22
410476,0.19
410479,0.25
410499,0.22
410526,0.17
410528,0.19
410546,0.27
410564,0.13
410567,0.18
410571,0.21
410572,0.31
410573,0.17
410577,0.06
410581,0.19
410587,0.14
410588,0.16
410595,0.2
410602,0.15
410606,0.22
410616,0.17
410624,0.23
410626,0.19
410637,0.15
410660,0.23
410661,0.17
410663,0.17
410664,0.28
410669,0.18
410675,0.24
410679,0.19
410684,0.08
410689,0.17
410693,0.11
410697,0.17
410698,0.26
410699,0.18
410706,0.24
410710,0.19
410712,0.15
410716,0.23
410725,0.18
410735,0.22
410742,0.2
410745,0.21
410746,0.16
410751,0.14
410753,0.17
410759,0.16
410761,0.24
410770,0.13
410778,0.18
410784,0.1
410786,0.18
410789,0.2
410800,0.21
410811,0.14
410813,0.19
410821,0.15
410822,0.15
410879,0.17
410880,0.2
410900,0.18
410901,0.36
410908,0.18
410909,0.16
410910,0.16
410911,0.22
410912,0.16
410913,0.1
410914,0.28
410915,0.15
410916,0.19
410917,0.23
410918,0.25
410919,0.17
410922,0.22
410923,0.13
410940,0.18
410955,0.18
410956,0.35
410959,0.27
410960,0.22
410961,0.28
410962,0.2
410963,0.23
410964,0.11
410968,0.17
410970,0.13
410971,0.2
410972,0.18
410975,0.14
410994,0.22
410999,0.25
411011,0.32
411012,0.2
411014,0.24
411021,0.16
411022,0.38
411023,0.26
411024,0.29
411025,0.19
411026,0.26
411027,0.34
411028,0.16
411030,0.28
411031,0.18
411032,0.17
411033,0.17
411049,0.22
411050,0.14
411051,0.12
411052,0.16
411073,0.09
411074,0.15
411076,0.12
411080,0.16
411081,0.22
411082,0.15
411093,0.25
411094,0.23
411095,0.09
411099,0.13
411102,0.16
411103,0.3
411112,0.12
411114,0.16
411115,0.14
411116,0.12
411168,0.16
411169,0.33
411170,0.16
411189,0.12
411190,0.15
411195,0.24
411196,0.22
411197,0.13
411205,0.13
411206,0.21
411215,0.19
411216,0.2
411217,0.19
411218,0.17
411222,0.17
411238,0.2
411239,0.11
411240,0.3
411248,0.17
411274,0.16
411275,0.18
411293,0.11
411299,0.16
411300,0.08
411301,0.1
411302,0.14
411305,0.32
411309,0.16
411334,0.28
411343,0.15
411349,0.15
411360,0.17
411363,0.11
411364,0.08
411384,0.23
411402,0.14
411424,0.23
411425,0.25
411430,0.32
411432,0.17
411434,0.24
411447,0.16
411450,0.09
411452,0.27
411463,0.13
411467,0.23
411474,0.11
411478,0.15
411480,0.17
411481,0.22
411502,0.19
411509,0.24
411511,0.29
411515,0.09
411516,0.12
411532,0.11
411565,0.18
411570,0.2
411600,0.24
411608,0.16
411613,0.11
411614,0.22
411620,0.07
411634,0.15
411639,0.06
411645,0.33
411648,0.06
411660,0.16
411668,0.16
411672,0.14
411673,0.16
411674,0.33
411675,0.24
411676,0.14
411677,0.26
411715,0.11
411718,0.14
411719,0.2
411720,0.21
411730,0.18
411731,0.17
411740,0.3
411746,0.19
411748,0.09
411749,0.16
411752,0.1
411753,0.19
411754,0.11
411755,0.12
411767,0.22
411768,0.19
411819,0.2
411826,0.23
411827,0.3
411841,0.12
411842,0.35
411843,0.24
411844,0.16
411845,0.18
411846,0.25
411850,0.17
411852,0.2
411853,0.29
411854,0.13
411855,0.17
411856,0.16
411860,0.19
411883,0.12
411938,0.22
411939,0.27
411940,0.14
411957,0.36
411958,0.14
411959,0.25
411963,0.18
411969,0.24
411970,0.16
411971,0.13
411972,0.23
411973,0.19
411974,0.14
411975,0.15
411977,0.19
411978,0.31
411979,0.4
412004,0.17
412008,0.2
412009,0.29
412010,0.2
412030,0.28
412031,0.13
412032,0.19
412036,0.11
412038,0.12
412047,0.18
412049,0.35
412082,0.19
412092,0.17
412098,0.3
412101,0.23
412108,0.36
412111,0.19
412119,0.17
412128,0.11
412139,0.2
412152,0.26
412154,0.15
412178,0.28
412180,0.21
412193,0.16
412199,0.18
412204,0.19
412206,0.16
412207,0.18
412211,0.26
412220,0.16
412221,0.2
412229,0.2
412234,0.11
412235,0.15
412236,0.25
412251,0.2
412262,0.11
412270,0.37
412280,0.14
412289,0.28
412305,0.16
412310,0.24
412345,0.21
412348,0.23
412361,0.16
412367,0.24
412368,0.19
412370,0.32
412372,0.21
412377,0.28
412380,0.2
412382,0.08
412391,0.12
412393,0.14
412411,0.24
412412,0.22
412415,0.25
412416,0.26
412422,0.27
412428,0.33
412430,0.24
412436,0.2
412447,0.2
412451,0.16
412456,0.1
412470,0.22
412472,0.22
412478,0.18
412487,0.18
412490,0.26
412494,0.22
412516,0.17
412519,0.21
412525,0.24
412527,0.24
412528,0.21
412551,0.27
412552,0.15
412557,0.12
412558,0.16
412559,0.17
412561,0.19
412563,0.17
412564,0.17
412565,0.27
412593,0.17
412598,0.27
412602,0.16
412610,0.21
412611,0.28
412612,0.19
412613,0.18
412621,0.13
412622,0.12
412623,0.35
412624,0.23
412637,0.23
412638,0.29
412639,0.24
412640,0.13
412641,0.16
412642,0.2
412643,0.15
412644,0.15
412651,0.24
412667,0.2
412669,0.29
412686,0.2
412712,0.14
412713,0.27
412714,0.05
412715,0.12
412720,0.21
412728,0.17
412738,0.1
412739,0.13
412740,0.14
412741,0.21
412753,0.16
412754,0.15
412762,0.2
412764,0.19
412765,0.14
412775,0.09
412776,0.18
412777,0.12
412778,0.38
412800,0.14
412801,0.16
412802,0.15
412829,0.19
412854,0.39
412855,0.18
412861,0.26
412862,0.16
412863,0.26
412883,0.11
412884,0.13
412886,0.34
412898,0.2
412899,0.24
412900,0.13
412922,0.24
412941,0.15
412959,0.11
412967,0.12
412980,0.22
412997,0.15
413016,0.15
413017,0.31
413027,0.19
413034,0.19
413038,0.28
413054,0.18
413059,0.15
413065,0.13
413073,0.18
413075,0.31
413081,0.24
413089,0.25
413091,0.21
413094,0.16
413104,0.16
413107,0.24
413110,0.3
413113,0.32
413117,0.24
413124,0.12
413126,0.27
413137,0.16
413145,0.18
413146,0.2
413147,0.14
413150,0.22
413159,0.29
413160,0.2
413172,0.26
413179,0.11
413181,0.19
413185,0.21
413188,0.26
413197,0.11
413208,0.34
413215,0.22
413216,0.13
413219,0.14
413232,0.22
413237,0.15
413243,0.3
413249,0.16
413262,0.22
413263,0.21
413271,0.18
413274,0.26
413280,0.23
413296,0.25
413299,0.22
413303,0.23
413320,0.13
413324,0.15
413325,0.18
413335,0.16
413341,0.27
413342,0.18
413351,0.24
413352,0.15
413359,0.17
413373,0.14
413374,0.24
413375,0.24
413376,0.24
413377,0.19
413383,0.18
413384,0.17
413392,0.12
413393,0.19
413395,0.15
413424,0.24
413425,0.11
413457,0.22
413458,0.16
413459,0.26
413460,0.12
413465,0.27
413466,0.18
413467,0.2
413468,0.16
413475,0.25
413476,0.16
413477,0.19
413478,0.22
413479,0.13
413489,0.27
413491,0.33
413492,0.18
413493,0.19
413494,0.28
413495,0.18
413498,0.2
413499,0.16
413545,0.14
413549,0.17
413550,0.12
413551,0.21
413552,0.22
413553,0.28
413554,0.22
413558,0.19
413559,0.32
413562,0.17
413563,0.23
413564,0.13
413592,0.21
413593,0.21
413594,0.15
413595,0.16
413596,0.21
413597,0.21
413604,0.12
413605,0.27
413606,0.22
413607,0.13
413616,0.31
413617,0.12
413618,0.2
413625,0.16
413626,0.24
413627,0.21
413628,0.22
413629,0.2
413630,0.13
413631,0.14
413632,0.14
413633,0.23
413634,0.14
413635,0.21
413636,0.29
413644,0.16
413645,0.26
413646,0.16
413683,0.15
413685,0.16
413686,0.21
413690,0.12
413691,0.08
413692,0.18
413693,0.23
413694,0.18
413695,0.08
413696,0.22
413702,0.21
413707,0.16
413708,0.34
413709,0.17
413730,0.13
413731,0.22
413732,0.15
413733,0.18
413734,0.22
413736,0.17
413748,0.17
413749,0.33
413751,0.37
413752,0.31
413754,0.16
413755,0.3
413756,0.19
413757,0.15
413758,0.28
413759,0.2
413760,0.2
413764,0.18
413765,0.22
413766,0.21
413767,0.41
413768,0.21
413769,0.18
413770,0.11
413776,0.16
413777,0.14
413778,0.15
413797,0.18
413824,0.15
413828,0.16
413831,0.24
413834,0.24
413841,0.21
413848,0.15
413850,0.27
413851,0.16
413857,0.12
413860,0.12
413867,0.2
413868,0.14
413871,0.25
413878,0.15
413882,0.19
413885,0.14
413886,0.17
413892,0.21
413896,0.37
413897,0.18
413917,0.21
413921,0.21
413934,0.27
413941,0.16
413953,0.14
413958,0.27
413967,0.25
413971,0.11
413975,0.15
413978,0.16
413983,0.26
413984,0.12
413989,0.23
413992,0.09
414001,0.25
414002,0.19
414003,0.2
414007,0.27
414008,0.22
414016,0.29
414022,0.18
414026,0.29
414041,0.23
414042,0.29
414045,0.18
414047,0.27
414050,0.32
414061,0.15
414068,0.19
414076,0.14
414093,0.24
414102,0.18
414109,0.13
414117,0.26
414144,0.21
414149,0.21
414160,0.16
414166,0.43
414171,0.15
414172,0.2
414183,0.15
414186,0.17
414192,0.18
414194,0.3
414203,0.41
414206,0.22
414207,0.18
414229,0.15
414231,0.18
414248,0.13
414251,0.2
414252,0.22
414253,0.41
414254,0.14
414255,0.27
414262,0.17
414265,0.27
414266,0.26
414267,0.13
414269,0.21
414270,0.13
414271,0.18
414272,0.15
414273,0.25
414275,0.24
414323,0.28
414324,0.2
414328,0.24
414329,0.25
414333,0.19
414341,0.19
414357,0.09
414358,0.22
414359,0.18
414362,0.24
414363,0.22
414368,0.17
414372,0.15
414375,0.17
414376,0.12
414382,0.17
414383,0.14
414480,0.21
414481,0.27
414484,0.38
414485,0.1
414486,0.16
414487,0.18
414488,0.21
414489,0.18
414492,0.14
414493,0.25
414497,0.18
414501,0.17
414543,0.21
414544,0.29
414559,0.16
414560,0.31
414561,0.18
414573,0.09
414574,0.23
414575,0.22
414577,0.18
414584,0.29
414585,0.14
414586,0.27
414590,0.09
414591,0.13
414593,0.35
414597,0.15
414598,0.34
414621,0.23
414635,0.35
414639,0.17
414640,0.15
414648,0.16
414656,0.14
414659,0.21
414660,0.11
414663,0.22
414683,0.21
414691,0.26
414700,0.18
414705,0.16
414708,0.19
414711,0.09
414712,0.17
414716,0.23
414720,0.19
414733,0.15
414740,0.2
414748,0.25
414767,0.3
414771,0.2
414779,0.12
414785,0.21
414787,0.11
414793,0.22
414816,0.16
414830,0.25
414831,0.27
414859,0.17
414864,0.19
414867,0.19
414871,0.19
414879,0.22
414892,0.28
414895,0.2
414911,0.23
414915,0.2
414922,0.14
414939,0.15
414945,0.2
414960,0.12
414969,0.06
414973,0.16
414979,0.12
414985,0.25
414992,0.18
414996,0.21
415000,0.15
415001,0.2
415005,0.09
415024,0.28
415038,0.21
415041,0.34
415049,0.3
415055,0.21
415061,0.21
415064,0.28
415069,0.15
415070,0.18
415071,0.2
415072,0.15
415074,0.17
415078,0.24
415079,0.14
415080,0.21
415081,0.22
415082,0.23
415085,0.22
415086,0.11
415089,0.19
415090,0.15
415091,0.13
415092,0.17
415095,0.14
415100,0.29
415101,0.14
415102,0.25
415103,0.15
415104,0.15
415106,0.23
415107,0.19
415108,0.23
415109,0.3
415110,0.3
415111,0.06
415113,0.26
415114,0.18
415115,0.17
415116,0.16
415117,0.15
415118,0.29
415119,0.31
415120,0.25
415121,0.23
415122,0.34
415123,0.17
415124,0.32
415126,0.26
415152,0.22
415205,0.16
415209,0.16
415326,0.13
415409,0.21
415414,0.21
415430,0.17
415466,0.27
415467,0.19
415473,0.2
415474,0.16
415479,0.12
415480,0.15
415486,0.16
415488,0.17
415489,0.2
415490,0.13
415493,0.15
415494,0.12
415497,0.1
415498,0.22
415499,0.2
415505,0.19
415506,0.16
415509,0.16
415511,0.14
415514,0.24
415517,0.15
415519,0.26
415521,0.3
415522,0.11
415523,0.15
415525,0.12
415527,0.2
415529,0.16
415531,0.25
415533,0.16
415534,0.16
415536,0.16
415537,0.29
415539,0.19
415540,0.11
415541,0.29
415542,0.24
415543,0.21
415544,0.16
415545,0.24
415546,0.24
415547,0.24
415548,0.13
415549,0.19
415550,0.17
415652,0.17
415654,0.17
415686,0.29
415687,0.21
415695,0.25
415698,0.15
415701,0.24
415705,0.24
415707,0.18
415709,0.18
415712,0.16
415718,0.17
415724,0.14
415729,0.15
415730,0.26
415731,0.14
415733,0.11
415736,0.15
415737,0.16
415738,0.27
415741,0.11
415742,0.27
415743,0.23
415744,0.2
415745,0.12
415746,0.23
415747,0.24
415749,0.16
415750,0.17
415751,0.21
415752,0.08
415753,0.18
415754,0.19
415755,0.15
415756,0.17
415757,0.26
415850,0.32
415874,0.09
415930,0.14
415962,0.3
415994,0.39
415995,0.2
416088,0.24
416129,0.23
416228,0.16
416229,0.15
416239,0.18
416243,0.17
416245,0.25
416253,0.19
416263,0.15
416264,0.25
416265,0.21
416269,0.21
416272,0.14
416273,0.14
416274,0.26
416275,0.22
416276,0.17
416277,0.13
416278,0.22
416280,0.26
416283,0.15
416287,0.19
416288,0.24
416291,0.17
416292,0.19
416294,0.21
416295,0.21
416296,0.12
416300,0.16
416301,0.33
416302,0.14
416303,0.22
416305,0.29
416306,0.23
416307,0.15
416309,0.15
416310,0.35
416311,0.29
416312,0.13
416313,0.41
416314,0.15
416315,0.17
416316,0.25
416426,0.18
416435,0.12
416444,0.15
416477,0.28
416484,0.19
416488,0.2
416502,0.15
416542,0.3
416582,0.16
416647,0.25
416658,0.1
416659,0.22
416675,0.18
416676,0.34
416696,0.35
416721,0.24
416729,0.13
416743,0.19
416744,0.26
416761,0.18
416793,0.19
416826,0.23
416848,0.23
416850,0.23
416860,0.31
416861,0.22
416862,0.16
416865,0.16
416870,0.22
416871,0.24
416872,0.28
416874,0.26
416877,0.11
416879,0.22
416881,0.18
416882,0.11
416883,0.12
416884,0.14
416885,0.22
416886,0.24
416887,0.16
416888,0.29
416890,0.24
416893,0.19
416894,0.17
416895,0.22
416896,0.21
416897,0.11
416899,0.18
416900,0.21
416901,0.2
416902,0.06
416903,0.2
417043,0.2
417159,0.21
417182,0.17
417183,0.13
417187,0.2
417209,0.08
417226,0.29
417228,0.31
417232,0.14
417234,0.19
417241,0.21
417245,0.21
417246,0.25
417247,0.18
417250,0.28
417251,0.17
417253,0.19
417254,0.2
417255,0.1
417256,0.24
417257,0.2
417258,0.18
417259,0.21
417260,0.32
417261,0.14
417263,0.24
417264,0.17
417265,0.22
417266,0.22
417267,0.21
417268,0.15
417338,0.17
417342,0.23
417349,0.11
417382,0.09
417388,0.21
417389,0.24
417393,0.25
417395,0.19
417397,0.23
417398,0.21
417401,0.18
417403,0.19
417406,0.18
417407,0.28
417408,0.28
417409,0.17
417411,0.19
417412,0.22
417414,0.19
417416,0.17
417417,0.23
417420,0.22
417421,0.26
417422,0.38
417423,0.14
417426,0.2
417427,0.12
417428,0.13
417429,0.19
417430,0.24
417431,0.14
417432,0.2
417433,0.21
417435,0.24
417436,0.18
417438,0.13
417439,0.11
417440,0.16
417441,0.14
417442,0.18
417443,0.25
417444,0.14
417445,0.23
417446,0.2
417447,0.22
417448,0.22
417449,0.26
417450,0.18
417451,0.36
417452,0.23
417453,0.3
417454,0.2
417455,0.18
417456,0.18
417457,0.18
417513,0.12
417544,0.39
417555,0.2
417567,0.07
417612,0.17
417625,0.23
417626,0.12
417627,0.23
417648,0.21
417735,0.15
417736,0.17
417749,0.16
417778,0.06
417863,0.2
417893,0.16
417895,0.21
417903,0.21
417910,0.21
417915,0.23
417925,0.16
417927,0.14
417940,0.18
417949,0.14
417950,0.1
417952,0.16
417956,0.18
417969,0.2
417970,0.14
417974,0.26
417975,0.13
417976,0.22
417980,0.17
417982,0.25
417983,0.14
417987,0.22
417988,0.17
417989,0.1
417990,0.34
417993,0.21
417994,0.15
417995,0.11
417996,0.36
417997,0.19
417998,0.34
417999,0.16
418000,0.12
418001,0.17
418002,0.14
418003,0.18
418004,0.09
418005,0.11
418006,0.1
418009,0.18
418011,0.21
418012,0.19
418013,0.19
418014,0.28
418015,0.22
418029,0.16
418030,0.13
418132,0.24
418217,0.24
418222,0.15
418237,0.12
418272,0.23
418343,0.27
418344,0.25
418345,0.18
418386,0.22
418387,0.16
418402,0.14
418436,0.16
418456,0.24
418458,0.24
418460,0.19
418487,0.17
418514,0.28
418519,0.16
418532,0.21
418539,0.19
418549,0.11
418555,0.19
418556,0.19
418558,0.32
418559,0.19
418562,0.11
418568,0.36
418576,0.15
418578,0.2
418580,0.18
418581,0.18
418582,0.22
418584,0.23
418585,0.17
418587,0.2
418591,0.19
418592,0.11
418593,0.16
418595,0.19
418596,0.23
418597,0.16
418598,0.27
418599,0.13
418600,0.12
418601,0.25
418602,0.27
418603,0.21
418604,0.13
418606,0.33
418607,0.21
418608,0.16
418609,0.19
418610,0.2
418611,0.25
418612,0.17
418613,0.16
418614,0.21
418615,0.17
418616,0.19
418618,0.24
418651,0.14
418652,0.17
418653,0.18
418658,0.21
418692,0.29
418749,0.33
418820,0.24
418843,0.16
418863,0.1
418915,0.14
418938,0.33
418957,0.16
419024,0.28
419061,0.12
419063,0.13
419076,0.19
419093,0.17
419131,0.23
419132,0.27
419138,0.18
419139,0.26
419141,0.22
419142,0.13
419143,0.13
419145,0.12
419149,0.19
419151,0.2
419152,0.18
419153,0.16
419154,0.18
419155,0.13
419156,0.19
419157,0.21
419158,0.5
419159,0.25
419162,0.09
419163,0.2
419165,0.29
419168,0.19
419169,0.15
419170,0.23
419171,0.25
419172,0.21
419173,0.14
419174,0.2
419175,0.09
419176,0.23
419177,0.24
419178,0.3
419270,0.27
419305,0.17
419330,0.21
419485,0.13
419491,0.17
419499,0.25
419513,0.18
419514,0.24
419535,0.15
419538,0.18
419582,0.32
419601,0.1
419611,0.15
419644,0.32
419648,0.11
419649,0.19
419656,0.24
419671,0.14
419677,0.2
419685,0.24
419688,0.22
419689,0.18
419690,0.18
419691,0.22
419698,0.23
419699,0.27
419701,0.28
419703,0.26
419704,0.26
419705,0.26
419746,0.28
419750,0.13
419767,0.15
419775,0.19
419783,0.28
419787,0.29
419788,0.2
419790,0.19
419791,0.18
419792,0.12
419794,0.19
419795,0.29
419797,0.2
419798,0.12
419799,0.19
419804,0.2
419805,0.24
419806,0.15
419808,0.27
419810,0.2
419811,0.23
419812,0.31
419815,0.31
419816,0.2
419817,0.07
419818,0.17
419820,0.13
419821,0.1
419824,0.25
419825,0.21
419826,0.21
419827,0.16
419828,0.13
419829,0.19
419830,0.33
419831,0.2
419832,0.35
419833,0.22
419834,0.22
419835,0.2
419836,0.22
419837,0.14
419838,0.16
419839,0.17
419840,0.1
419841,0.24
419842,0.27
419843,0.3
419913,0.18
419916,0.23
419955,0.14
419956,0.22
419992,0.16
420150,0.09
420160,0.19
420190,0.17
420195,0.12
420204,0.2
420207,0.13
420210,0.11
420214,0.14
420218,0.14
420219,0.21
420220,0.24
420242,0.15
420249,0.19
420254,0.09
420255,0.06
420258,0.27
420260,0.11
420263,0.28
420265,0.13
420271,0.15
420273,0.17
420274,0.17
420275,0.18
420277,0.1
420278,0.13
420279,0.16
420280,0.16
420281,0.13
420283,0.22
420284,0.2
420285,0.16
420286,0.08
420287,0.14
420288,0.21
420290,0.11
420291,0.15
420293,0.14
420294,0.11
420295,0.17
420296,0.19
420297,0.28
420298,0.08
420299,0.21
420300,0.18
420344,0.22
420345,0.3
420347,0.16
420348,0.24
420349,0.17
420350,0.16
420351,0.18
420352,0.19
420353,0.19
420354,0.33
420355,0.17
420356,0.24
420357,0.21
420358,0.25
420359,0.18
420360,0.19
420361,0.15
420362,0.24
420363,0.25
420364,0.22
420365,0.13
420366,0.26
420383,0.14
420436,0.27
420446,0.09
420554,0.33
420565,0.14
420569,0.1
420573,0.2
420574,0.17
420587,0.25
420589,0.27
420593,0.15
420594,0.21
420595,0.26
420598,0.16
420601,0.19
420602,0.25
420603,0.28
420607,0.18
420611,0.22
420613,0.14
420614,0.17
420615,0.31
420616,0.17
420617,0.25
420618,0.14
420619,0.2
420620,0.09
420621,0.21
420622,0.17
420623,0.26
420624,0.16
420625,0.23
420626,0.27
420627,0.3
420628,0.12
420629,0.12
420631,0.12
420633,0.18
420634,0.16
420635,0.24
420636,0.15
420637,0.21
420662,0.22
420727,0.19
420728,0.11
420733,0.25
420787,0.16
420789,0.12
420792,0.26
420797,0.2
420814,0.19
420833,0.25
420839,0.18
420841,0.14
420843,0.19
420844,0.23
420847,0.21
420849,0.19
420851,0.16
420853,0.21
420854,0.22
420855,0.16
420856,0.12
420857,0.18
420858,0.17
420859,0.21
420860,0.51
420861,0.21
420862,0.24
420863,0.14
420864,0.15
420866,0.29
420867,0.15
420868,0.22
420869,0.18
420870,0.14
420871,0.19
420872,0.21
420873,0.12
420874,0.25
420875,0.24
420876,0.22
420878,0.14
420879,0.15
420880,0.15
420881,0.27
420882,0.12
420883,0.29
420884,0.24
420885,0.18
420886,0.19
420887,0.29
420888,0.12
420905,0.21
421015,0.22
421200,0.29
421269,0.19
421272,0.16
421290,0.21
421323,0.3
421342,0.2
421349,0.18
421355,0.18
421356,0.22
421363,0.24
421365,0.38
421381,0.22
421383,0.11
421386,0.33
421394,0.15
421395,0.29
421399,0.21
421431,0.33
421467,0.33
421554,0.19
421557,0.13
421558,0.25
421562,0.15
421614,0.32
421690,0.18
421758,0.5
421776,0.32
421827,0.2
421828,0.19
421829,0.19
421848,0.23
421862,0.15
421863,0.11
421868,0.12
421884,0.17
421921,0.24
421924,0.31
421958,0.22
421961,0.12
421964,0.07
421968,0.18
421974,0.14
421975,0.09
421977,0.24
421978,0.27
421979,0.15
421980,0.26
421982,0.31
421985,0.16
421986,0.19
421987,0.2
421988,0.14
421989,0.21
421990,0.14
421991,0.15
421993,0.22
421994,0.17
421996,0.37
421997,0.11
421998,0.18
421999,0.28
422000,0.22
422001,0.19
422002,0.16
422004,0.27
422005,0.2
422007,0.23
422008,0.14
422010,0.1
422011,0.22
422012,0.12
422014,0.22
422015,0.21
422016,0.18
422017,0.19
422018,0.15
422019,0.18
422039,0.15
422041,0.09
422042,0.07
422043,0.14
422044,0.24
422045,0.14
422047,0.2
422048,0.21
422049,0.19
422050,0.17
422051,0.16
422053,0.19
422054,0.19
422055,0.24
422056,0.1
422057,0.18
422058,0.22
422059,0.18
422060,0.14
422063,0.22
422064,0.23
422065,0.25
422066,0.15
422067,0.19
422068,0.1
422069,0.13
422070,0.2
422071,0.2
422072,0.18
422074,0.22
422152,0.16
422210,0.26
422227,0.31
422308,0.2
422339,0.23
422368,0.11
422391,0.24
422407,0.15
422485,0.18
422491,0.23
422506,0.26
422508,0.18
422512,0.17
422513,0.23
422514,0.18
422518,0.12
422519,0.22
422523,0.19
422524,0.25
422525,0.09
422526,0.1
422527,0.19
422531,0.35
422533,0.15
422534,0.16
422536,0.2
422537,0.21
422538,0.26
422540,0.14
422541,0.35
422543,0.21
422544,0.28
422545,0.16
422546,0.14
422547,0.14
422548,0.26
422549,0.2
422550,0.13
422551,0.24
422552,0.2
422553,0.16
422554,0.24
422555,0.26
422556,0.14
422639,0.23
422667,0.24
422734,0.19
422748,0.19
422749,0.19
422796,0.23
422810,0.13
422839,0.12
422850,0.23
422891,0.17
422940,0.19
422962,0.16
422964,0.2
423009,0.19
423022,0.2
423041,0.26
423046,0.22
423052,0.21
423055,0.2
423061,0.15
423075,0.12
423076,0.21
423077,0.17
423081,0.3
423083,0.13
423087,0.19
423089,0.11
423091,0.18
423098,0.18
423105,0.17
423106,0.23
423107,0.19
423114,0.21
423116,0.12
423120,0.24
423121,0.15
423125,0.2
423132,0.18
423133,0.12
423134,0.46
423135,0.12
423137,0.19
423138,0.15
423139,0.16
423140,0.24
423141,0.25
423143,0.13
423144,0.1
423145,0.1
423146,0.25
423147,0.28
423148,0.22
423149,0.12
423150,0.16
423151,0.17
423152,0.12
423153,0.29
423154,0.13
423155,0.11
423156,0.16
423157,0.21
423158,0.2
423159,0.18
423228,0.14
423237,0.17
423386,0.34
423416,0.34
423417,0.32
423489,0.15
423503,0.32
423522,0.3
423571,0.2
423574,0.2
423580,0.28
423621,0.26
423622,0.32
423624,0.21
423629,0.18
423631,0.22
423648,0.21
423651,0.11
423652,0.18
423658,0.17
423663,0.15
423664,0.13
423665,0.19
423668,0.28
423670,0.21
423671,0.26
423672,0.21
423679,0.21
423681,0.19
423687,0.19
423688,0.23
423690,0.24
423691,0.21
423693,0.15
423696,0.16
423698,0.25
423699,0.3
423700,0.23
423701,0.11
423702,0.15
423703,0.19
423704,0.14
423706,0.17
423707,0.15
423708,0.07
423709,0.19
423710,0.21
423711,0.16
423712,0.19
423713,0.16
423714,0.58
423715,0.14
423717,0.18
423718,0.16
423719,0.22
423720,0.18
423721,0.13
423722,0.08
423723,0.33
423724,0.09
423726,0.16
423730,0.12
423734,0.11
423735,0.27
423736,0.26
423737,0.17
423738,0.19
423739,0.14
423740,0.11
423741,0.13
423742,0.19
423743,0.21
423746,0.14
423747,0.14
423748,0.27
423749,0.12
423750,0.23
423751,0.17
423752,0.14
423753,0.3
423754,0.19
423755,0.13
423756,0.13
423800,0.26
423894,0.18
423938,0.25
423939,0.21
423940,0.19
423947,0.16
423957,0.32
423959,0.17
423966,0.34
423968,0.22
423972,0.18
423978,0.25
423979,0.18
423982,0.27
423983,0.28
423986,0.21
423990,0.17
423993,0.2
423994,0.18
423996,0.14
423998,0.24
423999,0.11
424000,0.19
424001,0.18
424002,0.14
424003,0.26
424004,0.2
424005,0.18
424006,0.24
424007,0.27
424008,0.25
424009,0.16
424010,0.23
424011,0.23
424012,0.16
424013,0.18
424014,0.27
424015,0.14
424016,0.23
424161,0.19
424189,0.35
424192,0.09
424198,0.22
424202,0.21
424203,0.15
424207,0.21
424208,0.17
424211,0.12
424214,0.31
424215,0.24
424216,0.12
424220,0.14
424222,0.21
424223,0.16
424232,0.15
424234,0.16
424235,0.09
424236,0.15
424241,0.18
424244,0.18
424245,0.32
424246,0.12
424248,0.31
424249,0.23
424251,0.23
424252,0.14
424253,0.14
424254,0.21
424255,0.19
424256,0.24
424257,0.1
424258,0.23
424259,0.2
424260,0.15
424261,0.19
424262,0.16
424264,0.2
424265,0.28
424266,0.24
424267,0.15
424268,0.14
424270,0.24
424271,0.24
424272,0.15
424273,0.24
424274,0.14
424275,0.14
424320,0.14
424354,0.19
424359,0.16
424360,0.19
424361,0.28
424362,0.17
424363,0.22
424364,0.24
424365,0.11
424491,0.15
424576,0.26
424639,0.14
424640,0.16
424653,0.3
424672,0.21
424708,0.13
424724,0.12
424725,0.26
424734,0.29
424755,0.2
424758,0.28
424765,0.14
424770,0.15
424773,0.17
424780,0.17
424784,0.22
424791,0.14
424797,0.23
424800,0.12
424807,0.16
424809,0.2
424812,0.17
424813,0.16
424816,0.09
424817,0.19
424820,0.12
424822,0.23
424823,0.22
424825,0.19
424826,0.29
424827,0.2
424828,0.31
424830,0.21
424831,0.2
424832,0.33
424833,0.12
424834,0.32
424835,0.17
424836,0.23
424837,0.33
424838,0.21
424839,0.24
424840,0.17
424841,0.27
424843,0.22
424845,0.23
424846,0.17
424847,0.11
424848,0.17
424849,0.27
424850,0.32
424851,0.19
424852,0.2
424853,0.18
424854,0.23
424856,0.15
424857,0.2
424947,0.28
425037,0.26
425039,0.24
425096,0.17
425107,0.19
425156,0.17
425191,0.27
425192,0.25
425230,0.15
425231,0.2
425237,0.19
425281,0.17
425301,0.16
425306,0.29
425312,0.25
425313,0.07
425317,0.24
425326,0.18
425330,0.1
425336,0.29
425338,0.22
425343,0.27
425345,0.16
425360,0.2
425364,0.25
425368,0.27
425369,0.18
425371,0.28
425372,0.16
425373,0.33
425374,0.2
425376,0.21
425379,0.18
425380,0.09
425381,0.12
425382,0.18
425383,0.15
425384,0.14
425385,0.2
425388,0.31
425389,0.17
425390,0.19
425391,0.24
425392,0.15
425394,0.16
425395,0.1
425396,0.22
425397,0.11
425398,0.17
425399,0.16
425400,0.18
425403,0.19
425404,0.28
425405,0.12
425406,0.23
425407,0.18
425408,0.19
425409,0.1
425411,0.16
425412,0.23
425413,0.38
425414,0.22
425415,0.19
425416,0.18
425418,0.16
425419,0.19
425423,0.22
425424,0.17
425425,0.32
425426,0.14
425429,0.16
425430,0.27
425431,0.22
425432,0.14
425433,0.2
425434,0.2
425435,0.29
425437,0.22
425438,0.14
425439,0.18
425440,0.25
425441,0.21
425442,0.3
425444,0.27
425446,0.12
425447,0.12
425448,0.2
425449,0.26
425450,0.17
425451,0.12
425453,0.29
425454,0.29
425455,0.11
425456,0.24
425457,0.24
425458,0.19
425459,0.26
425460,0.11
425461,0.19
425462,0.2
425511,0.19
425601,0.13
425810,0.17
425824,0.22
425830,0.24
425835,0.24
425838,0.21
425865,0.22
425877,0.14
425904,0.25
425905,0.15
425906,0.18
425909,0.17
425911,0.38
425913,0.19
425923,0.16
425932,0.22
425938,0.14
425939,0.18
425943,0.23
425944,0.19
425945,0.17
425946,0.1
425948,0.21
425950,0.14
425952,0.24
425954,0.22
425955,0.16
425957,0.19
425958,0.2
425959,0.21
425960,0.21
425961,0.32
425962,0.19
425964,0.31
425965,0.21
425966,0.2
425967,0.14
425968,0.21
425969,0.15
425970,0.2
425971,0.16
425972,0.2
425976,0.25
426050,0.19
426051,0.34
426052,0.2
426053,0.15
426124,0.24
426132,0.16
426154,0.19
426192,0.1
426235,0.25
426297,0.23
426387,0.37
426396,0.1
426436,0.18
426437,0.24
426460,0.21
426466,0.22
426469,0.2
426510,0.13
426617,0.27
426630,0.18
426631,0.14
426650,0.18
426688,0.17
426691,0.08
426855,0.23
426873,0.26
426890,0.14
426891,0.26
426895,0.2
426928,0.29
426929,0.16
426955,0.22
426957,0.14
427007,0.26
427009,0.19
427021,0.23
427023,0.2
427032,0.14
427036,0.23
427040,0.16
427041,0.29
427042,0.23
427044,0.12
427048,0.25
427050,0.23
427054,0.09
427057,0.27
427058,0.2
427059,0.22
427060,0.18
427062,0.14
427063,0.21
427064,0.14
427065,0.15
427067,0.25
427069,0.11
427070,0.19
427071,0.17
427072,0.17
427073,0.24
427074,0.15
427075,0.19
427076,0.25
427077,0.21
427078,0.25
427079,0.14
427080,0.2
427081,0.14
427082,0.27
427088,0.13
427109,0.21
427110,0.25
427111,0.2
427114,0.17
427115,0.31
427120,0.17
427121,0.16
427122,0.21
427125,0.21
427126,0.15
427127,0.12
427128,0.16
427129,0.11
427130,0.28
427131,0.1
427132,0.19
427133,0.23
427134,0.13
427135,0.23
427137,0.2
427138,0.2
427139,0.16
427140,0.3
427142,0.15
427143,0.15
427144,0.25
427145,0.11
427146,0.16
427147,0.28
427148,0.14
427149,0.25
427150,0.25
427151,0.19
427152,0.15
427153,0.13
427154,0.38
427155,0.21
427156,0.09
427157,0.21
427158,0.22
427159,0.17
427160,0.15
427161,0.21
427162,0.36
427163,0.26
427164,0.14
427165,0.09
427254,0.15
427263,0.15
427324,0.22
427330,0.25
427379,0.16
427465,0.1
427485,0.25
427489,0.14
427505,0.2
427567,0.18
427575,0.24
427578,0.21
427589,0.39
427612,0.18
427615,0.18
427618,0.22
427620,0.23
427622,0.19
427627,0.15
427628,0.24
427632,0.21
427634,0.15
427635,0.25
427637,0.23
427639,0.27
427640,0.18
427641,0.13
427642,0.26
427643,0.24
427645,0.12
427646,0.19
427647,0.19
427649,0.21
427650,0.27
427652,0.16
427653,0.25
427654,0.24
427655,0.26
427656,0.21
427657,0.2
427658,0.28
427659,0.19
427660,0.21
427661,0.22
427662,0.2
427663,0.17
427664,0.2
427665,0.23
427666,0.14
427667,0.25
427668,0.28
427669,0.32
427671,0.33
427672,0.2
427673,0.2
427676,0.24
427677,0.17
427703,0.28
427738,0.2
427809,0.25
427881,0.28
427949,0.25
427985,0.36
428047,0.23
428054,0.44
428080,0.23
428143,0.33
428162,0.28
428166,0.12
428187,0.2
428188,0.2
428189,0.17
428195,0.16
428196,0.17
428198,0.19
428200,0.15
428201,0.2
428204,0.25
428206,0.19
428207,0.24
428208,0.17
428210,0.17
428211,0.14
428212,0.25
428213,0.18
428215,0.12
428217,0.2
428218,0.27
428219,0.3
428220,0.12
428222,0.25
428223,0.21
428224,0.1
428225,0.1
428227,0.22
428228,0.24
428229,0.33
428230,0.25
428231,0.2
428232,0.17
428233,0.12
428234,0.24
428235,0.3
428236,0.19
428237,0.26
428238,0.2
428240,0.14
428241,0.23
428242,0.14
428243,0.26
428244,0.25
428311,0.18
428312,0.17
428313,0.2
428314,0.27
428409,0.18
428416,0.22
428423,0.21
428424,0.19
428463,0.26
428485,0.24
428517,0.12
428518,0.3
428561,0.23
428565,0.17
428590,0.11
428597,0.21
428614,0.18
428616,0.4
428621,0.12
428626,0.24
428629,0.17
428636,0.29
428647,0.16
428654,0.16
428659,0.19
428686,0.18
428690,0.27
428701,0.22
428708,0.26
428714,0.29
428722,0.12
428729,0.14
428745,0.22
428751,0.23
428757,0.24
428764,0.22
428774,0.16
428778,0.15
428783,0.25
428789,0.16
428797,0.1
428799,0.14
428801,0.41
428804,0.21
428806,0.19
428813,0.18
428816,0.18
428821,0.25
428832,0.25
428839,0.17
428842,0.24
428850,0.18
428859,0.17
428871,0.12
428907,0.34
428913,0.12
428920,0.31
428924,0.24
428928,0.17
428930,0.15
428933,0.29
428938,0.14
428944,0.19
428948,0.13
428963,0.2
428975,0.21
428979,0.23
428982,0.4
428984,0.12
428987,0.21
429015,0.14
429018,0.19
429028,0.18
429035,0.21
429037,0.14
429042,0.13
429055,0.23
429066,0.15
429067,0.18
429069,0.09
429077,0.26
429078,0.24
429083,0.09
429091,0.2
429093,0.17
429094,0.16
429103,0.26
429109,0.2
429121,0.23
429129,0.18
429134,0.2
429138,0.22
429164,0.18
429173,0.21
429182,0.2
429190,0.12
429199,0.14
429219,0.18
429224,0.11
429226,0.38
429230,0.22
429239,0.17
429243,0.17
429256,0.11
429266,0.23
429269,0.17
429294,0.17
429295,0.22
429297,0.26
429299,0.27
429302,0.16
429305,0.25
429308,0.23
429314,0.21
429318,0.17
429348,0.09
429356,0.37
429359,0.19
429372,0.21
429373,0.33
429384,0.24
429385,0.19
429398,0.16
429405,0.18
429407,0.14
429408,0.16
429412,0.26
429414,0.21
429415,0.16
429421,0.28
429422,0.22
429430,0.26
429432,0.16
429440,0.3
429442,0.29
429451,0.41
429459,0.16
429469,0.16
429471,0.17
429482,0.2
429483,0.26
429491,0.32
429493,0.15
429496,0.21
429498,0.09
429501,0.25
429502,0.16
429508,0.23
429509,0.14
429511,0.27
429528,0.23
429531,0.2
429539,0.15
429549,0.19
429555,0.26
429557,0.16
429567,0.21
429570,0.21
429576,0.24
429590,0.18
429591,0.22
429597,0.22
429600,0.3
429602,0.12
429604,0.21
429623,0.15
429625,0.23
429626,0.2
429628,0.16
429634,0.21
429637,0.24
429666,0.16
429667,0.24
429670,0.12
429673,0.17
429678,0.18
429693,0.16
429702,0.1
429708,0.19
429737,0.13
429739,0.19
429740,0.18
429750,0.28
429770,0.2
429774,0.17
429777,0.15
429780,0.16
429809,0.19
429810,0.12
429831,0.13
429835,0.23
429838,0.17
429846,0.13
429851,0.12
429852,0.22
429856,0.16
429857,0.12
429866,0.31
429871,0.14
429873,0.31
429879,0.26
429882,0.16
429885,0.13
429890,0.34
429897,0.14
429933,0.15
429936,0.28
429948,0.19
429952,0.25
429967,0.16
429982,0.09
429989,0.25
430000,0.14
430003,0.14
430011,0.16
430019,0.14
430035,0.15
430042,0.34
430047,0.26
430048,0.19
430059,0.12
430060,0.19
430077,0.27
430080,0.14
430083,0.32
430086,0.24
430090,0.26
430103,0.23
430107,0.23
430114,0.13
430116,0.24
430124,0.17
430129,0.23
430132,0.26
430146,0.14
430155,0.22
430156,0.22
430160,0.22
430168,0.1
430170,0.15
430176,0.16
430177,0.37
430186,0.24
430187,0.16
430195,0.21
430198,0.27
430204,0.19
430210,0.3
430211,0.35
430213,0.15
430216,0.27
430217,0.14
430227,0.19
430253,0.15
430266,0.31
430274,0.11
430280,0.24
430300,0.21
430301,0.2
430309,0.24
430313,0.16
430316,0.19
430319,0.3
430332,0.26
430346,0.18
430357,0.25
430359,0.26
430368,0.17
430376,0.16
430383,0.24
430389,0.17
430393,0.27
430394,0.16
430404,0.16
430405,0.18
430407,0.24
430433,0.17
430445,0.13
430446,0.2
430451,0.16
430452,0.22
430459,0.21
430466,0.23
430467,0.07
430473,0.23
430477,0.19
430483,0.27
430512,0.14
430521,0.13
430524,0.2
430529,0.26
430533,0.21
430536,0.23
430538,0.16
430540,0.21
430548,0.18
430549,0.26
430550,0.07
430566,0.24
430574,0.22
430576,0.16
430582,0.28
430585,0.27
430625,0.15
430627,0.12
430629,0.19
430637,0.24
430639,0.22
430641,0.2
430656,0.14
430659,0.18
430661,0.13
430671,0.22
430672,0.2
430673,0.2
430674,0.15
430676,0.1
430691,0.13
430698,0.09
430699,0.29
430708,0.24
430719,0.15
430726,0.14
430728,0.36
430730,0.27
430731,0.26
430732,0.17
430738,0.14
430770,0.15
430782,0.27
430785,0.12
430786,0.24
430806,0.36
430818,0.37
430819,0.16
430820,0.17
430835,0.16
430836,0.14
430837,0.19
430838,0.16
430839,0.22
430847,0.22
430853,0.14
430856,0.18
430876,0.17
430886,0.16
430887,0.19
430889,0.13
430927,0.13
430931,0.26
430939,0.12
430942,0.05
430949,0.15
430957,0.19
430960,0.22
430961,0.17
430962,0.37
430973,0.14
430975,0.19
430976,0.12
430981,0.28
430992,0.16
431007,0.26
431010,0.14
431013,0.14
431023,0.08
431027,0.23
431044,0.15
431056,0.19
431058,0.24
431065,0.09
431077,0.19
431080,0.23
431082,0.18
431088,0.31
431095,0.31
431100,0.19
431106,0.27
431107,0.21
431110,0.15
431114,0.23
431138,0.21
431144,0.15
431162,0.19
431170,0.3
431171,0.12
431176,0.24
431203,0.28
431211,0.15
431212,0.12
431215,0.25
431238,0.43
431241,0.13
431244,0.18
431254,0.17
431263,0.21
431278,0.19
431285,0.25
431286,0.15
431298,0.17
431305,0.17
431315,0.27
431323,0.19
431325,0.14
431334,0.14
431358,0.3
431372,0.26
431373,0.12
431374,0.3
431377,0.18
431386,0.19
431388,0.19
431395,0.09
431396,0.08
431413,0.1
431416,0.18
431418,0.27
431431,0.27
431444,0.2
431449,0.28
431467,0.12
431469,0.19
431479,0.18
431480,0.22
431481,0.21
431488,0.2
431492,0.36
431496,0.22
431497,0.16
431508,0.22
431511,0.22
431517,0.19
431520,0.17
431538,0.27
431540,0.14
431543,0.39
431545,0.13
431560,0.16
431561,0.18
431584,0.38
431591,0.32
431593,0.18
431625,0.21
431630,0.3
431633,0.22
431635,0.17
431649,0.19
431650,0.17
431651,0.17
431652,0.16
431667,0.19
431668,0.26
431672,0.15
431675,0.38
431680,0.3
431682,0.13
431683,0.13
431693,0.2
431697,0.13
431726,0.21
431731,0.23
431732,0.16
431744,0.09
431750,0.14
431755,0.19
431756,0.14
431757,0.18
431765,0.24
431766,0.14
431768,0.26
431770,0.08
431773,0.2
431775,0.21
431777,0.23
431778,0.22
431801,0.29
431807,0.18
431810,0.07
431815,0.15
431816,0.15
431823,0.2
431831,0.11
431837,0.19
431841,0.17
431845,0.19
431854,0.14
431857,0.16
431865,0.17
431866,0.21
431867,0.13
431869,0.13
431889,0.27
431899,0.16
431903,0.31
431909,0.19
431914,0.14
431916,0.14
431918,0.2
431931,0.13
431940,0.15
431948,0.15
431962,0.14
431965,0.17
431974,0.17
431976,0.17
431987,0.21
431988,0.15
431995,0.3
431999,0.13
432003,0.18
432005,0.26
432009,0.25
432011,0.15
432022,0.27
432028,0.2
432030,0.08
432037,0.2
432065,0.19
432070,0.15
432075,0.22
432078,0.18
432080,0.15
432085,0.25
432092,0.22
432111,0.13
432112,0.22
432115,0.13
432117,0.17
432118,0.22
432129,0.19
432132,0.32
432133,0.14
432145,0.27
432146,0.13
432148,0.26
432156,0.15
432167,0.22
432169,0.16
432188,0.2
432192,0.38
432221,0.18
432226,0.19
432231,0.15
432247,0.23
432252,0.06
432254,0.2
432263,0.3
432265,0.11
432271,0.18
432280,0.15
432282,0.23
432284,0.17
432291,0.31
432296,0.24
432298,0.2
432301,0.21
432309,0.3
432312,0.18
432320,0.12
432324,0.15
432330,0.29
432339,0.15
432356,0.14
432357,0.16
432362,0.12
432365,0.15
432366,0.16
432370,0.13
432377,0.23
432384,0.18
432391,0.22
432405,0.18
432406,0.21
432414,0.22
432415,0.16
432417,0.14
432419,0.19
432424,0.11
432425,0.19
432432,0.34
432438,0.16
432441,0.23
432444,0.29
432446,0.4
432452,0.28
432454,0.22
432473,0.25
432482,0.31
432489,0.21
432492,0.28
432495,0.15
432501,0.24
432507,0.15
432509,0.34
432510,0.12
432522,0.22
432525,0.14
432526,0.26
432527,0.19
432532,0.19
432535,0.1
432544,0.21
432547,0.15
432551,0.18
432553,0.15
432555,0.19
432560,0.12
432569,0.17
432577,0.14
432585,0.14
432590,0.14
432591,0.27
432594,0.19
432607,0.12
432608,0.37
432609,0.23
432612,0.25
432613,0.12
432616,0.14
432618,0.32
432622,0.2
432626,0.14
432639,0.18
432640,0.13
432642,0.22
432648,0.16
432653,0.2
432661,0.15
432668,0.17
432682,0.19
432686,0.25
432693,0.12
432695,0.17
432696,0.29
432698,0.23
432699,0.12
432702,0.25
432707,0.22
432712,0.21
432719,0.21
432724,0.13
432728,0.19
432737,0.24
432745,0.27
432746,0.17
432749,0.22
432752,0.24
432758,0.12
432769,0.19
432770,0.21
432771,0.19
432788,0.23
432804,0.26
432807,0.33
432830,0.13
432831,0.24
432842,0.18
432849,0.34
432876,0.36
432886,0.18
432888,0.24
432897,0.14
432918,0.15
432919,0.19
432920,0.17
432921,0.2
432930,0.2
432932,0.12
432943,0.3
432944,0.11
432951,0.18
432952,0.19
432965,0.27
432969,0.14
432981,0.17
432985,0.16
432986,0.13
432988,0.16
432991,0.26
432992,0.14
433002,0.17
433018,0.17
433019,0.29
433021,0.16
433024,0.18
433031,0.15
433035,0.21
433047,0.31
433050,0.16
433051,0.24
433055,0.14
433058,0.18
433069,0.19
433079,0.22
433098,0.09
433099,0.22
433104,0.25
433112,0.27
433117,0.16
433119,0.13
433130,0.14
433132,0.2
433158,0.34
433159,0.13
433162,0.12
433166,0.25
433169,0.2
433173,0.18
433174,0.17
433183,0.29
433184,0.18
433198,0.17
433205,0.26
433221,0.23
433271,0.26
433274,0.21
433276,0.23
433281,0.22
433283,0.13
433296,0.14
433300,0.15
433304,0.26
433308,0.18
433312,0.14
433313,0.27
433319,0.14
433332,0.21
433342,0.22
433343,0.24
433344,0.26
433345,0.16
433347,0.18
433350,0.09
433355,0.32
433356,0.2
433359,0.11
433361,0.14
433363,0.24
433370,0.07
433371,0.17
433374,0.3
433384,0.14
433390,0.2
433392,0.17
433396,0.23
433403,0.1
433405,0.15
433408,0.44
433410,0.33
433411,0.17
433424,0.25
433431,0.16
433432,0.26
433440,0.14
433441,0.18
433451,0.19
433452,0.2
433459,0.2
433463,0.21
433464,0.22
433470,0.29
433480,0.31
433482,0.16
433485,0.17
433494,0.37
433495,0.15
433496,0.14
433505,0.16
433509,0.17
433515,0.15
433518,0.18
433519,0.25
433527,0.28
433532,0.22
433535,0.23
433539,0.24
433561,0.1
433564,0.36
433566,0.11
433574,0.18
433575,0.1
433584,0.3
433591,0.2
433596,0.25
433598,0.28
433602,0.12
433606,0.14
433611,0.12
433617,0.17
433620,0.32
433628,0.19
433631,0.15
433651,0.16
433653,0.28
433657,0.16
433661,0.17
433662,0.21
433663,0.22
433668,0.24
433670,0.34
433680,0.18
433686,0.07
433709,0.09
433725,0.24
433731,0.18
433735,0.24
433745,0.18
433748,0.1
433754,0.29
433762,0.14
433766,0.19
433767,0.13
433779,0.24
433783,0.15
433785,0.17
433789,0.15
433794,0.22
433799,0.11
433800,0.1
433804,0.17
433816,0.22
433820,0.18
433829,0.19
433837,0.19
433840,0.23
433842,0.12
433849,0.2
433853,0.19
433862,0.11
433872,0.11
433882,0.12
433892,0.15
433896,0.13
433906,0.21
433913,0.17
433914,0.13
433957,0.19
433958,0.18
433965,0.26
433976,0.32
433984,0.17
433995,0.29
433996,0.16
434006,0.2
434007,0.17
434009,0.17
434019,0.23
434024,0.22
434026,0.28
434027,0.15
434034,0.25
434036,0.24
434037,0.23
434046,0.23
434050,0.14
434051,0.15
434052,0.19
434055,0.19
434061,0.25
434064,0.18
434108,0.21
434109,0.26
434121,0.17
434122,0.14
434140,0.17
434151,0.21
434156,0.12
434157,0.05
434160,0.25
434164,0.16
434167,0.16
434169,0.22
434173,0.08
434176,0.17
434177,0.13
434179,0.15
434180,0.18
434183,0.15
434192,0.16
434205,0.19
434209,0.27
434212,0.21
434214,0.21
434216,0.11
434222,0.19
434223,0.31
434224,0.19
434259,0.22
434261,0.14
434263,0.27
434264,0.15
434282,0.17
434283,0.15
434293,0.31
434317,0.31
434322,0.19
434326,0.2
434327,0.1
434328,0.23
434336,0.21
434340,0.13
434342,0.2
434350,0.26
434355,0.13
434375,0.1
434387,0.19
434390,0.2
434391,0.19
434408,0.15
434410,0.19
434423,0.15
434439,0.32
434442,0.18
434445,0.33
434448,0.17
434460,0.14
434465,0.13
434467,0.26
434468,0.18
434501,0.18
434504,0.3
434505,0.27
434507,0.15
434514,0.28
434535,0.22
434538,0.33
434542,0.32
434545,0.26
434554,0.3
434556,0.21
434568,0.2
434569,0.25
434571,0.27
434574,0.2
434579,0.19
434599,0.23
434604,0.21
434606,0.09
434607,0.15
434608,0.18
434610,0.18
434615,0.25
434616,0.28
434619,0.27
434658,0.16
434669,0.11
434675,0.13
434678,0.14
434680,0.14
434690,0.21
434698,0.25
434702,0.25
434704,0.21
434722,0.12
434727,0.08
434730,0.25
434735,0.12
434739,0.22
434765,0.12
434767,0.32
434784,0.26
434787,0.29
434788,0.27
434789,0.14
434790,0.15
434791,0.32
434802,0.15
434806,0.15
434807,0.25
434808,0.31
434815,0.18
434816,0.34
434817,0.25
434818,0.17
434830,0.25
434918,0.16
434920,0.28
434921,0.1
434922,0.3
434937,0.09
434948,0.31
434949,0.31
434952,0.13
434954,0.22
434957,0.12
434968,0.16
434974,0.23
434982,0.15
434986,0.24
434993,0.1
434995,0.3
435005,0.2
435013,0.23
435027,0.1
435034,0.39
435056,0.41
435060,0.14
435062,0.27
435068,0.17
435069,0.18
435071,0.26
435079,0.12
435086,0.2
435092,0.14
435099,0.17
435100,0.19
435108,0.18
435118,0.19
435120,0.14
435129,0.25
435132,0.26
435138,0.18
435139,0.24
435142,0.26
435147,0.19
435148,0.22
435151,0.14
435153,0.12
435154,0.27
435164,0.3
435173,0.15
435174,0.12
435179,0.12
435199,0.15
435202,0.16
435203,0.29
435214,0.32
435217,0.22
435222,0.18
435229,0.51
435239,0.18
435248,0.25
435259,0.14
435260,0.12
435263,0.25
435264,0.09
435267,0.15
435274,0.21
435286,0.13
435296,0.2
435308,0.21
435328,0.23
435333,0.08
435363,0.23
435366,0.13
435375,0.12
435378,0.34
435400,0.26
435408,0.32
435409,0.08
435415,0.11
435419,0.26
435422,0.19
435428,0.24
435432,0.24
435434,0.27
435435,0.23
435440,0.15
435455,0.2
435464,0.21
435470,0.14
435475,0.32
435478,0.19
435480,0.22
435482,0.2
435490,0.1
435507,0.17
435509,0.24
435510,0.2
435519,0.21
435527,0.18
435533,0.22
435534,0.25
435535,0.2
435536,0.11
435540,0.2
435551,0.12
435562,0.47
435564,0.25
435585,0.19
435590,0.14
435609,0.16
435610,0.15
435611,0.15
435623,0.31
435681,0.18
435682,0.13
435683,0.15
435704,0.21
435711,0.23
435713,0.27
435714,0.15
435716,0.13
435717,0.23
435718,0.17
435719,0.25
435741,0.14
435765,0.26
435766,0.21
435767,0.16
435773,0.24
435802,0.19
435806,0.13
435807,0.28
435809,0.1
435811,0.24
435816,0.09
435823,0.19
435835,0.23
435848,0.22
435849,0.38
435858,0.24
435870,0.2
435874,0.18
435890,0.26
435892,0.24
435911,0.17
435915,0.24
435924,0.16
435937,0.15
435943,0.29
435958,0.21
435962,0.15
435965,0.31
435968,0.27
435997,0.17
435998,0.31
435999,0.08
436009,0.2
436021,0.15
436022,0.18
436026,0.34
436032,0.18
436037,0.22
436049,0.2
436058,0.21
436059,0.2
436062,0.31
436068,0.15
436079,0.1
436082,0.16
436083,0.2
436093,0.2
436098,0.18
436113,0.19
436127,0.34
436148,0.15
436152,0.32
436159,0.18
436165,0.19
436170,0.2
436174,0.13
436176,0.11
436183,0.15
436194,0.17
436196,0.21
436204,0.26
436207,0.25
436210,0.14
436219,0.37
436227,0.16
436230,0.19
436233,0.15
436235,0.34
436250,0.14
436260,0.21
436285,0.18
436291,0.16
436304,0.25
436307,0.19
436308,0.26
436311,0.2
436314,0.26
436322,0.14
436323,0.31
436339,0.14
436350,0.18
436358,0.24
436359,0.16
436363,0.16
436365,0.1
436369,0.19
436377,0.13
436378,0.22
436387,0.15
436394,0.35
436397,0.17
436399,0.29
436401,0.18
436404,0.17
436421,0.16
436422,0.2
436426,0.12
436430,0.26
436464,0.12
436471,0.09
436476,0.15
436478,0.25
436486,0.19
436497,0.19
436508,0.18
436509,0.2
436510,0.25
436511,0.4
436528,0.24
436531,0.2
436534,0.34
436535,0.13
436536,0.2
436537,0.18
436560,0.18
436562,0.34
436563,0.26
436564,0.12
436598,0.14
436599,0.17
436600,0.15
436637,0.07
436674,0.23
436706,0.23
436721,0.21
436722,0.21
436735,0.22
436747,0.42
436748,0.2
436750,0.24
436757,0.24
436767,0.25
436771,0.19
436781,0.17
436786,0.19
436799,0.1
436807,0.16
436812,0.16
436821,0.18
436835,0.14
436836,0.25
436846,0.18
436874,0.17
436880,0.29
436882,0.25
436885,0.14
436893,0.17
436894,0.13
436896,0.14
436902,0.24
436918,0.08
436921,0.18
436935,0.2
436955,0.17
436961,0.14
436963,0.13
436964,0.23
436970,0.11
436975,0.15
437005,0.32
437014,0.22
437020,0.14
437043,0.22
437045,0.09
437070,0.21
437078,0.17
437095,0.15
437097,0.15
437123,0.12
437127,0.14
437128,0.17
437130,0.18
437147,0.25
437156,0.19
437157,0.15
437160,0.24
437161,0.1
437169,0.22
437189,0.3
437196,0.28
437198,0.24
437200,0.2
437206,0.24
437211,0.13
437215,0.28
437218,0.15
437226,0.12
437229,0.27
437235,0.2
437244,0.11
437245,0.15
437246,0.24
437264,0.11
437266,0.14
437268,0.19
437269,0.16
437273,0.23
437275,0.26
437276,0.21
437302,0.15
437304,0.16
437305,0.15
437306,0.23
437334,0.18
437335,0.24
437336,0.21
437338,0.21
437343,0.52
437356,0.24
437357,0.19
437358,0.21
437359,0.13
437360,0.24
437393,0.19
437397,0.18
437403,0.17
437409,0.15
437426,0.35
437430,0.33
437446,0.35
437459,0.17
437461,0.15
437462,0.21
437463,0.14
437475,0.28
437478,0.14
437480,0.19
437482,0.18
437486,0.12
437491,0.2
437492,0.19
437493,0.26
437496,0.25
437510,0.27
437515,0.11
437516,0.31
437519,0.11
437522,0.23
437524,0.23
437532,0.22
437538,0.14
437546,0.24
437551,0.26
437553,0.23
437556,0.21
437573,0.27
437575,0.12
437584,0.26
437591,0.23
437592,0.12
437595,0.26
437602,0.23
437610,0.14
437611,0.09
437621,0.19
437622,0.26
437624,0.14
437630,0.24
437631,0.3
437636,0.21
437666,0.18
437672,0.23
437676,0.18
437687,0.25
437689,0.23
437706,0.26
437712,0.19
437735,0.08
437757,0.12
437763,0.11
437790,0.2
437791,0.09
437795,0.24
437803,0.19
437810,0.16
437811,0.15
437813,0.09
437820,0.25
437823,0.15
437832,0.21
437841,0.18
437852,0.21
437858,0.15
437862,0.14
437892,0.17
437896,0.19
437903,0.32
437905,0.2
437911,0.38
437913,0.18
437918,0.23
437922,0.21
437933,0.17
437936,0.19
437945,0.14
437966,0.19
437967,0.33
437972,0.2
437977,0.16
437984,0.36
437996,0.09
437997,0.1
437999,0.14
438001,0.2
438004,0.18
438007,0.13
438029,0.16
438031,0.1
438034,0.28
438038,0.36
438054,0.19
438058,0.1
438064,0.16
438065,0.26
438074,0.19
438084,0.22
438088,0.21
438089,0.14
438090,0.17
438117,0.16
438118,0.16
438151,0.17
438152,0.24
438153,0.28
438154,0.2
438167,0.21
438187,0.29
438192,0.23
438195,0.15
438196,0.34
438220,0.17
438223,0.29
438229,0.17
438256,0.22
438258,0.14
438260,0.23
438264,0.14
438273,0.12
438306,0.25
438307,0.14
438308,0.2
438309,0.13
438310,0.22
438341,0.25
438348,0.15
438349,0.18
438364,0.15
438368,0.17
438380,0.09
438382,0.1
438402,0.17
438404,0.19
438408,0.3
438410,0.26
438429,0.18
438434,0.24
438435,0.25
438437,0.24
438438,0.26
438444,0.24
438471,0.14
438506,0.18
438521,0.21
438524,0.36
438525,0.19
438534,0.16
438541,0.14
438546,0.13
438547,0.21
438564,0.15
438568,0.15
438570,0.18
438578,0.23
438582,0.14
438587,0.17
438604,0.16
438620,0.18
438621,0.22
438624,0.15
438634,0.34
438644,0.16
438645,0.22
438651,0.21
438659,0.16
438660,0.13
438662,0.18
438668,0.14
438673,0.11
438677,0.2
438683,0.38
438687,0.24
438700,0.17
438713,0.2
438714,0.25
438715,0.15
438717,0.15
438721,0.22
438738,0.19
438749,0.11
438750,0.2
438756,0.14
438771,0.2
438777,0.12
438781,0.14
438783,0.25
438786,0.37
438792,0.15
438802,0.17
438808,0.27
438814,0.13
438829,0.27
438846,0.17
438851,0.2
438856,0.47
438858,0.2
438861,0.12
438862,0.21
438876,0.3
438880,0.16
438891,0.25
438896,0.34
438898,0.22
438904,0.23
438908,0.12
438921,0.21
438923,0.26
438929,0.18
438942,0.17
438950,0.19
438979,0.3
438994,0.35
438995,0.16
438996,0.18
439002,0.23
439013,0.2
439015,0.15
439017,0.2
439029,0.13
439047,0.29
439048,0.23
439049,0.22
439050,0.15
439061,0.24
439065,0.31
439069,0.19
439070,0.27
439071,0.13
439072,0.24
439073,0.27
439076,0.15
439077,0.19
439078,0.2
439089,0.09
439095,0.07
439113,0.16
439122,0.15
439127,0.13
439153,0.13
439154,0.21
439157,0.22
439197,0.12
439205,0.2
439207,0.36
439209,0.15
439213,0.14
439218,0.22
439222,0.16
439229,0.24
439233,0.18
439235,0.18
439236,0.3
439239,0.16
439248,0.2
439255,0.28
439265,0.2
439266,0.28
439268,0.22
439270,0.14
439276,0.19
439285,0.15
439294,0.21
439296,0.16
439299,0.31
439310,0.26
439319,0.17
439320,0.15
439325,0.22
439327,0.17
439328,0.1
439334,0.18
439335,0.18
439339,0.23
439343,0.16
439353,0.16
439356,0.21
439374,0.22
439391,0.31
439400,0.22
439405,0.21
439413,0.23
439448,0.17
439451,0.15
439455,0.3
439468,0.19
439472,0.16
439473,0.16
439477,0.14
439483,0.14
439484,0.1
439501,0.28
439505,0.14
439512,0.22
439515,0.13
439525,0.16
439535,0.26
439539,0.23
439548,0.33
439549,0.21
439550,0.26
439551,0.19
439558,0.23
439562,0.22
439566,0.26
439571,0.17
439587,0.17
439591,0.13
439595,0.21
439611,0.2
439614,0.25
439618,0.2
439620,0.21
439626,0.21
439633,0.17
439657,0.19
439660,0.21
439661,0.18
439666,0.06
439673,0.16
439675,0.28
439705,0.2
439707,0.23
439720,0.11
439727,0.2
439733,0.23
439736,0.18
439737,0.22
439746,0.19
439755,0.21
439763,0.2
439765,0.14
439766,0.13
439768,0.16
439774,0.21
439779,0.19
439781,0.31
439784,0.26
439808,0.18
439816,0.11
439818,0.09
439820,0.2
439824,0.25
439830,0.17
439839,0.16
439841,0.32
439845,0.22
439874,0.14
439875,0.15
439879,0.14
439882,0.12
439883,0.12
439900,0.08
439901,0.15
439906,0.19
439909,0.17
439911,0.24
439914,0.21
439936,0.2
439937,0.14
439945,0.14
439950,0.15
439955,0.21
439956,0.16
439971,0.24
439977,0.2
439984,0.46
439985,0.23
439990,0.14
439994,0.18
440003,0.14
440030,0.12
440042,0.26
440048,0.1
440054,0.23
440073,0.3
440074,0.28
440080,0.18
440082,0.14
440085,0.16
440088,0.23
440091,0.14
440100,0.16
440103,0.13
440113,0.32
440119,0.22
440127,0.1
440130,0.18
440131,0.2
440135,0.29
440139,0.18
440147,0.19
440156,0.2
440158,0.22
440162,0.11
440163,0.18
440176,0.15
440181,0.14
440191,0.15
440192,0.21
440215,0.07
440219,0.23
440222,0.17
440238,0.15
440239,0.12
440244,0.21
440245,0.19
440252,0.2
440266,0.19
440267,0.13
440281,0.18
440283,0.18
440292,0.16
440307,0.13
440309,0.19
440313,0.29
440315,0.19
440320,0.27
440332,0.18
440336,0.15
440338,0.18
440342,0.28
440350,0.16
440352,0.17
440356,0.17
440359,0.18
440384,0.2
440395,0.15
440396,0.16
440397,0.16
440401,0.18
440408,0.16
440411,0.16
440425,0.17
440439,0.17
440451,0.31
440460,0.26
440463,0.29
440473,0.21
440479,0.16
440497,0.19
440506,0.18
440509,0.15
440518,0.2
440528,0.17
440536,0.27
440543,0.24
440561,0.13
440562,0.25
440566,0.25
440572,0.2
440574,0.3
440585,0.26
440592,0.15
440601,0.34
440606,0.28
440632,0.22
440643,0.2
440653,0.21
440669,0.13
440682,0.15
440691,0.17
440701,0.1
440706,0.29
440708,0.2
440714,0.3
440721,0.29
440723,0.29
440750,0.21
440759,0.34
440773,0.2
440792,0.37
440793,0.13
440798,0.37
440804,0.26
440819,0.26
440827,0.23
440851,0.28
440861,0.18
440862,0.2
440868,0.15
440874,0.1
440877,0.26
440883,0.08
440884,0.23
440886,0.1
440900,0.27
440902,0.22
440904,0.26
440910,0.22
440913,0.17
440915,0.26
440923,0.26
440924,0.14
440927,0.16
440936,0.11
440968,0.19
440973,0.12
440975,0.14
440979,0.19
440986,0.24
440987,0.12
440995,0.19
440998,0.17
441000,0.18
441004,0.23
441007,0.18
441014,0.25
441026,0.22
441032,0.3
441042,0.2
441051,0.42
441060,0.24
441061,0.12
441081,0.2
441082,0.16
441085,0.26
441087,0.18
441089,0.15
441091,0.15
441095,0.16
441114,0.2
441128,0.27
441138,0.25
441154,0.19
441156,0.29
441157,0.21
441175,0.26
441183,0.2
441189,0.22
441207,0.1
441209,0.24
441217,0.16
441228,0.17
441229,0.16
441239,0.16
441244,0.15
441256,0.19
441275,0.14
441278,0.14
441284,0.12
441288,0.26
441293,0.27
441294,0.32
441297,0.25
441298,0.15
441304,0.17
441316,0.19
441318,0.11
441351,0.16
441354,0.25
441363,0.15
441373,0.3
441375,0.21
441382,0.24
441385,0.19
441388,0.13
441392,0.24
441402,0.26
441413,0.25
441417,0.27
441427,0.19
441437,0.17
441453,0.26
441458,0.17
441459,0.16
441463,0.16
441466,0.18
441475,0.18
441479,0.18
441497,0.22
441501,0.22
441509,0.15
441513,0.13
441546,0.15
441547,0.11
441563,0.32
441565,0.17
441567,0.2
441576,0.24
441577,0.24
441578,0.22
441597,0.15
441607,0.11
441609,0.07
441611,0.19
441613,0.15
441622,0.17
441637,0.2
441638,0.15
441652,0.15
441660,0.22
441667,0.14
441671,0.2
441672,0.16
441675,0.29
441679,0.21
441700,0.17
441701,0.24
441711,0.14
441725,0.15
441732,0.17
441741,0.17
441743,0.18
441761,0.18
441763,0.13
441766,0.2
441778,0.12
441780,0.17
441782,0.23
441785,0.14
441796,0.21
441808,0.26
441809,0.2
441811,0.18
441825,0.11
441828,0.16
441835,0.18
441860,0.13
441865,0.19
441871,0.16
441874,0.14
441876,0.22
441885,0.14
441896,0.24
441908,0.21
441913,0.1
441921,0.21
441926,0.15
441936,0.17
441941,0.13
441947,0.22
441957,0.22
441961,0.18
441969,0.13
441979,0.36
441986,0.22
441987,0.12
441996,0.31
441997,0.12
441998,0.19
442001,0.21
442002,0.17
442003,0.24
442010,0.13
442013,0.22
442015,0.29
442026,0.15
442030,0.23
442032,0.39
442033,0.32
442039,0.22
442049,0.17
442054,0.1
442060,0.19
442065,0.24
442067,0.22
442074,0.14
442076,0.33
442080,0.2
442085,0.13
442093,0.29
442100,0.24
442123,0.24
442124,0.21
442128,0.11
442149,0.16
442151,0.31
442157,0.12
442158,0.23
442159,0.16
442161,0.12
442179,0.13
442187,0.24
442190,0.16
442195,0.25
442199,0.14
442233,0.19
442234,0.2
442235,0.2
442250,0.09
442256,0.14
442258,0.25
442264,0.21
442280,0.14
442288,0.15
442290,0.17
442293,0.18
442299,0.23
442303,0.22
442306,0.13
442308,0.09
442312,0.17
442315,0.14
442320,0.17
442321,0.25
442328,0.33
442331,0.33
442359,0.19
442361,0.16
442366,0.2
442368,0.12
442372,0.18
442378,0.28
442392,0.18
442393,0.2
442399,0.15
442401,0.39
442404,0.14
442405,0.25
442438,0.26
442442,0.21
442451,0.17
442452,0.14
442458,0.14
442461,0.33
442464,0.17
442468,0.14
442479,0.29
442484,0.22
442504,0.24
442505,0.15
442513,0.17
442520,0.06
442527,0.21
442539,0.14
442540,0.32
442541,0.17
442555,0.13
442577,0.24
442586,0.17
442588,0.2
442613,0.15
442616,0.17
442622,0.2
442626,0.2
442627,0.23
442641,0.13
442647,0.15
442653,0.26
442656,0.18
442662,0.17
442672,0.19
442682,0.26
442684,0.17
442685,0.21
442698,0.21
442709,0.2
442716,0.21
442718,0.18
442723,0.23
442724,0.19
442737,0.19
442742,0.29
442743,0.19
442746,0.21
442766,0.15
442767,0.24
442769,0.16
442792,0.12
442797,0.27
442799,0.18
442804,0.19
442807,0.15
442816,0.21
442819,0.18
442826,0.29
442831,0.25
442846,0.12
442854,0.14
442861,0.22
442862,0.17
442870,0.23
442875,0.22
442890,0.11
442891,0.22
442896,0.19
442897,0.25
442902,0.16
442903,0.31
442905,0.15
442915,0.34
442937,0.19
442947,0.47
442949,0.21
442954,0.25
442972,0.09
443012,0.21
443018,0.2
443029,0.18
443031,0.15
443033,0.11
443035,0.22
443039,0.14
443040,0.21
443051,0.34
443062,0.19
443069,0.29
443080,0.15
443081,0.22
443090,0.18
443092,0.11
443106,0.23
443119,0.21
443134,0.24
443161,0.12
443170,0.23
443177,0.18
443189,0.19
443193,0.18
443199,0.22
443212,0.29
443226,0.39
443230,0.22
443239,0.24
443241,0.16
443244,0.21
443249,0.17
443253,0.29
443262,0.13
443264,0.34
443266,0.22
443274,0.22
443283,0.16
443295,0.14
443304,0.12
443313,0.18
443317,0.16
443324,0.14
443339,0.18
443344,0.27
443345,0.18
443352,0.18
443355,0.16
443356,0.3
443360,0.32
443364,0.27
443368,0.15
443375,0.31
443380,0.2
443391,0.24
443392,0.14
443397,0.13
443403,0.15
443406,0.3
443420,0.14
443431,0.14
443441,0.2
443456,0.27
443457,0.21
443459,0.12
443460,0.16
443471,0.09
443474,0.14
443486,0.27
443487,0.19
443490,0.21
443492,0.35
443495,0.24
443505,0.16
443512,0.21
443555,0.2
443576,0.25
443582,0.15
443583,0.08
443585,0.16
443588,0.2
443592,0.17
443596,0.22
443597,0.16
443606,0.14
443607,0.25
443608,0.22
443611,0.16
443612,0.18
443618,0.31
443623,0.21
443632,0.15
443633,0.23
443634,0.18
443637,0.13
443638,0.22
443669,0.17
443672,0.2
443685,0.21
443686,0.14
443694,0.18
443695,0.29
443697,0.29
443700,0.32
443734,0.2
443738,0.18
443742,0.18
443759,0.2
443760,0.2
443770,0.19
443776,0.2
443788,0.12
443791,0.19
443792,0.18
443803,0.19
443808,0.18
443832,0.15
443842,0.3
443847,0.13
443853,0.2
443854,0.27
443868,0.18
443873,0.24
443879,0.19
443883,0.13
443891,0.17
443908,0.2
443910,0.24
443918,0.12
443927,0.16
443935,0.21
443965,0.35
443974,0.22
443984,0.21
443986,0.18
443991,0.17
443996,0.12
444008,0.14
444014,0.14
444015,0.18
444016,0.2
444018,0.22
444053,0.27
444058,0.12
444065,0.2
444069,0.07
444082,0.3
444087,0.1
444089,0.2
444093,0.16
444104,0.18
444113,0.2
444118,0.28
444122,0.13
444123,0.25
444128,0.25
444136,0.15
444152,0.25
444155,0.3
444182,0.13
444183,0.2
444185,0.15
444213,0.16
444229,0.2
444231,0.15
444234,0.25
444240,0.21
444249,0.21
444265,0.18
444268,0.15
444271,0.19
444278,0.19
444279,0.27
444283,0.4
444285,0.1
444291,0.19
444297,0.09
444313,0.14
444318,0.13
444322,0.24
444333,0.16
444334,0.23
444359,0.29
444367,0.13
444369,0.21
444370,0.23
444376,0.24
444384,0.13
444387,0.18
444406,0.16
444409,0.22
444412,0.16
444418,0.25
444420,0.3
444424,0.19
444429,0.23
444432,0.21
444434,0.19
444440,0.19
444444,0.29
444450,0.17
444456,0.3
444457,0.12
444461,0.31
444504,0.13
444515,0.23
444516,0.18
444517,0.14
444519,0.19
444540,0.16
444573,0.21
444581,0.16
444582,0.19
444602,0.24
444605,0.2
444611,0.21
444614,0.1
444622,0.23
444624,0.17
444625,0.24
444639,0.12
444658,0.21
444673,0.2
444696,0.14
444719,0.12
444729,0.27
444737,0.23
444743,0.32
444758,0.19
444764,0.19
444780,0.16
444789,0.21
444795,0.21
444811,0.19
444814,0.12
444825,0.14
444831,0.15
444832,0.16
444835,0.18
444840,0.21
444841,0.15
444842,0.19
444846,0.19
444849,0.22
444867,0.11
444876,0.19
444893,0.17
444896,0.19
444897,0.17
444907,0.26
444908,0.18
444932,0.2
444933,0.22
444936,0.14
444941,0.16
444942,0.21
444950,0.17
444956,0.14
444965,0.16
444966,0.17
444970,0.17
444971,0.26
444978,0.3
444982,0.17
444984,0.14
444986,0.09
445001,0.15
445016,0.15
445027,0.24
445029,0.1
445032,0.09
445037,0.23
445043,0.13
445044,0.21
445047,0.21
445052,0.27
445073,0.21
445075,0.06
445076,0.14
445092,0.14
445095,0.22
445106,0.19
445110,0.24
445123,0.14
445124,0.17
445141,0.18
445151,0.2
445160,0.25
445161,0.13
445164,0.27
445165,0.29
445169,0.25
445175,0.3
445178,0.19
445182,0.17
445183,0.15
445192,0.08
445193,0.27
445200,0.2
445202,0.12
445203,0.15
445207,0.15
445245,0.24
445256,0.22
445282,0.2
445294,0.18
445300,0.21
445316,0.18
445331,0.21
445332,0.16
445343,0.09
445345,0.26
445346,0.18
445354,0.26
445355,0.29
445356,0.22
445366,0.26
445369,0.22
445390,0.21
445392,0.16
445398,0.24
445401,0.18
445417,0.14
445427,0.16
445465,0.27
445469,0.15
445472,0.1
445475,0.18
445483,0.18
445484,0.19
445493,0.23
445496,0.19
445504,0.17
445505,0.17
445507,0.1
445531,0.43
445536,0.2
445544,0.15
445559,0.21
445580,0.14
445589,0.15
445591,0.22
445595,0.18
445601,0.23
445612,0.23
445639,0.25
445656,0.15
445666,0.22
445682,0.32
445686,0.13
445700,0.17
445713,0.18
445716,0.11
445725,0.14
445728,0.16
445731,0.14
445742,0.16
445743,0.35
445755,0.18
445766,0.23
445781,0.31
445798,0.15
445799,0.22
445801,0.23
445810,0.19
445813,0.24
445822,0.13
445824,0.15
445826,0.26
445828,0.16
445829,0.18
445838,0.1
445840,0.17
445845,0.15
445847,0.16
445849,0.2
445852,0.15
445853,0.32
445856,0.24
445863,0.22
445864,0.26
445871,0.26
445907,0.24
445908,0.12
445917,0.17
445919,0.24
445925,0.21
445930,0.07
445938,0.18
445943,0.23
445946,0.16
445948,0.32
445970,0.15
445972,0.19
445974,0.41
445976,0.15
445979,0.12
445993,0.15
446001,0.24
446004,0.26
446025,0.11
446026,0.17
446046,0.17
446048,0.11
446055,0.14
446064,0.32
446068,0.14
446078,0.11
446094,0.2
446096,0.28
446120,0.23
446131,0.17
446139,0.29
446157,0.22
446179,0.12
446180,0.18
446186,0.14
446189,0.26
446200,0.19
446208,0.34
446210,0.19
446214,0.19
446226,0.27
446229,0.09
446237,0.18
446247,0.12
446256,0.14
446273,0.22
446286,0.2
446296,0.18
446302,0.21
446310,0.2
446315,0.2
446319,0.22
446320,0.26
446322,0.3
446356,0.22
446374,0.22
446375,0.14
446406,0.22
446407,0.12
446426,0.3
446428,0.12
446431,0.19
446433,0.13
446437,0.28
446441,0.13
446452,0.15
446464,0.22
446466,0.24
446468,0.21
446469,0.22
446472,0.35
446476,0.21
446478,0.12
446485,0.17
446499,0.13
446503,0.14
446504,0.11
446509,0.22
446512,0.3
446525,0.1
446534,0.16
446535,0.23
446543,0.29
446546,0.16
446550,0.39
446555,0.25
446560,0.11
446564,0.13
446572,0.11
446593,0.21
446616,0.23
446617,0.2
446625,0.13
446626,0.2
446631,0.28
446643,0.19
446647,0.16
446652,0.13
446655,0.2
446657,0.22
446663,0.26
446665,0.27
446676,0.18
446684,0.27
446694,0.06
446699,0.2
446702,0.14
446713,0.25
446720,0.21
446724,0.09
446728,0.25
446730,0.19
446738,0.13
446742,0.15
446743,0.13
446744,0.25
446750,0.25
446759,0.18
446760,0.29
446772,0.08
446786,0.15
446799,0.25
446800,0.3
446803,0.34
446812,0.22
446813,0.21
446815,0.16
446816,0.15
446832,0.27
446845,0.1
446846,0.22
446847,0.18
446850,0.18
446851,0.21
446855,0.21
446856,0.2
446867,0.18
446877,0.23
446880,0.15
446885,0.17
446892,0.16
446905,0.14
446909,0.3
446924,0.14
446935,0.12
446944,0.16
446945,0.24
446949,0.12
446952,0.18
446957,0.13
446961,0.18
446979,0.16
446980,0.25
446987,0.25
446991,0.2
447001,0.12
447013,0.17
447014,0.18
447023,0.22
447062,0.13
447072,0.2
447082,0.14
447084,0.14
447087,0.18
447092,0.24
447106,0.23
447107,0.22
447112,0.1
447147,0.22
447160,0.28
447176,0.11
447184,0.21
447188,0.12
447190,0.2
447191,0.19
447198,0.18
447199,0.22
447200,0.17
447202,0.09
447209,0.25
447210,0.25
447228,0.34
447230,0.23
447235,0.17
447246,0.22
447248,0.21
447263,0.13
447265,0.23
447272,0.15
447285,0.15
447293,0.38
447305,0.16
447312,0.29
447326,0.21
447327,0.17
447361,0.13
447367,0.32
447381,0.29
447387,0.2
447390,0.27
447391,0.21
447416,0.24
447419,0.18
447420,0.1
447422,0.11
447425,0.2
447444,0.29
447458,0.19
447460,0.14
447467,0.15
447479,0.2
447482,0.23
447496,0.22
447504,0.14
447507,0.25
447519,0.16
447522,0.18
447528,0.17
447529,0.14
447532,0.17
447540,0.28
447543,0.17
447546,0.19
447554,0.23
447571,0.21
447575,0.12
447591,0.11
447599,0.32
447600,0.24
447601,0.18
447606,0.23
447607,0.11
447618,0.24
447621,0.13
447633,0.22
447638,0.11
447642,0.1
447644,0.25
447654,0.26
447670,0.11
447671,0.14
447672,0.24
447674,0.25
447676,0.13
447692,0.46
447696,0.18
447698,0.15
447704,0.19
447705,0.21
447708,0.2
447709,0.37
447715,0.16
447727,0.17
447736,0.21
447742,0.18
447743,0.26
447745,0.18
447748,0.39
447751,0.24
447752,0.16
447796,0.18
447810,0.19
447812,0.19
447814,0.29
447815,0.2
447816,0.25
447817,0.34
447835,0.09
447842,0.21
447844,0.08
447862,0.27
447865,0.14
447868,0.19
447873,0.15
447876,0.14
447881,0.36
447882,0.26
447883,0.25
447904,0.21
447907,0.36
447915,0.29
447931,0.13
447945,0.19
447947,0.17
447958,0.05
447967,0.16
447968,0.2
447972,0.23
447975,0.18
447976,0.23
447978,0.15
447983,0.18
447993,0.26
447998,0.18
448001,0.19
448005,0.19
448007,0.27
448011,0.26
448012,0.17
448016,0.21
448030,0.18
448039,0.29
448040,0.09
448045,0.21
448046,0.21
448051,0.18
448084,0.26
448091,0.23
448100,0.19
448125,0.28
448143,0.26
448146,0.15
448150,0.18
448160,0.27
448163,0.18
448165,0.26
448182,0.21
448185,0.15
448188,0.19
448189,0.18
448209,0.25
448210,0.22
448218,0.13
448224,0.33
448241,0.13
448243,0.21
448244,0.17
448245,0.24
448254,0.2
448278,0.21
448279,0.17
448282,0.18
448284,0.2
448285,0.27
448301,0.29
448302,0.41
448305,0.21
448317,0.19
448330,0.21
448335,0.19
448338,0.26
448340,0.13
448341,0.18
448347,0.42
448350,0.25
448353,0.24
448361,0.2
448370,0.15
448380,0.24
448400,0.24
448411,0.17
448412,0.31
448417,0.24
448420,0.14
448422,0.21
448424,0.12
448447,0.22
448459,0.17
448464,0.15
448470,0.28
448490,0.16
448494,0.13
448500,0.28
448515,0.14
448522,0.24
448526,0.24
448536,0.35
448548,0.17
448566,0.28
448573,0.08
448584,0.18
448585,0.13
448597,0.13
448599,0.22
448601,0.15
448604,0.19
448606,0.15
448610,0.16
448642,0.16
448660,0.15
448669,0.09
448674,0.2
448675,0.2
448678,0.18
448690,0.15
448693,0.14
448695,0.27
448700,0.18
448703,0.12
448704,0.23
448707,0.19
448720,0.27
448727,0.3
448728,0.15
448734,0.29
448746,0.17
448755,0.16
448760,0.27
448770,0.28
448778,0.29
448788,0.23
448790,0.14
448801,0.21
448805,0.14
448806,0.25
448812,0.17
448817,0.19
448834,0.21
448837,0.34
448838,0.17
448853,0.24
448856,0.16
448868,0.15
448876,0.19
448909,0.29
448917,0.17
448919,0.25
448922,0.29
448931,0.2
448935,0.09
448937,0.13
448940,0.12
448948,0.2
448958,0.2
448967,0.18
448968,0.14
448973,0.27
448993,0.27
449000,0.32
449011,0.26
449015,0.2
449030,0.23
449035,0.11
449040,0.12
449045,0.1
449060,0.17
449081,0.14
449082,0.19
449087,0.24
449095,0.15
449105,0.22
449110,0.21
449117,0.16
449126,0.2
449134,0.12
449141,0.19
449148,0.19
449155,0.22
449158,0.48
449160,0.17
449178,0.25
449180,0.29
449183,0.18
449186,0.15
449193,0.14
449196,0.18
449203,0.11
449213,0.16
449214,0.12
449215,0.23
449216,0.24
449224,0.18
449227,0.17
449230,0.12
449233,0.33
449253,0.2
449254,0.25
449264,0.45
449289,0.21
449302,0.15
449308,0.17
449314,0.12
449322,0.2
449323,0.23
449364,0.15
449368,0.09
449391,0.1
449403,0.3
449408,0.22
449409,0.18
449412,0.11
449424,0.31
449427,0.14
449462,0.19
449465,0.18
449469,0.17
449475,0.15
449476,0.31
449483,0.14
449484,0.24
449487,0.18
449492,0.21
449499,0.25
449502,0.15
449506,0.1
449508,0.12
449514,0.2
449517,0.25
449534,0.26
449540,0.2
449543,0.17
449545,0.18
449548,0.22
449555,0.13
449556,0.3
449558,0.09
449566,0.23
449574,0.23
449576,0.18
449578,0.19
449581,0.19
449586,0.24
449591,0.22
449594,0.29
449599,0.2
449606,0.19
449615,0.17
449616,0.13
449625,0.09
449633,0.21
449636,0.21
449637,0.34
449642,0.21
449683,0.23
449684,0.11
449711,0.2
449713,0.09
449716,0.29
449741,0.25
449745,0.19
449747,0.27
449756,0.13
449759,0.11
449760,0.28
449768,0.15
449773,0.27
449775,0.13
449780,0.13
449788,0.11
449792,0.16
449802,0.12
449812,0.28
449815,0.17
449818,0.24
449820,0.23
449821,0.18
449822,0.22
449831,0.15
449837,0.2
449855,0.23
449857,0.22
449865,0.12
449866,0.18
449871,0.11
449873,0.19
449874,0.12
449877,0.1
449881,0.25
449889,0.26
449893,0.1
449894,0.25
449897,0.26
449900,0.26
449910,0.18
449924,0.34
449928,0.23
449932,0.46
449942,0.15
449947,0.23
449955,0.21
449972,0.12
449984,0.29
450004,0.19
450027,0.15
450029,0.16
450035,0.15
450038,0.12
450042,0.45
450044,0.2
450060,0.18
450065,0.12
450076,0.27
450081,0.32
450083,0.2
450096,0.18
450102,0.19
450107,0.18
450109,0.18
450110,0.1
450111,0.2
450114,0.18
450117,0.17
450118,0.21
450124,0.32
450141,0.24
450145,0.14
450148,0.23
450169,0.19
450172,0.26
450173,0.16
450180,0.25
450182,0.11
450190,0.29
450200,0.21
450216,0.2
450221,0.21
450227,0.28
450229,0.21
450233,0.13
450244,0.22
450251,0.36
450260,0.16
450266,0.24
450267,0.28
450272,0.12
450280,0.13
450287,0.19
450290,0.13
450291,0.42
450303,0.15
450310,0.2
450311,0.19
450358,0.18
450373,0.21
450376,0.2
450383,0.18
450395,0.23
450398,0.32
450412,0.25
450415,0.23
450420,0.13
450421,0.32
450427,0.13
450428,0.15
450429,0.17
450433,0.21
450443,0.23
450453,0.13
450454,0.14
450458,0.19
450464,0.14
450469,0.25
450475,0.19
450478,0.23
450498,0.24
450501,0.33
450503,0.15
450513,0.31
450523,0.15
450530,0.22
450537,0.21
450543,0.2
450554,0.17
450555,0.15
450558,0.2
450568,0.18
450569,0.15
450580,0.12
450581,0.19
450588,0.19
450589,0.24
450602,0.19
450603,0.1
450621,0.22
450626,0.59
450640,0.22
450641,0.13
450644,0.27
450658,0.2
450672,0.43
450685,0.15
450687,0.34
450689,0.12
450690,0.27
450693,0.13
450699,0.15
450706,0.21
450708,0.34
450710,0.16
450716,0.23
450722,0.26
450752,0.27
450759,0.18
450763,0.19
450767,0.19
450768,0.25
450772,0.16
450778,0.2
450781,0.22
450788,0.17
450792,0.2
450817,0.17
450820,0.14
450835,0.24
450848,0.28
450853,0.34
450865,0.29
450878,0.18
450883,0.15
450885,0.18
450896,0.19
450897,0.23
450898,0.26
450904,0.18
450908,0.28
450917,0.19
450921,0.15
450923,0.22
450926,0.32
450929,0.1
450937,0.15
450963,0.15
450971,0.31
450973,0.13
450978,0.17
450982,0.22
450995,0.26
450997,0.2
451033,0.19
451035,0.18
451037,0.21
451039,0.19
451063,0.2
451079,0.16
451081,0.22
451083,0.19
451100,0.23
451101,0.12
451104,0.18
451109,0.13
451119,0.2
451124,0.12
451126,0.09
451146,0.2
451155,0.07
451156,0.19
451160,0.17
451163,0.19
451168,0.19
451175,0.24
451184,0.11
451189,0.26
451206,0.16
451208,0.09
451225,0.19
451226,0.17
451228,0.34
451230,0.26
451235,0.24
451239,0.11
451242,0.13
451247,0.26
451248,0.26
451255,0.21
451261,0.2
451270,0.2
451277,0.1
451278,0.29
451282,0.26
451283,0.18
451302,0.19
451310,0.17
451315,0.28
451328,0.23
451330,0.19
451331,0.33
451338,0.13
451342,0.24
451347,0.17
451350,0.18
451351,0.21
451354,0.1
451358,0.12
451370,0.19
451379,0.3
451383,0.15
451390,0.28
451391,0.2
451392,0.28
451412,0.26
451422,0.17
451429,0.19
451432,0.14
451437,0.16
451442,0.24
451455,0.16
451457,0.16
451464,0.2
451472,0.18
451474,0.16
451488,0.27
451512,0.19
451516,0.26
451519,0.31
451528,0.15
451531,0.25
451551,0.15
451564,0.22
451570,0.22
451571,0.23
451575,0.2
451576,0.27
451582,0.31
451586,0.18
451587,0.31
451594,0.26
451596,0.21
451600,0.14
451615,0.08
451616,0.19
451646,0.36
451648,0.18
451650,0.17
451651,0.26
451662,0.18
451675,0.19
451680,0.16
451682,0.18
451688,0.19
451691,0.2
451698,0.28
451703,0.18
451709,0.3
451714,0.28
451716,0.16
451719,0.18
451724,0.3
451726,0.21
451733,0.14
451743,0.23
451747,0.2
451756,0.2
451761,0.19
451762,0.19
451768,0.16
451785,0.14
451805,0.09
451811,0.4
451817,0.14
451823,0.25
451831,0.19
451840,0.19
451845,0.18
451852,0.26
451855,0.19
451856,0.19
451871,0.18
451873,0.22
451897,0.29
451907,0.23
451908,0.23
451919,0.29
451932,0.24
451934,0.2
451935,0.19
451936,0.27
451938,0.15
451954,0.15
451958,0.17
451976,0.25
451977,0.2
451983,0.2
452000,0.14
452023,0.16
452024,0.14
452028,0.17
452039,0.2
452043,0.16
452047,0.26
452067,0.29
452069,0.15
452071,0.14
452096,0.33
452101,0.23
452107,0.21
452108,0.12
452109,0.18
452123,0.19
452127,0.13
452131,0.25
452133,0.11
452136,0.26
452137,0.19
452142,0.18
452147,0.24
452158,0.25
452172,0.19
452190,0.26
452191,0.2
452192,0.13
452195,0.18
452209,0.21
452237,0.2
452239,0.21
452242,0.17
452246,0.15
452249,0.25
452263,0.2
452267,0.16
452273,0.3
452274,0.25
452291,0.37
452310,0.25
452319,0.25
452325,0.19
452328,0.17
452330,0.22
452332,0.18
452337,0.1
452353,0.27
452356,0.31
452368,0.23
452379,0.22
452380,0.4
452396,0.23
452398,0.23
452401,0.2
452408,0.23
452409,0.34
452414,0.28
452418,0.31
452422,0.26
452430,0.17
452432,0.15
452451,0.23
452455,0.19
452495,0.21
452497,0.3
452511,0.24
452514,0.17
452522,0.25
452529,0.21
452530,0.15
452542,0.16
452545,0.16
452558,0.18
452592,0.17
452604,0.19
452616,0.12
452619,0.21
452620,0.15
452630,0.16
452644,0.19
452658,0.2
452663,0.13
452668,0.14
452672,0.22
452679,0.16
452685,0.15
452690,0.32
452701,0.17
452702,0.24
452708,0.3
452714,0.17
452718,0.15
452731,0.21
452733,0.34
452741,0.21
452748,0.13
452750,0.12
452753,0.14
452759,0.2
452767,0.33
452768,0.43
452788,0.2
452802,0.16
452807,0.19
452819,0.19
452820,0.14
452821,0.13
452840,0.29
452851,0.19
452861,0.2
452865,0.18
452871,0.27
452882,0.24
452903,0.22
452906,0.22
452907,0.26
452914,0.18
452929,0.22
452931,0.29
452932,0.2
452948,0.12
452950,0.17
452963,0.15
452974,0.24
452982,0.31
452984,0.3
452994,0.25
452995,0.22
452998,0.17
453003,0.21
453021,0.18
453040,0.18
453042,0.19
453052,0.18
453056,0.2
453066,0.19
453067,0.16
453072,0.08
453085,0.27
453093,0.18
453094,0.19
453100,0.11
453101,0.19
453107,0.27
453110,0.16
453111,0.27
453113,0.16
453114,0.09
453124,0.18
453129,0.22
453142,0.22
453145,0.26
453152,0.13
453159,0.24
453168,0.17
453196,0.24
453212,0.22
453214,0.13
453215,0.23
453220,0.11
453230,0.27
453233,0.25
453235,0.11
453244,0.18
453248,0.25
453262,0.13
453268,0.27
453283,0.11
453284,0.2
453287,0.15
453299,0.18
453314,0.11
453322,0.21
453349,0.33
453354,0.14
453356,0.24
453359,0.25
453366,0.2
453367,0.23
453372,0.18
453378,0.3
453390,0.2
453397,0.27
453403,0.23
453406,0.36
453412,0.27
453415,0.38
453428,0.22
453431,0.18
453442,0.24
453449,0.19
453465,0.25
453473,0.25
453476,0.14
453479,0.12
453480,0.15
453481,0.23
453493,0.19
453494,0.19
453507,0.2
453509,0.13
453514,0.22
453524,0.27
453534,0.13
453538,0.2
453544,0.24
453549,0.21
453550,0.29
453551,0.16
453556,0.17
453560,0.36
453566,0.22
453569,0.3
453579,0.2
453582,0.23
453586,0.24
453618,0.18
453620,0.24
453655,0.27
453659,0.21
453668,0.09
453681,0.24
453686,0.22
453687,0.26
453704,0.13
453707,0.24
453708,0.26
453709,0.18
453715,0.2
453721,0.17
453725,0.2
453727,0.18
453747,0.28
453753,0.32
453755,0.22
453761,0.24
453763,0.11
453766,0.13
453774,0.13
453781,0.3
453790,0.23
453797,0.29
453808,0.3
453814,0.28
453836,0.21
453837,0.18
453843,0.19
453844,0.23
453871,0.09
453881,0.24
453892,0.32
453893,0.18
453894,0.18
453895,0.13
453903,0.19
453906,0.15
453918,0.12
453924,0.17
453930,0.17
453940,0.21
453944,0.19
453947,0.21
453949,0.23
453952,0.22
453959,0.2
453971,0.23
453986,0.35
453988,0.17
453989,0.32
453999,0.25
454007,0.33
454021,0.21
454023,0.29
454036,0.14
454046,0.13
454052,0.16
454066,0.2
454070,0.27
454071,0.14
454075,0.28
454080,0.12
454085,0.17
454097,0.32
454103,0.23
454105,0.2
454108,0.28
454109,0.26
454137,0.26
454150,0.19
454155,0.26
454164,0.19
454165,0.18
454170,0.24
454173,0.19
454181,0.18
454183,0.26
454188,0.28
454192,0.13
454198,0.28
454200,0.14
454209,0.1
454211,0.34
454212,0.18
454218,0.36
454220,0.21
454231,0.21
454242,0.14
454245,0.17
454261,0.22
454269,0.19
454271,0.2
454287,0.28
454293,0.24
454296,0.15
454304,0.21
454313,0.27
454315,0.36
454321,0.15
454333,0.29
454334,0.21
454345,0.18
454347,0.31
454361,0.31
454380,0.21
454382,0.27
454386,0.19
454390,0.24
454396,0.18
454398,0.29
454403,0.14
454405,0.15
454406,0.17
454412,0.17
454418,0.19
454436,0.2
454443,0.18
454449,0.17
454457,0.27
454466,0.2
454471,0.3
454476,0.34
454489,0.31
454493,0.2
454495,0.21
454497,0.14
454522,0.15
454554,0.29
454557,0.09
454560,0.13
454561,0.12
454563,0.18
454565,0.18
454566,0.19
454578,0.22
454605,0.17
454608,0.18
454612,0.22
454618,0.26
454622,0.1
454631,0.23
454638,0.21
454639,0.29
454640,0.21
454653,0.22
454663,0.17
454664,0.24
454674,0.31
454678,0.25
454680,0.23
454687,0.23
454690,0.19
454698,0.22
454700,0.21
454707,0.16
454714,0.16
454722,0.21
454723,0.19
454739,0.22
454745,0.15
454763,0.26
454765,0.1
454774,0.2
454778,0.17
454780,0.22
454781,0.25
454789,0.13
454801,0.23
454802,0.25
454835,0.19
454837,0.29
454841,0.12
454872,0.24
454878,0.26
454884,0.17
454891,0.21
454897,0.19
454908,0.29
454912,0.21
454922,0.18
454929,0.16
454935,0.16
454946,0.27
454959,0.17
454970,0.26
454991,0.12
455002,0.27
455005,0.37
455016,0.24
455021,0.19
455022,0.18
455024,0.16
455044,0.35
455050,0.19
455055,0.26
455056,0.22
455067,0.15
455069,0.21
455082,0.18
455087,0.18
455088,0.14
455112,0.19
455126,0.21
455132,0.1
455135,0.27
455148,0.15
455156,0.15
455161,0.23
455162,0.25
455164,0.35
455171,0.26
455174,0.13
455175,0.28
455184,0.31
455188,0.17
455200,0.22
455209,0.23
455212,0.26
455217,0.18
455222,0.16
455223,0.16
455228,0.2
455243,0.19
455246,0.17
455255,0.2
455262,0.3
455268,0.25
455277,0.28
455281,0.36
455296,0.22
455297,0.23
455322,0.15
455326,0.42
455327,0.32
455328,0.12
455368,0.13
455374,0.28
455377,0.15
455378,0.12
455379,0.24
455395,0.22
455424,0.2
455425,0.17
455429,0.2
455434,0.22
455436,0.24
455438,0.18
455439,0.25
455440,0.24
455441,0.19
455481,0.12
455482,0.17
455483,0.1
455484,0.16
455489,0.2
455490,0.26
455513,0.28
455515,0.19
455536,0.12
455537,0.19
455538,0.19
455539,0.29
455567,0.29
455583,0.25
455607,0.14
455636,0.31
455638,0.19
455640,0.25
455644,0.15
455645,0.22
455648,0.16
455650,0.24
455658,0.27
455694,0.16
455695,0.2
455696,0.18
455703,0.22
455742,0.15
455748,0.17
455749,0.21
455750,0.28
455751,0.21
455752,0.26
455787,0.26
455798,0.1
455802,0.23
455803,0.18
455804,0.24
455805,0.19
455829,0.12
455840,0.25
455849,0.17
455850,0.22
455852,0.24
455854,0.3
455863,0.17
455897,0.19
455902,0.19
455907,0.17
455908,0.17
455909,0.26
455940,0.19
455955,0.23
455958,0.2
455959,0.24
455960,0.14
455961,0.26
455962,0.24
455963,0.21
455965,0.19
456007,0.28
456008,0.16
456009,0.15
456010,0.2
456011,0.2
456013,0.25
456028,0.2
456058,0.21
456111,0.25
456114,0.24
456115,0.25
456116,0.18
456119,0.19
456120,0.15
456122,0.3
456123,0.12
456166,0.24
456167,0.22
456168,0.18
456169,0.19
456170,0.19
456189,0.25
456202,0.28
456221,0.18
456222,0.27
456223,0.17
456224,0.25
456250,0.24
