SK_ID_CURR,TARGET
100001,0.46
100005,0.42
100013,0.39
100028,0.4
100038,0.45
100042,0.38
100057,0.37
100065,0.26
100066,0.39
100067,0.4
100074,0.45
100090,0.34
100091,0.47
100092,0.53
100106,0.45
100107,0.4
100109,0.44
100117,0.42
100128,0.41
100141,0.38
100150,0.35
100168,0.48
100169,0.33
100170,0.36
100171,0.37
100172,0.42
100184,0.44
100187,0.4
100212,0.36
100222,0.33
100223,0.38
100232,0.34
100241,0.36
100245,0.33
100253,0.42
100256,0.35
100271,0.49
100278,0.5
100280,0.3
100306,0.48
100311,0.49
100312,0.39
100330,0.47
100331,0.27
100352,0.38
100358,0.37
100367,0.38
100382,0.35
100384,0.32
100385,0.35
100386,0.42
100399,0.34
100404,0.36
100416,0.43
100422,0.43
100426,0.4
100438,0.33
100444,0.49
100445,0.41
100446,0.39
100447,0.47
100450,0.4
100466,0.33
100483,0.39
100484,0.4
100494,0.4
100510,0.34
100512,0.43
100517,0.41
100548,0.51
100551,0.43
100552,0.39
100553,0.33
100561,0.34
100568,0.36
100569,0.43
100591,0.4
100592,0.36
100602,0.39
100607,0.37
100613,0.46
100617,0.5
100618,0.45
100622,0.29
100625,0.38
100677,0.5
100699,0.37
100702,0.53
100711,0.49
100729,0.46
100740,0.4
100744,0.43
100745,0.39
100747,0.23
100751,0.35
100752,0.42
100753,0.43
100754,0.32
100760,0.41
100762,0.41
100763,0.52
100765,0.35
100770,0.32
100772,0.37
100777,0.36
100791,0.42
100792,0.34
100797,0.34
100823,0.44
100826,0.38
100830,0.39
100836,0.36
100872,0.38
100910,0.3
100913,0.37
100918,0.39
100931,0.31
100952,0.33
100953,0.36
100965,0.49
100970,0.45
100982,0.36
100983,0.5
100984,0.34
100987,0.37
100997,0.39
100998,0.38
101002,0.46
101005,0.53
101008,0.54
101020,0.44
101021,0.39
101024,0.45
101025,0.37
101026,0.55
101031,0.39
101041,0.24
101051,0.37
101055,0.41
101056,0.41
101057,0.35
101064,0.36
101079,0.44
101087,0.36
101090,0.53
101092,0.43
101097,0.41
101099,0.41
101107,0.48
101118,0.46
101125,0.32
101126,0.43
101128,0.4
101136,0.31
101140,0.45
101149,0.3
101160,0.52
101169,0.52
101181,0.48
101186,0.43
101190,0.35
101193,0.42
101194,0.43
101198,0.45
101200,0.35
101204,0.43
101211,0.43
101213,0.42
101223,0.4
101225,0.42
101237,0.46
101243,0.45
101244,0.43
101258,0.53
101259,0.41
101268,0.54
101269,0.33
101271,0.4
101279,0.42
101281,0.52
101287,0.31
101292,0.5
101294,0.48
101296,0.56
101297,0.41
101299,0.41
101301,0.45
101305,0.44
101308,0.46
101318,0.38
101327,0.47
101329,0.36
101332,0.52
101337,0.46
101343,0.37
101345,0.29
101346,0.4
101353,0.36
101354,0.38
101355,0.36
101356,0.41
101362,0.37
101363,0.42
101365,0.4
101366,0.32
101367,0.39
101368,0.34
101374,0.38
101380,0.47
101383,0.38
101398,0.37
101399,0.42
101401,0.47
101412,0.37
101426,0.39
101427,0.38
101428,0.62
101429,0.49
101434,0.42
101440,0.36
101448,0.39
101449,0.4
101465,0.37
101467,0.41
101472,0.38
101478,0.41
101497,0.5
101504,0.45
101547,0.42
101548,0.44
101555,0.42
101570,0.37
101572,0.47
101578,0.4
101580,0.5
101588,0.45
101602,0.4
101610,0.41
101614,0.39
101616,0.34
101643,0.42
101644,0.51
101649,0.34
101650,0.44
101665,0.33
101667,0.36
101669,0.34
101674,0.44
101675,0.39
101678,0.41
101682,0.35
101686,0.43
101697,0.42
101700,0.44
101711,0.42
101714,0.39
101715,0.48
101728,0.39
101732,0.51
101757,0.51
101758,0.34
101759,0.35
101762,0.38
101764,0.32
101780,0.44
101784,0.32
101789,0.37
101816,0.5
101819,0.38
101827,0.37
101863,0.42
101867,0.45
101870,0.37
101873,0.33
101878,0.42
101879,0.48
101880,0.4
101887,0.38
101897,0.5
101901,0.38
101903,0.48
101920,0.4
101921,0.44
101922,0.37
101961,0.44
101962,0.36
101971,0.41
101976,0.36
102002,0.41
102005,0.35
102007,0.41
102017,0.46
102019,0.42
102029,0.39
102051,0.48
102052,0.33
102054,0.39
102062,0.48
102067,0.54
102068,0.5
102070,0.41
102090,0.39
102092,0.43
102099,0.48
102100,0.49
102112,0.42
102113,0.37
102122,0.44
102123,0.44
102125,0.43
102126,0.46
102146,0.4
102147,0.45
102151,0.45
102158,0.45
102159,0.32
102162,0.42
102165,0.28
102166,0.45
102174,0.38
102193,0.32
102198,0.39
102205,0.35
102206,0.37
102218,0.3
102221,0.41
102230,0.5
102238,0.37
102248,0.41
102252,0.47
102259,0.43
102262,0.46
102273,0.43
102286,0.47
102293,0.4
102294,0.33
102296,0.42
102298,0.44
102303,0.43
102309,0.43
102315,0.32
102340,0.48
102342,0.4
102344,0.48
102346,0.38
102347,0.56
102374,0.48
102380,0.48
102387,0.29
102393,0.36
102403,0.37
102413,0.42
102414,0.44
102415,0.41
102416,0.34
102439,0.45
102441,0.33
102443,0.35
102444,0.48
102445,0.41
102448,0.3
102449,0.48
102450,0.46
102456,0.29
102458,0.39
102459,0.36
102465,0.41
102470,0.42
102471,0.31
102475,0.31
102476,0.5
102506,0.35
102509,0.5
102519,0.41
102522,0.35
102545,0.4
102549,0.36
102562,0.4
102563,0.42
102568,0.47
102582,0.45
102592,0.4
102597,0.42
102605,0.42
102614,0.46
102617,0.44
102634,0.35
102652,0.38
102655,0.32
102671,0.41
102694,0.45
102701,0.39
102703,0.29
102704,0.39
102713,0.34
102720,0.48
102731,0.34
102733,0.33
102749,0.46
102755,0.47
102763,0.41
102770,0.28
102772,0.3
102799,0.5
102838,0.41
102854,0.51
102862,0.42
102863,0.48
102867,0.44
102868,0.38
102878,0.37
102887,0.34
102898,0.54
102904,0.32
102912,0.44
102919,0.43
102927,0.39
102932,0.44
102933,0.27
102935,0.46
102958,0.47
102969,0.46
102971,0.4
102975,0.41
102979,0.39
102982,0.35
102987,0.44
102989,0.35
102995,0.45
102996,0.41
103000,0.44
103001,0.43
103004,0.44
103010,0.33
103025,0.44
103029,0.31
103046,0.42
103056,0.46
103062,0.36
103078,0.32
103083,0.45
103092,0.43
103096,0.34
103097,0.32
103102,0.41
103112,0.31
103132,0.46
103144,0.4
103145,0.4
103146,0.35
103147,0.43
103158,0.38
103171,0.44
103173,0.34
103184,0.43
103195,0.45
103196,0.4
103206,0.38
103230,0.46
103231,0.4
103232,0.33
103239,0.38
103240,0.37
103243,0.35
103252,0.39
103258,0.31
103259,0.41
103279,0.41
103280,0.4
103286,0.39
103287,0.35
103290,0.37
103298,0.41
103315,0.39
103319,0.38
103334,0.38
103336,0.45
103345,0.4
103368,0.39
103371,0.45
103377,0.38
103398,0.42
103404,0.4
103408,0.47
103410,0.31
103418,0.42
103420,0.42
103432,0.44
103433,0.44
103436,0.46
103440,0.43
103453,0.4
103459,0.37
103460,0.49
103461,0.37
103462,0.41
103473,0.37
103474,0.33
103475,0.44
103478,0.39
103480,0.42
103484,0.38
103494,0.34
103513,0.34
103515,0.46
103516,0.37
103525,0.43
103541,0.47
103544,0.35
103562,0.48
103570,0.44
103572,0.53
103574,0.39
103575,0.46
103591,0.51
103594,0.48
103609,0.36
103613,0.36
103614,0.38
103615,0.43
103624,0.37
103625,0.47
103628,0.41
103629,0.36
103647,0.42
103648,0.36
103651,0.33
103658,0.41
103668,0.38
103669,0.32
103676,0.44
103682,0.4
103683,0.5
103689,0.38
103725,0.43
103733,0.44
103744,0.38
103762,0.42
103771,0.47
103773,0.43
103783,0.31
103784,0.36
103808,0.45
103812,0.52
103813,0.46
103814,0.37
103818,0.39
103824,0.41
103828,0.4
103830,0.46
103840,0.36
103842,0.27
103847,0.49
103848,0.44
103851,0.33
103854,0.32
103857,0.36
103861,0.37
103862,0.45
103865,0.51
103870,0.41
103876,0.47
103891,0.48
103908,0.37
103914,0.49
103918,0.45
103940,0.36
103963,0.48
103966,0.44
103971,0.42
103980,0.35
103984,0.54
103985,0.37
103998,0.45
104019,0.41
104026,0.46
104035,0.5
104044,0.29
104045,0.33
104047,0.43
104051,0.5
104058,0.46
104063,0.43
104066,0.48
104087,0.34
104089,0.38
104095,0.35
104098,0.45
104104,0.33
104110,0.37
104120,0.44
104122,0.35
104131,0.38
104132,0.35
104135,0.36
104136,0.45
104149,0.28
104150,0.45
104156,0.44
104165,0.44
104175,0.37
104179,0.44
104184,0.41
104206,0.45
104216,0.53
104230,0.4
104257,0.44
104272,0.4
104273,0.43
104278,0.42
104294,0.31
104295,0.3
104297,0.3
104298,0.35
104308,0.39
104318,0.3
104319,0.47
104320,0.39
104327,0.41
104334,0.33
104344,0.47
104350,0.4
104351,0.42
104354,0.42
104369,0.35
104376,0.39
104381,0.38
104384,0.4
104391,0.44
104394,0.38
104398,0.35
104402,0.36
104408,0.47
104409,0.42
104410,0.48
104412,0.35
104417,0.46
104424,0.47
104426,0.44
104435,0.55
104445,0.32
104458,0.48
104460,0.48
104466,0.35
104472,0.39
104473,0.49
104479,0.39
104480,0.34
104482,0.51
104499,0.4
104501,0.34
104502,0.29
104506,0.36
104510,0.34
104512,0.44
104520,0.42
104528,0.51
104529,0.4
104541,0.38
104578,0.54
104584,0.39
104588,0.39
104602,0.42
104610,0.45
104611,0.29
104618,0.41
104620,0.41
104622,0.36
104624,0.41
104625,0.43
104634,0.36
104639,0.42
104646,0.47
104647,0.3
104652,0.31
104670,0.39
104677,0.34
104685,0.48
104691,0.44
104696,0.41
104699,0.42
104712,0.41
104714,0.4
104717,0.41
104718,0.39
104740,0.42
104741,0.36
104743,0.31
104744,0.37
104747,0.38
104767,0.3
104772,0.42
104776,0.46
104779,0.36
104814,0.35
104815,0.26
104830,0.35
104831,0.45
104833,0.42
104839,0.41
104840,0.36
104860,0.38
104861,0.4
104866,0.4
104870,0.4
104877,0.45
104878,0.41
104879,0.4
104880,0.45
104899,0.39
104906,0.43
104907,0.41
104913,0.52
104916,0.4
104921,0.5
104930,0.48
104931,0.47
104936,0.36
104937,0.36
104942,0.52
104943,0.5
104969,0.55
104972,0.4
104988,0.4
105013,0.42
105015,0.48
105019,0.52
105027,0.4
105030,0.5
105035,0.46
105041,0.38
105051,0.32
105056,0.53
105067,0.53
105071,0.27
105072,0.4
105074,0.38
105091,0.37
105101,0.43
105103,0.39
105134,0.44
105139,0.34
105142,0.41
105146,0.43
105163,0.31
105168,0.42
105172,0.41
105176,0.53
105195,0.37
105196,0.55
105197,0.44
105203,0.34
105223,0.41
105227,0.5
105228,0.46
105230,0.43
105231,0.48
105239,0.36
105242,0.39
105244,0.6
105245,0.44
105248,0.36
105249,0.39
105266,0.42
105271,0.45
105276,0.44
105282,0.38
105292,0.4
105297,0.32
105332,0.35
105333,0.34
105343,0.45
105344,0.47
105345,0.31
105357,0.33
105359,0.39
105366,0.35
105367,0.35
105370,0.38
105377,0.32
105390,0.4
105399,0.33
105403,0.39
105404,0.41
105414,0.35
105417,0.4
105425,0.42
105452,0.5
105454,0.48
105456,0.34
105470,0.43
105471,0.48
105483,0.4
105493,0.54
105508,0.43
105514,0.37
105515,0.36
105528,0.43
105529,0.5
105531,0.4
105532,0.36
105558,0.44
105574,0.42
105578,0.38
105584,0.4
105595,0.35
105617,0.5
105618,0.46
105621,0.34
105625,0.45
105629,0.33
105630,0.52
105634,0.39
105635,0.37
105641,0.32
105647,0.39
105648,0.33
105655,0.44
105657,0.45
105672,0.41
105678,0.42
105682,0.41
105691,0.42
105692,0.42
105706,0.41
105712,0.47
105720,0.34
105734,0.34
105735,0.47
105736,0.44
105737,0.41
105738,0.41
105740,0.4
105744,0.47
105747,0.48
105749,0.42
105754,0.43
105758,0.52
105760,0.41
105767,0.52
105784,0.41
105791,0.42
105802,0.45
105807,0.42
105809,0.42
105816,0.42
105817,0.38
105824,0.48
105832,0.36
105856,0.4
105865,0.5
105899,0.47
105906,0.4
105916,0.43
105923,0.49
105937,0.39
105965,0.36
105966,0.37
105968,0.37
105973,0.37
105976,0.41
105978,0.38
105979,0.4
105991,0.4
105998,0.47
105999,0.42
106000,0.52
106001,0.39
106010,0.42
106011,0.34
106013,0.36
106015,0.46
106026,0.46
106032,0.5
106035,0.46
106040,0.39
106041,0.48
106044,0.37
106053,0.51
106054,0.4
106065,0.46
106081,0.5
106083,0.41
106087,0.46
106090,0.47
106101,0.36
106102,0.32
106109,0.35
106116,0.39
106150,0.4
106155,0.54
106166,0.38
106176,0.3
106189,0.34
106199,0.44
106205,0.35
106206,0.47
106211,0.25
106214,0.4
106216,0.35
106217,0.36
106225,0.33
106249,0.46
106256,0.46
106258,0.41
106261,0.34
106262,0.42
106264,0.34
106271,0.43
106276,0.42
106277,0.39
106286,0.45
106293,0.39
106295,0.42
106296,0.37
106297,0.41
106298,0.37
106311,0.35
106314,0.45
106320,0.42
106334,0.39
106346,0.39
106347,0.44
106349,0.42
106354,0.35
106360,0.43
106373,0.35
106377,0.42
106386,0.42
106387,0.43
106391,0.37
106401,0.38
106411,0.46
106413,0.45
106426,0.36
106427,0.48
106428,0.49
106434,0.35
106438,0.38
106440,0.37
106441,0.28
106452,0.36
106453,0.44
106454,0.35
106457,0.46
106484,0.41
106488,0.45
106491,0.49
106514,0.32
106527,0.39
106528,0.4
106529,0.35
106534,0.38
106550,0.39
106577,0.41
106585,0.36
106590,0.41
106607,0.51
106610,0.36
106611,0.48
106612,0.28
106624,0.36
106631,0.3
106647,0.42
106660,0.44
106674,0.37
106687,0.45
106712,0.37
106713,0.53
106717,0.36
106720,0.28
106721,0.53
106724,0.35
106735,0.35
106739,0.42
106740,0.44
106754,0.34
106760,0.47
106761,0.32
106784,0.37
106787,0.47
106797,0.36
106798,0.47
106802,0.52
106803,0.45
106804,0.47
106805,0.3
106810,0.44
106812,0.48
106813,0.45
106817,0.36
106822,0.37
106823,0.32
106827,0.47
106841,0.38
106851,0.46
106852,0.43
106853,0.35
106854,0.4
106861,0.41
106873,0.41
106877,0.34
106878,0.42
106881,0.34
106900,0.36
106906,0.49
106907,0.42
106914,0.35
106916,0.41
106924,0.41
106931,0.45
106936,0.47
106937,0.33
106938,0.38
106939,0.38
106943,0.39
106944,0.38
106967,0.44
106980,0.41
106986,0.45
106987,0.36
106990,0.34
107013,0.43
107023,0.34
107033,0.46
107037,0.35
107048,0.32
107071,0.38
107081,0.36
107113,0.41
107130,0.37
107131,0.45
107145,0.41
107156,0.51
107219,0.44
107222,0.37
107223,0.34
107232,0.45
107245,0.4
107246,0.4
107247,0.46
107256,0.37
107259,0.4
107260,0.42
107279,0.36
107280,0.54
107281,0.38
107285,0.44
107329,0.3
107337,0.41
107349,0.47
107350,0.44
107351,0.4
107359,0.41
107391,0.47
107394,0.39
107395,0.42
107406,0.42
107416,0.4
107417,0.53
107418,0.52
107419,0.45
107444,0.4
107445,0.35
107446,0.4
107460,0.47
107470,0.45
107475,0.49
107520,0.42
107526,0.48
107527,0.43
107530,0.39
107532,0.45
107534,0.42
107535,0.49
107554,0.45
107556,0.36
107559,0.48
107561,0.42
107564,0.35
107566,0.35
107571,0.4
107590,0.46
107602,0.37
107625,0.36
107626,0.45
107635,0.44
107636,0.42
107645,0.33
107652,0.5
107655,0.46
107668,0.4
107670,0.41
107677,0.37
107680,0.4
107683,0.43
107684,0.52
107691,0.43
107692,0.41
107703,0.45
107709,0.38
107710,0.41
107721,0.42
107725,0.45
107727,0.35
107739,0.39
107740,0.35
107741,0.39
107747,0.43
107765,0.45
107768,0.48
107775,0.39
107782,0.41
107790,0.39
107801,0.4
107807,0.41
107811,0.35
107817,0.38
107826,0.35
107838,0.54
107839,0.36
107843,0.44
107847,0.41
107849,0.32
107850,0.49
107867,0.38
107871,0.4
107908,0.38
107913,0.48
107927,0.44
107931,0.53
107955,0.39
107962,0.31
107977,0.45
107978,0.44
107993,0.42
108010,0.39
108016,0.4
108018,0.55
108027,0.45
108045,0.47
108069,0.36
108082,0.34
108089,0.39
108092,0.47
108106,0.34
108112,0.45
108120,0.32
108122,0.37
108135,0.39
108170,0.46
108171,0.48
108177,0.35
108180,0.39
108183,0.4
108184,0.25
108185,0.46
108192,0.42
108195,0.34
108196,0.45
108218,0.38
108219,0.42
108243,0.41
108249,0.31
108251,0.39
108274,0.35
108280,0.54
108289,0.35
108292,0.46
108295,0.35
108327,0.42
108332,0.38
108346,0.41
108349,0.4
108353,0.4
108362,0.59
108363,0.53
108377,0.52
108378,0.51
108381,0.43
108383,0.47
108390,0.37
108407,0.48
108408,0.34
108411,0.35
108412,0.45
108419,0.43
108436,0.45
108437,0.43
108438,0.46
108441,0.38
108448,0.39
108449,0.45
108466,0.36
108467,0.37
108473,0.42
108474,0.34
108476,0.31
108479,0.33
108486,0.37
108493,0.43
108501,0.43
108506,0.44
108510,0.42
108511,0.41
108514,0.39
108517,0.36
108519,0.31
108522,0.37
108548,0.43
108554,0.39
108555,0.35
108559,0.39
108562,0.41
108571,0.37
108572,0.44
108579,0.34
108583,0.35
108584,0.46
108592,0.44
108602,0.37
108609,0.52
108613,0.58
108616,0.44
108618,0.49
108620,0.49
108643,0.4
108649,0.33
108654,0.43
108655,0.43
108656,0.36
108667,0.4
108668,0.39
108682,0.47
108690,0.36
108691,0.4
108692,0.36
108695,0.4
108699,0.41
108710,0.4
108718,0.49
108739,0.44
108740,0.4
108741,0.33
108742,0.47
108763,0.31
108767,0.48
108769,0.35
108779,0.47
108788,0.33
108801,0.47
108802,0.45
108810,0.35
108811,0.34
108813,0.34
108814,0.39
108825,0.4
108826,0.39
108830,0.45
108834,0.37
108852,0.42
108887,0.35
108901,0.39
108908,0.34
108910,0.38
108920,0.54
108922,0.38
108929,0.42
108930,0.35
108937,0.47
108938,0.44
108943,0.4
108948,0.29
108953,0.41
108956,0.39
108965,0.4
108985,0.53
108986,0.51
108987,0.44
108990,0.34
108991,0.43
108993,0.44
109000,0.51
109001,0.39
109012,0.44
109014,0.4
109015,0.4
109021,0.3
109037,0.53
109042,0.47
109044,0.42
109046,0.56
109064,0.26
109084,0.47
109086,0.41
109092,0.37
109093,0.46
109100,0.47
109101,0.39
109110,0.35
109114,0.33
109126,0.42
109152,0.37
109162,0.42
109167,0.39
109168,0.44
109169,0.37
109179,0.47
109184,0.34
109191,0.4
109192,0.48
109193,0.39
109196,0.29
109206,0.45
109210,0.34
109244,0.41
109249,0.42
109273,0.48
109276,0.49
109281,0.36
109287,0.43
109297,0.4
109298,0.35
109306,0.4
109309,0.5
109321,0.51
109328,0.38
109336,0.36
109342,0.46
109346,0.33
109347,0.41
109348,0.49
109362,0.43
109363,0.39
109367,0.28
109370,0.34
109393,0.35
109405,0.48
109413,0.4
109414,0.32
109421,0.45
109427,0.44
109428,0.35
109429,0.43
109437,0.45
109443,0.42
109461,0.45
109468,0.35
109469,0.47
109471,0.42
109479,0.52
109484,0.38
109501,0.42
109505,0.44
109535,0.35
109539,0.35
109544,0.34
109545,0.35
109551,0.48
109553,0.36
109555,0.4
109561,0.52
109580,0.43
109583,0.43
109593,0.5
109604,0.43
109620,0.39
109635,0.49
109637,0.41
109638,0.39
109642,0.48
109649,0.45
109652,0.43
109656,0.44
109663,0.34
109696,0.45
109700,0.45
109709,0.35
109735,0.36
109740,0.42
109741,0.35
109749,0.39
109764,0.35
109771,0.38
109772,0.35
109773,0.48
109798,0.45
109802,0.5
109804,0.37
109813,0.43
109818,0.4
109848,0.42
109850,0.43
109851,0.45
109855,0.37
109871,0.43
109877,0.44
109883,0.38
109886,0.39
109905,0.4
109936,0.58
109950,0.4
109958,0.39
109959,0.46
109969,0.46
109971,0.32
109984,0.35
109985,0.41
109988,0.34
109992,0.39
110005,0.5
110009,0.29
110011,0.37
110014,0.44
110026,0.4
110042,0.41
110058,0.35
110069,0.38
110080,0.32
110087,0.44
110091,0.43
110094,0.51
110098,0.41
110105,0.32
110117,0.45
110136,0.48
110138,0.39
110149,0.37
110164,0.49
110202,0.42
110212,0.4
110226,0.38
110236,0.39
110249,0.37
110257,0.44
110258,0.4
110277,0.37
110282,0.41
110284,0.34
110286,0.42
110289,0.43
110304,0.5
110319,0.4
110324,0.39
110326,0.36
110335,0.33
110337,0.45
110338,0.4
110343,0.41
110345,0.33
110347,0.51
110355,0.42
110359,0.4
110360,0.36
110364,0.41
110371,0.4
110372,0.42
110376,0.41
110379,0.41
110380,0.45
110393,0.44
110401,0.47
110406,0.34
110411,0.41
110416,0.4
110420,0.42
110443,0.5
110465,0.42
110468,0.43
110469,0.39
110471,0.4
110487,0.46
110491,0.44
110504,0.51
110547,0.32
110550,0.44
110559,0.4
110578,0.35
110582,0.41
110590,0.32
110598,0.49
110601,0.37
110602,0.42
110604,0.46
110625,0.49
110626,0.39
110636,0.43
110637,0.4
110638,0.35
110646,0.39
110648,0.43
110652,0.48
110681,0.45
110682,0.36
110687,0.43
110691,0.38
110694,0.33
110695,0.32
110696,0.54
110708,0.31
110710,0.38
110717,0.45
110730,0.45
110740,0.37
110742,0.42
110747,0.35
110761,0.36
110766,0.29
110769,0.4
110774,0.46
110803,0.4
110805,0.44
110809,0.4
110827,0.46
110832,0.26
110839,0.47
110859,0.43
110861,0.42
110863,0.41
110865,0.41
110881,0.41
110889,0.42
110891,0.49
110894,0.39
110895,0.42
110907,0.35
110914,0.47
110933,0.38
110934,0.4
110937,0.41
110953,0.44
110954,0.33
110958,0.45
110970,0.42
110974,0.37
110977,0.29
110989,0.42
110993,0.35
110994,0.42
111018,0.39
111019,0.39
111030,0.38
111032,0.35
111041,0.39
111045,0.36
111048,0.39
111052,0.45
111070,0.46
111084,0.43
111091,0.4
111104,0.37
111108,0.4
111112,0.38
111127,0.34
111142,0.44
111146,0.42
111165,0.47
111168,0.41
111169,0.38
111172,0.44
111173,0.42
111174,0.29
111175,0.44
111176,0.43
111177,0.36
111180,0.42
111182,0.41
111192,0.48
111194,0.51
111196,0.42
111197,0.36
111198,0.44
111205,0.39
111207,0.29
111222,0.33
111228,0.42
111233,0.35
111256,0.44
111258,0.28
111262,0.45
111263,0.49
111267,0.38
111269,0.37
111276,0.52
111277,0.38
111279,0.4
111290,0.33
111294,0.35
111295,0.45
111315,0.52
111318,0.4
111327,0.36
111328,0.34
111332,0.34
111338,0.39
111343,0.48
111344,0.45
111345,0.48
111347,0.34
111356,0.4
111359,0.43
111367,0.39
111368,0.42
111391,0.34
111408,0.32
111412,0.41
111419,0.55
111422,0.37
111423,0.44
111439,0.48
111452,0.47
111456,0.47
111467,0.39
111478,0.38
111482,0.4
111488,0.37
111503,0.42
111510,0.35
111512,0.45
111518,0.31
111532,0.35
111537,0.3
111541,0.38
111544,0.47
111550,0.34
111554,0.44
111560,0.44
111566,0.47
111567,0.46
111592,0.41
111618,0.39
111620,0.57
111627,0.44
111641,0.5
111646,0.44
111652,0.4
111657,0.31
111664,0.38
111665,0.3
111669,0.48
111673,0.51
111687,0.35
111688,0.34
111689,0.41
111694,0.47
111695,0.39
111698,0.38
111703,0.38
111709,0.41
111712,0.27
111715,0.37
111724,0.29
111730,0.47
111747,0.41
111760,0.45
111761,0.44
111763,0.42
111776,0.35
111777,0.48
111781,0.35
111793,0.37
111804,0.39
111810,0.49
111816,0.36
111818,0.42
111830,0.52
111832,0.39
111841,0.41
111842,0.41
111843,0.44
111846,0.46
111848,0.39
111856,0.38
111857,0.35
111877,0.28
111882,0.38
111883,0.33
111891,0.41
111893,0.39
111901,0.38
111912,0.38
111913,0.39
111955,0.4
111958,0.42
111960,0.47
111967,0.34
112000,0.34
112003,0.35
112015,0.44
112019,0.51
112020,0.46
112028,0.5
112029,0.46
112031,0.49
112039,0.31
112042,0.37
112049,0.35
112052,0.43
112054,0.34
112055,0.4
112063,0.42
112070,0.53
112071,0.42
112080,0.32
112083,0.37
112085,0.41
112089,0.41
112098,0.52
112100,0.41
112105,0.5
112124,0.36
112126,0.36
112127,0.34
112128,0.43
112148,0.41
112149,0.48
112165,0.45
112170,0.35
112171,0.44
112176,0.56
112186,0.37
112199,0.42
112203,0.41
112214,0.34
112215,0.41
112216,0.37
112224,0.45
112225,0.41
112231,0.49
112234,0.47
112235,0.39
112236,0.44
112254,0.47
112265,0.4
112271,0.34
112284,0.42
112287,0.45
112295,0.39
112303,0.4
112307,0.47
112310,0.35
112312,0.39
112313,0.33
112326,0.44
112333,0.42
112334,0.28
112339,0.39
112347,0.43
112350,0.49
112356,0.45
112357,0.31
112359,0.4
112360,0.47
112371,0.37
112385,0.35
112392,0.41
112401,0.48
112405,0.4
112414,0.45
112429,0.34
112448,0.53
112467,0.34
112468,0.39
112469,0.41
112491,0.43
112500,0.38
112510,0.42
112535,0.37
112537,0.43
112551,0.4
112552,0.35
112556,0.45
112577,0.36
112590,0.53
112593,0.41
112596,0.44
112601,0.36
112604,0.42
112622,0.31
112655,0.42
112663,0.33
112667,0.31
112670,0.27
112676,0.33
112677,0.37
112679,0.43
112683,0.49
112688,0.38
112692,0.52
112696,0.44
112702,0.39
112709,0.34
112720,0.46
112735,0.46
112738,0.5
112742,0.37
112748,0.38
112749,0.39
112766,0.3
112767,0.38
112769,0.44
112771,0.43
112775,0.44
112794,0.42
112795,0.39
112796,0.41
112815,0.41
112817,0.43
112821,0.44
112822,0.43
112829,0.48
112831,0.49
112835,0.39
112838,0.46
112842,0.47
112844,0.49
112845,0.35
112846,0.39
112847,0.32
112867,0.37
112868,0.46
112874,0.43
112879,0.35
112882,0.48
112886,0.43
112895,0.39
112896,0.46
112902,0.4
112904,0.43
112917,0.53
112932,0.48
112944,0.38
112946,0.39
112947,0.43
112948,0.32
112966,0.36
112967,0.43
112971,0.53
112973,0.39
112974,0.43
112978,0.38
112988,0.42
112992,0.44
113003,0.46
113004,0.43
113007,0.57
113020,0.33
113025,0.37
113032,0.3
113042,0.37
113047,0.47
113066,0.36
113067,0.44
113071,0.41
113087,0.44
113108,0.29
113109,0.37
113123,0.38
113128,0.6
113134,0.49
113151,0.42
113175,0.42
113181,0.37
113188,0.48
113191,0.37
113193,0.34
113201,0.44
113209,0.42
113222,0.35
113248,0.42
113272,0.45
113276,0.36
113287,0.38
113302,0.51
113308,0.35
113316,0.45
113318,0.33
113320,0.44
113322,0.48
113325,0.47
113326,0.48
113332,0.43
113346,0.4
113352,0.27
113361,0.4
113362,0.37
113365,0.43
113366,0.45
113368,0.49
113382,0.44
113385,0.41
113390,0.34
113391,0.5
113393,0.39
113396,0.37
113397,0.42
113402,0.51
113403,0.47
113405,0.36
113406,0.4
113410,0.46
113413,0.28
113418,0.37
113419,0.4
113435,0.47
113438,0.43
113447,0.41
113458,0.42
113466,0.32
113475,0.38
113482,0.43
113490,0.37
113505,0.43
113508,0.25
113520,0.37
113532,0.35
113535,0.34
113549,0.37
113557,0.41
113558,0.34
113561,0.31
113566,0.32
113569,0.34
113574,0.39
113576,0.46
113577,0.42
113585,0.29
113587,0.41
113599,0.47
113601,0.3
113602,0.48
113605,0.5
113609,0.38
113611,0.44
113616,0.29
113627,0.46
113631,0.44
113643,0.43
113652,0.32
113657,0.43
113659,0.42
113672,0.53
113680,0.34
113692,0.52
113694,0.44
113695,0.55
113701,0.48
113733,0.4
113738,0.32
113740,0.41
113742,0.43
113777,0.41
113783,0.42
113788,0.4
113789,0.4
113791,0.39
113795,0.42
113799,0.36
113805,0.48
113820,0.44
113822,0.37
113824,0.52
113829,0.5
113832,0.5
113833,0.38
113841,0.32
113849,0.37
113862,0.39
113863,0.41
113864,0.47
113870,0.34
113875,0.51
113882,0.44
113887,0.45
113894,0.47
113909,0.38
113930,0.44
113936,0.33
113939,0.4
113942,0.51
113943,0.49
113945,0.5
113947,0.37
113950,0.29
113951,0.47
113957,0.36
113966,0.45
113967,0.56
113977,0.46
113984,0.41
113986,0.43
113992,0.38
113998,0.4
113999,0.44
114003,0.38
114010,0.37
114011,0.4
114032,0.33
114047,0.45
114055,0.39
114056,0.43
114064,0.36
114065,0.4
114067,0.47
114068,0.33
114075,0.47
114076,0.29
114077,0.35
114094,0.4
114095,0.37
114109,0.45
114114,0.43
114116,0.38
114127,0.4
114158,0.45
114168,0.48
114169,0.43
114171,0.44
114180,0.46
114193,0.44
114198,0.44
114201,0.28
114202,0.51
114207,0.38
114210,0.42
114221,0.39
114222,0.33
114227,0.42
114250,0.35
114253,0.42
114265,0.41
114267,0.42
114273,0.44
114280,0.37
114281,0.32
114283,0.39
114291,0.42
114310,0.41
114316,0.34
114326,0.31
114327,0.35
114339,0.35
114352,0.42
114359,0.49
114360,0.49
114382,0.39
114396,0.46
114397,0.39
114415,0.39
114425,0.35
114434,0.52
114456,0.42
114463,0.35
114469,0.46
114476,0.38
114480,0.4
114482,0.41
114492,0.49
114493,0.44
114501,0.4
114506,0.53
114510,0.4
114515,0.4
114524,0.51
114545,0.42
114546,0.32
114560,0.42
114562,0.37
114563,0.39
114566,0.34
114599,0.44
114601,0.32
114607,0.34
114612,0.42
114622,0.49
114625,0.5
114634,0.43
114635,0.43
114641,0.4
114644,0.49
114645,0.49
114651,0.31
114653,0.47
114654,0.39
114667,0.33
114668,0.51
114670,0.37
114686,0.44
114688,0.55
114690,0.44
114691,0.39
114700,0.34
114706,0.34
114740,0.49
114741,0.33
114755,0.37
114757,0.41
114767,0.32
114772,0.52
114780,0.39
114782,0.42
114791,0.4
114815,0.54
114823,0.35
114835,0.36
114838,0.41
114840,0.34
114842,0.49
114844,0.38
114850,0.46
114853,0.41
114856,0.43
114857,0.46
114858,0.39
114864,0.41
114871,0.45
114875,0.37
114879,0.31
114893,0.48
114912,0.41
114922,0.45
114930,0.37
114945,0.37
114951,0.37
114958,0.36
114962,0.29
114976,0.49
114978,0.54
114987,0.4
115002,0.39
115005,0.41
115023,0.38
115030,0.47
115033,0.41
115034,0.43
115038,0.38
115046,0.38
115049,0.36
115055,0.36
115059,0.31
115076,0.36
115078,0.45
115081,0.53
115085,0.38
115096,0.28
115101,0.46
115114,0.37
115119,0.39
115121,0.36
115122,0.4
115144,0.34
115147,0.44
115151,0.39
115172,0.39
115175,0.44
115183,0.31
115185,0.36
115197,0.49
115200,0.46
115207,0.49
115217,0.42
115230,0.47
115237,0.39
115246,0.34
115251,0.36
115269,0.41
115290,0.32
115299,0.43
115309,0.43
115310,0.47
115311,0.43
115312,0.4
115323,0.42
115324,0.3
115341,0.43
115342,0.36
115343,0.46
115350,0.45
115354,0.41
115360,0.35
115368,0.42
115373,0.38
115396,0.45
115400,0.42
115401,0.41
115404,0.45
115405,0.44
115406,0.36
115407,0.36
115412,0.48
115413,0.48
115415,0.4
115423,0.28
115427,0.36
115428,0.39
115439,0.39
115440,0.41
115447,0.4
115450,0.43
115457,0.46
115459,0.47
115463,0.48
115473,0.44
115477,0.46
115479,0.38
115480,0.43
115481,0.33
115485,0.3
115489,0.43
115495,0.34
115500,0.44
115521,0.37
115572,0.38
115580,0.4
115582,0.51
115586,0.38
115587,0.37
115588,0.48
115591,0.43
115592,0.42
115618,0.31
115619,0.45
115621,0.48
115632,0.44
115646,0.45
115658,0.31
115671,0.35
115680,0.34
115686,0.38
115688,0.38
115705,0.49
115707,0.39
115708,0.48
115726,0.44
115759,0.39
115773,0.28
115777,0.31
115778,0.36
115781,0.35
115801,0.43
115804,0.27
115810,0.33
115812,0.4
115820,0.4
115827,0.44
115831,0.44
115841,0.36
115846,0.29
115852,0.35
115857,0.35
115858,0.43
115860,0.38
115865,0.34
115867,0.44
115869,0.48
115877,0.4
115904,0.45
115913,0.36
115916,0.44
115928,0.31
115932,0.28
115933,0.34
115937,0.4
115938,0.4
115957,0.38
115958,0.38
115969,0.39
115980,0.43
115984,0.43
116006,0.42
116007,0.32
116008,0.4
116009,0.4
116011,0.42
116012,0.43
116015,0.45
116025,0.41
116047,0.36
116052,0.33
116068,0.28
116077,0.41
116084,0.33
116089,0.46
116093,0.37
116097,0.36
116102,0.42
116118,0.43
116119,0.33
116125,0.44
116128,0.37
116135,0.41
116140,0.43
116141,0.48
116142,0.42
116153,0.38
116156,0.37
116157,0.34
116167,0.32
116168,0.45
116175,0.4
116187,0.37
116189,0.43
116191,0.54
116201,0.4
116210,0.36
116213,0.51
116215,0.45
116223,0.39
116226,0.42
116228,0.32
116241,0.37
116247,0.42
116266,0.42
116276,0.33
116287,0.41
116289,0.42
116292,0.45
116306,0.41
116309,0.34
116312,0.3
116313,0.5
116335,0.36
116342,0.41
116348,0.34
116367,0.33
116380,0.48
116383,0.39
116389,0.47
116395,0.39
116397,0.46
116398,0.49
116402,0.34
116404,0.48
116406,0.38
116424,0.38
116428,0.33
116436,0.47
116440,0.43
116448,0.43
116458,0.38
116466,0.41
116469,0.41
116473,0.29
116474,0.3
116479,0.32
116480,0.35
116491,0.37
116493,0.4
116505,0.49
116511,0.38
116525,0.4
116535,0.38
116544,0.38
116546,0.35
116562,0.35
116565,0.46
116578,0.37
116579,0.44
116580,0.51
116582,0.38
116584,0.42
116586,0.35
116596,0.42
116597,0.43
116598,0.42
116604,0.38
116608,0.46
116609,0.36
116613,0.56
116614,0.38
116615,0.39
116633,0.39
116637,0.42
116643,0.34
116647,0.43
116656,0.43
116659,0.44
116662,0.35
116676,0.35
116680,0.33
116681,0.4
116683,0.36
116684,0.36
116712,0.29
116720,0.38
116726,0.42
116729,0.36
116737,0.31
116745,0.43
116747,0.36
116766,0.38
116781,0.44
116783,0.38
116787,0.28
116788,0.35
116789,0.43
116801,0.5
116803,0.35
116804,0.43
116806,0.36
116815,0.46
116817,0.51
116825,0.46
116828,0.42
116829,0.5
116853,0.33
116854,0.42
116859,0.37
116860,0.42
116865,0.35
116872,0.44
116880,0.37
116882,0.49
116893,0.43
116896,0.44
116906,0.39
116908,0.38
116925,0.39
116926,0.44
116948,0.47
116949,0.4
116955,0.33
116964,0.46
116974,0.38
116976,0.46
116990,0.36
116993,0.31
116994,0.4
116997,0.37
117003,0.26
117007,0.4
117011,0.42
117012,0.24
117019,0.39
117021,0.32
117030,0.39
117036,0.29
117043,0.41
117054,0.33
117070,0.34
117077,0.36
117087,0.31
117093,0.45
117105,0.42
117112,0.34
117129,0.44
117135,0.38
117138,0.42
117142,0.37
117148,0.37
117157,0.35
117170,0.44
117171,0.38
117172,0.31
117178,0.38
117186,0.39
117187,0.38
117193,0.25
117194,0.43
117199,0.37
117207,0.37
117211,0.45
117216,0.37
117217,0.46
117218,0.4
117219,0.41
117224,0.44
117225,0.4
117239,0.35
117242,0.32
117249,0.3
117255,0.47
117257,0.51
117272,0.31
117284,0.33
117287,0.37
117293,0.31
117298,0.44
117299,0.36
117307,0.29
117321,0.39
117323,0.37
117326,0.38
117327,0.51
117341,0.47
117350,0.36
117362,0.45
117375,0.4
117391,0.45
117392,0.39
117396,0.38
117399,0.47
117400,0.39
117402,0.44
117406,0.45
117417,0.41
117418,0.52
117425,0.44
117428,0.39
117443,0.46
117448,0.56
117449,0.43
117450,0.43
117463,0.45
117467,0.52
117478,0.37
117480,0.42
117483,0.46
117484,0.37
117495,0.38
117498,0.28
117501,0.34
117503,0.37
117520,0.43
117524,0.38
117525,0.42
117526,0.51
117527,0.39
117531,0.33
117545,0.51
117547,0.42
117557,0.51
117563,0.36
117564,0.42
117598,0.36
117599,0.33
117610,0.38
117614,0.39
117616,0.42
117623,0.33
117625,0.46
117633,0.33
117634,0.45
117639,0.56
117652,0.35
117653,0.37
117660,0.4
117661,0.35
117662,0.39
117676,0.43
117677,0.32
117681,0.38
117684,0.36
117707,0.47
117736,0.4
117737,0.39
117741,0.37
117746,0.47
117753,0.49
117755,0.44
117775,0.36
117784,0.48
117786,0.45
117791,0.42
117801,0.28
117805,0.39
117816,0.43
117824,0.48
117835,0.4
117837,0.49
117847,0.42
117853,0.47
117854,0.32
117886,0.39
117900,0.44
117920,0.47
117924,0.39
117925,0.46
117934,0.36
117957,0.31
117959,0.38
117967,0.49
117969,0.4
117981,0.32
117982,0.42
117996,0.35
118000,0.51
118018,0.38
118025,0.33
118026,0.42
118044,0.4
118045,0.4
118048,0.4
118055,0.43
118058,0.42
118060,0.45
118066,0.37
118071,0.5
118072,0.39
118082,0.42
118089,0.37
118106,0.46
118115,0.39
118127,0.46
118144,0.42
118150,0.43
118151,0.37
118157,0.46
118162,0.48
118163,0.38
118166,0.41
118181,0.37
118191,0.37
118202,0.47
118205,0.34
118214,0.33
118251,0.34
118264,0.47
118271,0.41
118272,0.39
118276,0.44
118287,0.38
118291,0.46
118292,0.53
118294,0.52
118305,0.42
118312,0.37
118319,0.44
118321,0.39
118326,0.47
118342,0.37
118343,0.42
118353,0.46
118354,0.32
118358,0.37
118359,0.37
118365,0.43
118367,0.45
118368,0.23
118371,0.34
118378,0.37
118379,0.38
118383,0.37
118386,0.37
118387,0.4
118400,0.43
118403,0.48
118428,0.38
118440,0.39
118459,0.38
118490,0.32
118491,0.31
118492,0.46
118498,0.4
118499,0.36
118509,0.42
118518,0.54
118531,0.45
118532,0.35
118546,0.35
118548,0.34
118558,0.47
118560,0.41
118561,0.37
118562,0.42
118564,0.42
118569,0.41
118578,0.41
118585,0.45
118591,0.36
118592,0.32
118594,0.42
118611,0.52
118614,0.32
118622,0.47
118641,0.35
118642,0.37
118650,0.29
118666,0.4
118696,0.46
118697,0.41
118710,0.41
118717,0.34
118720,0.43
118735,0.4
118747,0.34
118750,0.33
118789,0.45
118791,0.38
118803,0.33
118804,0.41
118806,0.4
118809,0.48
118823,0.4
118842,0.51
118871,0.45
118874,0.48
118876,0.46
118886,0.45
118888,0.44
118889,0.39
118894,0.39
118898,0.37
118905,0.4
118911,0.41
118915,0.52
118916,0.32
118925,0.48
118926,0.46
118929,0.46
118935,0.34
118947,0.34
118951,0.47
118953,0.39
118960,0.51
118973,0.42
119001,0.42
119003,0.47
119009,0.38
119011,0.49
119012,0.31
119014,0.41
119025,0.35
119047,0.57
119049,0.46
119057,0.36
119062,0.51
119064,0.33
119069,0.43
119079,0.39
119088,0.37
119091,0.39
119095,0.43
119104,0.44
119108,0.43
119109,0.39
119115,0.36
119125,0.33
119146,0.51
119148,0.5
119160,0.42
119164,0.47
119169,0.39
119179,0.33
119187,0.49
119191,0.34
119205,0.44
119207,0.43
119208,0.35
119217,0.35
119230,0.36
119232,0.5
119236,0.45
119238,0.33
119240,0.57
119250,0.39
119251,0.5
119252,0.47
119266,0.35
119267,0.37
119270,0.41
119272,0.4
119276,0.37
119281,0.38
119295,0.4
119313,0.46
119318,0.34
119321,0.46
119340,0.49
119341,0.36
119344,0.39
119348,0.55
119353,0.52
119361,0.32
119362,0.47
119376,0.45
119383,0.42
119391,0.44
119394,0.38
119395,0.37
119415,0.36
119430,0.35
119441,0.26
119454,0.41
119468,0.38
119474,0.37
119492,0.37
119496,0.42
119500,0.4
119501,0.43
119510,0.37
119518,0.47
119524,0.5
119533,0.5
119540,0.38
119553,0.37
119573,0.4
119593,0.44
119594,0.46
119595,0.42
119596,0.48
119607,0.53
119609,0.42
119616,0.41
119618,0.38
119619,0.4
119628,0.45
119630,0.35
119632,0.37
119648,0.41
119671,0.46
119675,0.35
119683,0.41
119689,0.4
119697,0.34
119698,0.34
119702,0.44
119709,0.42
119715,0.37
119718,0.4
119719,0.34
119731,0.41
119736,0.43
119745,0.46
119749,0.28
119751,0.33
119757,0.46
119761,0.43
119762,0.53
119771,0.45
119778,0.4
119784,0.4
119788,0.42
119802,0.29
119803,0.43
119806,0.36
119810,0.47
119811,0.34
119813,0.43
119820,0.45
119821,0.49
119842,0.29
119843,0.54
119844,0.41
119861,0.44
119866,0.5
119868,0.39
119875,0.42
119896,0.46
119898,0.4
119921,0.38
119922,0.53
119929,0.34
119934,0.47
119938,0.45
119947,0.34
119948,0.53
119967,0.4
119977,0.41
119980,0.49
119984,0.45
119989,0.36
119990,0.43
119994,0.49
119999,0.41
120004,0.31
120020,0.39
120030,0.49
120036,0.38
120050,0.41
120051,0.51
120053,0.5
120075,0.48
120076,0.39
120088,0.32
120099,0.39
120101,0.4
120102,0.49
120108,0.34
120145,0.37
120146,0.41
120154,0.39
120156,0.39
120165,0.32
120166,0.34
120176,0.44
120179,0.54
120182,0.33
120198,0.33
120205,0.56
120208,0.56
120214,0.4
120220,0.34
120227,0.39
120233,0.33
120240,0.45
120243,0.46
120266,0.42
120268,0.41
120280,0.4
120281,0.42
120284,0.46
120298,0.37
120304,0.26
120306,0.37
120320,0.32
120325,0.5
120326,0.39
120335,0.45
120341,0.42
120343,0.39
120388,0.46
120390,0.44
120404,0.34
120405,0.39
120408,0.37
120415,0.39
120421,0.44
120422,0.39
120433,0.4
120437,0.34
120440,0.49
120441,0.36
120449,0.42
120457,0.36
120459,0.28
120460,0.34
120463,0.51
120464,0.38
120470,0.47
120488,0.45
120535,0.37
120538,0.38
120539,0.42
120541,0.34
120562,0.46
120570,0.41
120580,0.36
120581,0.31
120591,0.55
120593,0.41
120598,0.35
120603,0.42
120607,0.34
120642,0.32
120647,0.4
120649,0.47
120664,0.47
120665,0.35
120671,0.44
120678,0.39
120679,0.21
120680,0.49
120681,0.36
120691,0.38
120696,0.34
120697,0.52
120713,0.42
120721,0.4
120725,0.37
120734,0.46
120740,0.46
120748,0.38
120755,0.45
120759,0.41
120761,0.46
120764,0.4
120770,0.43
120777,0.32
120796,0.37
120803,0.36
120809,0.37
120811,0.32
120826,0.36
120829,0.45
120832,0.38
120840,0.35
120857,0.35
120885,0.37
120891,0.23
120894,0.29
120905,0.38
120913,0.49
120914,0.42
120918,0.41
120921,0.45
120923,0.42
120927,0.4
120928,0.37
120934,0.43
120936,0.42
120942,0.46
120946,0.35
120947,0.44
120953,0.4
120955,0.42
120956,0.44
120977,0.31
120980,0.5
120981,0.42
120982,0.4
120991,0.45
121011,0.44
121013,0.39
121018,0.37
121020,0.36
121037,0.37
121038,0.36
121039,0.4
121045,0.43
121046,0.39
121059,0.46
121066,0.37
121078,0.49
121080,0.45
121081,0.43
121086,0.41
121099,0.4
121100,0.33
121107,0.31
121108,0.51
121111,0.41
121130,0.45
121131,0.47
121135,0.38
121152,0.29
121156,0.39
121160,0.38
121162,0.44
121175,0.37
121181,0.53
121186,0.48
121197,0.34
121201,0.51
121208,0.37
121215,0.35
121220,0.49
121225,0.44
121227,0.44
121228,0.46
121243,0.52
121258,0.41
121259,0.43
121265,0.33
121279,0.47
121280,0.43
121281,0.43
121283,0.31
121288,0.4
121296,0.37
121300,0.41
121308,0.44
121321,0.49
121323,0.45
121332,0.41
121334,0.39
121348,0.38
121350,0.31
121351,0.31
121363,0.37
121379,0.41
121380,0.34
121383,0.4
121387,0.46
121414,0.41
121416,0.39
121422,0.45
121423,0.34
121427,0.41
121431,0.25
121438,0.34
121460,0.41
121479,0.43
121482,0.33
121483,0.43
121488,0.42
121489,0.49
121492,0.49
121502,0.37
121503,0.33
121513,0.36
121544,0.3
121545,0.43
121546,0.36
121552,0.32
121553,0.42
121556,0.41
121557,0.46
121583,0.34
121588,0.5
121596,0.49
121597,0.43
121612,0.35
121618,0.36
121619,0.48
121621,0.44
121622,0.41
121626,0.36
121628,0.39
121630,0.46
121631,0.46
121632,0.4
121641,0.39
121695,0.42
121733,0.4
121754,0.38
121762,0.37
121765,0.42
121766,0.48
121771,0.4
121772,0.49
121778,0.44
121791,0.35
121792,0.39
121822,0.47
121825,0.47
121832,0.4
121841,0.55
121846,0.36
121850,0.48
121851,0.47
121853,0.48
121857,0.38
121862,0.42
121863,0.34
121875,0.41
121881,0.4
121896,0.47
121901,0.49
121908,0.33
121909,0.41
121916,0.33
121919,0.39
121921,0.38
121933,0.37
121947,0.39
121948,0.48
121963,0.38
121968,0.37
121970,0.48
121978,0.44
121991,0.39
121996,0.38
121997,0.57
122000,0.46
122015,0.44
122017,0.47
122027,0.5
122044,0.4
122047,0.41
122055,0.43
122065,0.42
122069,0.32
122074,0.52
122086,0.46
122089,0.33
122099,0.42
122102,0.51
122118,0.48
122124,0.41
122125,0.35
122129,0.44
122133,0.42
122135,0.47
122136,0.42
122142,0.38
122154,0.39
122158,0.39
122160,0.43
122165,0.5
122166,0.4
122170,0.42
122175,0.32
122192,0.37
122207,0.4
122210,0.41
122215,0.35
122222,0.31
122234,0.41
122235,0.48
122236,0.47
122248,0.41
122256,0.43
122257,0.38
122258,0.48
122259,0.35
122260,0.37
122264,0.38
122266,0.39
122268,0.39
122271,0.38
122283,0.34
122286,0.42
122288,0.38
122301,0.39
122313,0.4
122322,0.34
122323,0.4
122324,0.38
122336,0.41
122338,0.43
122349,0.4
122351,0.33
122354,0.5
122358,0.4
122376,0.41
122378,0.5
122387,0.41
122392,0.22
122405,0.49
122409,0.49
122411,0.45
122415,0.35
122416,0.39
122425,0.41
122452,0.42
122453,0.43
122456,0.56
122458,0.32
122465,0.44
122468,0.32
122477,0.36
122483,0.43
122517,0.43
122521,0.39
122537,0.31
122538,0.35
122552,0.43
122557,0.47
122561,0.34
122568,0.51
122573,0.41
122583,0.46
122590,0.35
122609,0.49
122617,0.41
122621,0.33
122635,0.36
122638,0.43
122639,0.43
122644,0.32
122675,0.36
122699,0.39
122703,0.41
122706,0.52
122712,0.48
122730,0.49
122731,0.3
122736,0.41
122741,0.34
122745,0.39
122751,0.44
122768,0.52
122785,0.37
122797,0.46
122812,0.34
122816,0.3
122817,0.41
122826,0.42
122838,0.43
122845,0.38
122848,0.34
122850,0.34
122856,0.39
122862,0.28
122869,0.42
122871,0.43
122874,0.42
122875,0.31
122885,0.42
122901,0.28
122902,0.41
122903,0.45
122904,0.37
122910,0.36
122921,0.4
122925,0.48
122964,0.37
122975,0.37
122977,0.36
122984,0.46
122999,0.47
123004,0.49
123009,0.43
123012,0.39
123018,0.46
123025,0.41
123037,0.46
123038,0.44
123039,0.48
123045,0.34
123046,0.34
123051,0.43
123052,0.46
123056,0.35
123061,0.51
123072,0.45
123074,0.4
123086,0.41
123087,0.45
123091,0.46
123094,0.45
123105,0.47
123110,0.38
123113,0.34
123114,0.49
123124,0.44
123131,0.42
123136,0.48
123146,0.43
123147,0.32
123155,0.55
123163,0.42
123182,0.38
123196,0.39
123200,0.36
123204,0.43
123207,0.45
123210,0.41
123215,0.37
123227,0.29
123234,0.49
123239,0.35
123249,0.36
123252,0.44
123255,0.36
123257,0.38
123260,0.43
123263,0.4
123274,0.49
123275,0.45
123276,0.47
123292,0.4
123308,0.4
123316,0.45
123328,0.44
123330,0.48
123331,0.44
123334,0.46
123343,0.38
123344,0.39
123345,0.41
123352,0.56
123356,0.44
123365,0.38
123368,0.36
123376,0.41
123381,0.41
123384,0.48
123389,0.43
123401,0.4
123419,0.38
123433,0.42
123438,0.44
123441,0.37
123456,0.39
123457,0.48
123476,0.38
123477,0.35
123489,0.45
123490,0.43
123496,0.52
123502,0.32
123503,0.4
123513,0.33
123515,0.47
123530,0.37
123532,0.35
123537,0.42
123539,0.43
123540,0.5
123546,0.36
123547,0.41
123554,0.57
123572,0.42
123574,0.47
123575,0.46
123576,0.44
123584,0.37
123586,0.59
123591,0.34
123606,0.3
123607,0.34
123615,0.37
123616,0.45
123619,0.38
123621,0.42
123622,0.41
123633,0.36
123635,0.41
123658,0.39
123659,0.26
123663,0.33
123666,0.32
123670,0.44
123678,0.38
123688,0.41
123707,0.37
123709,0.41
123720,0.41
123741,0.39
123751,0.41
123759,0.37
123765,0.35
123766,0.47
123793,0.35
123794,0.47
123809,0.43
123837,0.41
123839,0.33
123843,0.36
123851,0.42
123854,0.43
123860,0.42
123863,0.39
123879,0.51
123888,0.45
123891,0.33
123912,0.36
123942,0.33
123952,0.45
123953,0.49
123958,0.46
123966,0.3
123977,0.43
123981,0.36
124000,0.35
124023,0.39
124026,0.4
124027,0.4
124033,0.41
124053,0.36
124057,0.38
124065,0.42
124074,0.46
124079,0.41
124095,0.54
124110,0.46
124138,0.44
124167,0.37
124168,0.37
124175,0.34
124176,0.42
124181,0.46
124195,0.34
124197,0.33
124206,0.38
124225,0.36
124230,0.26
124231,0.45
124253,0.35
124257,0.39
124263,0.46
124277,0.44
124285,0.39
124289,0.33
124299,0.51
124303,0.5
124309,0.42
124316,0.44
124319,0.52
124335,0.3
124347,0.47
124359,0.36
124362,0.43
124363,0.4
124389,0.33
124390,0.48
124393,0.45
124401,0.38
124406,0.43
124407,0.4
124416,0.34
124423,0.39
124429,0.23
124431,0.49
124439,0.3
124441,0.41
124451,0.54
124454,0.39
124463,0.4
124492,0.43
124493,0.41
124503,0.45
124506,0.46
124514,0.51
124516,0.35
124519,0.42
124520,0.43
124539,0.46
124545,0.42
124546,0.38
124552,0.42
124553,0.5
124555,0.43
124575,0.33
124586,0.35
124587,0.38
124591,0.41
124595,0.4
124597,0.44
124625,0.4
124628,0.42
124647,0.55
124648,0.4
124654,0.35
124655,0.3
124656,0.33
124658,0.35
124674,0.42
124675,0.43
124686,0.42
124696,0.48
124698,0.39
124702,0.42
124704,0.48
124705,0.38
124719,0.37
124732,0.38
124734,0.48
124737,0.34
124742,0.42
124793,0.3
124816,0.47
124820,0.4
124823,0.42
124826,0.41
124829,0.35
124844,0.48
124850,0.41
124866,0.42
124868,0.29
124874,0.44
124875,0.29
124876,0.32
124887,0.44
124893,0.51
124901,0.45
124905,0.45
124906,0.47
124931,0.49
124938,0.39
124940,0.35
124947,0.3
124948,0.33
124949,0.41
124971,0.43
124974,0.4
124976,0.45
125004,0.51
125025,0.35
125029,0.41
125031,0.36
125037,0.39
125046,0.32
125052,0.37
125053,0.55
125090,0.43
125093,0.35
125100,0.46
125101,0.43
125104,0.39
125111,0.41
125133,0.44
125144,0.46
125145,0.38
125149,0.42
125157,0.27
125158,0.42
125164,0.37
125167,0.38
125170,0.5
125177,0.45
125185,0.47
125190,0.48
125196,0.33
125200,0.45
125203,0.48
125215,0.39
125221,0.34
125224,0.35
125227,0.4
125252,0.39
125256,0.46
125264,0.4
125266,0.37
125267,0.3
125268,0.38
125270,0.45
125271,0.33
125276,0.33
125290,0.4
125300,0.45
125311,0.4
125327,0.44
125338,0.4
125359,0.4
125360,0.35
125366,0.37
125373,0.45
125376,0.38
125384,0.46
125387,0.4
125388,0.43
125393,0.33
125394,0.49
125396,0.4
125397,0.42
125408,0.35
125409,0.51
125414,0.39
125423,0.36
125425,0.46
125436,0.37
125450,0.43
125465,0.37
125471,0.51
125488,0.38
125496,0.38
125500,0.33
125505,0.25
125507,0.44
125519,0.35
125521,0.46
125524,0.33
125531,0.35
125542,0.48
125552,0.35
125560,0.41
125573,0.34
125574,0.32
125576,0.47
125592,0.33
125604,0.34
125622,0.42
125628,0.38
125649,0.43
125668,0.4
125695,0.44
125698,0.39
125701,0.31
125705,0.49
125709,0.36
125713,0.43
125720,0.51
125727,0.51
125747,0.4
125752,0.48
125758,0.28
125772,0.48
125779,0.41
125798,0.4
125804,0.34
125814,0.4
125817,0.34
125835,0.37
125838,0.44
125842,0.46
125852,0.44
125878,0.3
125886,0.34
125896,0.41
125924,0.42
125930,0.41
125939,0.39
125957,0.35
125961,0.39
125972,0.4
125973,0.43
125975,0.4
125983,0.41
125984,0.43
125990,0.35
126016,0.47
126022,0.42
126028,0.35
126047,0.36
126048,0.4
126067,0.33
126068,0.47
126069,0.38
126088,0.41
126121,0.37
126123,0.37
126125,0.37
126136,0.43
126159,0.36
126162,0.46
126165,0.43
126172,0.46
126175,0.39
126178,0.42
126184,0.37
126198,0.47
126202,0.45
126203,0.46
126205,0.3
126214,0.38
126231,0.4
126238,0.43
126242,0.41
126252,0.4
126263,0.46
126265,0.43
126267,0.38
126274,0.32
126299,0.47
126307,0.41
126310,0.46
126329,0.38
126331,0.35
126340,0.37
126341,0.43
126348,0.51
126349,0.4
126351,0.27
126354,0.44
126366,0.35
126370,0.34
126398,0.49
126407,0.31
126409,0.38
126431,0.33
126438,0.35
126448,0.33
126462,0.36
126464,0.46
126468,0.4
126472,0.38
126473,0.31
126479,0.36
126484,0.36
126486,0.41
126488,0.42
126490,0.36
126494,0.32
126506,0.37
126510,0.46
126513,0.43
126526,0.43
126533,0.45
126538,0.35
126549,0.35
126553,0.41
126554,0.48
126555,0.38
126579,0.38
126584,0.4
126594,0.42
126595,0.34
126596,0.49
126602,0.44
126611,0.39
126614,0.36
126636,0.36
126638,0.46
126651,0.47
126658,0.37
126674,0.33
126685,0.31
126688,0.44
126689,0.53
126707,0.49
126715,0.4
126716,0.34
126721,0.5
126722,0.39
126732,0.34
126738,0.57
126743,0.47
126744,0.35
126752,0.34
126759,0.57
126763,0.46
126775,0.46
126778,0.41
126784,0.46
126791,0.35
126792,0.33
126804,0.33
126816,0.46
126817,0.46
126822,0.35
126832,0.42
126842,0.44
126849,0.38
126850,0.35
126861,0.3
126871,0.39
126872,0.38
126880,0.39
126888,0.47
126896,0.33
126913,0.38
126918,0.31
126954,0.4
126961,0.33
126963,0.4
126965,0.47
126968,0.5
126971,0.36
126981,0.45
126984,0.45
126985,0.41
126995,0.46
126999,0.42
127007,0.36
127015,0.48
127038,0.34
127054,0.43
127057,0.34
127062,0.4
127083,0.42
127098,0.41
127102,0.28
127110,0.42
127111,0.36
127116,0.4
127126,0.38
127135,0.43
127137,0.43
127142,0.42
127151,0.41
127155,0.37
127156,0.36
127160,0.58
127169,0.44
127174,0.49
127175,0.35
127177,0.4
127192,0.33
127193,0.41
127196,0.42
127197,0.51
127204,0.41
127207,0.43
127215,0.41
127226,0.4
127230,0.38
127244,0.33
127247,0.37
127249,0.4
127259,0.46
127299,0.34
127304,0.44
127308,0.36
127309,0.33
127313,0.41
127316,0.34
127317,0.5
127318,0.38
127333,0.49
127334,0.35
127336,0.33
127346,0.36
127370,0.29
127375,0.41
127390,0.35
127392,0.41
127398,0.41
127400,0.23
127402,0.35
127407,0.53
127412,0.36
127413,0.42
127415,0.45
127418,0.45
127425,0.43
127432,0.34
127436,0.32
127448,0.43
127449,0.42
127463,0.49
127464,0.44
127468,0.41
127481,0.31
127492,0.4
127495,0.3
127496,0.38
127501,0.33
127508,0.52
127531,0.46
127554,0.44
127562,0.31
127565,0.44
127567,0.42
127582,0.32
127593,0.38
127595,0.44
127614,0.41
127627,0.38
127630,0.39
127638,0.43
127639,0.42
127641,0.39
127643,0.35
127665,0.35
127674,0.42
127676,0.39
127693,0.51
127701,0.34
127702,0.4
127709,0.44
127720,0.39
127733,0.42
127739,0.47
127753,0.36
127756,0.36
127757,0.46
127777,0.38
127810,0.41
127811,0.47
127821,0.43
127835,0.45
127839,0.44
127870,0.44
127878,0.36
127887,0.42
127918,0.44
127919,0.41
127920,0.36
127932,0.33
127933,0.34
127953,0.38
127955,0.49
127957,0.42
127961,0.45
127967,0.45
127970,0.38
127975,0.27
127985,0.4
127991,0.42
127997,0.45
127999,0.39
128004,0.49
128005,0.41
128015,0.36
128018,0.46
128044,0.44
128046,0.4
128047,0.48
128048,0.41
128054,0.39
128066,0.35
128070,0.35
128071,0.42
128094,0.48
128095,0.44
128099,0.38
128116,0.38
128130,0.34
128132,0.37
128133,0.44
128140,0.31
128154,0.44
128156,0.43
128160,0.41
128165,0.46
128166,0.39
128169,0.35
128171,0.35
128177,0.45
128178,0.41
128182,0.41
128191,0.46
128199,0.35
128213,0.33
128214,0.43
128216,0.37
128217,0.4
128226,0.4
128229,0.29
128232,0.38
128246,0.45
128273,0.43
128274,0.34
128283,0.39
128284,0.46
128294,0.52
128295,0.34
128297,0.37
128300,0.35
128314,0.47
128317,0.41
128339,0.41
128340,0.44
128342,0.34
128343,0.4
128364,0.46
128368,0.4
128377,0.34
128380,0.45
128383,0.32
128407,0.47
128409,0.34
128423,0.35
128428,0.48
128433,0.51
128438,0.5
128439,0.3
128446,0.32
128447,0.38
128450,0.39
128455,0.47
128457,0.48
128464,0.38
128465,0.39
128471,0.48
128474,0.39
128483,0.41
128514,0.49
128516,0.47
128519,0.43
128528,0.34
128529,0.43
128536,0.46
128541,0.29
128542,0.4
128545,0.37
128557,0.39
128560,0.47
128568,0.42
128571,0.47
128578,0.45
128582,0.42
128588,0.47
128597,0.51
128610,0.34
128619,0.38
128630,0.45
128680,0.39
128684,0.35
128687,0.44
128699,0.41
128702,0.33
128704,0.41
128710,0.43
128720,0.33
128724,0.34
128727,0.44
128744,0.37
128745,0.31
128760,0.44
128766,0.42
128770,0.36
128782,0.35
128822,0.39
128830,0.51
128836,0.42
128845,0.51
128858,0.33
128859,0.55
128860,0.39
128874,0.33
128880,0.37
128882,0.44
128883,0.47
128884,0.4
128892,0.4
128905,0.5
128910,0.43
128912,0.39
128915,0.28
128917,0.37
128937,0.39
128942,0.46
128945,0.42
128957,0.4
128962,0.34
128970,0.36
128985,0.36
128986,0.51
128992,0.38
128994,0.41
129003,0.36
129005,0.35
129010,0.42
129024,0.38
129038,0.43
129042,0.54
129049,0.41
129062,0.4
129067,0.39
129070,0.41
129073,0.39
129074,0.39
129088,0.27
129090,0.36
129101,0.47
129102,0.45
129106,0.41
129108,0.32
129120,0.38
129122,0.33
129123,0.31
129135,0.37
129141,0.45
129152,0.43
129160,0.41
129168,0.37
129174,0.41
129178,0.45
129183,0.4
129187,0.43
129197,0.42
129200,0.39
129205,0.35
129222,0.37
129230,0.4
129235,0.44
129251,0.42
129274,0.4
129282,0.36
129284,0.43
129298,0.28
129299,0.4
129311,0.29
129312,0.37
129313,0.47
129314,0.37
129321,0.33
129329,0.42
129330,0.55
129332,0.46
129338,0.43
129345,0.31
129349,0.37
129353,0.45
129357,0.44
129358,0.36
129365,0.34
129376,0.33
129380,0.49
129382,0.41
129402,0.38
129403,0.39
129412,0.33
129441,0.44
129442,0.48
129448,0.43
129466,0.47
129475,0.41
129483,0.43
129484,0.4
129499,0.33
129501,0.39
129508,0.42
129510,0.47
129526,0.37
129527,0.49
129533,0.41
129535,0.45
129536,0.36
129545,0.5
129553,0.42
129557,0.42
129560,0.35
129576,0.33
129580,0.49
129585,0.43
129587,0.37
129597,0.4
129611,0.31
129619,0.5
129622,0.43
129631,0.45
129632,0.4
129640,0.38
129647,0.38
129658,0.38
129676,0.33
129683,0.38
129685,0.44
129701,0.36
129706,0.43
129707,0.29
129720,0.46
129727,0.47
129728,0.44
129768,0.37
129775,0.41
129790,0.46
129804,0.44
129805,0.38
129813,0.29
129816,0.39
129823,0.44
129826,0.54
129831,0.45
129833,0.27
129851,0.42
129857,0.47
129860,0.42
129914,0.44
129926,0.43
129933,0.43
129939,0.35
129949,0.27
129959,0.39
129962,0.47
129963,0.31
129964,0.39
129977,0.4
129985,0.42
129987,0.26
129992,0.38
130002,0.4
130016,0.44
130045,0.43
130048,0.47
130051,0.42
130053,0.46
130056,0.34
130061,0.39
130062,0.38
130065,0.36
130066,0.44
130070,0.37
130079,0.36
130080,0.32
130098,0.38
130109,0.32
130110,0.37
130116,0.36
130125,0.43
130134,0.4
130137,0.54
130138,0.45
130146,0.46
130148,0.42
130154,0.31
130156,0.38
130158,0.46
130159,0.45
130177,0.39
130186,0.49
130204,0.44
130205,0.37
130206,0.42
130211,0.57
130217,0.45
130218,0.45
130235,0.34
130236,0.42
130239,0.3
130256,0.29
130260,0.39
130261,0.34
130262,0.38
130263,0.36
130264,0.47
130266,0.39
130277,0.43
130278,0.4
130281,0.39
130297,0.42
130302,0.42
130320,0.46
130325,0.38
130329,0.34
130338,0.51
130339,0.52
130340,0.4
130344,0.37
130347,0.46
130353,0.4
130358,0.46
130366,0.53
130371,0.34
130374,0.39
130389,0.45
130390,0.44
130404,0.54
130426,0.49
130440,0.35
130449,0.52
130451,0.37
130452,0.41
130453,0.53
130463,0.25
130466,0.4
130467,0.4
130475,0.35
130489,0.46
130490,0.34
130495,0.46
130497,0.44
130499,0.36
130504,0.44
130513,0.41
130528,0.36
130533,0.45
130543,0.48
130567,0.39
130571,0.37
130572,0.41
130589,0.26
130592,0.43
130603,0.41
130623,0.42
130641,0.46
130687,0.52
130690,0.38
130698,0.5
130707,0.46
130709,0.35
130718,0.47
130722,0.43
130732,0.42
130735,0.35
130757,0.39
130760,0.35
130771,0.41
130772,0.4
130774,0.49
130779,0.38
130795,0.45
130828,0.39
130833,0.22
130843,0.33
130855,0.38
130871,0.51
130878,0.44
130885,0.41
130889,0.4
130894,0.46
130896,0.41
130905,0.39
130906,0.48
130930,0.42
130931,0.38
130943,0.5
130946,0.43
130947,0.45
130950,0.35
130954,0.38
130966,0.37
130983,0.39
131003,0.45
131005,0.3
131009,0.3
131013,0.33
131027,0.47
131030,0.35
131031,0.37
131033,0.4
131039,0.36
131045,0.4
131057,0.36
131072,0.4
131084,0.4
131088,0.35
131089,0.37
131091,0.43
131093,0.38
131114,0.45
131118,0.48
131123,0.48
131130,0.36
131144,0.27
131162,0.43
131163,0.39
131166,0.38
131179,0.43
131181,0.41
131183,0.44
131219,0.43
131227,0.48
131231,0.35
131235,0.42
131242,0.3
131251,0.46
131257,0.28
131263,0.32
131268,0.38
131271,0.33
131275,0.45
131286,0.37
131290,0.39
131300,0.36
131306,0.39
131316,0.43
131321,0.4
131322,0.42
131326,0.28
131333,0.41
131335,0.4
131352,0.42
131354,0.38
131366,0.39
131373,0.48
131388,0.4
131394,0.45
131404,0.34
131405,0.37
131411,0.43
131416,0.39
131421,0.39
131424,0.44
131426,0.44
131443,0.47
131470,0.41
131471,0.34
131476,0.43
131477,0.43
131479,0.38
131493,0.47
131495,0.31
131496,0.5
131498,0.4
131504,0.42
131525,0.39
131528,0.4
131548,0.49
131549,0.28
131550,0.43
131557,0.41
131564,0.44
131565,0.34
131576,0.44
131602,0.58
131628,0.29
131629,0.51
131641,0.43
131647,0.38
131664,0.4
131677,0.37
131681,0.44
131682,0.31
131688,0.39
131690,0.28
131691,0.45
131709,0.38
131713,0.36
131719,0.44
131733,0.43
131734,0.51
131743,0.39
131747,0.39
131748,0.42
131758,0.42
131759,0.52
131764,0.4
131771,0.37
131788,0.4
131791,0.32
131798,0.48
131810,0.42
131812,0.49
131815,0.36
131823,0.45
131824,0.41
131828,0.38
131844,0.38
131846,0.37
131848,0.39
131863,0.39
131864,0.37
131889,0.4
131890,0.39
131892,0.47
131895,0.42
131896,0.41
131897,0.45
131905,0.41
131906,0.39
131907,0.44
131914,0.4
131921,0.42
131922,0.37
131925,0.36
131936,0.37
131941,0.32
131950,0.51
131952,0.35
131959,0.45
131983,0.35
131987,0.33
131994,0.43
132004,0.49
132009,0.43
132012,0.45
132013,0.44
132014,0.49
132028,0.44
132054,0.44
132061,0.43
132062,0.42
132078,0.53
132082,0.49
132086,0.44
132089,0.39
132095,0.31
132109,0.37
132110,0.49
132121,0.36
132125,0.33
132127,0.41
132128,0.35
132134,0.37
132139,0.4
132141,0.41
132149,0.42
132150,0.48
132152,0.37
132153,0.52
132164,0.36
132179,0.42
132182,0.44
132189,0.38
132193,0.32
132194,0.34
132195,0.49
132208,0.48
132211,0.44
132212,0.45
132216,0.37
132219,0.47
132223,0.37
132238,0.43
132242,0.34
132268,0.38
132275,0.33
132276,0.35
132279,0.41
132289,0.47
132290,0.3
132300,0.36
132319,0.41
132340,0.41
132344,0.36
132345,0.31
132346,0.43
132352,0.47
132353,0.31
132358,0.45
132381,0.44
132382,0.49
132383,0.41
132410,0.35
132419,0.32
132423,0.4
132432,0.43
132434,0.42
132440,0.5
132441,0.32
132452,0.32
132453,0.33
132456,0.5
132459,0.36
132462,0.33
132463,0.27
132468,0.44
132485,0.5
132490,0.36
132500,0.33
132521,0.44
132555,0.41
132560,0.3
132562,0.42
132575,0.43
132587,0.35
132591,0.3
132611,0.45
132615,0.33
132617,0.43
132622,0.39
132629,0.32
132638,0.41
132642,0.31
132658,0.56
132664,0.37
132668,0.43
132676,0.36
132704,0.55
132707,0.44
132719,0.33
132723,0.45
132724,0.39
132732,0.36
132754,0.45
132756,0.43
132766,0.33
132767,0.47
132775,0.38
132776,0.4
132785,0.35
132787,0.42
132793,0.4
132807,0.36
132811,0.42
132818,0.39
132834,0.43
132846,0.36
132861,0.35
132870,0.47
132882,0.47
132884,0.36
132885,0.42
132888,0.4
132898,0.45
132912,0.34
132916,0.45
132917,0.32
132932,0.41
132940,0.4
132943,0.27
132962,0.38
132965,0.56
132969,0.32
132974,0.38
132977,0.31
132978,0.39
132982,0.37
132983,0.36
132996,0.37
133006,0.45
133007,0.42
133025,0.36
133027,0.38
133033,0.5
133038,0.31
133040,0.44
133041,0.33
133044,0.47
133053,0.33
133063,0.46
133065,0.4
133083,0.53
133084,0.49
133091,0.41
133092,0.42
133107,0.46
133111,0.36
133122,0.31
133132,0.42
133140,0.38
133147,0.36
133150,0.48
133168,0.45
133170,0.4
133184,0.35
133228,0.42
133229,0.36
133230,0.33
133232,0.37
133242,0.4
133246,0.41
133247,0.46
133253,0.43
133268,0.46
133271,0.4
133272,0.44
133296,0.4
133299,0.36
133302,0.49
133315,0.39
133330,0.33
133331,0.33
133332,0.28
133333,0.44
133334,0.49
133361,0.57
133363,0.34
133404,0.43
133412,0.49
133418,0.36
133422,0.39
133426,0.38
133450,0.47
133465,0.46
133468,0.43
133469,0.41
133474,0.27
133479,0.33
133490,0.44
133492,0.47
133495,0.41
133496,0.46
133501,0.38
133502,0.34
133511,0.45
133515,0.39
133528,0.34
133539,0.34
133551,0.4
133564,0.38
133569,0.51
133570,0.36
133578,0.43
133586,0.45
133587,0.38
133597,0.48
133608,0.46
133624,0.47
133626,0.42
133645,0.29
133655,0.41
133658,0.43
133659,0.36
133660,0.39
133664,0.35
133684,0.35
133685,0.4
133688,0.37
133706,0.47
133713,0.4
133723,0.39
133730,0.46
133733,0.39
133760,0.33
133762,0.44
133777,0.29
133793,0.32
133816,0.44
133818,0.39
133824,0.39
133841,0.41
133850,0.51
133877,0.38
133880,0.36
133887,0.48
133889,0.48
133896,0.39
133916,0.47
133920,0.39
133936,0.34
133939,0.37
133940,0.37
133942,0.38
133956,0.4
133957,0.45
133965,0.32
133972,0.4
133973,0.46
134008,0.44
134016,0.45
134039,0.47
134040,0.47
134045,0.37
134050,0.38
134056,0.52
134082,0.4
134085,0.38
134089,0.37
134102,0.49
134118,0.42
134131,0.46
134135,0.36
134137,0.46
134150,0.43
134159,0.39
134183,0.29
134186,0.38
134211,0.37
134216,0.36
134217,0.41
134218,0.35
134230,0.48
134233,0.45
134234,0.43
134236,0.42
134241,0.31
134242,0.49
134273,0.33
134277,0.28
134287,0.32
134293,0.38
134302,0.35
134306,0.45
134307,0.38
134325,0.42
134330,0.42
134334,0.31
134338,0.4
134339,0.44
134348,0.43
134355,0.33
134369,0.44
134387,0.42
134399,0.46
134400,0.32
134405,0.46
134407,0.42
134433,0.56
134448,0.39
134460,0.47
134463,0.49
134467,0.34
134485,0.37
134486,0.43
134490,0.42
134494,0.35
134501,0.44
134508,0.37
134512,0.34
134514,0.35
134519,0.41
134528,0.41
134536,0.46
134540,0.33
134546,0.41
134549,0.43
134558,0.37
134560,0.3
134588,0.54
134590,0.41
134591,0.49
134594,0.47
134622,0.48
134626,0.35
134639,0.34
134649,0.53
134654,0.42
134658,0.41
134683,0.41
134688,0.45
134689,0.4
134697,0.4
134698,0.39
134718,0.38
134742,0.43
134751,0.28
134760,0.42
134763,0.32
134764,0.34
134765,0.52
134773,0.44
134790,0.39
134794,0.34
134802,0.4
134805,0.36
134807,0.41
134812,0.5
134813,0.41
134823,0.47
134824,0.48
134838,0.4
134841,0.47
134857,0.41
134862,0.53
134865,0.58
134880,0.49
134883,0.44
134884,0.4
134916,0.41
134918,0.33
134919,0.36
134921,0.41
134928,0.47
134943,0.39
134950,0.36
134968,0.43
134971,0.44
134972,0.41
135011,0.38
135013,0.41
135016,0.39
135031,0.49
135036,0.39
135041,0.48
135052,0.47
135053,0.36
135054,0.42
135060,0.36
135072,0.43
135078,0.37
135079,0.31
135090,0.4
135113,0.4
135123,0.39
135128,0.44
135136,0.46
135152,0.31
135163,0.41
135166,0.42
135186,0.41
135188,0.37
135194,0.43
135214,0.39
135220,0.32
135235,0.4
135236,0.43
135241,0.41
135243,0.41
135253,0.56
135258,0.44
135264,0.39
135271,0.42
135274,0.39
135275,0.32
135288,0.4
135290,0.35
135299,0.39
135304,0.4
135309,0.26
135345,0.47
135359,0.27
135360,0.28
135361,0.38
135363,0.36
135365,0.49
135369,0.43
135380,0.25
135387,0.39
135389,0.41
135390,0.37
135393,0.49
135401,0.51
135409,0.41
135410,0.44
135412,0.36
135430,0.34
135434,0.45
135435,0.49
135445,0.5
135449,0.46
135460,0.33
135461,0.4
135491,0.38
135500,0.35
135504,0.39
135506,0.41
135521,0.25
135523,0.43
135527,0.36
135528,0.35
135530,0.36
135540,0.48
135541,0.44
135562,0.43
135578,0.43
135584,0.38
135589,0.36
135590,0.42
135591,0.53
135596,0.32
135607,0.32
135622,0.3
135626,0.49
135635,0.4
135636,0.48
135650,0.44
135656,0.42
135657,0.44
135672,0.44
135673,0.49
135678,0.55
135679,0.42
135684,0.42
135701,0.37
135704,0.35
135713,0.36
135716,0.42
135718,0.35
135723,0.44
135737,0.46
135738,0.49
135745,0.36
135746,0.36
135752,0.34
135755,0.3
135756,0.42
135765,0.4
135778,0.44
135779,0.42
135788,0.34
135803,0.35
135804,0.33
135809,0.4
135811,0.32
135812,0.4
135823,0.46
135834,0.38
135838,0.32
135843,0.34
135847,0.5
135857,0.42
135865,0.43
135872,0.35
135885,0.44
135888,0.43
135899,0.43
135910,0.41
135930,0.4
135941,0.46
135943,0.4
135949,0.33
135950,0.47
135951,0.42
135954,0.43
135966,0.49
135967,0.45
135971,0.41
135974,0.43
135975,0.5
135985,0.32
136004,0.39
136009,0.48
136033,0.44
136041,0.42
136051,0.48
136057,0.46
136070,0.49
136099,0.44
136103,0.41
136114,0.48
136116,0.4
136140,0.38
136160,0.33
136185,0.5
136201,0.39
136211,0.39
136213,0.5
136224,0.45
136234,0.39
136244,0.39
136255,0.42
136257,0.38
136260,0.37
136261,0.52
136263,0.42
136267,0.34
136277,0.41
136289,0.34
136293,0.46
136296,0.45
136302,0.41
136312,0.41
136317,0.34
136337,0.42
136355,0.44
136356,0.48
136383,0.37
136390,0.38
136406,0.38
136416,0.37
136417,0.38
136429,0.46
136440,0.32
136445,0.45
136449,0.39
136454,0.44
136457,0.34
136467,0.41
136474,0.39
136503,0.32
136505,0.39
136558,0.39
136578,0.37
136579,0.37
136582,0.37
136583,0.27
136588,0.54
136593,0.35
136605,0.44
136617,0.4
136620,0.32
136625,0.39
136640,0.38
136643,0.41
136653,0.41
136654,0.48
136660,0.47
136661,0.39
136663,0.47
136683,0.43
136711,0.47
136726,0.44
136730,0.45
136739,0.4
136740,0.37
136745,0.43
136751,0.44
136754,0.34
136758,0.43
136762,0.38
136763,0.44
136778,0.47
136782,0.35
136798,0.47
136808,0.46
136811,0.42
136829,0.3
136832,0.23
136838,0.35
136846,0.45
136848,0.38
136852,0.32
136854,0.36
136856,0.5
136862,0.41
136863,0.51
136885,0.39
136887,0.39
136902,0.34
136918,0.33
136922,0.28
136923,0.39
136929,0.47
136940,0.38
136967,0.39
136968,0.29
136972,0.44
136984,0.38
136993,0.4
136994,0.45
136995,0.47
136999,0.32
137013,0.29
137015,0.49
137023,0.32
137025,0.35
137032,0.52
137033,0.53
137045,0.39
137049,0.34
137051,0.45
137052,0.47
137101,0.39
137119,0.42
137142,0.42
137149,0.48
137166,0.43
137167,0.33
137192,0.52
137193,0.49
137194,0.41
137204,0.35
137214,0.48
137222,0.39
137223,0.29
137234,0.31
137254,0.41
137269,0.37
137284,0.52
137285,0.3
137286,0.41
137287,0.49
137300,0.4
137305,0.41
137313,0.42
137344,0.46
137346,0.48
137354,0.47
137356,0.44
137357,0.54
137364,0.26
137368,0.35
137380,0.38
137383,0.47
137395,0.46
137432,0.4
137433,0.37
137435,0.32
137444,0.39
137453,0.4
137454,0.44
137455,0.4
137456,0.44
137457,0.31
137465,0.38
137476,0.51
137515,0.35
137544,0.38
137549,0.39
137560,0.36
137577,0.42
137590,0.47
137591,0.48
137592,0.4
137595,0.37
137614,0.47
137624,0.4
137640,0.37
137651,0.44
137657,0.34
137658,0.49
137672,0.39
137673,0.46
137687,0.45
137688,0.4
137689,0.33
137700,0.4
137711,0.42
137715,0.46
137718,0.36
137721,0.43
137722,0.33
137726,0.39
137739,0.34
137741,0.39
137743,0.45
137747,0.49
137761,0.37
137796,0.43
137807,0.5
137809,0.33
137824,0.42
137827,0.41
137846,0.42
137862,0.34
137865,0.36
137868,0.49
137875,0.33
137878,0.39
137883,0.48
137888,0.42
137913,0.37
137915,0.37
137934,0.29
137936,0.47
137937,0.4
137942,0.35
137944,0.39
137947,0.35
137960,0.53
137977,0.36
138006,0.53
138007,0.35
138008,0.38
138019,0.43
138021,0.43
138022,0.4
138025,0.37
138044,0.36
138046,0.41
138050,0.4
138068,0.35
138084,0.36
138085,0.45
138086,0.39
138087,0.4
138089,0.42
138100,0.45
138105,0.4
138107,0.35
138127,0.28
138128,0.32
138129,0.42
138131,0.36
138132,0.34
138150,0.48
138156,0.47
138169,0.35
138174,0.39
138177,0.31
138187,0.42
138189,0.36
138193,0.48
138203,0.37
138209,0.35
138237,0.36
138243,0.34
138273,0.36
138274,0.27
138275,0.35
138277,0.4
138285,0.32
138289,0.5
138308,0.4
138313,0.42
138317,0.39
138326,0.5
138327,0.43
138338,0.45
138367,0.31
138377,0.39
138416,0.39
138417,0.36
138419,0.36
138425,0.36
138430,0.3
138454,0.45
138465,0.36
138470,0.38
138480,0.35
138481,0.42
138486,0.38
138492,0.44
138496,0.32
138519,0.46
138520,0.33
138522,0.44
138545,0.32
138556,0.33
138560,0.36
138564,0.36
138573,0.4
138581,0.44
138585,0.45
138591,0.37
138598,0.36
138600,0.33
138602,0.28
138613,0.43
138639,0.38
138651,0.38
138652,0.46
138661,0.42
138674,0.35
138678,0.54
138679,0.36
138686,0.5
138695,0.47
138711,0.43
138728,0.41
138731,0.38
138744,0.5
138752,0.45
138754,0.49
138756,0.38
138770,0.34
138771,0.52
138807,0.34
138818,0.36
138819,0.44
138820,0.34
138831,0.35
138843,0.34
138871,0.38
138873,0.4
138876,0.39
138880,0.39
138881,0.36
138882,0.39
138890,0.39
138892,0.39
138893,0.55
138917,0.36
138921,0.41
138922,0.41
138924,0.4
138926,0.3
138932,0.41
138946,0.35
138959,0.38
138961,0.41
138964,0.28
138968,0.43
138969,0.36
138980,0.34
138992,0.43
139002,0.44
139010,0.31
139011,0.46
139017,0.5
139030,0.39
139032,0.21
139034,0.51
139039,0.42
139049,0.42
139053,0.36
139058,0.33
139062,0.33
139067,0.46
139069,0.38
139070,0.46
139075,0.39
139082,0.36
139092,0.42
139098,0.3
139108,0.39
139127,0.38
139130,0.45
139145,0.32
139164,0.45
139174,0.39
139175,0.42
139178,0.41
139180,0.36
139181,0.38
139186,0.37
139189,0.45
139190,0.36
139191,0.32
139198,0.33
139201,0.37
139204,0.45
139208,0.33
139211,0.51
139215,0.42
139225,0.44
139226,0.45
139231,0.36
139246,0.36
139252,0.45
139256,0.41
139258,0.39
139268,0.4
139272,0.41
139283,0.42
139286,0.36
139289,0.47
139290,0.53
139291,0.46
139293,0.46
139303,0.42
139304,0.31
139307,0.38
139319,0.39
139321,0.43
139326,0.35
139327,0.33
139355,0.45
139363,0.42
139375,0.41
139397,0.38
139412,0.32
139413,0.45
139415,0.36
139416,0.48
139449,0.4
139461,0.43
139462,0.36
139463,0.36
139486,0.46
139493,0.31
139515,0.45
139516,0.46
139522,0.41
139532,0.32
139542,0.43
139545,0.32
139552,0.38
139553,0.5
139555,0.41
139559,0.4
139560,0.3
139564,0.43
139565,0.36
139567,0.32
139568,0.33
139572,0.35
139573,0.3
139592,0.4
139595,0.47
139597,0.44
139598,0.47
139607,0.41
139609,0.49
139628,0.43
139653,0.29
139656,0.57
139661,0.45
139673,0.35
139674,0.4
139683,0.38
139714,0.46
139724,0.38
139737,0.37
139749,0.34
139755,0.36
139756,0.38
139757,0.29
139763,0.44
139769,0.4
139774,0.44
139775,0.38
139777,0.38
139780,0.5
139788,0.37
139794,0.38
139831,0.36
139832,0.47
139834,0.55
139839,0.33
139843,0.46
139844,0.25
139858,0.38
139861,0.37
139864,0.44
139865,0.54
139874,0.4
139876,0.43
139895,0.35
139903,0.5
139917,0.44
139930,0.41
139934,0.39
139935,0.47
139946,0.41
139958,0.28
139977,0.42
139981,0.36
139989,0.39
139992,0.39
139995,0.41
139996,0.44
139997,0.42
140005,0.51
140010,0.37
140018,0.39
140026,0.35
140027,0.5
140031,0.38
140037,0.51
140039,0.34
140040,0.47
140042,0.37
140049,0.45
140084,0.3
140087,0.36
140096,0.32
140101,0.38
140114,0.29
140117,0.43
140129,0.47
140131,0.4
140132,0.38
140136,0.35
140144,0.41
140151,0.42
140172,0.4
140174,0.4
140190,0.38
140196,0.46
140200,0.4
140204,0.41
140223,0.43
140232,0.34
140234,0.38
140237,0.37
140245,0.44
140247,0.47
140248,0.41
140298,0.36
140305,0.49
140311,0.3
140312,0.39
140318,0.47
140325,0.34
140327,0.49
140334,0.46
140337,0.46
140338,0.41
140343,0.38
140376,0.39
140378,0.49
140381,0.34
140382,0.37
140384,0.46
140386,0.45
140390,0.45
140402,0.36
140406,0.38
140425,0.32
140426,0.47
140434,0.45
140435,0.43
140436,0.5
140451,0.38
140452,0.4
140454,0.44
140455,0.39
140483,0.4
140504,0.37
140512,0.41
140518,0.43
140534,0.34
140545,0.47
140546,0.4
140560,0.46
140563,0.32
140564,0.41
140569,0.34
140577,0.47
140638,0.34
140655,0.38
140664,0.48
140669,0.35
140672,0.42
140682,0.41
140693,0.44
140700,0.37
140701,0.41
140704,0.32
140705,0.54
140719,0.39
140749,0.48
140750,0.4
140751,0.35
140752,0.33
140762,0.44
140772,0.35
140778,0.53
140779,0.42
140780,0.47
140802,0.43
140804,0.44
140807,0.36
140813,0.42
140827,0.42
140840,0.36
140845,0.46
140847,0.39
140861,0.35
140862,0.44
140872,0.32
140879,0.35
140880,0.45
140886,0.34
140924,0.45
140938,0.47
140944,0.39
140945,0.45
140961,0.32
140963,0.36
140967,0.32
140982,0.61
140990,0.44
140993,0.3
140996,0.53
141004,0.42
141025,0.58
141030,0.37
141031,0.36
141032,0.33
141067,0.42
141072,0.4
141081,0.35
141084,0.4
141085,0.41
141089,0.4
141090,0.39
141093,0.54
141095,0.41
141110,0.44
141114,0.36
141119,0.48
141147,0.3
141150,0.4
141159,0.38
141160,0.43
141167,0.4
141206,0.24
141213,0.41
141215,0.46
141222,0.41
141255,0.28
141283,0.36
141298,0.45
141306,0.38
141310,0.34
141320,0.38
141323,0.4
141329,0.37
141333,0.48
141339,0.38
141340,0.35
141344,0.43
141345,0.39
141347,0.4
141350,0.42
141356,0.55
141358,0.5
141365,0.36
141368,0.34
141369,0.4
141376,0.42
141377,0.42
141385,0.38
141387,0.36
141388,0.4
141389,0.36
141390,0.35
141409,0.37
141410,0.42
141411,0.4
141414,0.38
141422,0.38
141426,0.35
141457,0.33
141470,0.27
141480,0.37
141481,0.37
141492,0.41
141493,0.35
141496,0.35
141497,0.46
141502,0.48
141503,0.45
141504,0.5
141507,0.37
141515,0.39
141524,0.41
141528,0.4
141540,0.32
141542,0.44
141551,0.51
141573,0.37
141580,0.33
141588,0.42
141596,0.39
141597,0.28
141602,0.39
141608,0.29
141611,0.43
141612,0.32
141618,0.35
141628,0.3
141632,0.32
141634,0.43
141637,0.53
141638,0.41
141639,0.36
141640,0.41
141644,0.37
141654,0.41
141656,0.34
141668,0.41
141717,0.48
141718,0.5
141723,0.46
141743,0.37
141744,0.41
141750,0.34
141753,0.43
141762,0.45
141809,0.41
141815,0.41
141826,0.36
141832,0.37
141840,0.41
141869,0.44
141870,0.38
141887,0.45
141915,0.35
141925,0.41
141945,0.53
141949,0.43
141958,0.39
141959,0.38
141963,0.39
141989,0.44
141995,0.46
141997,0.35
142005,0.38
142008,0.35
142012,0.46
142014,0.44
142025,0.47
142036,0.39
142037,0.38
142038,0.36
142039,0.35
142064,0.44
142065,0.48
142070,0.52
142074,0.39
142079,0.35
142084,0.45
142087,0.41
142102,0.44
142106,0.37
142115,0.4
142120,0.3
142132,0.45
142139,0.45
142142,0.37
142153,0.44
142160,0.52
142162,0.34
142163,0.33
142167,0.42
142168,0.41
142177,0.54
142180,0.42
142183,0.44
142186,0.37
142189,0.45
142195,0.38
142198,0.37
142210,0.45
142215,0.42
142222,0.44
142223,0.49
142224,0.51
142236,0.33
142237,0.37
142239,0.5
142242,0.36
142243,0.4
142244,0.37
142255,0.36
142273,0.35
142289,0.4
142294,0.38
142303,0.42
142305,0.48
142339,0.39
142359,0.41
142361,0.44
142364,0.36
142378,0.4
142380,0.39
142383,0.41
142387,0.32
142393,0.34
142396,0.49
142407,0.42
142409,0.31
142427,0.35
142429,0.34
142430,0.33
142431,0.45
142433,0.32
142439,0.45
142440,0.34
142446,0.39
142459,0.32
142478,0.44
142481,0.33
142491,0.54
142495,0.41
142497,0.45
142510,0.38
142513,0.54
142521,0.55
142529,0.46
142537,0.37
142542,0.37
142558,0.45
142574,0.47
142575,0.37
142579,0.42
142587,0.39
142590,0.47
142610,0.31
142614,0.29
142621,0.46
142641,0.46
142650,0.39
142653,0.35
142667,0.35
142671,0.48
142676,0.34
142680,0.46
142684,0.3
142685,0.38
142686,0.52
142689,0.41
142691,0.54
142704,0.39
142707,0.42
142724,0.41
142727,0.42
142728,0.4
142741,0.37
142747,0.33
142748,0.39
142752,0.38
142755,0.4
142756,0.44
142759,0.32
142762,0.37
142771,0.48
142778,0.36
142783,0.37
142789,0.44
142790,0.33
142791,0.42
142793,0.41
142795,0.37
142803,0.42
142819,0.34
142822,0.4
142825,0.42
142833,0.35
142871,0.33
142872,0.43
142883,0.38
142905,0.35
142906,0.39
142917,0.3
142921,0.45
142927,0.43
142932,0.39
142940,0.38
142962,0.41
142969,0.38
142976,0.46
142977,0.36
142982,0.52
142988,0.5
142990,0.35
142992,0.44
143012,0.41
143013,0.39
143016,0.35
143017,0.31
143033,0.29
143058,0.35
143059,0.44
143060,0.29
143065,0.53
143076,0.42
143081,0.4
143088,0.41
143089,0.44
143090,0.4
143094,0.33
143100,0.38
143115,0.48
143132,0.43
143135,0.46
143136,0.39
143149,0.41
143151,0.47
143152,0.37
143153,0.44
143162,0.25
143166,0.38
143167,0.4
143187,0.47
143188,0.5
143190,0.44
143191,0.4
143195,0.38
143207,0.32
143209,0.38
143227,0.45
143231,0.4
143232,0.46
143244,0.38
143263,0.4
143268,0.47
143275,0.46
143278,0.39
143302,0.42
143320,0.43
143328,0.39
143336,0.43
143339,0.44
143340,0.38
143353,0.36
143360,0.32
143361,0.38
143385,0.47
143388,0.33
143389,0.49
143390,0.5
143393,0.42
143396,0.44
143419,0.39
143421,0.34
143422,0.28
143431,0.36
143433,0.37
143440,0.38
143442,0.38
143463,0.38
143466,0.33
143475,0.5
143500,0.33
143510,0.38
143528,0.41
143532,0.42
143535,0.35
143538,0.5
143548,0.28
143550,0.42
143555,0.34
143576,0.5
143593,0.47
143595,0.37
143596,0.52
143597,0.33
143599,0.36
143601,0.38
143602,0.48
143605,0.41
143609,0.43
143611,0.43
143613,0.36
143618,0.4
143652,0.35
143667,0.34
143679,0.37
143680,0.34
143692,0.36
143703,0.38
143712,0.31
143714,0.51
143715,0.46
143729,0.34
143732,0.4
143738,0.32
143740,0.34
143743,0.34
143772,0.48
143773,0.45
143792,0.51
143802,0.45
143808,0.37
143819,0.46
143820,0.48
143825,0.29
143828,0.4
143831,0.46
143834,0.5
143835,0.34
143843,0.39
143860,0.37
143874,0.41
143889,0.41
143903,0.47
143921,0.49
143936,0.33
143944,0.38
143947,0.46
143948,0.42
143957,0.42
143964,0.44
143965,0.33
143971,0.47
143976,0.4
143977,0.55
143983,0.39
143991,0.39
144015,0.44
144032,0.34
144057,0.44
144065,0.4
144087,0.34
144090,0.4
144091,0.46
144092,0.39
144139,0.45
144150,0.38
144151,0.38
144153,0.42
144154,0.41
144159,0.39
144168,0.41
144169,0.44
144178,0.4
144179,0.46
144183,0.45
144186,0.4
144190,0.45
144191,0.45
144199,0.43
144226,0.41
144227,0.41
144229,0.51
144237,0.3
144247,0.37
144249,0.45
144259,0.35
144260,0.48
144282,0.37
144295,0.42
144304,0.37
144314,0.37
144318,0.37
144324,0.45
144325,0.42
144333,0.4
144334,0.37
144336,0.44
144350,0.48
144354,0.3
144357,0.41
144359,0.35
144365,0.38
144385,0.41
144386,0.37
144387,0.48
144390,0.26
144393,0.28
144398,0.32
144402,0.42
144416,0.34
144422,0.39
144446,0.41
144451,0.35
144461,0.32
144464,0.41
144483,0.37
144498,0.35
144499,0.39
144534,0.5
144549,0.47
144563,0.37
144570,0.44
144579,0.35
144580,0.38
144581,0.44
144582,0.49
144587,0.39
144588,0.31
144589,0.34
144590,0.41
144598,0.45
144601,0.39
144610,0.5
144611,0.39
144612,0.46
144613,0.32
144617,0.5
144635,0.41
144640,0.49
144644,0.38
144645,0.46
144654,0.3
144656,0.25
144657,0.34
144658,0.37
144659,0.47
144665,0.3
144667,0.42
144675,0.49
144677,0.38
144678,0.39
144690,0.3
144701,0.45
144702,0.4
144716,0.4
144721,0.31
144722,0.33
144729,0.42
144744,0.37
144753,0.36
144761,0.28
144764,0.35
144767,0.39
144780,0.45
144781,0.42
144784,0.43
144806,0.42
144810,0.4
144811,0.43
144824,0.41
144828,0.38
144829,0.35
144835,0.45
144849,0.41
144850,0.37
144870,0.44
144881,0.47
144891,0.42
144898,0.4
144904,0.35
144906,0.31
144909,0.38
144910,0.28
144912,0.35
144963,0.39
144965,0.44
144966,0.35
144979,0.55
144990,0.42
144991,0.37
144992,0.34
144999,0.34
145006,0.47
145007,0.4
145008,0.42
145009,0.49
145011,0.42
145014,0.43
145025,0.28
145036,0.33
145041,0.37
145058,0.5
145071,0.41
145106,0.36
145110,0.32
145142,0.38
145146,0.37
145147,0.38
145148,0.47
145149,0.41
145154,0.48
145157,0.4
145158,0.4
145167,0.34
145172,0.46
145174,0.44
145192,0.41
145195,0.4
145196,0.39
145199,0.3
145209,0.39
145242,0.49
145248,0.4
145249,0.39
145250,0.44
145281,0.32
145287,0.44
145288,0.47
145298,0.45
145303,0.32
145309,0.45
145333,0.45
145336,0.35
145339,0.47
145350,0.47
145353,0.38
145354,0.3
145358,0.33
145382,0.4
145383,0.41
145389,0.29
145390,0.41
145391,0.39
145392,0.41
145407,0.29
145410,0.42
145412,0.4
145415,0.36
145418,0.37
145419,0.37
145440,0.29
145451,0.52
145476,0.46
145481,0.44
145482,0.3
145484,0.48
145502,0.44
145512,0.43
145515,0.38
145521,0.42
145523,0.35
145554,0.36
145557,0.39
145560,0.49
145563,0.45
145569,0.31
145586,0.46
145601,0.32
145602,0.47
145615,0.41
145623,0.45
145638,0.35
145640,0.45
145645,0.43
145654,0.39
145664,0.32
145677,0.38
145679,0.36
145681,0.36
145698,0.38
145709,0.36
145713,0.32
145720,0.48
145780,0.29
145781,0.37
145798,0.35
145811,0.46
145819,0.49
145833,0.37
145834,0.41
145835,0.35
145844,0.46
145862,0.37
145869,0.31
145871,0.38
145872,0.34
145874,0.49
145888,0.4
145891,0.36
145907,0.55
145908,0.47
145919,0.39
145925,0.38
145940,0.49
145941,0.4
145943,0.4
145951,0.45
145954,0.33
145957,0.36
145962,0.39
145974,0.35
145976,0.38
145987,0.4
145988,0.46
145989,0.43
145990,0.41
145991,0.56
145993,0.33
146000,0.49
146001,0.36
146006,0.49
146011,0.41
146014,0.3
146020,0.33
146021,0.32
146022,0.31
146026,0.41
146028,0.49
146032,0.49
146033,0.48
146037,0.43
146059,0.36
146060,0.46
146063,0.39
146069,0.36
146086,0.4
146090,0.49
146092,0.34
146094,0.49
146097,0.36
146098,0.42
146106,0.44
146115,0.34
146121,0.46
146122,0.35
146140,0.33
146142,0.45
146146,0.34
146149,0.38
146153,0.32
146155,0.34
146156,0.42
146159,0.46
146172,0.36
146176,0.38
146184,0.49
146186,0.39
146191,0.42
146198,0.38
146199,0.31
146202,0.38
146206,0.36
146214,0.37
146221,0.29
146232,0.4
146239,0.28
146246,0.42
146247,0.33
146252,0.43
146255,0.48
146256,0.35
146262,0.53
146277,0.45
146292,0.41
146303,0.37
146305,0.43
146313,0.36
146317,0.44
146330,0.37
146344,0.47
146345,0.5
146347,0.41
146356,0.52
146369,0.35
146384,0.3
146385,0.35
146386,0.43
146388,0.34
146404,0.34
146409,0.46
146413,0.41
146421,0.47
146428,0.38
146451,0.33
146458,0.35
146466,0.36
146476,0.47
146485,0.32
146486,0.38
146487,0.44
146500,0.45
146502,0.47
146512,0.45
146514,0.43
146515,0.39
146516,0.37
146533,0.33
146535,0.4
146541,0.45
146557,0.3
146562,0.31
146565,0.32
146570,0.36
146571,0.35
146574,0.42
146587,0.37
146591,0.31
146597,0.44
146600,0.49
146614,0.43
146621,0.46
146623,0.46
146631,0.5
146644,0.45
146649,0.38
146651,0.41
146652,0.38
146663,0.43
146680,0.51
146683,0.37
146714,0.46
146724,0.43
146730,0.37
146732,0.5
146738,0.44
146752,0.43
146755,0.38
146756,0.39
146759,0.34
146760,0.53
146761,0.43
146765,0.39
146806,0.48
146809,0.38
146810,0.5
146811,0.34
146815,0.33
146820,0.43
146821,0.53
146824,0.44
146829,0.44
146842,0.41
146864,0.41
146891,0.43
146918,0.53
146955,0.36
146957,0.35
146972,0.52
146973,0.41
146979,0.39
146982,0.38
146984,0.37
146997,0.36
147001,0.44
147008,0.47
147014,0.35
147022,0.39
147038,0.42
147048,0.49
147060,0.4
147061,0.35
147077,0.45
147082,0.36
147083,0.41
147085,0.37
147086,0.29
147099,0.44
147127,0.39
147128,0.37
147133,0.39
147138,0.37
147139,0.39
147150,0.35
147155,0.38
147171,0.28
147172,0.45
147182,0.32
147195,0.41
147199,0.52
147216,0.44
147224,0.35
147225,0.34
147230,0.49
147240,0.42
147250,0.4
147253,0.36
147254,0.35
147264,0.41
147294,0.33
147308,0.31
147309,0.49
147315,0.42
147319,0.54
147329,0.35
147340,0.37
147345,0.53
147353,0.4
147354,0.37
147364,0.42
147366,0.51
147373,0.36
147382,0.35
147383,0.39
147390,0.36
147408,0.33
147411,0.38
147415,0.38
147416,0.4
147425,0.38
147427,0.4
147438,0.36
147439,0.34
147457,0.38
147459,0.37
147463,0.36
147469,0.37
147476,0.4
147483,0.32
147497,0.38
147502,0.43
147515,0.39
147523,0.42
147527,0.33
147541,0.29
147551,0.53
147552,0.54
147561,0.38
147571,0.45
147587,0.39
147657,0.33
147659,0.4
147670,0.48
147695,0.35
147696,0.28
147702,0.37
147710,0.45
147711,0.37
147712,0.39
147713,0.32
147720,0.35
147722,0.36
147742,0.31
147750,0.4
147761,0.41
147764,0.34
147770,0.4
147771,0.41
147774,0.35
147786,0.3
147787,0.5
147791,0.37
147792,0.42
147793,0.38
147794,0.47
147801,0.43
147824,0.4
147826,0.4
147840,0.43
147847,0.35
147862,0.5
147865,0.43
147882,0.43
147893,0.39
147925,0.31
147932,0.44
147942,0.38
147953,0.38
147955,0.48
147964,0.43
147966,0.46
147981,0.44
147982,0.42
147990,0.41
147998,0.32
148002,0.35
148013,0.36
148025,0.41
148026,0.33
148031,0.51
148035,0.4
148042,0.37
148047,0.39
148050,0.52
148063,0.37
148065,0.44
148069,0.47
148070,0.36
148075,0.44
148076,0.39
148087,0.42
148091,0.52
148102,0.36
148107,0.42
148108,0.47
148113,0.42
148131,0.51
148141,0.42
148149,0.5
148150,0.51
148163,0.37
148175,0.33
148185,0.39
148187,0.35
148198,0.46
148204,0.44
148205,0.35
148212,0.33
148216,0.42
148217,0.49
148223,0.42
148224,0.39
148235,0.45
148255,0.33
148276,0.35
148285,0.3
148289,0.43
148292,0.54
148294,0.35
148314,0.54
148319,0.36
148320,0.35
148322,0.46
148323,0.43
148325,0.34
148333,0.37
148339,0.34
148359,0.27
148361,0.54
148364,0.39
148380,0.4
148382,0.32
148386,0.41
148393,0.4
148394,0.53
148404,0.28
148419,0.4
148423,0.39
148437,0.43
148440,0.42
148448,0.38
148449,0.34
148450,0.35
148451,0.31
148458,0.48
148471,0.38
148475,0.43
148476,0.31
148497,0.37
148511,0.4
148512,0.38
148534,0.35
148545,0.47
148557,0.33
148564,0.37
148570,0.38
148586,0.34
148596,0.44
148600,0.4
148607,0.33
148609,0.42
148622,0.36
148623,0.35
148625,0.36
148626,0.43
148628,0.39
148632,0.41
148639,0.35
148643,0.42
148644,0.36
148680,0.34
148702,0.45
148716,0.44
148717,0.41
148726,0.46
148738,0.49
148746,0.46
148749,0.37
148750,0.51
148769,0.37
148791,0.4
148803,0.35
148804,0.4
148823,0.43
148831,0.35
148849,0.27
148850,0.37
148855,0.38
148893,0.34
148896,0.44
148899,0.34
148903,0.4
148910,0.39
148911,0.44
148912,0.54
148913,0.35
148933,0.46
148935,0.4
148937,0.42
148946,0.42
148955,0.35
148980,0.46
148996,0.32
149015,0.49
149025,0.36
149028,0.44
149029,0.44
149035,0.42
149050,0.36
149051,0.45
149052,0.34
149056,0.39
149062,0.34
149067,0.49
149076,0.34
149090,0.39
149106,0.4
149107,0.38
149118,0.53
149119,0.43
149130,0.4
149154,0.41
149157,0.37
149158,0.39
149160,0.43
149163,0.56
149164,0.38
149165,0.41
149166,0.42
149214,0.37
149231,0.36
149236,0.32
149237,0.41
149246,0.35
149247,0.41
149253,0.45
149254,0.43
149265,0.36
149266,0.46
149277,0.51
149283,0.45
149289,0.41
149310,0.33
149314,0.42
149318,0.4
149319,0.38
149320,0.33
149321,0.53
149333,0.4
149337,0.49
149338,0.46
149341,0.35
149342,0.36
149349,0.4
149351,0.37
149354,0.39
149360,0.44
149362,0.34
149366,0.37
149372,0.37
149376,0.33
149388,0.39
149393,0.53
149401,0.34
149405,0.4
149412,0.33
149415,0.41
149416,0.45
149430,0.42
149435,0.37
149436,0.34
149444,0.5
149456,0.34
149471,0.3
149480,0.38
149481,0.42
149490,0.45
149491,0.43
149503,0.35
149512,0.43
149524,0.44
149525,0.39
149532,0.37
149533,0.38
149536,0.47
149540,0.38
149548,0.38
149563,0.34
149568,0.34
149569,0.42
149570,0.35
149582,0.44
149584,0.49
149587,0.43
149592,0.35
149596,0.37
149599,0.36
149612,0.47
149643,0.42
149648,0.45
149665,0.46
149666,0.47
149671,0.46
149675,0.38
149676,0.42
149677,0.38
149680,0.45
149711,0.31
149723,0.38
149726,0.42
149727,0.39
149730,0.33
149733,0.42
149734,0.5
149736,0.37
149750,0.45
149752,0.44
149767,0.46
149791,0.39
149793,0.35
149810,0.4
149850,0.44
149857,0.37
149858,0.4
149860,0.43
149882,0.38
149889,0.43
149890,0.38
149918,0.52
149919,0.29
149927,0.41
149928,0.47
149940,0.35
149944,0.47
149947,0.41
149951,0.41
149956,0.44
149958,0.32
149969,0.34
149988,0.44
149996,0.48
150007,0.52
150018,0.41
150025,0.35
150054,0.44
150064,0.49
150070,0.34
150074,0.33
150078,0.44
150084,0.38
150106,0.43
150111,0.38
150115,0.35
150117,0.49
150120,0.39
150127,0.47
150128,0.4
150130,0.45
150132,0.44
150135,0.4
150145,0.4
150148,0.26
150153,0.43
150154,0.44
150173,0.34
150174,0.43
150176,0.44
150177,0.31
150178,0.5
150179,0.4
150187,0.42
150207,0.4
150223,0.37
150224,0.4
150229,0.42
150233,0.47
150245,0.4
150252,0.4
150257,0.37
150258,0.48
150267,0.36
150268,0.48
150272,0.45
150282,0.34
150289,0.51
150299,0.33
150307,0.5
150310,0.38
150311,0.35
150312,0.36
150313,0.44
150324,0.44
150335,0.37
150343,0.4
150354,0.38
150363,0.39
150365,0.35
150377,0.41
150381,0.46
150382,0.36
150414,0.43
150418,0.4
150431,0.4
150449,0.35
150450,0.41
150473,0.39
150475,0.36
150476,0.34
150478,0.41
150488,0.49
150499,0.39
150501,0.48
150503,0.22
150518,0.48
150529,0.29
150531,0.33
150532,0.42
150535,0.38
150543,0.34
150545,0.41
150548,0.34
150552,0.46
150558,0.36
150574,0.45
150576,0.48
150577,0.34
150594,0.38
150601,0.45
150604,0.34
150618,0.37
150626,0.36
150627,0.47
150635,0.43
150648,0.38
150649,0.45
150650,0.34
150651,0.36
150652,0.37
150657,0.4
150659,0.38
150666,0.43
150667,0.39
150680,0.31
150698,0.45
150700,0.53
150713,0.34
150715,0.44
150718,0.4
150724,0.43
150731,0.41
150734,0.54
150738,0.29
150744,0.32
150745,0.47
150746,0.38
150749,0.33
150750,0.39
150753,0.43
150759,0.47
150762,0.47
150764,0.42
150782,0.4
150784,0.33
150785,0.45
150786,0.31
150789,0.35
150802,0.32
150809,0.32
150810,0.46
150817,0.42
150820,0.27
150822,0.46
150845,0.37
150846,0.38
150854,0.41
150858,0.41
150866,0.45
150869,0.43
150874,0.37
150887,0.29
150889,0.37
150892,0.34
150896,0.43
150901,0.51
150914,0.41
150918,0.41
150919,0.34
150929,0.42
150935,0.4
150941,0.38
150949,0.38
150950,0.38
150951,0.34
150952,0.35
150980,0.43
150981,0.27
150986,0.49
150987,0.41
151004,0.34
151005,0.35
151010,0.28
151012,0.32
151016,0.4
151021,0.55
151022,0.42
151023,0.34
151024,0.43
151035,0.32
151036,0.36
151039,0.41
151041,0.32
151043,0.45
151052,0.41
151058,0.44
151065,0.43
151066,0.42
151067,0.42
151069,0.33
151070,0.36
151080,0.41
151090,0.33
151092,0.45
151100,0.48
151108,0.44
151113,0.41
151119,0.51
151131,0.34
151145,0.37
151147,0.45
151148,0.46
151149,0.39
151153,0.36
151158,0.4
151167,0.43
151169,0.39
151185,0.37
151186,0.38
151187,0.45
151203,0.35
151206,0.42
151213,0.51
151237,0.41
151254,0.37
151255,0.32
151264,0.49
151266,0.46
151267,0.34
151270,0.34
151286,0.46
151288,0.39
151289,0.48
151290,0.44
151303,0.38
151304,0.43
151308,0.42
151315,0.37
151324,0.41
151329,0.35
151335,0.34
151343,0.42
151347,0.45
151348,0.4
151357,0.42
151366,0.32
151372,0.4
151374,0.41
151394,0.37
151395,0.42
151403,0.37
151410,0.3
151412,0.56
151419,0.3
151443,0.48
151464,0.37
151466,0.39
151467,0.37
151476,0.43
151480,0.35
151481,0.37
151486,0.42
151487,0.41
151490,0.34
151498,0.46
151500,0.36
151504,0.35
151516,0.41
151519,0.38
151528,0.43
151529,0.45
151539,0.35
151540,0.42
151556,0.49
151558,0.41
151559,0.45
151581,0.4
151586,0.35
151589,0.42
151603,0.39
151604,0.33
151610,0.44
151637,0.41
151652,0.39
151654,0.35
151667,0.37
151668,0.42
151669,0.38
151678,0.46
151697,0.39
151706,0.42
151729,0.4
151730,0.37
151737,0.42
151744,0.43
151756,0.39
151785,0.34
151800,0.35
151801,0.33
151821,0.43
151822,0.43
151834,0.45
151845,0.45
151846,0.35
151847,0.38
151848,0.3
151859,0.45
151872,0.47
151875,0.48
151883,0.39
151888,0.39
151895,0.39
151896,0.48
151900,0.31
151913,0.35
151920,0.41
151928,0.41
151933,0.42
151934,0.41
151948,0.51
151951,0.39
151963,0.37
151964,0.4
151965,0.37
151966,0.44
151974,0.41
151975,0.42
151978,0.49
151982,0.43
151993,0.43
152002,0.36
152005,0.47
152017,0.37
152020,0.48
152039,0.41
152047,0.39
152064,0.34
152071,0.42
152076,0.47
152088,0.35
152091,0.39
152093,0.43
152100,0.37
152107,0.43
152115,0.44
152119,0.36
152123,0.43
152129,0.36
152140,0.44
152141,0.39
152142,0.41
152148,0.44
152170,0.37
152171,0.31
152176,0.39
152186,0.41
152192,0.38
152204,0.34
152215,0.46
152220,0.37
152230,0.39
152256,0.52
152265,0.42
152266,0.46
152268,0.29
152272,0.34
152286,0.34
152299,0.47
152305,0.42
152324,0.4
152329,0.37
152355,0.51
152356,0.43
152365,0.43
152369,0.46
152373,0.37
152374,0.5
152383,0.43
152395,0.38
152403,0.45
152404,0.32
152406,0.35
152425,0.29
152437,0.5
152438,0.4
152442,0.4
152460,0.36
152461,0.41
152462,0.39
152472,0.46
152473,0.29
152477,0.38
152506,0.39
152522,0.36
152530,0.37
152535,0.31
152543,0.41
152548,0.47
152556,0.39
152562,0.39
152563,0.36
152565,0.43
152591,0.43
152593,0.47
152612,0.42
152619,0.43
152627,0.44
152628,0.39
152632,0.43
152638,0.3
152646,0.37
152662,0.29
152679,0.28
152680,0.39
152699,0.5
152703,0.44
152717,0.47
152720,0.3
152721,0.43
152735,0.4
152736,0.35
152739,0.47
152755,0.38
152769,0.41
152785,0.35
152788,0.48
152791,0.29
152808,0.49
152815,0.42
152816,0.38
152817,0.45
152818,0.35
152819,0.39
152820,0.42
152823,0.37
152831,0.33
152832,0.51
152833,0.33
152835,0.41
152838,0.37
152846,0.35
152862,0.43
152864,0.38
152865,0.41
152871,0.3
152874,0.42
152875,0.41
152876,0.38
152877,0.39
152881,0.48
152892,0.43
152908,0.41
152909,0.47
152915,0.32
152916,0.41
152923,0.49
152932,0.44
152934,0.32
152936,0.46
152948,0.35
152951,0.4
152956,0.41
152963,0.42
152964,0.45
152978,0.43
152980,0.43
152986,0.42
153001,0.45
153002,0.29
153007,0.4
153009,0.43
153017,0.51
153018,0.43
153022,0.36
153027,0.44
153032,0.44
153033,0.43
153034,0.35
153037,0.43
153051,0.45
153052,0.4
153057,0.39
153067,0.44
153084,0.51
153088,0.41
153089,0.49
153093,0.35
153094,0.45
153095,0.39
153105,0.41
153108,0.44
153110,0.54
153119,0.41
153135,0.34
153139,0.42
153146,0.36
153154,0.42
153185,0.46
153195,0.42
153196,0.33
153198,0.46
153202,0.47
153203,0.36
153209,0.33
153223,0.4
153224,0.34
153227,0.39
153230,0.3
153233,0.42
153234,0.3
153235,0.42
153243,0.47
153263,0.44
153269,0.4
153272,0.33
153276,0.47
153279,0.52
153291,0.39
153311,0.36
153328,0.38
153330,0.37
153341,0.41
153345,0.35
153393,0.36
153394,0.48
153395,0.35
153420,0.38
153428,0.39
153432,0.54
153449,0.43
153458,0.44
153459,0.4
153472,0.43
153475,0.4
153479,0.37
153480,0.43
153490,0.32
153491,0.29
153501,0.4
153502,0.45
153507,0.34
153513,0.39
153514,0.36
153519,0.41
153520,0.33
153556,0.27
153577,0.32
153582,0.38
153594,0.57
153595,0.37
153598,0.31
153601,0.36
153625,0.39
153641,0.37
153654,0.34
153676,0.41
153681,0.4
153704,0.47
153706,0.35
153710,0.47
153720,0.38
153734,0.38
153738,0.34
153743,0.38
153748,0.4
153756,0.48
153757,0.38
153759,0.33
153764,0.42
153782,0.39
153796,0.4
153802,0.31
153809,0.51
153810,0.35
153817,0.48
153821,0.45
153823,0.45
153830,0.56
153834,0.39
153839,0.52
153842,0.39
153847,0.41
153855,0.42
153873,0.37
153875,0.3
153882,0.55
153884,0.34
153885,0.48
153886,0.42
153890,0.31
153892,0.39
153897,0.42
153898,0.55
153901,0.41
153924,0.44
153928,0.41
153929,0.36
153949,0.32
153979,0.48
153980,0.42
153981,0.4
154010,0.42
154015,0.4
154039,0.42
154043,0.39
154044,0.51
154046,0.44
154047,0.42
154058,0.35
154060,0.39
154065,0.46
154083,0.38
154100,0.45
154108,0.27
154120,0.41
154121,0.43
154122,0.28
154128,0.32
154137,0.47
154143,0.46
154151,0.38
154158,0.4
154176,0.35
154184,0.47
154191,0.44
154215,0.44
154216,0.36
154220,0.34
154222,0.5
154227,0.33
154241,0.3
154243,0.42
154244,0.41
154254,0.35
154264,0.37
154265,0.28
154268,0.38
154269,0.35
154299,0.32
154307,0.43
154315,0.39
154325,0.32
154327,0.35
154332,0.48
154346,0.4
154347,0.3
154353,0.47
154369,0.38
154376,0.39
154377,0.39
154379,0.41
154389,0.44
154402,0.46
154403,0.33
154416,0.32
154428,0.45
154430,0.35
154442,0.47
154447,0.31
154468,0.43
154470,0.45
154473,0.43
154480,0.35
154486,0.41
154500,0.45
154507,0.37
154529,0.32
154549,0.3
154557,0.4
154571,0.43
154578,0.37
154580,0.36
154591,0.43
154611,0.49
154623,0.35
154650,0.43
154655,0.44
154659,0.37
154680,0.46
154681,0.43
154690,0.45
154711,0.46
154712,0.34
154722,0.45
154731,0.46
154747,0.44
154749,0.39
154750,0.38
154760,0.45
154763,0.33
154786,0.35
154788,0.33
154792,0.32
154807,0.38
154812,0.42
154818,0.41
154819,0.38
154824,0.54
154839,0.36
154840,0.36
154843,0.36
154847,0.4
154849,0.35
154850,0.4
154851,0.46
154853,0.32
154858,0.42
154868,0.45
154871,0.38
154877,0.41
154916,0.35
154920,0.38
154922,0.49
154924,0.38
154933,0.38
154942,0.44
154955,0.43
154957,0.3
154966,0.46
154971,0.31
154972,0.37
154973,0.48
154974,0.34
154979,0.42
154982,0.31
154990,0.45
154991,0.34
154994,0.46
154995,0.45
155009,0.3
155014,0.25
155017,0.44
155018,0.45
155019,0.38
155020,0.38
155027,0.32
155034,0.41
155047,0.44
155049,0.43
155052,0.54
155053,0.5
155059,0.3
155060,0.42
155069,0.29
155077,0.43
155078,0.33
155086,0.38
155088,0.42
155094,0.34
155099,0.4
155100,0.51
155116,0.3
155117,0.38
155119,0.41
155120,0.41
155133,0.42
155135,0.38
155141,0.39
155144,0.4
155145,0.39
155174,0.35
155194,0.41
155196,0.38
155204,0.44
155232,0.4
155240,0.39
155246,0.4
155254,0.3
155267,0.36
155273,0.35
155274,0.38
155283,0.35
155296,0.42
155312,0.37
155318,0.42
155322,0.44
155323,0.48
155329,0.42
155342,0.33
155346,0.51
155366,0.41
155369,0.33
155372,0.36
155378,0.45
155382,0.4
155390,0.36
155401,0.47
155428,0.36
155443,0.37
155445,0.31
155450,0.4
155452,0.41
155453,0.4
155480,0.38
155482,0.35
155484,0.35
155485,0.44
155496,0.44
155497,0.3
155531,0.35
155541,0.26
155547,0.34
155550,0.45
155551,0.34
155565,0.43
155567,0.39
155569,0.46
155573,0.3
155575,0.37
155581,0.31
155591,0.43
155593,0.41
155594,0.42
155610,0.47
155623,0.38
155624,0.37
155629,0.4
155638,0.4
155650,0.42
155652,0.49
155687,0.49
155697,0.37
155715,0.45
155718,0.37
155719,0.42
155723,0.5
155730,0.36
155731,0.6
155737,0.44
155738,0.39
155740,0.36
155742,0.34
155755,0.37
155766,0.42
155768,0.38
155771,0.39
155803,0.38
155808,0.33
155809,0.46
155812,0.41
155820,0.42
155832,0.41
155841,0.44
155847,0.48
155848,0.3
155855,0.4
155886,0.4
155893,0.43
155905,0.32
155910,0.4
155912,0.31
155919,0.52
155921,0.4
155937,0.41
155939,0.5
155950,0.37
155987,0.44
155988,0.38
156005,0.44
156006,0.35
156010,0.3
156018,0.41
156021,0.42
156026,0.42
156030,0.36
156033,0.34
156038,0.35
156041,0.43
156049,0.34
156050,0.38
156068,0.36
156069,0.45
156087,0.38
156088,0.46
156095,0.47
156104,0.36
156107,0.4
156108,0.47
156111,0.48
156119,0.36
156123,0.46
156140,0.45
156149,0.46
156161,0.38
156180,0.49
156186,0.44
156189,0.39
156194,0.39
156200,0.41
156213,0.45
156214,0.43
156228,0.41
156234,0.41
156236,0.35
156243,0.41
156256,0.43
156268,0.44
156269,0.34
156270,0.42
156274,0.36
156290,0.39
156291,0.34
156292,0.39
156298,0.4
156301,0.38
156302,0.34
156309,0.45
156355,0.42
156365,0.4
156367,0.42
156372,0.39
156376,0.34
156377,0.38
156389,0.36
156400,0.38
156404,0.38
156405,0.35
156426,0.45
156427,0.41
156429,0.38
156430,0.42
156431,0.37
156432,0.41
156449,0.44
156463,0.45
156464,0.31
156478,0.35
156492,0.42
156508,0.51
156509,0.42
156517,0.39
156526,0.41
156527,0.41
156538,0.44
156542,0.35
156543,0.4
156555,0.41
156556,0.36
156561,0.34
156563,0.37
156564,0.53
156567,0.44
156570,0.34
156581,0.4
156594,0.46
156597,0.36
156600,0.41
156601,0.38
156627,0.32
156629,0.37
156642,0.35
156644,0.42
156663,0.36
156674,0.32
156688,0.47
156696,0.38
156707,0.41
156723,0.47
156728,0.4
156731,0.36
156732,0.41
156733,0.38
156768,0.43
156773,0.37
156782,0.4
156815,0.4
156837,0.36
156854,0.45
156861,0.43
156862,0.38
156878,0.36
156903,0.36
156910,0.38
156925,0.34
156933,0.36
156952,0.32
156953,0.33
156963,0.41
156965,0.45
156989,0.41
156994,0.34
156996,0.38
157005,0.37
157011,0.43
157046,0.45
157058,0.49
157061,0.46
157065,0.42
157066,0.34
157067,0.43
157090,0.44
157091,0.35
157096,0.37
157101,0.57
157104,0.39
157109,0.34
157116,0.45
157120,0.42
157121,0.47
157124,0.38
157125,0.44
157132,0.38
157153,0.37
157157,0.43
157159,0.5
157168,0.32
157189,0.43
157195,0.43
157203,0.28
157210,0.34
157212,0.54
157220,0.33
157239,0.39
157241,0.36
157246,0.53
157247,0.48
157252,0.4
157253,0.52
157265,0.42
157291,0.42
157292,0.42
157301,0.35
157306,0.51
157312,0.48
157314,0.51
157332,0.47
157333,0.45
157337,0.44
157345,0.4
157347,0.39
157363,0.42
157376,0.43
157382,0.47
157397,0.4
157409,0.41
157411,0.42
157422,0.42
157428,0.43
157434,0.34
157442,0.46
157446,0.42
157456,0.41
157465,0.38
157469,0.35
157482,0.38
157497,0.33
157507,0.29
157510,0.49
157515,0.36
157529,0.4
157530,0.44
157541,0.3
157546,0.54
157553,0.52
157554,0.37
157562,0.42
157565,0.41
157566,0.41
157571,0.4
157572,0.38
157574,0.36
157575,0.34
157581,0.43
157590,0.36
157604,0.34
157611,0.43
157617,0.48
157620,0.38
157623,0.36
157651,0.46
157653,0.36
157664,0.46
157690,0.34
157704,0.36
157712,0.32
157722,0.37
157727,0.39
157764,0.44
157765,0.41
157775,0.33
157777,0.45
157789,0.43
157802,0.4
157803,0.39
157804,0.42
157805,0.4
157822,0.4
157823,0.3
157827,0.23
157836,0.3
157839,0.36
157847,0.34
157859,0.44
157864,0.42
157866,0.43
157877,0.4
157886,0.44
157892,0.49
157903,0.39
157913,0.4
157919,0.38
157920,0.34
157923,0.39
157926,0.26
157927,0.42
157948,0.42
157949,0.47
157952,0.33
157955,0.5
157958,0.39
157960,0.27
157966,0.35
157970,0.38
157979,0.32
157980,0.4
157985,0.34
157997,0.42
157998,0.37
158002,0.4
158004,0.37
158005,0.34
158007,0.34
158008,0.42
158015,0.5
158033,0.4
158036,0.34
158041,0.42
158044,0.37
158049,0.43
158061,0.45
158078,0.4
158099,0.31
158100,0.41
158102,0.36
158107,0.35
158114,0.3
158127,0.36
158128,0.33
158142,0.44
158145,0.38
158146,0.42
158167,0.36
158176,0.4
158184,0.39
158197,0.32
158201,0.39
158202,0.47
158205,0.45
158208,0.31
158211,0.41
158215,0.39
158218,0.4
158221,0.4
158223,0.37
158230,0.44
158234,0.32
158235,0.42
158245,0.4
158254,0.35
158267,0.4
158277,0.35
158283,0.33
158289,0.38
158290,0.42
158298,0.44
158307,0.43
158332,0.43
158336,0.42
158342,0.39
158344,0.42
158347,0.45
158352,0.32
158354,0.4
158355,0.3
158357,0.33
158365,0.45
158366,0.42
158367,0.52
158368,0.46
158384,0.4
158388,0.32
158395,0.4
158413,0.39
158425,0.41
158426,0.4
158432,0.34
158444,0.4
158453,0.42
158454,0.34
158459,0.4
158462,0.46
158468,0.45
158469,0.39
158470,0.39
158483,0.37
158485,0.36
158490,0.42
158494,0.31
158500,0.36
158503,0.47
158504,0.45
158519,0.42
158523,0.45
158527,0.37
158533,0.38
158535,0.36
158539,0.36
158544,0.47
158547,0.31
158551,0.46
158552,0.37
158560,0.42
158616,0.44
158638,0.36
158642,0.3
158651,0.43
158653,0.36
158677,0.42
158683,0.44
158687,0.35
158693,0.35
158700,0.37
158703,0.48
158705,0.47
158706,0.43
158708,0.35
158712,0.36
158714,0.46
158715,0.41
158752,0.4
158753,0.5
158763,0.44
158764,0.35
158767,0.35
158770,0.4
158781,0.49
158789,0.36
158790,0.37
158791,0.51
158795,0.4
158796,0.41
158800,0.33
158806,0.32
158807,0.46
158815,0.53
158824,0.37
158828,0.34
158831,0.49
158840,0.46
158841,0.46
158847,0.25
158856,0.43
158858,0.33
158884,0.41
158885,0.49
158891,0.4
158898,0.48
158911,0.46
158913,0.46
158918,0.39
158926,0.45
158929,0.51
158939,0.4
158940,0.4
158952,0.39
158963,0.33
158973,0.32
158977,0.37
158988,0.47
159013,0.37
159016,0.39
159018,0.37
159024,0.52
159034,0.34
159035,0.42
159039,0.43
159049,0.33
159056,0.41
159068,0.47
159078,0.47
159099,0.36
159103,0.42
159106,0.48
159113,0.32
159117,0.4
159124,0.41
159132,0.45
159139,0.37
159142,0.31
159145,0.4
159147,0.42
159174,0.36
159201,0.42
159203,0.53
159212,0.54
159214,0.32
159221,0.5
159240,0.43
159241,0.36
159242,0.49
159244,0.35
159250,0.4
159275,0.24
159284,0.53
159293,0.43
159295,0.3
159301,0.44
159310,0.34
159314,0.35
159318,0.47
159333,0.36
159334,0.36
159335,0.47
159337,0.42
159338,0.36
159340,0.5
159361,0.34
159384,0.45
159402,0.42
159421,0.44
159424,0.38
159425,0.26
159426,0.47
159439,0.41
159445,0.37
159449,0.28
159460,0.43
159475,0.41
159481,0.35
159483,0.39
159494,0.35
159504,0.35
159512,0.47
159522,0.55
159524,0.57
159526,0.42
159528,0.35
159547,0.4
159555,0.4
159562,0.35
159563,0.41
159565,0.47
159569,0.47
159578,0.5
159579,0.41
159581,0.46
159594,0.28
159598,0.44
159604,0.4
159605,0.41
159620,0.44
159631,0.41
159633,0.34
159659,0.29
159661,0.5
159667,0.55
159669,0.45
159682,0.44
159683,0.31
159693,0.38
159698,0.38
159702,0.41
159703,0.28
159707,0.31
159716,0.35
159732,0.48
159734,0.46
159740,0.46
159748,0.39
159751,0.46
159756,0.37
159758,0.44
159767,0.45
159769,0.45
159775,0.46
159802,0.44
159804,0.39
159817,0.32
159818,0.42
159824,0.46
159837,0.44
159840,0.38
159842,0.44
159851,0.36
159865,0.48
159866,0.38
159872,0.39
159874,0.46
159879,0.43
159883,0.42
159884,0.49
159898,0.46
159903,0.34
159906,0.43
159914,0.35
159915,0.39
159917,0.29
159929,0.37
159949,0.42
159951,0.54
159953,0.42
159957,0.47
159968,0.36
159972,0.36
159973,0.52
159993,0.34
160008,0.42
160011,0.47
160013,0.39
160015,0.45
160017,0.31
160023,0.34
160028,0.51
160035,0.46
160074,0.32
160076,0.36
160077,0.42
160080,0.43
160084,0.43
160089,0.46
160094,0.49
160101,0.33
160103,0.34
160111,0.38
160114,0.43
160116,0.3
160119,0.45
160123,0.36
160141,0.41
160147,0.4
160151,0.34
160172,0.39
160173,0.39
160177,0.38
160178,0.36
160180,0.33
160181,0.45
160188,0.3
160189,0.39
160193,0.41
160205,0.39
160214,0.47
160215,0.45
160217,0.36
160262,0.34
160263,0.47
160273,0.31
160282,0.43
160295,0.39
160297,0.41
160303,0.4
160305,0.47
160309,0.32
160324,0.36
160338,0.44
160366,0.43
160375,0.42
160381,0.37
160398,0.42
160400,0.35
160406,0.48
160410,0.51
160411,0.38
160418,0.4
160440,0.34
160441,0.42
160450,0.52
160465,0.49
160470,0.31
160471,0.38
160472,0.41
160479,0.43
160490,0.43
160500,0.32
160503,0.28
160504,0.39
160515,0.41
160541,0.32
160545,0.4
160562,0.32
160589,0.39
160594,0.45
160595,0.36
160598,0.41
160601,0.43
160605,0.5
160606,0.44
160607,0.32
160608,0.38
160610,0.35
160614,0.35
160615,0.38
160626,0.37
160634,0.4
160656,0.35
160660,0.35
160666,0.35
160672,0.31
160673,0.46
160674,0.41
160681,0.36
160683,0.4
160694,0.47
160710,0.39
160715,0.46
160719,0.47
160732,0.33
160734,0.44
160737,0.43
160742,0.38
160747,0.4
160749,0.45
160753,0.37
160756,0.33
160757,0.39
160763,0.36
160782,0.37
160789,0.47
160804,0.35
160805,0.44
160813,0.3
160815,0.43
160819,0.34
160820,0.43
160822,0.43
160823,0.46
160837,0.44
160841,0.44
160847,0.34
160861,0.42
160886,0.42
160891,0.35
160897,0.44
160914,0.39
160915,0.38
160929,0.3
160930,0.38
160931,0.52
160935,0.51
160939,0.34
160953,0.32
160954,0.4
160962,0.38
160966,0.39
160982,0.37
160983,0.49
160991,0.37
160998,0.38
161009,0.53
161014,0.45
161017,0.5
161021,0.34
161023,0.43
161027,0.32
161028,0.43
161030,0.42
161031,0.49
161033,0.42
161050,0.39
161053,0.46
161054,0.31
161055,0.44
161059,0.39
161061,0.37
161065,0.43
161069,0.44
161072,0.36
161073,0.39
161080,0.32
161083,0.33
161104,0.35
161111,0.48
161139,0.36
161149,0.45
161158,0.45
161171,0.39
161175,0.43
161201,0.5
161202,0.36
161205,0.38
161228,0.41
161233,0.38
161234,0.46
161237,0.45
161238,0.34
161250,0.44
161251,0.33
161253,0.43
161254,0.37
161283,0.52
161291,0.31
161297,0.35
161300,0.36
161314,0.35
161315,0.44
161336,0.37
161341,0.54
161343,0.48
161351,0.46
161352,0.43
161353,0.38
161361,0.37
161366,0.37
161368,0.48
161378,0.37
161379,0.43
161380,0.35
161398,0.46
161408,0.37
161432,0.38
161439,0.34
161461,0.4
161467,0.51
161468,0.41
161471,0.44
161477,0.51
161503,0.44
161514,0.45
161524,0.41
161527,0.36
161528,0.36
161531,0.32
161536,0.32
161537,0.34
161548,0.31
161558,0.44
161572,0.48
161586,0.44
161605,0.42
161606,0.4
161607,0.36
161618,0.48
161640,0.42
161658,0.41
161660,0.53
161661,0.51
161662,0.46
161677,0.57
161681,0.4
161682,0.33
161683,0.52
161685,0.35
161686,0.4
161687,0.39
161691,0.45
161701,0.4
161707,0.4
161709,0.39
161710,0.37
161711,0.45
161714,0.41
161742,0.31
161751,0.44
161764,0.29
161771,0.38
161781,0.34
161782,0.46
161800,0.28
161810,0.49
161812,0.31
161813,0.45
161816,0.4
161838,0.38
161841,0.41
161845,0.35
161871,0.42
161877,0.43
161882,0.48
161885,0.41
161886,0.53
161895,0.39
161897,0.42
161914,0.37
161921,0.35
161922,0.5
161927,0.51
161946,0.38
161952,0.34
161954,0.35
161955,0.35
161961,0.35
161977,0.38
161980,0.44
161989,0.42
161993,0.41
162002,0.41
162011,0.41
162012,0.45
162015,0.39
162016,0.44
162019,0.4
162021,0.4
162022,0.4
162023,0.48
162025,0.42
162028,0.28
162029,0.4
162030,0.37
162031,0.46
162033,0.45
162037,0.39
162044,0.42
162071,0.41
162093,0.36
162094,0.43
162100,0.25
162102,0.37
162105,0.34
162109,0.39
162116,0.46
162117,0.45
162118,0.44
162120,0.36
162125,0.31
162128,0.37
162131,0.37
162133,0.48
162135,0.51
162156,0.4
162157,0.41
162165,0.39
162166,0.22
162170,0.43
162201,0.48
162202,0.42
162206,0.32
162211,0.38
162227,0.35
162232,0.34
162235,0.45
162237,0.38
162248,0.27
162261,0.34
162262,0.41
162280,0.35
162282,0.43
162284,0.38
162287,0.6
162305,0.43
162308,0.35
162309,0.32
162312,0.39
162313,0.38
162316,0.44
162324,0.53
162325,0.51
162333,0.27
162334,0.48
162337,0.42
162340,0.45
162344,0.3
162347,0.48
162350,0.3
162351,0.35
162365,0.34
162368,0.44
162379,0.48
162383,0.46
162392,0.4
162393,0.46
162397,0.35
162398,0.51
162406,0.45
162410,0.4
162418,0.34
162420,0.5
162424,0.38
162425,0.4
162438,0.45
162442,0.33
162462,0.38
162476,0.35
162477,0.33
162480,0.43
162491,0.37
162493,0.48
162503,0.4
162504,0.44
162513,0.36
162516,0.44
162517,0.38
162522,0.39
162523,0.38
162542,0.38
162584,0.44
162586,0.47
162589,0.42
162594,0.34
162616,0.39
162630,0.47
162637,0.38
162652,0.36
162659,0.36
162668,0.36
162674,0.45
162680,0.36
162685,0.31
162689,0.5
162711,0.39
162714,0.43
162732,0.37
162741,0.38
162758,0.43
162759,0.37
162775,0.43
162776,0.35
162777,0.34
162782,0.42
162786,0.38
162794,0.39
162799,0.37
162801,0.48
162802,0.49
162807,0.42
162820,0.4
162827,0.4
162833,0.31
162837,0.34
162844,0.38
162860,0.4
162862,0.42
162864,0.51
162868,0.46
162880,0.34
162895,0.43
162898,0.37
162918,0.43
162924,0.42
162931,0.39
162936,0.41
162978,0.44
162979,0.45
162988,0.42
162989,0.42
163013,0.41
163014,0.36
163021,0.49
163024,0.39
163027,0.43
163030,0.32
163031,0.47
163032,0.36
163039,0.33
163042,0.39
163048,0.52
163049,0.41
163068,0.42
163071,0.47
163074,0.5
163079,0.28
163080,0.41
163085,0.44
163093,0.36
163094,0.44
163109,0.55
163116,0.32
163117,0.43
163118,0.36
163119,0.39
163121,0.43
163131,0.45
163132,0.44
163133,0.34
163182,0.46
163187,0.35
163188,0.43
163195,0.37
163197,0.4
163200,0.39
163206,0.41
163207,0.39
163214,0.44
163222,0.41
163224,0.33
163226,0.35
163235,0.38
163240,0.39
163258,0.48
163263,0.44
163264,0.43
163265,0.41
163266,0.45
163268,0.32
163272,0.36
163273,0.39
163278,0.41
163288,0.42
163299,0.44
163302,0.4
163307,0.44
163321,0.34
163349,0.39
163352,0.45
163353,0.45
163357,0.3
163362,0.42
163375,0.44
163385,0.4
163386,0.45
163390,0.4
163408,0.43
163423,0.34
163426,0.36
163437,0.45
163452,0.34
163472,0.4
163473,0.4
163479,0.5
163480,0.44
163487,0.42
163492,0.5
163493,0.35
163523,0.32
163524,0.53
163527,0.51
163528,0.44
163531,0.34
163538,0.3
163556,0.37
163563,0.44
163566,0.42
163570,0.36
163571,0.37
163574,0.37
163578,0.42
163580,0.44
163597,0.43
163601,0.47
163604,0.42
163609,0.36
163618,0.41
163634,0.45
163647,0.4
163660,0.41
163661,0.44
163666,0.43
163667,0.36
163669,0.33
163676,0.41
163681,0.39
163682,0.31
163684,0.39
163714,0.48
163724,0.37
163728,0.35
163729,0.37
163738,0.4
163742,0.44
163743,0.4
163748,0.35
163759,0.36
163782,0.35
163793,0.33
163800,0.53
163801,0.38
163802,0.48
163814,0.43
163820,0.34
163821,0.45
163848,0.42
163852,0.43
163854,0.41
163855,0.36
163882,0.54
163895,0.51
163900,0.41
163907,0.41
163915,0.3
163926,0.48
163929,0.48
163934,0.38
163940,0.35
163943,0.36
163944,0.36
163949,0.38
163951,0.36
163952,0.5
163965,0.43
163970,0.3
163980,0.37
163981,0.36
163988,0.36
163989,0.4
163991,0.43
164015,0.42
164028,0.33
164030,0.32
164031,0.42
164037,0.42
164049,0.37
164052,0.5
164059,0.49
164083,0.42
164095,0.31
164106,0.48
164116,0.39
164117,0.33
164119,0.36
164133,0.4
164134,0.37
164142,0.46
164143,0.33
164147,0.34
164148,0.59
164150,0.45
164152,0.3
164156,0.35
164157,0.35
164158,0.32
164166,0.4
164191,0.4
164194,0.43
164198,0.41
164201,0.36
164202,0.39
164207,0.36
164228,0.24
164240,0.43
164241,0.33
164244,0.38
164256,0.4
164262,0.51
164269,0.38
164276,0.33
164281,0.45
164290,0.37
164300,0.51
164305,0.32
164307,0.46
164308,0.4
164309,0.32
164314,0.37
164319,0.4
164331,0.39
164332,0.3
164343,0.39
164349,0.46
164363,0.41
164373,0.43
164410,0.44
164417,0.47
164436,0.33
164438,0.4
164441,0.37
164445,0.35
164451,0.41
164452,0.31
164502,0.36
164513,0.3
164526,0.41
164527,0.4
164528,0.48
164530,0.47
164537,0.44
164542,0.42
164546,0.35
164555,0.38
164556,0.33
164568,0.39
164571,0.42
164572,0.46
164574,0.31
164580,0.52
164597,0.25
164601,0.3
164619,0.35
164633,0.32
164642,0.39
164652,0.4
164676,0.42
164682,0.44
164685,0.43
164691,0.38
164696,0.33
164708,0.48
164711,0.38
164712,0.45
164717,0.39
164721,0.29
164740,0.39
164746,0.49
164755,0.32
164761,0.34
164764,0.46
164766,0.67
164776,0.51
164777,0.43
164783,0.55
164786,0.34
164799,0.41
164808,0.38
164812,0.35
164815,0.38
164816,0.38
164817,0.49
164818,0.41
164819,0.35
164821,0.45
164822,0.39
164825,0.41
164834,0.39
164841,0.33
164842,0.32
164853,0.53
164855,0.36
164856,0.37
164878,0.28
164883,0.28
164887,0.38
164888,0.39
164889,0.47
164891,0.5
164892,0.32
164922,0.41
164924,0.32
164933,0.35
164938,0.27
164939,0.41
164949,0.44
164950,0.45
164957,0.47
164961,0.43
164963,0.46
164972,0.3
164980,0.36
164981,0.3
165020,0.38
165027,0.54
165046,0.34
165048,0.28
165049,0.48
165058,0.36
165065,0.32
165081,0.31
165082,0.44
165090,0.36
165107,0.47
165131,0.44
165133,0.55
165137,0.36
165140,0.44
165142,0.35
165143,0.49
165152,0.32
165154,0.36
165158,0.37
165166,0.37
165168,0.48
165171,0.39
165175,0.31
165182,0.41
165188,0.48
165190,0.46
165199,0.37
165202,0.44
165203,0.37
165204,0.38
165208,0.4
165221,0.44
165243,0.41
165283,0.5
165300,0.33
165302,0.42
165304,0.45
165313,0.33
165336,0.37
165339,0.47
165363,0.37
165376,0.41
165380,0.4
165385,0.35
165386,0.35
165410,0.4
165422,0.44
165426,0.29
165428,0.37
165445,0.36
165452,0.43
165454,0.43
165455,0.43
165462,0.49
165465,0.4
165466,0.38
165467,0.41
165476,0.42
165477,0.35
165478,0.49
165497,0.35
165500,0.46
165511,0.43
165513,0.39
165515,0.38
165521,0.37
165522,0.36
165523,0.41
165530,0.41
165537,0.28
165538,0.4
165539,0.36
165545,0.35
165550,0.45
165551,0.45
165552,0.44
165557,0.4
165558,0.37
165560,0.39
165574,0.47
165576,0.42
165587,0.38
165601,0.42
165605,0.37
165606,0.33
165607,0.43
165624,0.41
165632,0.4
165633,0.43
165634,0.42
165646,0.42
165649,0.38
165651,0.42
165661,0.36
165666,0.46
165669,0.39
165674,0.37
165685,0.47
165687,0.47
165692,0.37
165721,0.49
165726,0.34
165748,0.35
165749,0.33
165752,0.31
165755,0.38
165758,0.42
165761,0.33
165762,0.47
165780,0.47
165781,0.43
165789,0.39
165802,0.41
165806,0.34
165817,0.41
165822,0.38
165837,0.38
165840,0.48
165846,0.45
165853,0.35
165864,0.49
165865,0.4
165868,0.46
165869,0.35
165871,0.44
165880,0.42
165887,0.43
165904,0.34
165907,0.41
165910,0.46
165915,0.4
165917,0.37
165918,0.41
165919,0.44
165923,0.44
165931,0.25
165932,0.41
165934,0.51
165939,0.41
165944,0.44
165951,0.44
165955,0.37
165959,0.44
165966,0.47
165970,0.49
165975,0.34
165977,0.37
165990,0.49
165997,0.27
166003,0.5
166008,0.43
166020,0.4
166025,0.43
166033,0.43
166038,0.47
166042,0.37
166049,0.34
166071,0.28
166091,0.44
166093,0.37
166095,0.33
166104,0.41
166107,0.55
166108,0.31
166110,0.39
166112,0.42
166135,0.42
166136,0.32
166138,0.5
166153,0.48
166155,0.43
166158,0.39
166164,0.45
166186,0.45
166191,0.34
166196,0.25
166197,0.39
166202,0.3
166215,0.36
166230,0.33
166243,0.46
166244,0.44
166255,0.3
166258,0.45
166263,0.39
166271,0.38
166283,0.26
166286,0.37
166291,0.41
166294,0.5
166303,0.44
166306,0.42
166309,0.42
166316,0.38
166317,0.26
166321,0.45
166331,0.34
166349,0.48
166374,0.38
166387,0.35
166393,0.45
166400,0.38
166420,0.37
166446,0.31
166449,0.37
166452,0.46
166495,0.3
166501,0.36
166514,0.45
166515,0.44
166521,0.36
166525,0.37
166529,0.36
166536,0.3
166542,0.34
166543,0.4
166545,0.4
166550,0.35
166560,0.33
166567,0.41
166570,0.33
166573,0.39
166582,0.47
166583,0.4
166590,0.35
166594,0.46
166618,0.4
166623,0.49
166626,0.34
166641,0.41
166654,0.36
166682,0.39
166685,0.39
166688,0.47
166692,0.43
166701,0.49
166702,0.42
166705,0.43
166713,0.33
166733,0.41
166734,0.29
166738,0.5
166739,0.37
166740,0.39
166755,0.38
166761,0.39
166764,0.36
166773,0.42
166774,0.39
166814,0.42
166819,0.51
166834,0.49
166841,0.43
166848,0.39
166857,0.43
166858,0.43
166873,0.44
166889,0.44
166890,0.32
166891,0.37
166902,0.44
166908,0.39
166916,0.33
166920,0.36
166922,0.37
166926,0.34
166928,0.48
166930,0.41
166931,0.35
166932,0.34
166937,0.41
166941,0.4
166944,0.41
166960,0.33
166972,0.38
166973,0.36
166978,0.36
166984,0.39
166994,0.46
166995,0.42
166996,0.36
167001,0.36
167006,0.36
167007,0.44
167037,0.35
167041,0.52
167051,0.47
167052,0.41
167054,0.37
167057,0.32
167058,0.31
167059,0.33
167060,0.35
167066,0.36
167077,0.39
167078,0.34
167080,0.44
167089,0.38
167090,0.43
167091,0.47
167096,0.4
167105,0.45
167121,0.36
167128,0.41
167131,0.38
167139,0.45
167140,0.42
167149,0.46
167152,0.42
167153,0.38
167163,0.38
167167,0.43
167171,0.38
167178,0.38
167179,0.41
167182,0.27
167187,0.39
167192,0.35
167208,0.29
167212,0.42
167217,0.37
167230,0.43
167236,0.3
167238,0.43
167239,0.44
167257,0.42
167260,0.38
167264,0.42
167271,0.39
167273,0.4
167276,0.38
167283,0.42
167295,0.33
167296,0.45
167299,0.4
167310,0.43
167313,0.37
167323,0.34
167328,0.4
167329,0.37
167333,0.39
167349,0.29
167351,0.41
167359,0.39
167363,0.38
167371,0.31
167384,0.38
167387,0.39
167389,0.32
167393,0.41
167401,0.42
167427,0.27
167428,0.42
167433,0.43
167434,0.31
167437,0.39
167438,0.36
167454,0.5
167475,0.33
167480,0.45
167491,0.44
167494,0.45
167495,0.44
167503,0.35
167521,0.29
167529,0.38
167530,0.36
167550,0.43
167554,0.45
167557,0.42
167562,0.39
167566,0.36
167572,0.44
167573,0.53
167578,0.31
167592,0.42
167597,0.5
167621,0.36
167622,0.37
167631,0.42
167637,0.47
167638,0.52
167645,0.34
167648,0.51
167697,0.36
167698,0.36
167701,0.48
167708,0.38
167714,0.31
167717,0.37
167727,0.35
167737,0.46
167746,0.41
167751,0.45
167753,0.44
167755,0.37
167771,0.45
167805,0.49
167811,0.42
167815,0.45
167829,0.4
167830,0.38
167834,0.38
167841,0.33
167846,0.42
167851,0.49
167871,0.33
167890,0.37
167898,0.34
167901,0.36
167902,0.3
167907,0.34
167911,0.4
167912,0.29
167916,0.37
167917,0.31
167928,0.43
167940,0.28
167947,0.3
167948,0.3
167953,0.4
167957,0.43
167958,0.44
167968,0.28
167970,0.53
167977,0.35
167980,0.34
167993,0.29
167994,0.37
167998,0.39
168000,0.37
168006,0.34
168011,0.35
168012,0.5
168013,0.47
168022,0.36
168026,0.46
168032,0.42
168046,0.35
168054,0.44
168071,0.34
168078,0.4
168092,0.28
168093,0.38
168097,0.28
168105,0.4
168107,0.37
168108,0.41
168115,0.47
168127,0.33
168133,0.44
168135,0.32
168162,0.4
168163,0.4
168165,0.33
168169,0.3
168171,0.38
168174,0.44
168175,0.38
168186,0.33
168202,0.47
168204,0.32
168208,0.37
168229,0.38
168239,0.39
168245,0.45
168276,0.4
168309,0.31
168313,0.41
168322,0.38
168323,0.34
168326,0.51
168331,0.33
168349,0.46
168384,0.41
168398,0.35
168403,0.38
168405,0.45
168416,0.43
168418,0.48
168420,0.42
168422,0.39
168436,0.35
168438,0.37
168443,0.36
168444,0.4
168446,0.42
168454,0.41
168459,0.43
168462,0.41
168472,0.51
168485,0.38
168496,0.44
168503,0.36
168515,0.38
168516,0.33
168520,0.39
168521,0.41
168531,0.41
168542,0.35
168548,0.41
168551,0.42
168575,0.35
168580,0.47
168588,0.37
168593,0.33
168614,0.41
168615,0.42
168622,0.48
168623,0.38
168634,0.38
168645,0.41
168651,0.44
168683,0.34
168691,0.36
168708,0.4
168716,0.35
168718,0.34
168720,0.52
168722,0.46
168731,0.39
168736,0.35
168738,0.41
168747,0.42
168751,0.44
168752,0.4
168753,0.42
168774,0.43
168782,0.42
168788,0.44
168790,0.41
168791,0.41
168793,0.4
168796,0.37
168802,0.35
168803,0.35
168810,0.43
168817,0.35
168820,0.39
168823,0.35
168827,0.38
168828,0.48
168831,0.57
168842,0.42
168845,0.4
168855,0.39
168856,0.32
168861,0.36
168876,0.34
168897,0.41
168899,0.4
168913,0.33
168915,0.36
168916,0.46
168929,0.46
168930,0.3
168933,0.47
168954,0.43
168957,0.41
168959,0.39
168960,0.41
168961,0.47
168968,0.51
168969,0.37
168994,0.39
168995,0.37
169003,0.34
169004,0.47
169008,0.44
169009,0.46
169014,0.32
169030,0.43
169048,0.36
169061,0.4
169070,0.32
169092,0.36
169117,0.44
169118,0.46
169121,0.41
169123,0.37
169124,0.46
169137,0.34
169138,0.48
169143,0.51
169165,0.51
169166,0.38
169167,0.41
169168,0.3
169175,0.37
169184,0.36
169195,0.36
169196,0.39
169197,0.37
169202,0.51
169204,0.39
169212,0.39
169214,0.49
169218,0.5
169239,0.4
169248,0.32
169252,0.36
169254,0.42
169257,0.38
169264,0.44
169267,0.38
169269,0.46
169278,0.36
169297,0.38
169299,0.45
169301,0.44
169306,0.3
169323,0.35
169328,0.4
169330,0.47
169331,0.38
169346,0.44
169348,0.4
169350,0.49
169353,0.43
169355,0.42
169364,0.38
169365,0.43
169367,0.27
169370,0.45
169378,0.39
169385,0.35
169387,0.53
169389,0.38
169395,0.33
169412,0.39
169426,0.44
169427,0.35
169432,0.37
169436,0.48
169453,0.42
169455,0.41
169457,0.42
169458,0.39
169461,0.41
169467,0.39
169470,0.44
169477,0.34
169481,0.43
169483,0.38
169490,0.44
169491,0.42
169495,0.33
169504,0.38
169514,0.35
169517,0.34
169523,0.34
169528,0.43
169534,0.46
169535,0.39
169537,0.47
169541,0.41
169546,0.46
169549,0.33
169554,0.37
169561,0.41
169571,0.37
169580,0.36
169597,0.45
169598,0.31
169625,0.39
169626,0.41
169627,0.49
169628,0.33
169629,0.42
169658,0.38
169659,0.41
169668,0.51
169669,0.4
169673,0.4
169674,0.35
169676,0.39
169677,0.39
169678,0.45
169680,0.36
169695,0.47
169698,0.47
169710,0.33
169719,0.46
169720,0.34
169722,0.44
169735,0.44
169745,0.34
169749,0.42
169754,0.42
169760,0.54
169772,0.36
169773,0.28
169780,0.44
169788,0.42
169793,0.49
169809,0.42
169810,0.32
169824,0.4
169831,0.48
169833,0.38
169836,0.53
169859,0.41
169864,0.46
169872,0.35
169895,0.48
169911,0.39
169914,0.45
169960,0.48
169961,0.45
169964,0.46
169974,0.37
169988,0.37
169989,0.41
169995,0.39
170007,0.51
170026,0.38
170030,0.39
170033,0.32
170041,0.28
170043,0.41
170048,0.44
170050,0.39
170051,0.44
170056,0.41
170072,0.44
170076,0.44
170080,0.41
170101,0.41
170102,0.34
170107,0.45
170115,0.39
170119,0.38
170128,0.35
170129,0.38
170134,0.35
170136,0.34
170139,0.33
170140,0.47
170143,0.41
170148,0.51
170159,0.45
170163,0.29
170164,0.44
170173,0.3
170178,0.33
170179,0.42
170199,0.43
170203,0.43
170207,0.34
170211,0.39
170217,0.36
170224,0.36
170225,0.39
170255,0.45
170258,0.49
170259,0.4
170262,0.44
170278,0.37
170284,0.41
170285,0.47
170292,0.42
170293,0.38
170301,0.46
170302,0.38
170305,0.45
170309,0.35
170310,0.47
170326,0.45
170327,0.42
170328,0.4
170329,0.38
170330,0.32
170331,0.42
170337,0.27
170340,0.48
170341,0.38
170343,0.39
170361,0.5
170366,0.4
170376,0.34
170382,0.36
170396,0.38
170400,0.4
170403,0.34
170409,0.41
170410,0.38
170421,0.37
170425,0.36
170427,0.34
170428,0.42
170435,0.54
170438,0.33
170442,0.4
170446,0.4
170461,0.43
170473,0.5
170477,0.47
170516,0.46
170517,0.39
170522,0.41
170523,0.42
170534,0.37
170535,0.35
170538,0.37
170549,0.52
170556,0.29
170563,0.43
170570,0.37
170580,0.33
170582,0.41
170584,0.48
170585,0.31
170587,0.34
170590,0.52
170598,0.45
170599,0.36
170601,0.47
170612,0.42
170617,0.36
170620,0.32
170629,0.4
170647,0.24
170651,0.34
170654,0.36
170657,0.48
170662,0.37
170707,0.38
170719,0.4
170722,0.41
170723,0.39
170731,0.39
170735,0.35
170750,0.42
170769,0.52
170770,0.38
170776,0.41
170783,0.28
170789,0.5
170800,0.38
170809,0.35
170810,0.35
170811,0.46
170827,0.28
170842,0.38
170854,0.34
170857,0.49
170865,0.35
170867,0.39
170869,0.36
170870,0.32
170878,0.46
170881,0.41
170910,0.45
170913,0.44
170919,0.36
170932,0.49
170939,0.53
170947,0.48
170950,0.43
170953,0.42
170954,0.35
170970,0.41
170972,0.42
170973,0.43
170980,0.51
170981,0.4
170983,0.5
170998,0.48
171001,0.38
171004,0.3
171020,0.46
171023,0.31
171026,0.41
171060,0.42
171061,0.39
171065,0.43
171077,0.36
171081,0.41
171103,0.48
171110,0.35
171114,0.4
171118,0.31
171119,0.41
171120,0.49
171137,0.44
171147,0.42
171153,0.43
171156,0.51
171158,0.35
171163,0.47
171169,0.52
171170,0.5
171172,0.4
171173,0.4
171176,0.37
171181,0.47
171182,0.37
171191,0.36
171193,0.33
171195,0.39
171198,0.41
171205,0.4
171212,0.37
171237,0.39
171241,0.3
171262,0.28
171263,0.34
171266,0.36
171274,0.37
171290,0.49
171291,0.36
171297,0.34
171307,0.48
171311,0.4
171320,0.45
171322,0.35
171328,0.47
171337,0.34
171346,0.35
171348,0.45
171354,0.34
171358,0.41
171359,0.31
171360,0.37
171369,0.41
171379,0.37
171384,0.4
171388,0.37
171390,0.47
171394,0.43
171395,0.35
171399,0.44
171403,0.34
171422,0.37
171423,0.32
171469,0.39
171480,0.37
171487,0.39
171497,0.32
171502,0.41
171503,0.37
171506,0.44
171521,0.36
171530,0.51
171540,0.4
171541,0.53
171544,0.4
171551,0.38
171582,0.46
171587,0.34
171597,0.41
171603,0.35
171610,0.34
171614,0.37
171619,0.52
171621,0.35
171625,0.5
171626,0.42
171638,0.35
171642,0.34
171658,0.41
171674,0.37
171677,0.39
171684,0.36
171685,0.45
171686,0.44
171695,0.44
171702,0.43
171703,0.5
171704,0.35
171705,0.36
171706,0.34
171709,0.42
171712,0.28
171716,0.36
171730,0.34
171748,0.48
171757,0.46
171767,0.34
171768,0.4
171771,0.37
171775,0.35
171778,0.34
171780,0.47
171781,0.31
171785,0.42
171786,0.42
171789,0.48
171802,0.45
171803,0.37
171812,0.39
171862,0.34
171864,0.42
171891,0.48
171892,0.33
171913,0.37
171914,0.44
171922,0.31
171927,0.44
171933,0.32
171934,0.46
171943,0.37
171945,0.45
171960,0.31
171964,0.38
171975,0.35
171994,0.49
171996,0.48
171997,0.32
172000,0.47
172029,0.44
172038,0.38
172039,0.43
172043,0.31
172046,0.38
172048,0.35
172049,0.4
172053,0.52
172054,0.38
172058,0.37
172060,0.42
172061,0.35
172067,0.42
172072,0.34
172073,0.37
172098,0.45
172100,0.34
172101,0.4
172113,0.41
172144,0.36
172147,0.4
172149,0.45
172168,0.33
172169,0.41
172175,0.32
172197,0.41
172200,0.53
172205,0.41
172207,0.32
172210,0.39
172261,0.43
172279,0.29
172294,0.4
172300,0.39
172301,0.32
172310,0.42
172351,0.37
172353,0.44
172358,0.25
172374,0.38
172380,0.36
172384,0.49
172400,0.31
172403,0.31
172408,0.5
172411,0.33
172420,0.45
172426,0.51
172433,0.36
172434,0.41
172442,0.44
172443,0.49
172452,0.46
172454,0.45
172456,0.42
172460,0.4
172470,0.32
172479,0.45
172481,0.43
172483,0.44
172484,0.46
172485,0.32
172486,0.45
172493,0.32
172494,0.44
172497,0.46
172504,0.39
172518,0.43
172523,0.43
172527,0.28
172533,0.48
172536,0.38
172540,0.37
172541,0.35
172543,0.37
172545,0.47
172547,0.46
172551,0.42
172556,0.36
172562,0.35
172570,0.26
172574,0.37
172575,0.41
172599,0.35
172611,0.43
172612,0.31
172616,0.43
172623,0.37
172627,0.36
172635,0.42
172643,0.35
172644,0.38
172652,0.32
172656,0.37
172661,0.34
172664,0.37
172672,0.3
172678,0.36
172680,0.32
172683,0.23
172684,0.4
172690,0.43
172695,0.33
172696,0.37
172701,0.39
172713,0.37
172714,0.39
172731,0.32
172738,0.31
172761,0.49
172767,0.27
172770,0.45
172771,0.34
172799,0.38
172800,0.39
172804,0.49
172805,0.43
172820,0.35
172829,0.37
172831,0.44
172833,0.41
172843,0.37
172853,0.33
172855,0.41
172856,0.42
172857,0.34
172863,0.38
172877,0.34
172881,0.37
172895,0.45
172896,0.48
172910,0.4
172922,0.48
172939,0.4
172942,0.45
172945,0.4
172948,0.43
172949,0.36
172953,0.29
172967,0.38
172993,0.45
172995,0.45
172996,0.49
172997,0.46
172998,0.39
172999,0.23
173004,0.4
173006,0.47
173007,0.43
173013,0.44
173016,0.41
173020,0.41
173030,0.39
173048,0.46
173056,0.38
173066,0.36
173079,0.39
173107,0.36
173109,0.36
173127,0.41
173128,0.42
173130,0.36
173137,0.43
173157,0.5
173160,0.47
173168,0.36
173193,0.37
173197,0.36
173215,0.29
173216,0.39
173227,0.33
173236,0.32
173237,0.43
173247,0.35
173250,0.37
173259,0.36
173277,0.38
173285,0.44
173286,0.36
173299,0.29
173310,0.48
173312,0.4
173313,0.41
173320,0.4
173330,0.47
173333,0.45
173351,0.36
173370,0.44
173372,0.4
173381,0.32
173386,0.43
173387,0.45
173388,0.46
173393,0.32
173394,0.33
173403,0.4
173467,0.39
173469,0.41
173475,0.32
173476,0.36
173477,0.25
173484,0.4
173485,0.37
173488,0.4
173491,0.33
173520,0.36
173522,0.5
173535,0.47
173539,0.36
173549,0.36
173552,0.4
173565,0.38
173586,0.26
173587,0.37
173588,0.4
173595,0.42
173606,0.44
173620,0.31
173623,0.34
173629,0.5
173647,0.48
173649,0.35
173650,0.45
173652,0.44
173654,0.39
173665,0.51
173667,0.38
173685,0.44
173710,0.4
173711,0.43
173713,0.33
173718,0.4
173743,0.36
173744,0.41
173762,0.44
173768,0.38
173769,0.41
173770,0.36
173773,0.38
173779,0.41
173780,0.33
173781,0.38
173783,0.43
173795,0.43
173800,0.42
173812,0.44
173823,0.33
173834,0.4
173874,0.46
173891,0.43
173904,0.38
173909,0.32
173925,0.35
173941,0.45
173942,0.35
173944,0.35
173955,0.39
173959,0.43
174000,0.27
174004,0.38
174006,0.35
174008,0.33
174012,0.44
174017,0.4
174020,0.44
174044,0.36
174051,0.37
174052,0.34
174059,0.48
174060,0.44
174061,0.45
174063,0.5
174068,0.51
174069,0.4
174072,0.46
174074,0.41
174091,0.37
174092,0.44
174098,0.36
174105,0.52
174107,0.53
174110,0.34
174121,0.39
174126,0.29
174153,0.31
174156,0.47
174160,0.29
174173,0.3
174183,0.33
174185,0.34
174188,0.53
174198,0.35
174206,0.47
174207,0.41
174211,0.47
174239,0.45
174260,0.39
174261,0.37
174262,0.43
174264,0.42
174271,0.46
174275,0.42
174277,0.36
174286,0.33
174301,0.36
174312,0.38
174314,0.42
174322,0.41
174323,0.35
174325,0.39
174326,0.41
174327,0.33
174334,0.37
174360,0.32
174362,0.45
174367,0.38
174371,0.37
174372,0.41
174384,0.33
174390,0.38
174391,0.47
174396,0.34
174412,0.37
174423,0.39
174428,0.45
174429,0.55
174438,0.41
174481,0.35
174483,0.42
174484,0.31
174485,0.47
174488,0.33
174497,0.44
174509,0.49
174513,0.49
174514,0.42
174520,0.36
174526,0.53
174532,0.26
174536,0.45
174537,0.47
174538,0.48
174539,0.45
174540,0.42
174549,0.32
174551,0.34
174563,0.43
174574,0.5
174575,0.45
174586,0.37
174590,0.34
174606,0.41
174607,0.39
174609,0.42
174610,0.41
174630,0.42
174631,0.48
174661,0.37
174665,0.33
174666,0.53
174677,0.45
174690,0.38
174700,0.35
174702,0.51
174703,0.31
174713,0.41
174721,0.37
174726,0.37
174729,0.4
174741,0.3
174742,0.45
174754,0.39
174757,0.54
174782,0.48
174795,0.52
174805,0.33
174806,0.38
174809,0.41
174810,0.35
174829,0.38
174830,0.49
174832,0.42
174836,0.37
174839,0.44
174843,0.33
174854,0.35
174861,0.37
174863,0.35
174867,0.47
174871,0.36
174887,0.38
174890,0.49
174897,0.38
174901,0.53
174903,0.42
174912,0.33
174913,0.37
174920,0.45
174922,0.48
174924,0.42
174925,0.34
174928,0.4
174938,0.39
174939,0.41
174943,0.48
174950,0.34
174954,0.41
174955,0.43
174957,0.5
174965,0.3
174966,0.22
174967,0.43
174977,0.43
174983,0.48
174986,0.41
174987,0.32
175012,0.43
175015,0.35
175025,0.47
175027,0.41
175029,0.43
175056,0.42
175075,0.43
175081,0.45
175097,0.43
175128,0.4
175129,0.44
175138,0.42
175169,0.35
175183,0.42
175211,0.34
175212,0.55
175215,0.34
175223,0.35
175225,0.3
175233,0.33
175250,0.4
175253,0.41
175257,0.39
175260,0.29
175261,0.39
175264,0.46
175284,0.43
175288,0.42
175295,0.37
175309,0.48
175310,0.36
175313,0.39
175334,0.44
175337,0.44
175346,0.41
175347,0.37
175349,0.31
175350,0.42
175351,0.38
175367,0.38
175369,0.36
175371,0.42
175372,0.33
175392,0.41
175400,0.4
175402,0.34
175403,0.51
175407,0.41
175408,0.42
175414,0.5
175431,0.42
175435,0.45
175442,0.36
175454,0.38
175456,0.35
175457,0.34
175464,0.37
175465,0.33
175477,0.38
175488,0.35
175495,0.39
175499,0.41
175500,0.5
175515,0.39
175519,0.36
175520,0.33
175531,0.42
175534,0.5
175543,0.44
175566,0.42
175568,0.37
175573,0.38
175574,0.46
175576,0.42
175591,0.43
175593,0.31
175605,0.46
175609,0.33
175617,0.31
175624,0.4
175629,0.44
175633,0.38
175645,0.41
175649,0.36
175650,0.43
175653,0.36
175659,0.52
175660,0.35
175661,0.41
175664,0.38
175665,0.36
175677,0.35
175682,0.43
175684,0.48
175687,0.38
175690,0.39
175706,0.36
175722,0.38
175724,0.38
175730,0.37
175731,0.28
175737,0.44
175743,0.39
175745,0.33
175758,0.41
175768,0.48
175769,0.43
175773,0.38
175775,0.49
175794,0.21
175798,0.42
175809,0.41
175818,0.36
175830,0.38
175835,0.4
175840,0.43
175864,0.4
175875,0.46
175890,0.41
175892,0.42
175914,0.45
175930,0.38
175935,0.51
175955,0.36
175958,0.4
175959,0.42
175960,0.38
175964,0.28
175968,0.35
175986,0.42
175987,0.43
175997,0.36
175998,0.38
176003,0.38
176004,0.38
176021,0.3
176034,0.3
176035,0.41
176043,0.42
176045,0.43
176051,0.44
176052,0.37
176059,0.35
176067,0.29
176073,0.36
176076,0.32
176077,0.37
176085,0.53
176088,0.36
176095,0.43
176118,0.41
176129,0.44
176177,0.45
176183,0.47
176206,0.44
176218,0.39
176240,0.37
176253,0.38
176260,0.49
176275,0.35
176285,0.44
176288,0.44
176289,0.36
176290,0.43
176297,0.42
176300,0.43
176301,0.49
176319,0.31
176322,0.4
176337,0.4
176346,0.38
176347,0.45
176352,0.35
176358,0.38
176359,0.26
176365,0.39
176371,0.33
176403,0.37
176419,0.46
176428,0.48
176429,0.48
176430,0.42
176432,0.45
176437,0.36
176440,0.42
176441,0.49
176450,0.37
176454,0.36
176459,0.56
176460,0.34
176467,0.34
176472,0.44
176482,0.47
176483,0.53
176486,0.31
176487,0.38
176494,0.43
176497,0.33
176500,0.34
176509,0.43
176511,0.44
176512,0.33
176522,0.33
176525,0.46
176526,0.43
176537,0.29
176538,0.37
176572,0.35
176573,0.34
176574,0.41
176579,0.41
176580,0.43
176592,0.36
176601,0.43
176603,0.44
176605,0.41
176606,0.4
176615,0.36
176620,0.31
176634,0.44
176635,0.46
176638,0.45
176639,0.31
176641,0.4
176661,0.38
176668,0.49
176669,0.45
176683,0.47
176688,0.4
176700,0.35
176702,0.38
176705,0.4
176709,0.49
176710,0.4
176720,0.41
176726,0.34
176731,0.37
176732,0.4
176733,0.42
176734,0.4
176736,0.44
176741,0.29
176756,0.42
176785,0.43
176790,0.3
176793,0.45
176820,0.4
176827,0.52
176828,0.47
176839,0.31
176848,0.39
176850,0.39
176853,0.4
176866,0.35
176867,0.37
176875,0.32
176883,0.43
176888,0.44
176890,0.43
176898,0.45
176917,0.45
176925,0.38
176929,0.46
176934,0.33
176938,0.37
176953,0.4
176957,0.37
176970,0.43
176997,0.37
177029,0.48
177030,0.42
177031,0.45
177032,0.39
177047,0.5
177048,0.37
177051,0.46
177055,0.36
177060,0.4
177064,0.5
177065,0.4
177069,0.39
177076,0.38
177085,0.36
177087,0.44
177105,0.48
177126,0.39
177133,0.33
177141,0.4
177146,0.4
177156,0.41
177179,0.36
177187,0.49
177192,0.48
177203,0.39
177228,0.32
177229,0.45
177249,0.45
177250,0.35
177253,0.44
177260,0.51
177262,0.32
177270,0.42
177275,0.53
177284,0.49
177285,0.4
177314,0.52
177319,0.48
177325,0.45
177327,0.35
177339,0.45
177344,0.56
177378,0.39
177384,0.36
177385,0.35
177386,0.43
177387,0.32
177405,0.44
177423,0.39
177424,0.41
177425,0.34
177430,0.36
177435,0.42
177447,0.41
177448,0.42
177449,0.36
177451,0.45
177460,0.44
177479,0.43
177489,0.45
177504,0.44
177505,0.36
177511,0.52
177524,0.35
177526,0.34
177535,0.35
177558,0.44
177562,0.41
177569,0.43
177579,0.42
177580,0.4
177583,0.41
177584,0.46
177585,0.37
177605,0.49
177606,0.42
177618,0.31
177639,0.42
177649,0.39
177656,0.43
177657,0.29
177661,0.47
177665,0.3
177669,0.42
177680,0.42
177688,0.56
177689,0.5
177694,0.41
177696,0.41
177700,0.43
177705,0.39
177710,0.41
177720,0.39
177728,0.36
177729,0.43
177731,0.47
177733,0.46
177749,0.36
177751,0.4
177767,0.42
177776,0.42
177780,0.34
177783,0.43
177785,0.45
177791,0.39
177797,0.42
177798,0.48
177799,0.36
177802,0.39
177803,0.37
177805,0.34
177820,0.38
177824,0.36
177825,0.35
177829,0.38
177839,0.35
177861,0.5
177865,0.35
177867,0.39
177875,0.39
177876,0.37
177878,0.43
177883,0.51
177886,0.35
177891,0.4
177892,0.41
177902,0.37
177904,0.47
177931,0.34
177939,0.37
177944,0.39
177946,0.41
177959,0.45
177977,0.37
177992,0.46
177993,0.41
178005,0.3
178008,0.33
178009,0.36
178012,0.35
178015,0.34
178018,0.36
178037,0.31
178050,0.34
178058,0.37
178060,0.4
178064,0.43
178074,0.38
178077,0.4
178094,0.55
178095,0.44
178096,0.39
178107,0.36
178117,0.54
178146,0.4
178154,0.28
178160,0.35
178164,0.34
178172,0.37
178174,0.41
178182,0.46
178184,0.39
178196,0.47
178223,0.43
178225,0.46
178226,0.41
178240,0.4
178242,0.44
178250,0.42
178268,0.4
178282,0.43
178285,0.37
178288,0.51
178290,0.44
178295,0.42
178312,0.36
178317,0.37
178342,0.36
178343,0.5
178344,0.41
178346,0.44
178353,0.37
178356,0.44
178358,0.34
178359,0.38
178362,0.39
178380,0.54
178387,0.42
178391,0.43
178395,0.4
178408,0.4
178415,0.41
178421,0.37
178424,0.51
178428,0.47
178432,0.38
178433,0.39
178436,0.31
178442,0.46
178453,0.46
178459,0.5
178467,0.3
178472,0.51
178491,0.23
178499,0.41
178504,0.36
178506,0.39
178509,0.37
178517,0.42
178525,0.35
178530,0.43
178531,0.39
178537,0.39
178553,0.36
178557,0.49
178565,0.35
178566,0.47
178579,0.48
178586,0.47
178589,0.4
178592,0.49
178610,0.34
178620,0.45
178621,0.39
178622,0.53
178643,0.4
178665,0.49
178671,0.47
178675,0.43
178692,0.41
178722,0.33
178723,0.37
178726,0.49
178731,0.43
178737,0.4
178739,0.41
178745,0.37
178766,0.28
178771,0.34
178775,0.39
178785,0.41
178789,0.39
178790,0.46
178792,0.33
178804,0.38
178817,0.39
178821,0.41
178825,0.37
178830,0.36
178831,0.47
178832,0.39
178847,0.33
178853,0.41
178856,0.42
178867,0.43
178868,0.39
178881,0.48
178887,0.5
178888,0.44
178908,0.29
178909,0.45
178942,0.54
178943,0.54
178946,0.38
178947,0.48
178950,0.5
178958,0.5
178976,0.28
178986,0.41
178989,0.42
178995,0.35
178996,0.44
179006,0.43
179025,0.5
179034,0.5
179038,0.52
179043,0.42
179050,0.38
179051,0.31
179076,0.46
179077,0.38
179091,0.51
179092,0.46
179111,0.5
179128,0.36
179132,0.47
179137,0.41
179138,0.41
179146,0.49
179148,0.37
179149,0.42
179150,0.5
179155,0.38
179164,0.41
179177,0.34
179178,0.32
179182,0.4
179184,0.33
179186,0.37
179191,0.42
179194,0.35
179201,0.45
179210,0.37
179211,0.35
179212,0.39
179216,0.35
179229,0.46
179235,0.31
179236,0.41
179241,0.42
179244,0.41
179249,0.47
179256,0.53
179260,0.38
179262,0.33
179264,0.4
179268,0.25
179272,0.42
179280,0.36
179287,0.31
179288,0.41
179290,0.4
179295,0.34
179298,0.38
179306,0.32
179307,0.36
179310,0.47
179314,0.33
179317,0.36
179319,0.36
179327,0.41
179336,0.36
179342,0.35
179344,0.47
179347,0.52
179357,0.34
179368,0.47
179413,0.48
179425,0.39
179435,0.44
179447,0.35
179449,0.31
179458,0.44
179460,0.37
179475,0.41
179486,0.3
179493,0.47
179499,0.3
179501,0.47
179508,0.44
179511,0.37
179513,0.37
179519,0.42
179537,0.48
179550,0.36
179559,0.35
179560,0.47
179578,0.42
179583,0.32
179590,0.37
179597,0.3
179599,0.35
179602,0.43
179609,0.48
179621,0.4
179624,0.36
179625,0.44
179630,0.38
179640,0.35
179641,0.45
179644,0.34
179649,0.38
179650,0.41
179652,0.3
179653,0.42
179660,0.39
179662,0.53
179673,0.45
179678,0.34
179679,0.44
179686,0.51
179721,0.36
179733,0.36
179736,0.38
179737,0.38
179748,0.4
179750,0.45
179751,0.32
179752,0.47
179753,0.33
179765,0.35
179768,0.36
179798,0.37
179827,0.37
179837,0.47
179838,0.4
179851,0.4
179868,0.36
179875,0.44
179876,0.35
179882,0.39
179883,0.41
179894,0.36
179905,0.34
179907,0.48
179919,0.45
179926,0.41
179936,0.36
179941,0.37
179945,0.37
179951,0.32
179960,0.31
179967,0.36
179980,0.47
179985,0.46
179997,0.44
180001,0.39
180007,0.39
180011,0.36
180017,0.43
180027,0.38
180033,0.45
180036,0.44
180037,0.43
180041,0.46
180042,0.41
180050,0.52
180059,0.32
180066,0.33
180067,0.49
180085,0.45
180092,0.5
180099,0.44
180101,0.4
180115,0.38
180122,0.34
180126,0.56
180127,0.43
180140,0.4
180141,0.34
180158,0.44
180163,0.45
180178,0.32
180189,0.37
180198,0.39
180201,0.44
180202,0.44
180209,0.27
180239,0.42
180244,0.46
180270,0.37
180271,0.36
180286,0.36
180287,0.42
180291,0.35
180293,0.35
180296,0.41
180297,0.39
180305,0.43
180318,0.48
180319,0.36
180322,0.33
180323,0.43
180331,0.4
180365,0.39
180368,0.3
180369,0.32
180382,0.43
180387,0.42
180388,0.48
180389,0.42
180398,0.32
180399,0.36
180402,0.41
180406,0.52
180407,0.49
180408,0.41
180413,0.32
180416,0.41
180420,0.39
180429,0.38
180430,0.43
180431,0.42
180438,0.32
180441,0.42
180448,0.26
180453,0.42
180478,0.41
180480,0.39
180510,0.32
180524,0.48
180534,0.44
180537,0.55
180545,0.38
180550,0.39
180559,0.41
180583,0.32
180587,0.34
180594,0.4
180597,0.42
180598,0.37
180599,0.4
180601,0.37
180624,0.48
180625,0.42
180634,0.39
180647,0.35
180652,0.38
180656,0.46
180664,0.38
180666,0.41
180674,0.4
180679,0.37
180685,0.41
180692,0.4
180698,0.4
180699,0.34
180700,0.37
180702,0.37
180710,0.34
180736,0.39
180739,0.48
180741,0.39
180743,0.41
180747,0.41
180754,0.48
180755,0.42
180756,0.49
180768,0.43
180773,0.54
180775,0.31
180784,0.33
180787,0.3
180795,0.42
180796,0.39
180799,0.37
180811,0.32
180813,0.44
180827,0.43
180828,0.34
180833,0.36
180834,0.35
180847,0.45
180852,0.51
180853,0.37
180854,0.37
180855,0.4
180856,0.46
180858,0.32
180859,0.48
180867,0.38
180868,0.5
180872,0.43
180873,0.37
180874,0.35
180875,0.32
180878,0.38
180888,0.4
180889,0.39
180891,0.37
180902,0.43
180907,0.47
180913,0.34
180916,0.38
180954,0.42
180962,0.41
180963,0.4
180967,0.42
180971,0.45
180975,0.36
180985,0.43
180991,0.43
181009,0.42
181012,0.42
181015,0.38
181034,0.41
181064,0.43
181071,0.38
181083,0.48
181084,0.41
181085,0.37
181088,0.47
181098,0.51
181110,0.47
181111,0.49
181112,0.36
181114,0.47
181117,0.39
181157,0.36
181160,0.36
181161,0.33
181165,0.4
181179,0.43
181186,0.38
181196,0.48
181197,0.45
181204,0.39
181213,0.47
181214,0.54
181221,0.4
181224,0.43
181226,0.49
181236,0.37
181256,0.43
181257,0.29
181279,0.46
181282,0.42
181285,0.36
181288,0.32
181289,0.37
181290,0.41
181298,0.33
181299,0.36
181307,0.46
181312,0.5
181318,0.36
181322,0.3
181338,0.33
181340,0.42
181342,0.34
181344,0.37
181350,0.37
181373,0.41
181374,0.46
181375,0.46
181379,0.52
181381,0.35
181385,0.39
181388,0.49
181392,0.3
181393,0.46
181425,0.44
181465,0.41
181481,0.42
181484,0.38
181494,0.33
181501,0.32
181507,0.31
181521,0.46
181524,0.42
181538,0.46
181540,0.34
181547,0.37
181551,0.43
181555,0.42
181561,0.36
181564,0.44
181567,0.36
181599,0.43
181602,0.44
181612,0.34
181613,0.3
181615,0.43
181621,0.48
181622,0.48
181629,0.5
181630,0.4
181633,0.38
181635,0.39
181641,0.34
181643,0.54
181644,0.37
181649,0.29
181659,0.4
181660,0.38
181665,0.44
181666,0.38
181672,0.42
181682,0.36
181693,0.49
181697,0.39
181703,0.37
181704,0.52
181720,0.42
181722,0.36
181732,0.49
181733,0.35
181736,0.38
181737,0.35
181747,0.46
181758,0.37
181764,0.35
181770,0.41
181774,0.39
181783,0.35
181788,0.38
181789,0.45
181804,0.48
181809,0.51
181821,0.51
181836,0.42
181863,0.54
181867,0.34
181868,0.46
181871,0.37
181904,0.39
181931,0.34
181932,0.4
181941,0.41
181944,0.39
181958,0.43
181971,0.45
181986,0.42
182002,0.36
182007,0.31
182012,0.4
182022,0.34
182031,0.42
182050,0.47
182053,0.41
182071,0.32
182072,0.45
182073,0.34
182102,0.47
182106,0.46
182116,0.49
182117,0.44
182118,0.39
182124,0.46
182125,0.42
182145,0.49
182150,0.33
182154,0.34
182167,0.27
182179,0.4
182181,0.43
182183,0.38
182218,0.46
182225,0.38
182226,0.41
182266,0.44
182272,0.41
182275,0.46
182295,0.36
182305,0.46
182312,0.41
182313,0.47
182327,0.32
182337,0.45
182340,0.41
182341,0.41
182342,0.26
182345,0.36
182353,0.37
182355,0.36
182371,0.47
182376,0.38
182381,0.38
182382,0.43
182384,0.44
182387,0.45
182412,0.36
182419,0.4
182432,0.42
182438,0.38
182448,0.5
182450,0.43
182465,0.31
182468,0.36
182474,0.41
182483,0.6
182484,0.31
182485,0.38
182486,0.4
182489,0.45
182500,0.36
182501,0.42
182504,0.43
182514,0.37
182524,0.27
182525,0.5
182533,0.34
182536,0.35
182539,0.38
182550,0.31
182553,0.35
182568,0.44
182571,0.37
182573,0.39
182580,0.32
182615,0.34
182618,0.39
182624,0.41
182644,0.36
182686,0.38
182687,0.33
182695,0.41
182718,0.44
182726,0.41
182735,0.42
182742,0.47
182747,0.36
182748,0.44
182752,0.51
182761,0.48
182800,0.3
182802,0.49
182807,0.36
182816,0.36
182818,0.36
182826,0.33
182836,0.39
182840,0.38
182841,0.4
182846,0.36
182862,0.49
182864,0.32
182871,0.43
182878,0.39
182880,0.42
182885,0.39
182893,0.35
182894,0.39
182895,0.32
182901,0.48
182907,0.38
182921,0.39
182952,0.41
182964,0.45
182966,0.38
182980,0.4
182985,0.45
182989,0.48
182994,0.4
183035,0.53
183037,0.46
183042,0.44
183049,0.29
183050,0.37
183051,0.33
183062,0.4
183063,0.3
183064,0.32
183076,0.43
183078,0.49
183086,0.31
183089,0.42
183091,0.39
183097,0.27
183104,0.37
183118,0.5
183119,0.44
183134,0.38
183142,0.5
183157,0.34
183162,0.34
183180,0.39
183193,0.49
183213,0.37
183216,0.47
183223,0.49
183226,0.47
183264,0.38
183273,0.54
183278,0.37
183282,0.28
183283,0.45
183286,0.35
183288,0.4
183299,0.34
183310,0.32
183315,0.4
183332,0.39
183336,0.38
183341,0.35
183342,0.44
183345,0.37
183347,0.4
183360,0.25
183362,0.34
183370,0.44
183379,0.43
183386,0.43
183410,0.34
183417,0.34
183419,0.31
183421,0.42
183425,0.42
183427,0.48
183433,0.33
183434,0.44
183438,0.37
183439,0.36
183440,0.42
183450,0.41
183451,0.44
183453,0.36
183454,0.39
183455,0.33
183457,0.49
183463,0.4
183475,0.39
183478,0.39
183480,0.4
183490,0.45
183494,0.5
183503,0.42
183512,0.41
183517,0.31
183530,0.33
183532,0.26
183533,0.35
183536,0.33
183545,0.38
183549,0.38
183550,0.36
183551,0.35
183555,0.32
183560,0.39
183585,0.43
183591,0.29
183592,0.34
183603,0.47
183610,0.32
183628,0.44
183644,0.38
183646,0.42
183649,0.44
183656,0.35
183658,0.49
183688,0.39
183690,0.43
183691,0.37
183697,0.35
183709,0.34
183711,0.47
183714,0.49
183725,0.45
183736,0.37
183742,0.35
183772,0.42
183776,0.33
183787,0.39
183792,0.33
183793,0.41
183799,0.5
183816,0.35
183818,0.39
183832,0.32
183836,0.31
183839,0.39
183840,0.37
183855,0.34
183857,0.37
183863,0.44
183866,0.36
183876,0.36
183878,0.44
183897,0.46
183902,0.38
183915,0.37
183925,0.37
183936,0.31
183939,0.44
183951,0.45
183956,0.47
183957,0.43
183974,0.34
183982,0.42
183994,0.3
184008,0.41
184013,0.35
184016,0.41
184019,0.43
184024,0.39
184025,0.44
184038,0.33
184045,0.39
184056,0.42
184060,0.44
184071,0.49
184073,0.29
184074,0.33
184077,0.3
184105,0.32
184106,0.42
184133,0.36
184154,0.54
184163,0.23
184165,0.38
184193,0.43
184194,0.39
184195,0.36
184202,0.53
184226,0.47
184230,0.47
184231,0.41
184234,0.41
184238,0.37
184248,0.45
184257,0.47
184268,0.51
184282,0.37
184291,0.42
184294,0.38
184295,0.47
184304,0.49
184309,0.35
184318,0.45
184325,0.49
184329,0.37
184330,0.29
184333,0.43
184337,0.25
184338,0.4
184340,0.34
184341,0.5
184347,0.48
184354,0.41
184355,0.38
184372,0.37
184384,0.39
184385,0.45
184386,0.39
184389,0.39
184401,0.37
184405,0.42
184431,0.42
184450,0.37
184453,0.39
184470,0.43
184471,0.45
184486,0.32
184488,0.49
184489,0.38
184497,0.41
184508,0.5
184509,0.43
184516,0.43
184525,0.36
184526,0.4
184531,0.38
184557,0.41
184576,0.46
184589,0.32
184605,0.33
184613,0.49
184630,0.47
184635,0.39
184636,0.31
184643,0.33
184645,0.37
184653,0.34
184655,0.46
184656,0.47
184660,0.4
184716,0.44
184736,0.31
184758,0.4
184767,0.43
184770,0.58
184773,0.41
184776,0.53
184792,0.32
184812,0.35
184820,0.45
184829,0.49
184831,0.44
184832,0.39
184834,0.38
184847,0.37
184848,0.47
184858,0.33
184866,0.34
184869,0.32
184870,0.45
184873,0.45
184874,0.39
184876,0.4
184879,0.41
184880,0.27
184885,0.45
184896,0.3
184916,0.44
184918,0.46
184919,0.32
184921,0.42
184936,0.36
184944,0.47
184956,0.45
184963,0.45
184964,0.33
184965,0.46
184972,0.45
184977,0.52
184982,0.38
184988,0.48
184992,0.39
184994,0.4
184998,0.35
185017,0.38
185024,0.47
185032,0.39
185037,0.4
185040,0.41
185043,0.41
185048,0.33
185059,0.48
185076,0.37
185083,0.43
185090,0.41
185099,0.49
185101,0.44
185106,0.29
185121,0.38
185125,0.45
185126,0.43
185127,0.38
185153,0.41
185167,0.44
185171,0.44
185178,0.37
185180,0.46
185181,0.38
185183,0.36
185186,0.41
185187,0.47
185188,0.35
185189,0.47
185194,0.46
185207,0.33
185209,0.44
185210,0.39
185212,0.4
185220,0.49
185221,0.37
185230,0.36
185231,0.37
185245,0.47
185249,0.51
185262,0.33
185285,0.38
185286,0.46
185288,0.43
185296,0.43
185298,0.47
185299,0.41
185308,0.38
185311,0.26
185313,0.49
185314,0.26
185332,0.41
185337,0.44
185338,0.38
185339,0.47
185341,0.44
185342,0.33
185344,0.37
185349,0.4
185362,0.34
185363,0.47
185394,0.41
185410,0.47
185418,0.34
185423,0.46
185428,0.43
185442,0.33
185447,0.34
185450,0.35
185454,0.37
185475,0.48
185481,0.36
185483,0.39
185485,0.43
185496,0.35
185504,0.34
185505,0.28
185512,0.48
185515,0.39
185534,0.46
185536,0.34
185538,0.43
185552,0.38
185569,0.41
185576,0.37
185578,0.41
185581,0.45
185584,0.42
185585,0.44
185586,0.47
185592,0.33
185604,0.38
185606,0.46
185607,0.3
185618,0.36
185622,0.3
185628,0.38
185629,0.37
185634,0.38
185637,0.38
185638,0.34
185640,0.49
185641,0.44
185645,0.37
185646,0.44
185647,0.39
185662,0.37
185669,0.48
185675,0.31
185687,0.36
185688,0.41
185689,0.36
185690,0.41
185697,0.42
185710,0.39
185733,0.37
185740,0.32
185806,0.4
185812,0.39
185824,0.38
185825,0.4
185826,0.37
185827,0.43
185828,0.53
185837,0.43
185859,0.38
185861,0.31
185872,0.45
185874,0.44
185891,0.36
185893,0.47
185897,0.4
185900,0.46
185910,0.42
185919,0.36
185932,0.4
185937,0.53
185939,0.33
185965,0.39
185968,0.36
185971,0.39
185978,0.33
185980,0.37
185981,0.36
185982,0.37
185991,0.34
185997,0.35
185998,0.41
186014,0.34
186021,0.37
186025,0.31
186034,0.37
186054,0.46
186061,0.4
186065,0.5
186066,0.45
186070,0.37
186080,0.44
186085,0.5
186094,0.39
186110,0.47
186113,0.36
186116,0.23
186127,0.37
186129,0.4
186135,0.37
186139,0.39
186151,0.36
186153,0.35
186156,0.36
186158,0.31
186159,0.41
186166,0.43
186168,0.37
186169,0.35
186170,0.38
186179,0.27
186188,0.33
186210,0.35
186227,0.32
186229,0.43
186230,0.44
186249,0.37
186254,0.36
186264,0.43
186265,0.42
186273,0.31
186276,0.42
186289,0.36
186296,0.45
186308,0.35
186309,0.35
186310,0.51
186316,0.39
186321,0.3
186333,0.42
186346,0.45
186391,0.5
186398,0.47
186407,0.3
186411,0.27
186415,0.33
186426,0.46
186444,0.37
186448,0.42
186453,0.38
186456,0.41
186460,0.39
186461,0.32
186473,0.36
186489,0.38
186490,0.4
186491,0.42
186492,0.47
186493,0.41
186503,0.34
186505,0.36
186506,0.36
186508,0.35
186524,0.38
186526,0.46
186536,0.54
186539,0.42
186543,0.45
186558,0.5
186568,0.39
186573,0.4
186587,0.41
186599,0.41
186609,0.31
186610,0.42
186612,0.39
186632,0.43
186634,0.34
186649,0.43
186652,0.49
186660,0.43
186668,0.6
186674,0.41
186675,0.36
186679,0.46
186682,0.37
186683,0.44
186695,0.47
186696,0.43
186704,0.39
186709,0.43
186714,0.37
186723,0.29
186726,0.55
186728,0.43
186729,0.5
186731,0.47
186737,0.4
186742,0.32
186743,0.41
186745,0.49
186747,0.37
186750,0.34
186769,0.35
186771,0.54
186787,0.33
186796,0.38
186802,0.32
186811,0.48
186812,0.42
186815,0.51
186840,0.27
186842,0.56
186853,0.45
186859,0.43
186878,0.38
186885,0.44
186890,0.42
186906,0.41
186916,0.45
186927,0.47
186928,0.35
186931,0.42
186934,0.44
186938,0.5
186943,0.58
186944,0.46
186945,0.49
186947,0.32
186952,0.38
186953,0.29
186960,0.33
186962,0.35
186991,0.28
187001,0.37
187017,0.43
187019,0.31
187024,0.42
187035,0.35
187037,0.45
187056,0.37
187057,0.36
187058,0.43
187065,0.44
187066,0.43
187069,0.36
187070,0.42
187074,0.35
187085,0.43
187087,0.43
187100,0.4
187117,0.31
187158,0.5
187159,0.37
187162,0.53
187164,0.38
187167,0.51
187168,0.41
187171,0.42
187184,0.41
187194,0.35
187208,0.41
187211,0.47
187220,0.41
187224,0.32
187242,0.47
187259,0.27
187260,0.44
187267,0.44
187280,0.53
187287,0.38
187291,0.4
187296,0.38
187301,0.5
187315,0.42
187319,0.37
187326,0.44
187328,0.43
187329,0.41
187330,0.43
187335,0.47
187339,0.39
187340,0.48
187353,0.42
187356,0.47
187367,0.41
187383,0.37
187388,0.43
187401,0.42
187415,0.42
187422,0.4
187439,0.41
187440,0.38
187442,0.46
187447,0.32
187448,0.39
187451,0.37
187468,0.42
187475,0.31
187477,0.39
187480,0.4
187498,0.4
187499,0.3
187516,0.38
187524,0.41
187534,0.38
187552,0.38
187577,0.39
187584,0.3
187585,0.35
187603,0.33
187608,0.38
187625,0.41
187637,0.36
187639,0.5
187641,0.42
187652,0.5
187684,0.34
187689,0.38
187698,0.39
187708,0.36
187716,0.4
187717,0.48
187719,0.38
187720,0.43
187743,0.43
187749,0.37
187762,0.44
187763,0.47
187772,0.42
187786,0.45
187787,0.41
187809,0.4
187826,0.38
187828,0.39
187829,0.42
187833,0.36
187847,0.49
187852,0.4
187862,0.37
187867,0.49
187868,0.37
187870,0.41
187871,0.39
187879,0.4
187894,0.47
187895,0.4
187899,0.31
187903,0.53
187915,0.34
187919,0.44
187941,0.39
187942,0.54
187944,0.38
187947,0.41
187949,0.38
187950,0.41
187952,0.43
187964,0.37
187967,0.44
187977,0.41
187983,0.34
187987,0.29
187988,0.46
187990,0.37
187991,0.38
187998,0.46
188014,0.39
188017,0.45
188021,0.4
188032,0.38
188039,0.43
188040,0.41
188044,0.32
188045,0.38
188054,0.52
188069,0.29
188070,0.42
188081,0.32
188092,0.38
188106,0.39
188108,0.34
188117,0.32
188120,0.37
188130,0.3
188133,0.4
188136,0.37
188151,0.37
188153,0.46
188158,0.38
188171,0.42
188175,0.37
188192,0.49
188194,0.29
188198,0.37
188199,0.41
188228,0.45
188232,0.39
188233,0.49
188234,0.33
188245,0.4
188248,0.31
188254,0.45
188261,0.39
188262,0.37
188267,0.5
188276,0.37
188281,0.46
188282,0.42
188295,0.43
188309,0.42
188313,0.5
188324,0.49
188327,0.46
188328,0.37
188329,0.45
188336,0.35
188337,0.29
188350,0.45
188389,0.45
188399,0.39
188413,0.54
188415,0.4
188421,0.49
188438,0.47
188449,0.52
188466,0.49
188470,0.27
188486,0.39
188492,0.45
188507,0.48
188511,0.44
188521,0.52
188540,0.35
188542,0.28
188551,0.44
188557,0.38
188558,0.46
188561,0.43
188563,0.33
188565,0.35
188577,0.39
188586,0.38
188591,0.41
188594,0.43
188614,0.39
188622,0.35
188626,0.45
188632,0.31
188635,0.38
188639,0.43
188645,0.41
188646,0.49
188647,0.44
188653,0.41
188659,0.36
188677,0.57
188694,0.41
188695,0.37
188696,0.35
188707,0.46
188714,0.37
188715,0.38
188722,0.34
188724,0.39
188729,0.34
188734,0.38
188739,0.48
188746,0.4
188747,0.43
188768,0.45
188770,0.37
188772,0.36
188787,0.34
188792,0.5
188793,0.37
188808,0.36
188828,0.33
188848,0.54
188851,0.45
188856,0.54
188862,0.41
188875,0.56
188876,0.45
188878,0.36
188880,0.32
188890,0.49
188900,0.48
188914,0.38
188928,0.34
188936,0.45
188946,0.43
188947,0.36
188948,0.37
188949,0.45
188950,0.31
188980,0.47
188982,0.51
188988,0.41
188990,0.44
188992,0.43
188993,0.34
188994,0.41
188997,0.4
188998,0.45
189009,0.45
189018,0.45
189022,0.48
189034,0.27
189045,0.41
189059,0.49
189062,0.37
189075,0.39
189086,0.33
189087,0.45
189107,0.36
189113,0.47
189144,0.4
189148,0.49
189199,0.39
189201,0.43
189202,0.45
189207,0.44
189213,0.47
189214,0.44
189224,0.35
189230,0.38
189251,0.43
189252,0.49
189255,0.29
189256,0.39
189257,0.41
189260,0.34
189261,0.45
189262,0.37
189263,0.33
189272,0.39
189282,0.34
189284,0.36
189294,0.4
189304,0.34
189314,0.39
189317,0.45
189333,0.38
189337,0.29
189347,0.28
189355,0.35
189357,0.4
189366,0.47
189374,0.43
189379,0.45
189388,0.34
189397,0.4
189418,0.42
189453,0.43
189458,0.41
189460,0.54
189481,0.48
189482,0.47
189483,0.29
189490,0.29
189491,0.43
189492,0.53
189511,0.36
189512,0.38
189518,0.37
189519,0.46
189531,0.36
189541,0.43
189550,0.53
189551,0.35
189559,0.49
189564,0.37
189573,0.39
189585,0.43
189587,0.36
189605,0.4
189612,0.36
189633,0.4
189640,0.44
189641,0.48
189643,0.49
189650,0.43
189652,0.31
189656,0.38
189661,0.31
189663,0.47
189684,0.39
189688,0.41
189711,0.44
189729,0.5
189747,0.39
189761,0.46
189773,0.35
189774,0.43
189779,0.38
189780,0.44
189796,0.34
189799,0.46
189800,0.49
189807,0.46
189808,0.48
189826,0.49
189836,0.36
189843,0.46
189845,0.5
189852,0.46
189853,0.46
189855,0.4
189866,0.39
189886,0.44
189888,0.45
189902,0.42
189907,0.48
189910,0.28
189922,0.33
189924,0.36
189933,0.39
189935,0.38
189939,0.34
189951,0.51
189965,0.4
189966,0.4
189977,0.38
189989,0.38
189990,0.46
190002,0.36
190006,0.44
190008,0.45
190009,0.37
190021,0.41
190058,0.42
190061,0.33
190069,0.34
190072,0.51
190078,0.32
190109,0.46
190112,0.41
190117,0.43
190132,0.37
190133,0.37
190153,0.4
190164,0.38
190167,0.39
190169,0.34
190179,0.38
190184,0.41
190188,0.4
190199,0.49
190200,0.4
190201,0.5
190227,0.43
190229,0.32
190245,0.49
190272,0.42
190274,0.35
190281,0.47
190282,0.36
190290,0.4
190299,0.44
190301,0.3
190304,0.55
190306,0.3
190311,0.43
190341,0.31
190354,0.44
190364,0.44
190368,0.4
190375,0.34
190383,0.35
190384,0.41
190387,0.47
190388,0.49
190392,0.35
190394,0.43
190405,0.36
190406,0.42
190412,0.36
190413,0.4
190431,0.38
190452,0.3
190454,0.33
190461,0.47
190475,0.45
190489,0.47
190507,0.32
190513,0.35
190515,0.51
190516,0.36
190522,0.31
190523,0.43
190526,0.33
190533,0.39
190537,0.46
190542,0.32
190545,0.44
190548,0.3
190555,0.39
190561,0.36
190562,0.33
190566,0.32
190581,0.36
190590,0.33
190591,0.39
190593,0.39
190612,0.41
190617,0.42
190618,0.53
190619,0.43
190643,0.45
190647,0.31
190663,0.34
190664,0.41
190678,0.45
190691,0.32
190697,0.39
190698,0.44
190701,0.53
190702,0.42
190713,0.41
190739,0.36
190744,0.43
190756,0.38
190767,0.36
190777,0.36
190808,0.31
190825,0.38
190830,0.37
190844,0.58
190855,0.34
190860,0.35
190861,0.35
190865,0.36
190884,0.33
190886,0.36
190887,0.36
190893,0.43
190899,0.43
190900,0.4
190901,0.4
190903,0.29
190909,0.38
190911,0.47
190916,0.48
190922,0.35
190926,0.31
190927,0.44
190929,0.3
190931,0.44
190948,0.29
190954,0.34
190957,0.35
190965,0.4
190978,0.25
190986,0.41
190990,0.39
190993,0.35
190998,0.3
190999,0.44
191028,0.32
191033,0.44
191042,0.45
191076,0.4
191114,0.46
191137,0.41
191138,0.32
191140,0.28
191141,0.44
191143,0.29
191145,0.5
191161,0.54
191167,0.38
191192,0.47
191199,0.48
191200,0.31
191205,0.37
191206,0.43
191214,0.39
191217,0.49
191222,0.43
191224,0.41
191232,0.36
191238,0.43
191243,0.43
191247,0.46
191250,0.35
191266,0.5
191278,0.38
191279,0.41
191282,0.49
191287,0.44
191290,0.43
191291,0.44
191296,0.48
191301,0.39
191304,0.32
191305,0.35
191306,0.46
191324,0.43
191359,0.32
191360,0.4
191362,0.31
191371,0.33
191379,0.41
191394,0.34
191413,0.39
191430,0.38
191435,0.36
191449,0.45
191452,0.27
191464,0.36
191465,0.33
191466,0.36
191469,0.39
191490,0.44
191494,0.41
191498,0.51
191506,0.37
191508,0.3
191509,0.37
191515,0.39
191524,0.42
191548,0.34
191562,0.37
191568,0.38
191596,0.49
191609,0.42
191619,0.41
191624,0.48
191628,0.39
191630,0.36
191648,0.5
191649,0.44
191654,0.49
191655,0.29
191659,0.36
191674,0.43
191675,0.39
191680,0.33
191681,0.36
191684,0.43
191686,0.39
191721,0.3
191722,0.38
191726,0.47
191727,0.34
191732,0.4
191735,0.31
191738,0.32
191745,0.55
191746,0.33
191751,0.45
191761,0.39
191772,0.4
191785,0.43
191794,0.39
191799,0.49
191806,0.42
191807,0.33
191809,0.29
191824,0.39
191826,0.29
191834,0.36
191837,0.31
191841,0.45
191845,0.41
191847,0.32
191850,0.48
191869,0.51
191873,0.39
191876,0.31
191878,0.41
191880,0.49
191881,0.45
191883,0.39
191898,0.55
191907,0.47
191910,0.29
191918,0.47
191920,0.3
191923,0.41
191942,0.44
191943,0.43
191951,0.41
191952,0.42
191958,0.4
191963,0.45
191971,0.5
191992,0.34
192000,0.41
192001,0.35
192008,0.37
192018,0.37
192029,0.43
192030,0.45
192031,0.36
192043,0.46
192045,0.41
192052,0.48
192056,0.33
192071,0.31
192082,0.34
192088,0.46
192103,0.26
192105,0.42
192119,0.41
192144,0.49
192151,0.34
192158,0.32
192163,0.31
192172,0.45
192176,0.3
192177,0.28
192212,0.38
192221,0.43
192223,0.39
192224,0.35
192238,0.33
192239,0.47
192252,0.43
192259,0.43
192268,0.43
192274,0.38
192276,0.38
192277,0.37
192289,0.38
192296,0.46
192308,0.35
192309,0.42
192315,0.34
192322,0.44
192324,0.31
192343,0.5
192345,0.46
192367,0.4
192375,0.41
192382,0.37
192389,0.42
192390,0.42
192391,0.49
192423,0.41
192427,0.37
192431,0.35
192433,0.37
192451,0.51
192453,0.34
192455,0.28
192468,0.4
192469,0.31
192474,0.28
192481,0.32
192482,0.32
192483,0.37
192486,0.44
192490,0.39
192491,0.41
192494,0.47
192507,0.35
192508,0.39
192509,0.43
192525,0.43
192526,0.39
192528,0.4
192535,0.43
192545,0.45
192548,0.49
192572,0.46
192594,0.36
192607,0.4
192625,0.4
192626,0.4
192631,0.27
192632,0.5
192636,0.41
192637,0.41
192655,0.32
192657,0.39
192674,0.44
192675,0.39
192680,0.48
192682,0.36
192686,0.37
192698,0.41
192703,0.35
192705,0.45
192717,0.32
192720,0.46
192721,0.4
192722,0.45
192728,0.33
192734,0.42
192739,0.32
192740,0.31
192752,0.51
192761,0.41
192770,0.34
192780,0.42
192782,0.35
192783,0.55
192789,0.41
192796,0.39
192800,0.42
192802,0.44
192811,0.39
192812,0.36
192815,0.44
192838,0.39
192861,0.47
192868,0.45
192872,0.37
192876,0.51
192877,0.49
192897,0.54
192898,0.41
192903,0.33
192904,0.32
192905,0.45
192911,0.48
192920,0.36
192921,0.38
192922,0.43
192942,0.31
192946,0.4
192963,0.29
192978,0.38
192979,0.44
192981,0.37
192991,0.49
192995,0.47
192998,0.52
193019,0.36
193027,0.35
193028,0.45
193032,0.38
193036,0.42
193044,0.39
193046,0.42
193049,0.4
193050,0.34
193054,0.34
193057,0.36
193060,0.43
193075,0.43
193088,0.34
193091,0.35
193112,0.49
193122,0.36
193123,0.36
193128,0.31
193133,0.4
193143,0.41
193150,0.54
193151,0.39
193160,0.49
193180,0.44
193198,0.45
193204,0.46
193207,0.31
193210,0.43
193225,0.34
193232,0.41
193248,0.4
193249,0.36
193262,0.4
193270,0.41
193273,0.45
193275,0.55
193286,0.27
193289,0.51
193290,0.4
193311,0.43
193321,0.31
193322,0.38
193340,0.43
193349,0.33
193368,0.38
193369,0.37
193375,0.3
193385,0.52
193389,0.33
193394,0.46
193396,0.39
193398,0.31
193402,0.38
193409,0.34
193421,0.34
193426,0.26
193430,0.39
193436,0.45
193437,0.46
193440,0.41
193441,0.41
193449,0.43
193462,0.42
193464,0.32
193468,0.36
193474,0.42
193475,0.49
193479,0.41
193484,0.37
193488,0.41
193496,0.33
193507,0.42
193510,0.43
193512,0.43
193514,0.38
193515,0.36
193516,0.4
193520,0.39
193522,0.46
193541,0.37
193545,0.38
193549,0.39
193554,0.37
193558,0.44
193568,0.41
193569,0.47
193579,0.38
193587,0.42
193589,0.43
193613,0.37
193642,0.46
193643,0.4
193647,0.46
193648,0.44
193663,0.43
193664,0.38
193665,0.45
193672,0.37
193675,0.37
193686,0.42
193692,0.33
193706,0.36
193725,0.45
193726,0.38
193727,0.52
193733,0.59
193738,0.4
193739,0.36
193745,0.42
193759,0.29
193767,0.38
193774,0.49
193776,0.33
193777,0.45
193787,0.5
193789,0.38
193793,0.37
193805,0.39
193808,0.34
193816,0.36
193817,0.36
193821,0.52
193831,0.36
193832,0.44
193874,0.39
193879,0.45
193882,0.46
193910,0.49
193915,0.52
193916,0.43
193921,0.44
193924,0.45
193926,0.37
193927,0.39
193949,0.3
193954,0.49
193966,0.3
193970,0.4
193971,0.4
193975,0.38
193980,0.36
193982,0.51
193983,0.5
193987,0.42
193997,0.39
194000,0.5
194013,0.53
194014,0.45
194026,0.34
194039,0.39
194042,0.44
194054,0.45
194057,0.43
194058,0.42
194068,0.35
194071,0.41
194073,0.44
194075,0.52
194093,0.39
194098,0.37
194105,0.47
194106,0.44
194110,0.3
194128,0.4
194137,0.37
194149,0.36
194150,0.35
194155,0.3
194157,0.42
194158,0.46
194164,0.48
194165,0.41
194166,0.32
194170,0.52
194171,0.44
194177,0.37
194187,0.47
194188,0.5
194213,0.5
194229,0.35
194230,0.52
194241,0.38
194243,0.46
194244,0.38
194276,0.28
194279,0.43
194280,0.43
194281,0.41
194291,0.48
194293,0.42
194306,0.38
194307,0.41
194308,0.39
194310,0.42
194314,0.39
194326,0.42
194330,0.42
194338,0.48
194366,0.42
194370,0.41
194371,0.33
194379,0.36
194382,0.4
194383,0.48
194395,0.53
194402,0.41
194406,0.35
194408,0.32
194413,0.52
194414,0.31
194419,0.43
194423,0.51
194424,0.39
194429,0.33
194436,0.48
194468,0.43
194469,0.35
194478,0.41
194480,0.37
194484,0.43
194505,0.3
194514,0.33
194516,0.39
194523,0.47
194526,0.44
194533,0.42
194534,0.31
194536,0.32
194548,0.44
194552,0.38
194558,0.42
194561,0.44
194563,0.51
194569,0.31
194581,0.43
194586,0.4
194590,0.44
194598,0.47
194600,0.31
194603,0.32
194604,0.53
194605,0.32
194607,0.33
194610,0.49
194620,0.35
194627,0.4
194650,0.4
194652,0.4
194659,0.37
194660,0.48
194662,0.43
194665,0.46
194675,0.43
194677,0.37
194679,0.41
194691,0.4
194696,0.36
194713,0.29
194716,0.35
194717,0.42
194725,0.4
194732,0.33
194737,0.43
194738,0.39
194769,0.32
194791,0.42
194802,0.41
194806,0.35
194810,0.34
194812,0.48
194813,0.48
194816,0.37
194827,0.42
194844,0.48
194856,0.42
194860,0.37
194866,0.32
194867,0.48
194877,0.45
194879,0.31
194880,0.38
194881,0.42
194887,0.39
194900,0.32
194906,0.37
194907,0.51
194908,0.36
194914,0.5
194934,0.46
194955,0.45
194956,0.5
194965,0.45
194966,0.42
194980,0.42
194985,0.35
194986,0.38
194995,0.41
194999,0.4
195000,0.39
195010,0.48
195013,0.43
195044,0.38
195048,0.48
195050,0.54
195051,0.4
195055,0.45
195070,0.38
195074,0.47
195075,0.53
195077,0.45
195081,0.42
195088,0.44
195089,0.48
195091,0.34
195096,0.39
195100,0.34
195103,0.46
195116,0.32
195117,0.49
195129,0.44
195151,0.41
195158,0.43
195164,0.51
195176,0.42
195186,0.46
195187,0.31
195198,0.39
195201,0.38
195207,0.39
195214,0.37
195215,0.39
195234,0.36
195235,0.39
195239,0.41
195240,0.56
195253,0.52
195255,0.3
195280,0.49
195291,0.32
195293,0.39
195300,0.4
195306,0.42
195307,0.46
195322,0.36
195326,0.52
195330,0.54
195341,0.37
195343,0.36
195367,0.44
195369,0.37
195371,0.41
195372,0.48
195389,0.34
195415,0.38
195435,0.34
195439,0.5
195440,0.41
195444,0.43
195447,0.34
195450,0.32
195451,0.42
195456,0.47
195457,0.35
195461,0.34
195462,0.35
195463,0.35
195466,0.51
195468,0.41
195469,0.39
195489,0.37
195495,0.49
195496,0.45
195504,0.32
195505,0.38
195506,0.4
195511,0.27
195518,0.34
195519,0.39
195529,0.31
195531,0.37
195546,0.5
195547,0.34
195552,0.36
195577,0.39
195579,0.39
195588,0.37
195597,0.42
195607,0.39
195617,0.38
195626,0.44
195632,0.35
195634,0.42
195635,0.27
195645,0.37
195648,0.36
195674,0.5
195691,0.47
195695,0.38
195703,0.42
195710,0.44
195711,0.36
195727,0.33
195729,0.27
195734,0.39
195739,0.34
195740,0.39
195746,0.42
195750,0.38
195769,0.46
195772,0.47
195785,0.31
195789,0.4
195793,0.36
195801,0.45
195803,0.35
195810,0.39
195818,0.38
195819,0.5
195823,0.38
195828,0.43
195836,0.38
195843,0.41
195858,0.28
195876,0.38
195890,0.31
195891,0.42
195900,0.38
195905,0.5
195910,0.35
195911,0.38
195912,0.48
195917,0.49
195918,0.32
195923,0.41
195937,0.48
195940,0.39
195945,0.31
195946,0.32
195948,0.36
195955,0.33
195957,0.28
195958,0.42
195959,0.42
195970,0.32
195974,0.41
195979,0.43
195990,0.44
196004,0.36
196007,0.34
196012,0.3
196019,0.39
196029,0.56
196034,0.33
196042,0.43
196066,0.48
196067,0.34
196071,0.38
196074,0.34
196075,0.38
196079,0.37
196080,0.43
196082,0.37
196083,0.41
196085,0.33
196115,0.35
196118,0.37
196128,0.35
196149,0.36
196150,0.46
196162,0.4
196194,0.42
196198,0.35
196204,0.32
196206,0.46
196210,0.37
196220,0.43
196221,0.44
196230,0.4
196236,0.39
196242,0.35
196256,0.42
196261,0.48
196274,0.37
196281,0.47
196303,0.37
196305,0.41
196322,0.34
196343,0.42
196346,0.48
196354,0.33
196357,0.51
196359,0.37
196360,0.45
196361,0.3
196364,0.4
196371,0.42
196375,0.39
196377,0.5
196378,0.37
196381,0.4
196384,0.39
196385,0.42
196388,0.51
196394,0.54
196400,0.45
196401,0.45
196404,0.45
196411,0.39
196436,0.44
196443,0.31
196444,0.4
196446,0.32
196475,0.53
196476,0.5
196486,0.37
196489,0.38
196492,0.44
196498,0.4
196500,0.49
196505,0.43
196507,0.36
196510,0.36
196514,0.38
196530,0.47
196544,0.32
196551,0.37
196578,0.38
196585,0.46
196587,0.31
196588,0.52
196594,0.3
196598,0.34
196605,0.28
196618,0.5
196619,0.25
196623,0.46
196624,0.36
196643,0.44
196649,0.48
196650,0.39
196656,0.33
196663,0.45
196667,0.41
196669,0.49
196681,0.48
196717,0.33
196726,0.42
196728,0.33
196729,0.37
196731,0.35
196736,0.37
196738,0.45
196745,0.38
196747,0.49
196748,0.32
196753,0.3
196757,0.39
196760,0.41
196777,0.4
196788,0.41
196799,0.39
196808,0.4
196819,0.33
196825,0.45
196826,0.36
196834,0.39
196841,0.33
196847,0.41
196849,0.37
196851,0.33
196867,0.44
196884,0.36
196889,0.49
196898,0.32
196901,0.42
196917,0.42
196930,0.32
196936,0.36
196956,0.38
196959,0.43
196962,0.52
196963,0.39
196971,0.44
196972,0.51
196977,0.34
196984,0.43
196985,0.47
197010,0.43
197029,0.44
197040,0.42
197058,0.43
197060,0.34
197064,0.46
197075,0.37
197083,0.43
197102,0.35
197103,0.44
197107,0.34
197129,0.37
197135,0.34
197140,0.41
197150,0.44
197152,0.44
197153,0.38
197154,0.46
197156,0.43
197166,0.42
197167,0.42
197177,0.38
197178,0.41
197187,0.45
197191,0.47
197205,0.43
197206,0.37
197219,0.38
197224,0.38
197245,0.39
197246,0.38
197273,0.38
197275,0.38
197278,0.43
197288,0.41
197290,0.4
197294,0.4
197295,0.39
197311,0.41
197314,0.47
197320,0.48
197321,0.36
197324,0.38
197327,0.38
197332,0.3
197333,0.41
197335,0.33
197348,0.33
197362,0.36
197363,0.4
197368,0.35
197378,0.53
197381,0.45
197384,0.3
197386,0.31
197393,0.4
197396,0.41
197400,0.38
197408,0.54
197412,0.37
197413,0.46
197415,0.43
197418,0.36
197427,0.37
197443,0.41
197448,0.4
197449,0.42
197470,0.43
197478,0.4
197482,0.39
197488,0.44
197491,0.31
197495,0.4
197498,0.54
197502,0.43
197507,0.32
197509,0.47
197510,0.31
197512,0.4
197513,0.44
197524,0.58
197525,0.48
197529,0.45
197533,0.36
197534,0.47
197540,0.43
197541,0.37
197559,0.41
197566,0.44
197582,0.37
197585,0.42
197587,0.39
197595,0.46
197598,0.46
197601,0.38
197603,0.42
197607,0.48
197611,0.44
197625,0.43
197631,0.41
197633,0.45
197638,0.47
197640,0.36
197644,0.34
197645,0.38
197646,0.35
197650,0.27
197657,0.37
197664,0.42
197668,0.45
197681,0.44
197682,0.41
197693,0.42
197695,0.38
197699,0.43
197709,0.35
197711,0.37
197715,0.39
197716,0.46
197722,0.41
197728,0.42
197729,0.32
197730,0.46
197744,0.32
197768,0.38
197770,0.52
197775,0.46
197788,0.37
197795,0.42
197806,0.4
197808,0.41
197812,0.32
197813,0.4
197822,0.34
197827,0.41
197828,0.42
197836,0.47
197857,0.36
197862,0.41
197872,0.42
197892,0.43
197903,0.36
197907,0.35
197908,0.51
197916,0.28
197921,0.36
197924,0.41
197930,0.51
197934,0.33
197942,0.37
197945,0.44
197958,0.44
197959,0.27
197967,0.34
197969,0.38
197978,0.46
197999,0.3
198001,0.36
198004,0.27
198007,0.41
198019,0.39
198020,0.42
198024,0.38
198026,0.45
198038,0.39
198044,0.36
198050,0.45
198054,0.37
198055,0.44
198082,0.43
198094,0.37
198095,0.41
198099,0.48
198101,0.43
198102,0.33
198114,0.41
198125,0.39
198127,0.27
198128,0.48
198137,0.41
198141,0.37
198142,0.46
198155,0.47
198179,0.39
198181,0.43
198184,0.39
198185,0.45
198186,0.51
198187,0.46
198193,0.45
198197,0.32
198209,0.38
198221,0.37
198225,0.44
198229,0.44
198237,0.47
198239,0.47
198247,0.37
198253,0.47
198272,0.35
198279,0.37
198282,0.37
198284,0.42
198285,0.32
198287,0.43
198294,0.27
198309,0.36
198312,0.48
198315,0.41
198323,0.45
198331,0.37
198333,0.35
198359,0.4
198370,0.34
198378,0.44
198379,0.46
198381,0.36
198383,0.33
198384,0.34
198385,0.38
198420,0.32
198421,0.28
198425,0.48
198427,0.38
198429,0.41
198437,0.35
198445,0.38
198452,0.37
198454,0.4
198487,0.33
198523,0.41
198528,0.47
198530,0.41
198539,0.37
198540,0.39
198547,0.35
198566,0.37
198568,0.45
198569,0.38
198595,0.43
198600,0.46
198614,0.36
198617,0.53
198619,0.46
198627,0.4
198640,0.48
198655,0.46
198664,0.41
198665,0.38
198666,0.45
198670,0.39
198673,0.5
198680,0.34
198689,0.33
198690,0.45
198702,0.44
198703,0.46
198704,0.42
198714,0.48
198715,0.45
198717,0.41
198718,0.43
198720,0.42
198721,0.31
198730,0.42
198739,0.32
198754,0.34
198761,0.42
198772,0.37
198774,0.4
198775,0.54
198779,0.54
198783,0.39
198790,0.45
198794,0.4
198798,0.35
198799,0.28
198802,0.37
198806,0.41
198847,0.4
198854,0.39
198858,0.34
198859,0.42
198865,0.48
198872,0.42
198874,0.48
198878,0.37
198883,0.41
198884,0.4
198891,0.43
198899,0.37
198907,0.41
198916,0.56
198917,0.43
198934,0.42
198937,0.5
198938,0.31
198941,0.45
198957,0.38
198966,0.39
198984,0.38
198997,0.28
199001,0.45
199003,0.46
199009,0.42
199011,0.32
199013,0.32
199015,0.31
199024,0.37
199026,0.37
199027,0.46
199029,0.41
199030,0.53
199041,0.43
199048,0.47
199057,0.38
199058,0.5
199062,0.4
199067,0.4
199070,0.36
199075,0.38
199076,0.43
199092,0.49
199096,0.39
199104,0.51
199114,0.45
199115,0.41
199117,0.45
199126,0.4
199131,0.49
199141,0.3
199145,0.37
199150,0.39
199151,0.31
199153,0.37
199166,0.38
199167,0.36
199177,0.35
199182,0.33
199183,0.34
199185,0.4
199212,0.38
199213,0.44
199222,0.41
199229,0.41
199230,0.31
199242,0.46
199243,0.34
199246,0.47
199247,0.45
199249,0.36
199262,0.37
199263,0.44
199275,0.35
199276,0.28
199287,0.4
199298,0.36
199304,0.44
199307,0.37
199311,0.34
199316,0.4
199320,0.41
199321,0.4
199325,0.39
199326,0.44
199327,0.41
199334,0.38
199344,0.49
199345,0.41
199352,0.5
199364,0.42
199378,0.37
199379,0.32
199387,0.5
199405,0.47
199418,0.38
199424,0.39
199425,0.39
199432,0.46
199433,0.43
199442,0.44
199446,0.37
199457,0.37
199458,0.29
199477,0.47
199522,0.39
199525,0.44
199533,0.46
199536,0.44
199537,0.37
199550,0.38
199560,0.42
199564,0.47
199575,0.41
199580,0.37
199586,0.42
199597,0.36
199598,0.44
199604,0.43
199608,0.4
199609,0.3
199616,0.34
199625,0.43
199648,0.54
199650,0.43
199655,0.33
199663,0.39
199670,0.4
199673,0.42
199685,0.44
199696,0.38
199703,0.43
199704,0.35
199706,0.42
199727,0.38
199740,0.39
199746,0.36
199764,0.49
199766,0.49
199785,0.32
199786,0.43
199795,0.46
199797,0.46
199803,0.46
199804,0.49
199810,0.37
199815,0.33
199822,0.34
199824,0.42
199828,0.43
199833,0.38
199840,0.43
199844,0.39
199846,0.4
199858,0.49
199862,0.49
199865,0.48
199866,0.44
199869,0.4
199870,0.41
199871,0.43
199878,0.43
199889,0.37
199891,0.37
199898,0.39
199903,0.43
199904,0.48
199924,0.43
199950,0.46
199954,0.33
199956,0.4
199962,0.33
199965,0.41
199971,0.41
199972,0.42
199988,0.39
199995,0.38
199997,0.4
199998,0.49
199999,0.37
200011,0.37
200012,0.39
200016,0.26
200019,0.36
200030,0.32
200031,0.43
200032,0.3
200038,0.45
200043,0.47
200044,0.38
200045,0.38
200053,0.36
200057,0.35
200061,0.49
200064,0.4
200071,0.5
200084,0.44
200085,0.41
200086,0.5
200093,0.39
200095,0.37
200105,0.38
200111,0.52
200116,0.43
200125,0.52
200126,0.43
200157,0.36
200173,0.38
200181,0.39
200185,0.41
200187,0.45
200193,0.37
200200,0.33
200202,0.39
200206,0.38
200207,0.35
200216,0.31
200229,0.38
200234,0.26
200241,0.38
200244,0.37
200258,0.38
200262,0.36
200268,0.53
200277,0.37
200286,0.43
200293,0.38
200299,0.28
200306,0.43
200335,0.38
200358,0.47
200366,0.45
200367,0.37
200370,0.35
200373,0.45
200374,0.29
200383,0.41
200387,0.35
200390,0.37
200391,0.45
200421,0.46
200437,0.4
200442,0.32
200447,0.43
200460,0.43
200463,0.35
200467,0.41
200487,0.44
200488,0.37
200490,0.39
200493,0.34
200494,0.33
200501,0.31
200506,0.48
200516,0.43
200518,0.4
200520,0.33
200523,0.37
200524,0.43
200525,0.44
200534,0.47
200538,0.41
200552,0.41
200556,0.43
200557,0.32
200567,0.39
200568,0.4
200570,0.35
200572,0.4
200576,0.31
200585,0.45
200587,0.32
200588,0.42
200593,0.45
200594,0.47
200595,0.34
200603,0.43
200615,0.39
200624,0.38
200631,0.46
200632,0.43
200636,0.34
200638,0.39
200641,0.32
200650,0.39
200653,0.41
200657,0.33
200668,0.42
200669,0.36
200670,0.43
200676,0.41
200697,0.29
200710,0.46
200720,0.44
200729,0.35
200749,0.42
200753,0.52
200755,0.51
200756,0.45
200757,0.37
200768,0.3
200776,0.39
200799,0.45
200801,0.39
200810,0.43
200823,0.43
200832,0.44
200836,0.31
200838,0.36
200864,0.41
200867,0.4
200869,0.42
200873,0.36
200876,0.36
200881,0.42
200883,0.32
200890,0.44
200895,0.35
200897,0.46
200899,0.38
200900,0.34
200907,0.36
200912,0.33
200926,0.37
200930,0.43
200971,0.34
200974,0.45
200979,0.47
200998,0.48
201008,0.46
201018,0.38
201026,0.43
201043,0.43
201049,0.4
201050,0.36
201061,0.38
201062,0.44
201072,0.47
201076,0.44
201077,0.36
201081,0.29
201084,0.46
201089,0.35
201092,0.31
201109,0.43
201110,0.34
201116,0.36
201122,0.38
201135,0.44
201143,0.42
201153,0.34
201159,0.41
201165,0.44
201187,0.48
201197,0.43
201218,0.39
201219,0.45
201231,0.36
201234,0.32
201243,0.49
201246,0.35
201254,0.4
201256,0.38
201262,0.41
201263,0.35
201272,0.4
201273,0.3
201281,0.39
201290,0.36
201294,0.33
201296,0.37
201320,0.47
201332,0.52
201342,0.45
201343,0.35
201347,0.36
201350,0.37
201351,0.42
201362,0.39
201363,0.28
201368,0.45
201373,0.33
201375,0.42
201378,0.48
201386,0.38
201387,0.4
201390,0.4
201393,0.46
201409,0.33
201442,0.35
201444,0.38
201447,0.45
201451,0.34
201474,0.32
201481,0.37
201491,0.41
201498,0.4
201499,0.34
201501,0.4
201502,0.43
201516,0.42
201517,0.35
201524,0.43
201526,0.41
201528,0.41
201532,0.41
201543,0.28
201544,0.4
201546,0.45
201552,0.35
201554,0.4
201556,0.38
201557,0.44
201559,0.44
201575,0.24
201592,0.38
201593,0.38
201600,0.49
201630,0.45
201631,0.37
201635,0.37
201638,0.35
201642,0.45
201645,0.44
201660,0.48
201663,0.54
201665,0.32
201674,0.47
201675,0.42
201677,0.44
201688,0.44
201698,0.48
201706,0.33
201709,0.43
201710,0.45
201718,0.32
201720,0.53
201727,0.36
201730,0.39
201732,0.33
201733,0.5
201736,0.46
201738,0.36
201744,0.4
201747,0.37
201751,0.48
201766,0.37
201777,0.43
201778,0.44
201785,0.4
201804,0.33
201808,0.37
201813,0.46
201815,0.36
201820,0.41
201825,0.32
201830,0.32
201838,0.34
201839,0.47
201845,0.37
201849,0.36
201850,0.34
201853,0.45
201856,0.38
201873,0.4
201875,0.34
201906,0.38
201907,0.37
201908,0.41
201909,0.32
201911,0.41
201927,0.26
201928,0.32
201937,0.35
201943,0.38
201946,0.39
201948,0.36
201949,0.37
201955,0.3
201962,0.39
201977,0.47
201996,0.45
201997,0.48
202004,0.4
202005,0.32
202006,0.42
202010,0.44
202020,0.33
202029,0.43
202033,0.47
202034,0.45
202040,0.38
202045,0.44
202048,0.41
202055,0.48
202058,0.39
202062,0.3
202073,0.37
202078,0.32
202079,0.44
202080,0.52
202085,0.39
202090,0.3
202092,0.48
202114,0.34
202124,0.48
202133,0.51
202136,0.45
202150,0.44
202156,0.44
202159,0.48
202165,0.35
202167,0.39
202168,0.34
202169,0.41
202170,0.29
202204,0.38
202209,0.37
202216,0.41
202220,0.44
202228,0.43
202229,0.44
202231,0.37
202232,0.37
202234,0.4
202252,0.33
202253,0.32
202272,0.43
202273,0.31
202292,0.29
202300,0.5
202302,0.48
202311,0.35
202316,0.4
202318,0.46
202324,0.41
202343,0.37
202344,0.3
202349,0.41
202351,0.42
202355,0.36
202379,0.4
202407,0.38
202409,0.37
202410,0.49
202422,0.4
202423,0.45
202435,0.4
202437,0.38
202438,0.47
202439,0.35
202441,0.4
202444,0.35
202446,0.49
202450,0.41
202455,0.43
202457,0.48
202461,0.3
202463,0.4
202473,0.42
202478,0.4
202484,0.37
202490,0.36
202491,0.5
202492,0.5
202497,0.43
202508,0.36
202509,0.51
202510,0.36
202511,0.46
202514,0.3
202524,0.35
202527,0.32
202547,0.33
202554,0.35
202557,0.36
202568,0.32
202573,0.46
202587,0.42
202599,0.38
202610,0.39
202613,0.51
202618,0.45
202621,0.45
202645,0.44
202646,0.39
202649,0.36
202653,0.5
202655,0.39
202656,0.41
202659,0.43
202661,0.41
202681,0.39
202688,0.39
202691,0.39
202692,0.4
202697,0.37
202698,0.41
202717,0.41
202720,0.31
202724,0.46
202725,0.43
202734,0.42
202740,0.38
202743,0.3
202746,0.35
202760,0.45
202761,0.36
202765,0.34
202769,0.34
202785,0.31
202793,0.41
202796,0.47
202805,0.4
202816,0.5
202823,0.42
202825,0.33
202829,0.32
202830,0.45
202848,0.41
202861,0.33
202862,0.37
202863,0.27
202879,0.5
202889,0.35
202894,0.52
202895,0.4
202897,0.33
202899,0.37
202900,0.43
202907,0.43
202927,0.41
202945,0.55
202951,0.31
202955,0.41
202960,0.4
202967,0.23
202972,0.49
202982,0.36
202993,0.35
202996,0.34
202998,0.44
203008,0.38
203026,0.46
203038,0.48
203044,0.44
203054,0.51
203070,0.52
203075,0.37
203082,0.36
203089,0.43
203090,0.39
203098,0.56
203108,0.47
203109,0.35
203113,0.39
203123,0.33
203124,0.38
203128,0.42
203129,0.41
203131,0.38
203142,0.44
203154,0.34
203175,0.41
203176,0.44
203183,0.48
203185,0.39
203195,0.3
203201,0.46
203205,0.28
203218,0.4
203241,0.37
203244,0.35
203245,0.41
203253,0.45
203259,0.32
203264,0.45
203276,0.31
203283,0.36
203286,0.34
203288,0.32
203290,0.32
203298,0.4
203300,0.49
203312,0.44
203318,0.36
203331,0.46
203337,0.24
203339,0.33
203344,0.37
203348,0.41
203349,0.43
203350,0.32
203358,0.4
203366,0.5
203371,0.39
203377,0.39
203399,0.41
203402,0.46
203407,0.41
203410,0.23
203421,0.42
203428,0.36
203431,0.35
203433,0.39
203459,0.37
203460,0.45
203462,0.43
203470,0.48
203475,0.38
203476,0.4
203496,0.54
203518,0.41
203547,0.47
203549,0.39
203550,0.4
203552,0.43
203561,0.33
203564,0.44
203567,0.35
203575,0.31
203590,0.33
203591,0.28
203605,0.44
203606,0.43
203640,0.4
203643,0.51
203647,0.39
203648,0.34
203669,0.33
203671,0.46
203692,0.5
203695,0.44
203706,0.49
203713,0.5
203730,0.35
203736,0.37
203745,0.35
203751,0.4
203753,0.45
203755,0.42
203762,0.39
203769,0.37
203774,0.37
203796,0.42
203799,0.39
203806,0.4
203807,0.43
203810,0.34
203816,0.46
203821,0.53
203822,0.4
203850,0.48
203854,0.44
203862,0.36
203868,0.39
203869,0.36
203870,0.36
203876,0.43
203878,0.41
203889,0.41
203897,0.38
203905,0.38
203914,0.39
203915,0.53
203950,0.35
203956,0.39
203957,0.45
203973,0.43
203975,0.32
203980,0.44
203997,0.46
204001,0.43
204008,0.37
204017,0.33
204020,0.38
204021,0.51
204026,0.51
204027,0.37
204043,0.33
204047,0.45
204055,0.4
204059,0.33
204060,0.44
204061,0.38
204073,0.29
204076,0.46
204086,0.46
204088,0.49
204102,0.43
204116,0.42
204117,0.35
204121,0.42
204129,0.37
204139,0.35
204148,0.3
204149,0.46
204175,0.34
204181,0.45
204183,0.47
204187,0.42
204193,0.48
204194,0.46
204195,0.36
204196,0.37
204202,0.32
204206,0.3
204207,0.38
204214,0.37
204222,0.38
204226,0.51
204227,0.38
204228,0.39
204231,0.37
204232,0.39
204235,0.38
204237,0.38
204239,0.41
204242,0.32
204254,0.45
204255,0.39
204259,0.43
204268,0.41
204280,0.36
204282,0.39
204307,0.31
204314,0.44
204318,0.35
204321,0.4
204330,0.32
204335,0.42
204339,0.32
204344,0.36
204350,0.33
204371,0.42
204372,0.39
204374,0.4
204383,0.35
204392,0.44
204403,0.4
204409,0.47
204416,0.33
204417,0.44
204437,0.46
204440,0.4
204445,0.31
204446,0.48
204449,0.39
204468,0.32
204504,0.39
204506,0.36
204536,0.4
204539,0.37
204601,0.45
204614,0.4
204616,0.4
204618,0.35
204623,0.39
204630,0.46
204636,0.38
204639,0.39
204642,0.46
204644,0.51
204648,0.36
204662,0.34
204673,0.43
204674,0.45
204681,0.35
204682,0.47
204683,0.39
204689,0.34
204690,0.46
204707,0.4
204728,0.51
204736,0.43
204740,0.39
204749,0.36
204756,0.41
204771,0.33
204778,0.35
204808,0.35
204822,0.46
204827,0.34
204831,0.34
204836,0.29
204837,0.31
204843,0.42
204846,0.32
204847,0.43
204850,0.48
204852,0.4
204854,0.35
204856,0.49
204857,0.44
204863,0.33
204870,0.39
204885,0.35
204895,0.42
204905,0.47
204911,0.42
204927,0.46
204929,0.33
204941,0.46
204959,0.43
204962,0.45
204965,0.41
204970,0.41
204971,0.47
204972,0.38
205000,0.39
205011,0.29
205013,0.41
205014,0.37
205019,0.36
205043,0.31
205045,0.38
205054,0.4
205066,0.44
205069,0.41
205070,0.39
205071,0.34
205073,0.35
205077,0.46
205078,0.38
205088,0.35
205104,0.33
205107,0.4
205117,0.43
205118,0.41
205128,0.42
205134,0.35
205140,0.4
205141,0.34
205142,0.3
205153,0.54
205158,0.44
205169,0.43
205170,0.51
205183,0.36
205184,0.43
205197,0.51
205199,0.43
205204,0.4
205208,0.34
205209,0.32
205210,0.34
205216,0.31
205219,0.37
205222,0.42
205225,0.44
205235,0.38
205236,0.49
205241,0.38
205244,0.33
205251,0.43
205252,0.51
205258,0.33
205262,0.48
205264,0.37
205274,0.33
205277,0.39
205281,0.34
205306,0.32
205307,0.37
205323,0.38
205336,0.45
205337,0.46
205360,0.45
205363,0.36
205365,0.43
205367,0.48
205368,0.39
205375,0.44
205403,0.41
205411,0.44
205415,0.49
205429,0.43
205434,0.45
205445,0.45
205463,0.34
205471,0.45
205472,0.31
205479,0.48
205480,0.38
205493,0.37
205503,0.33
205508,0.41
205524,0.43
205525,0.45
205526,0.39
205533,0.52
205542,0.32
205545,0.47
205552,0.5
205561,0.53
205563,0.26
205564,0.51
205565,0.45
205566,0.36
205569,0.4
205579,0.39
205585,0.48
205587,0.37
205588,0.48
205591,0.4
205594,0.44
205600,0.44
205608,0.29
205613,0.41
205618,0.35
205619,0.34
205623,0.4
205627,0.46
205628,0.46
205635,0.42
205638,0.42
205640,0.45
205641,0.42
205642,0.47
205643,0.41
205646,0.28
205655,0.45
205672,0.44
205678,0.43
205681,0.34
205682,0.36
205690,0.34
205693,0.39
205695,0.33
205724,0.32
205738,0.41
205741,0.39
205744,0.38
205750,0.4
205751,0.38
205752,0.35
205766,0.47
205773,0.4
205775,0.47
205776,0.46
205789,0.46
205793,0.34
205797,0.35
205798,0.37
205802,0.44
205806,0.44
205807,0.29
205815,0.44
205819,0.4
205821,0.44
205822,0.48
205831,0.3
205832,0.5
205836,0.34
205843,0.38
205862,0.45
205863,0.45
205866,0.44
205873,0.49
205877,0.46
205879,0.41
205880,0.38
205886,0.39
205898,0.42
205903,0.51
205907,0.46
205908,0.4
205909,0.42
205930,0.42
205931,0.34
205932,0.41
205951,0.4
205957,0.51
205960,0.37
205987,0.44
205994,0.4
205995,0.31
206006,0.32
206007,0.39
206013,0.37
206020,0.43
206030,0.41
206035,0.46
206038,0.29
206039,0.34
206061,0.41
206066,0.29
206068,0.41
206071,0.37
206076,0.41
206077,0.37
206091,0.43
206097,0.45
206101,0.4
206145,0.35
206147,0.42
206163,0.33
206171,0.44
206173,0.41
206174,0.33
206197,0.41
206198,0.43
206209,0.41
206211,0.38
206213,0.41
206246,0.54
206252,0.4
206253,0.4
206254,0.32
206257,0.41
206270,0.37
206283,0.41
206290,0.45
206291,0.33
206292,0.49
206307,0.41
206315,0.4
206319,0.4
206324,0.42
206326,0.46
206338,0.34
206339,0.36
206354,0.37
206359,0.41
206374,0.46
206377,0.37
206395,0.31
206403,0.27
206410,0.51
206413,0.39
206414,0.45
206418,0.4
206424,0.33
206427,0.33
206428,0.31
206429,0.37
206430,0.46
206447,0.46
206451,0.39
206465,0.43
206477,0.54
206484,0.41
206497,0.31
206517,0.38
206533,0.34
206542,0.39
206557,0.34
206563,0.32
206564,0.36
206565,0.4
206582,0.34
206593,0.4
206605,0.43
206606,0.39
206621,0.35
206639,0.46
206640,0.43
206641,0.39
206645,0.37
206656,0.39
206666,0.48
206679,0.49
206681,0.33
206684,0.42
206686,0.47
206687,0.32
206697,0.24
206700,0.37
206702,0.49
206703,0.27
206708,0.35
206710,0.47
206721,0.37
206723,0.36
206735,0.4
206739,0.48
206742,0.38
206744,0.38
206747,0.46
206752,0.38
206774,0.39
206776,0.45
206792,0.46
206799,0.42
206805,0.4
206806,0.33
206809,0.33
206812,0.51
206814,0.33
206830,0.44
206831,0.47
206878,0.43
206905,0.31
206908,0.34
206910,0.3
206917,0.32
206920,0.43
206927,0.35
206933,0.41
206945,0.42
206968,0.34
206987,0.47
206989,0.39
207017,0.39
207027,0.4
207029,0.41
207030,0.46
207035,0.41
207040,0.45
207043,0.36
207054,0.34
207055,0.31
207059,0.44
207060,0.42
207062,0.38
207071,0.39
207073,0.52
207079,0.37
207100,0.31
207107,0.4
207129,0.37
207132,0.37
207139,0.34
207148,0.47
207153,0.38
207163,0.39
207164,0.35
207168,0.43
207171,0.34
207173,0.35
207174,0.36
207181,0.36
207182,0.34
207198,0.33
207201,0.32
207213,0.4
207234,0.44
207238,0.55
207256,0.36
207257,0.39
207264,0.37
207268,0.4
207275,0.42
207291,0.37
207296,0.47
207304,0.45
207308,0.37
207314,0.31
207324,0.42
207332,0.49
207333,0.47
207339,0.47
207349,0.51
207351,0.62
207359,0.43
207361,0.38
207365,0.41
207369,0.45
207372,0.46
207377,0.34
207380,0.46
207394,0.33
207412,0.43
207423,0.45
207426,0.42
207427,0.36
207428,0.47
207430,0.46
207437,0.43
207440,0.45
207455,0.34
207456,0.45
207471,0.45
207476,0.33
207483,0.39
207497,0.41
207506,0.37
207515,0.38
207529,0.4
207533,0.38
207534,0.33
207541,0.44
207560,0.29
207561,0.38
207570,0.37
207600,0.49
207630,0.43
207633,0.4
207634,0.3
207635,0.37
207660,0.37
207682,0.43
207684,0.43
207687,0.38
207706,0.51
207708,0.47
207713,0.31
207714,0.35
207718,0.35
207721,0.35
207724,0.42
207727,0.37
207731,0.36
207732,0.45
207734,0.34
207739,0.42
207744,0.41
207787,0.34
207792,0.4
207801,0.34
207811,0.47
207817,0.43
207818,0.29
207819,0.43
207830,0.33
207834,0.4
207841,0.49
207844,0.35
207849,0.32
207856,0.34
207865,0.43
207867,0.48
207873,0.48
207882,0.43
207887,0.37
207888,0.46
207889,0.39
207907,0.34
207921,0.4
207922,0.38
207928,0.34
207930,0.43
207940,0.38
207941,0.44
207956,0.43
207960,0.4
207961,0.43
207968,0.47
207971,0.41
207972,0.5
207975,0.35
207976,0.34
207979,0.42
207997,0.44
207999,0.41
208008,0.49
208027,0.34
208030,0.45
208033,0.43
208035,0.46
208040,0.35
208052,0.4
208067,0.29
208090,0.29
208100,0.42
208102,0.52
208110,0.48
208117,0.38
208119,0.36
208123,0.33
208127,0.51
208136,0.41
208139,0.34
208140,0.25
208144,0.48
208149,0.49
208156,0.43
208166,0.35
208168,0.32
208170,0.53
208172,0.36
208178,0.44
208193,0.39
208195,0.37
208211,0.36
208213,0.44
208229,0.29
208231,0.39
208235,0.34
208238,0.34
208240,0.35
208249,0.37
208262,0.34
208263,0.54
208270,0.44
208288,0.5
208292,0.41
208302,0.43
208303,0.47
208312,0.42
208317,0.46
208322,0.38
208331,0.51
208336,0.39
208337,0.39
208339,0.39
208346,0.46
208353,0.42
208358,0.37
208359,0.39
208360,0.41
208370,0.43
208373,0.3
208390,0.43
208391,0.38
208394,0.41
208396,0.42
208397,0.42
208398,0.43
208400,0.33
208410,0.4
208420,0.33
208421,0.3
208431,0.38
208450,0.34
208451,0.46
208455,0.4
208478,0.47
208479,0.42
208482,0.28
208502,0.41
208516,0.56
208518,0.35
208534,0.41
208550,0.29
208551,0.37
208566,0.35
208567,0.41
208575,0.4
208576,0.37
208588,0.37
208590,0.41
208595,0.42
208619,0.39
208620,0.39
208627,0.38
208629,0.51
208642,0.32
208645,0.32
208661,0.49
208662,0.29
208679,0.37
208681,0.4
208689,0.37
208696,0.29
208701,0.4
208707,0.48
208719,0.47
208720,0.31
208730,0.43
208748,0.47
208753,0.44
208755,0.45
208769,0.28
208775,0.4
208785,0.35
208796,0.47
208806,0.46
208815,0.39
208830,0.42
208833,0.36
208837,0.39
208842,0.37
208860,0.43
208874,0.42
208886,0.4
208897,0.38
208898,0.49
208905,0.46
208907,0.42
208924,0.44
208925,0.47
208933,0.34
208941,0.39
208948,0.32
208960,0.44
208962,0.51
208963,0.37
208965,0.44
208973,0.37
208974,0.42
208986,0.4
208992,0.35
208995,0.43
209001,0.38
209006,0.37
209012,0.39
209022,0.32
209055,0.45
209056,0.35
209057,0.36
209060,0.46
209067,0.39
209071,0.45
209078,0.32
209080,0.48
209094,0.4
209097,0.4
209098,0.38
209101,0.4
209108,0.41
209109,0.46
209111,0.39
209116,0.39
209117,0.42
209121,0.53
209126,0.45
209127,0.35
209141,0.34
209142,0.3
209159,0.38
209164,0.45
209168,0.38
209177,0.42
209197,0.5
209202,0.35
209209,0.36
209211,0.36
209233,0.41
209234,0.33
209253,0.34
209260,0.43
209263,0.43
209268,0.46
209275,0.41
209288,0.35
209298,0.43
209305,0.34
209326,0.38
209340,0.4
209352,0.44
209362,0.37
209367,0.4
209369,0.38
209377,0.35
209387,0.33
209392,0.38
209393,0.49
209420,0.42
209423,0.48
209457,0.36
209458,0.39
209470,0.47
209479,0.41
209483,0.38
209488,0.41
209489,0.36
209497,0.42
209504,0.36
209510,0.39
209513,0.27
209547,0.33
209549,0.33
209556,0.36
209561,0.34
209565,0.4
209591,0.35
209595,0.37
209596,0.54
209608,0.34
209628,0.45
209643,0.31
209645,0.46
209651,0.39
209659,0.38
209660,0.42
209661,0.4
209665,0.39
209682,0.39
209687,0.35
209689,0.37
209699,0.39
209705,0.41
209707,0.37
209713,0.38
209717,0.37
209718,0.4
209723,0.34
209727,0.45
209729,0.34
209739,0.41
209741,0.44
209744,0.37
209748,0.44
209749,0.39
209758,0.4
209761,0.44
209764,0.49
209772,0.35
209773,0.46
209794,0.36
209795,0.49
209814,0.43
209828,0.39
209838,0.38
209839,0.37
209845,0.36
209855,0.37
209862,0.31
209869,0.43
209872,0.41
209879,0.45
209881,0.32
209882,0.4
209893,0.4
209913,0.37
209918,0.47
209920,0.47
209921,0.43
209929,0.32
209943,0.42
209957,0.35
209960,0.37
209962,0.4
209969,0.37
209980,0.52
209986,0.44
209989,0.35
209990,0.33
209991,0.38
210007,0.32
210016,0.48
210018,0.34
210019,0.42
210020,0.35
210036,0.33
210050,0.41
210080,0.38
210084,0.53
210089,0.52
210104,0.36
210129,0.42
210135,0.41
210137,0.6
210140,0.37
210145,0.42
210146,0.4
210147,0.33
210152,0.41
210157,0.4
210158,0.38
210164,0.39
210170,0.37
210171,0.38
210173,0.46
210174,0.49
210176,0.41
210190,0.39
210191,0.42
210195,0.47
210196,0.32
210201,0.35
210211,0.37
210231,0.33
210239,0.37
210241,0.41
210242,0.38
210255,0.46
210278,0.39
210283,0.38
210284,0.35
210304,0.41
210307,0.39
210330,0.49
210332,0.36
210350,0.32
210379,0.39
210385,0.35
210401,0.35
210405,0.39
210413,0.32
210414,0.39
210415,0.4
210419,0.33
210429,0.35
210467,0.46
210481,0.4
210482,0.44
210492,0.39
210502,0.41
210523,0.44
210525,0.36
210529,0.46
210538,0.31
210543,0.27
210549,0.31
210551,0.38
210555,0.45
210558,0.35
210591,0.41
210597,0.47
210599,0.36
210610,0.38
210616,0.45
210618,0.52
210622,0.39
210639,0.26
210645,0.41
210650,0.4
210672,0.36
210676,0.35
210683,0.45
210697,0.45
210701,0.38
210706,0.46
210712,0.44
210717,0.43
210728,0.35
210729,0.4
210730,0.37
210731,0.34
210733,0.42
210735,0.37
210742,0.3
210748,0.4
210749,0.48
210758,0.38
210767,0.5
210769,0.31
210777,0.38
210789,0.29
210791,0.49
210794,0.49
210811,0.41
210814,0.41
210821,0.48
210833,0.42
210835,0.37
210859,0.47
210862,0.36
210870,0.44
210886,0.33
210893,0.32
210901,0.5
210906,0.51
210913,0.35
210953,0.38
210961,0.41
210962,0.34
210966,0.53
210983,0.39
211000,0.43
211025,0.5
211036,0.52
211043,0.4
211062,0.38
211076,0.39
211085,0.5
211096,0.44
211097,0.49
211098,0.45
211103,0.46
211108,0.51
211131,0.46
211135,0.4
211139,0.42
211146,0.4
211150,0.43
211158,0.41
211170,0.54
211177,0.42
211183,0.4
211187,0.48
211191,0.3
211194,0.41
211196,0.37
211203,0.37
211209,0.44
211210,0.4
211211,0.4
211232,0.44
211244,0.49
211263,0.43
211264,0.47
211270,0.41
211278,0.33
211292,0.35
211293,0.43
211295,0.28
211296,0.37
211308,0.48
211310,0.4
211312,0.44
211325,0.33
211326,0.38
211330,0.46
211333,0.4
211341,0.46
211342,0.41
211350,0.5
211355,0.47
211357,0.38
211358,0.39
211362,0.36
211377,0.27
211378,0.49
211379,0.44
211384,0.43
211395,0.47
211398,0.5
211399,0.32
211417,0.34
211419,0.4
211420,0.37
211439,0.43
211442,0.41
211451,0.38
211457,0.47
211469,0.48
211483,0.31
211505,0.38
211508,0.37
211509,0.35
211510,0.45
211526,0.36
211547,0.31
211548,0.42
211550,0.3
211551,0.35
211553,0.41
211562,0.34
211563,0.38
211564,0.46
211565,0.38
211571,0.46
211572,0.5
211577,0.44
211580,0.34
211609,0.34
211625,0.38
211635,0.45
211646,0.48
211660,0.49
211670,0.5
211672,0.32
211688,0.44
211694,0.45
211696,0.36
211711,0.42
211718,0.4
211732,0.41
211735,0.36
211736,0.38
211740,0.42
211741,0.37
211746,0.44
211751,0.44
211754,0.42
211770,0.32
211771,0.45
211787,0.4
211788,0.4
211802,0.35
211804,0.41
211810,0.41
211832,0.49
211839,0.36
211860,0.43
211863,0.45
211866,0.32
211869,0.44
211872,0.41
211894,0.33
211901,0.3
211902,0.46
211903,0.35
211946,0.44
211950,0.42
211959,0.44
211964,0.44
211965,0.4
211979,0.42
211983,0.41
211986,0.46
211987,0.33
211988,0.3
211999,0.32
212002,0.31
212004,0.44
212009,0.41
212015,0.41
212023,0.38
212048,0.35
212055,0.38
212067,0.35
212079,0.37
212080,0.35
212083,0.42
212085,0.37
212088,0.4
212089,0.45
212092,0.31
212097,0.4
212124,0.45
212132,0.39
212136,0.42
212144,0.4
212145,0.43
212167,0.38
212174,0.46
212175,0.38
212187,0.49
212191,0.33
212194,0.38
212238,0.48
212242,0.42
212245,0.39
212258,0.35
212262,0.48
212277,0.28
212283,0.38
212287,0.36
212288,0.41
212289,0.39
212293,0.37
212296,0.37
212300,0.46
212303,0.41
212326,0.29
212327,0.42
212328,0.4
212329,0.4
212339,0.42
212340,0.29
212343,0.41
212360,0.24
212389,0.35
212401,0.47
212407,0.35
212409,0.35
212422,0.41
212424,0.39
212440,0.33
212441,0.39
212443,0.31
212448,0.43
212472,0.45
212478,0.35
212481,0.36
212493,0.38
212508,0.37
212511,0.39
212525,0.4
212531,0.42
212533,0.38
212555,0.43
212592,0.32
212610,0.41
212621,0.41
212629,0.51
212635,0.42
212636,0.35
212637,0.44
212643,0.45
212648,0.44
212654,0.43
212655,0.39
212660,0.42
212661,0.36
212664,0.42
212669,0.43
212670,0.4
212674,0.37
212676,0.41
212690,0.34
212691,0.42
212696,0.42
212710,0.55
212712,0.39
212716,0.44
212718,0.46
212720,0.38
212723,0.4
212730,0.41
212740,0.36
212747,0.28
212763,0.31
212773,0.44
212775,0.4
212776,0.36
212777,0.34
212781,0.46
212782,0.43
212785,0.5
212786,0.44
212795,0.36
212800,0.38
212818,0.39
212834,0.4
212837,0.39
212841,0.31
212842,0.38
212847,0.48
212848,0.38
212851,0.47
212865,0.37
212866,0.39
212874,0.41
212880,0.4
212894,0.34
212897,0.37
212912,0.36
212913,0.39
212916,0.5
212917,0.42
212933,0.36
212935,0.44
212936,0.45
212950,0.42
212957,0.43
212958,0.39
212961,0.37
212962,0.38
212963,0.39
212964,0.39
212968,0.36
212969,0.33
212976,0.38
212978,0.39
212983,0.49
212993,0.42
213004,0.39
213008,0.35
213014,0.48
213018,0.36
213021,0.4
213024,0.46
213045,0.3
213054,0.43
213059,0.45
213076,0.41
213095,0.43
213096,0.47
213100,0.39
213101,0.44
213109,0.36
213111,0.35
213116,0.32
213133,0.44
213140,0.4
213141,0.34
213143,0.4
213150,0.33
213152,0.42
213158,0.41
213159,0.32
213166,0.25
213167,0.44
213170,0.37
213178,0.45
213179,0.4
213189,0.47
213196,0.39
213201,0.36
213203,0.37
213204,0.42
213205,0.31
213206,0.45
213207,0.45
213208,0.37
213212,0.38
213214,0.35
213220,0.38
213240,0.36
213244,0.48
213263,0.4
213264,0.48
213265,0.33
213270,0.39
213283,0.41
213287,0.43
213292,0.38
213295,0.49
213299,0.39
213303,0.5
213307,0.44
213308,0.39
213312,0.4
213313,0.41
213316,0.37
213317,0.46
213338,0.38
213357,0.38
213368,0.36
213374,0.44
213375,0.37
213386,0.35
213390,0.46
213393,0.35
213401,0.42
213423,0.45
213430,0.44
213431,0.38
213447,0.42
213465,0.39
213468,0.37
213473,0.32
213475,0.49
213476,0.44
213482,0.36
213493,0.38
213531,0.34
213534,0.4
213542,0.33
213546,0.3
213569,0.49
213570,0.54
213588,0.32
213591,0.38
213595,0.43
213597,0.41
213598,0.41
213604,0.37
213622,0.44
213623,0.41
213633,0.36
213639,0.36
213641,0.37
213649,0.41
213671,0.48
213675,0.4
213679,0.42
213680,0.37
213684,0.32
213685,0.37
213689,0.39
213691,0.36
213693,0.29
213712,0.42
213717,0.43
213734,0.33
213739,0.48
213765,0.33
213775,0.28
213776,0.46
213804,0.42
213808,0.39
213818,0.47
213821,0.43
213829,0.36
213836,0.41
213838,0.32
213843,0.42
213854,0.43
213859,0.36
213862,0.4
213874,0.4
213878,0.39
213886,0.37
213888,0.28
213892,0.4
213910,0.34
213921,0.4
213926,0.35
213928,0.27
213935,0.43
213949,0.43
213957,0.37
213959,0.5
213967,0.39
213974,0.53
213975,0.45
213983,0.38
213984,0.45
213998,0.43
214004,0.39
214006,0.4
214008,0.41
214014,0.43
214015,0.5
214034,0.39
214059,0.44
214067,0.38
214077,0.47
214078,0.43
214079,0.31
214085,0.42
214088,0.49
214099,0.37
214138,0.37
214141,0.39
214152,0.44
214154,0.38
214155,0.47
214177,0.44
214188,0.38
214192,0.44
214207,0.42
214217,0.38
214219,0.46
214228,0.53
214229,0.47
214233,0.43
214236,0.32
214242,0.32
214249,0.34
214263,0.34
214264,0.48
214265,0.38
214268,0.5
214281,0.34
214282,0.44
214295,0.53
214311,0.39
214315,0.44
214325,0.33
214334,0.41
214336,0.45
214337,0.39
214342,0.35
214344,0.37
214349,0.37
214355,0.37
214356,0.37
214358,0.35
214363,0.36
214364,0.38
214371,0.31
214377,0.33
214379,0.3
214383,0.43
214406,0.35
214407,0.42
214411,0.44
214415,0.47
214418,0.35
214419,0.31
214421,0.4
214430,0.39
214436,0.38
214463,0.41
214472,0.27
214474,0.47
214476,0.41
214478,0.46
214481,0.32
214484,0.42
214488,0.34
214491,0.38
214505,0.42
214507,0.35
214510,0.41
214518,0.41
214523,0.37
214539,0.42
214542,0.36
214544,0.44
214553,0.32
214554,0.37
214561,0.38
214563,0.38
214566,0.41
214581,0.39
214587,0.42
214588,0.41
214589,0.47
214593,0.41
214620,0.42
214630,0.45
214643,0.39
214644,0.45
214647,0.32
214654,0.4
214657,0.5
214658,0.33
214662,0.43
214666,0.41
214680,0.34
214685,0.41
214693,0.39
214701,0.28
214705,0.39
214706,0.41
214719,0.38
214721,0.58
214724,0.38
214741,0.42
214769,0.5
214777,0.47
214780,0.36
214786,0.44
214789,0.36
214797,0.41
214804,0.44
214808,0.42
214810,0.41
214828,0.43
214830,0.5
214835,0.46
214844,0.38
214859,0.46
214861,0.34
214863,0.36
214887,0.4
214898,0.35
214906,0.38
214913,0.37
214915,0.23
214937,0.35
214944,0.39
214948,0.39
214970,0.4
214976,0.36
214999,0.44
215000,0.39
215016,0.52
215024,0.41
215029,0.56
215033,0.45
215037,0.32
215054,0.43
215057,0.4
215064,0.33
215074,0.48
215077,0.35
215082,0.35
215096,0.44
215101,0.46
215103,0.36
215109,0.41
215124,0.46
215142,0.44
215143,0.41
215145,0.47
215157,0.36
215159,0.41
215161,0.39
215166,0.43
215177,0.45
215186,0.46
215194,0.33
215196,0.45
215204,0.37
215211,0.34
215230,0.42
215241,0.35
215256,0.42
215257,0.39
215266,0.32
215267,0.35
215268,0.36
215278,0.39
215280,0.46
215318,0.39
215326,0.41
215331,0.32
215337,0.41
215344,0.39
215346,0.39
215348,0.36
215351,0.32
215358,0.4
215360,0.43
215367,0.4
215369,0.37
215383,0.49
215395,0.45
215407,0.39
215408,0.43
215412,0.42
215433,0.45
215454,0.42
215463,0.4
215488,0.25
215508,0.51
215512,0.38
215516,0.43
215525,0.49
215531,0.44
215534,0.43
215537,0.36
215539,0.4
215548,0.36
215554,0.34
215556,0.36
215559,0.4
215560,0.42
215563,0.37
215564,0.37
215569,0.33
215574,0.44
215586,0.42
215594,0.41
215608,0.48
215614,0.39
215623,0.52
215628,0.41
215637,0.45
215638,0.43
215649,0.41
215651,0.39
215653,0.41
215678,0.36
215708,0.35
215711,0.43
215733,0.44
215739,0.33
215742,0.45
215756,0.31
215772,0.38
215775,0.38
215791,0.43
215796,0.36
215803,0.37
215805,0.32
215807,0.42
215829,0.44
215855,0.39
215856,0.44
215860,0.36
215861,0.36
215877,0.32
215883,0.4
215889,0.33
215897,0.44
215898,0.46
215901,0.48
215908,0.45
215910,0.56
215911,0.41
215923,0.35
215928,0.52
215934,0.39
215936,0.45
215947,0.35
215951,0.39
215958,0.31
215959,0.39
215963,0.36
215968,0.41
215972,0.43
215976,0.39
215978,0.47
215981,0.4
215999,0.34
216001,0.52
216012,0.38
216020,0.36
216035,0.35
216038,0.48
216041,0.36
216049,0.56
216065,0.36
216096,0.41
216110,0.35
216115,0.36
216121,0.42
216122,0.41
216129,0.47
216131,0.52
216138,0.53
216142,0.51
216143,0.4
216150,0.33
216180,0.38
216184,0.41
216189,0.33
216190,0.43
216197,0.41
216218,0.41
216219,0.41
216221,0.5
216231,0.44
216240,0.4
216272,0.54
216281,0.34
216284,0.45
216290,0.38
216297,0.39
216305,0.44
216306,0.34
216317,0.43
216333,0.44
216338,0.43
216339,0.39
216346,0.35
216349,0.44
216350,0.39
216351,0.37
216353,0.32
216355,0.38
216364,0.45
216387,0.45
216392,0.51
216393,0.37
216399,0.29
216416,0.4
216433,0.38
216435,0.4
216442,0.41
216458,0.41
216461,0.4
216468,0.43
216469,0.32
216471,0.41
216473,0.43
216475,0.42
216496,0.43
216510,0.43
216511,0.28
216515,0.35
216516,0.4
216521,0.36
216532,0.36
216548,0.42
216551,0.4
216560,0.41
216562,0.39
216563,0.36
216565,0.35
216582,0.39
216587,0.39
216589,0.44
216597,0.33
216606,0.43
216607,0.44
216608,0.41
216621,0.49
216622,0.41
216627,0.34
216636,0.43
216647,0.36
216655,0.46
216659,0.41
216666,0.33
216676,0.42
216677,0.41
216679,0.46
216681,0.35
216686,0.42
216687,0.43
216694,0.39
216697,0.35
216714,0.39
216719,0.34
216720,0.45
216721,0.38
216723,0.47
216740,0.5
216746,0.41
216747,0.44
216751,0.48
216758,0.33
216768,0.38
216778,0.3
216786,0.4
216801,0.38
216802,0.36
216807,0.49
216808,0.43
216810,0.49
216818,0.4
216823,0.43
216826,0.35
216827,0.46
216828,0.39
216840,0.45
216844,0.34
216845,0.58
216851,0.38
216857,0.44
216858,0.36
216862,0.34
216874,0.42
216880,0.37
216900,0.3
216902,0.39
216903,0.4
216904,0.38
216931,0.36
216936,0.43
216938,0.44
216952,0.36
216954,0.35
216955,0.34
216961,0.44
216981,0.49
216985,0.37
216992,0.42
216995,0.39
216997,0.39
216998,0.4
216999,0.35
217022,0.35
217034,0.31
217038,0.39
217050,0.42
217055,0.34
217064,0.54
217071,0.35
217078,0.41
217083,0.39
217084,0.38
217086,0.45
217096,0.32
217101,0.36
217109,0.35
217118,0.37
217121,0.48
217125,0.43
217130,0.38
217136,0.38
217137,0.35
217143,0.38
217148,0.36
217155,0.47
217162,0.44
217172,0.29
217174,0.41
217175,0.49
217177,0.41
217178,0.41
217192,0.37
217220,0.31
217221,0.4
217223,0.4
217232,0.38
217243,0.49
217248,0.43
217250,0.46
217271,0.46
217283,0.4
217297,0.45
217323,0.4
217326,0.45
217334,0.37
217338,0.34
217341,0.49
217342,0.38
217355,0.33
217362,0.4
217366,0.41
217367,0.39
217371,0.38
217383,0.41
217401,0.43
217404,0.4
217419,0.32
217422,0.49
217423,0.38
217427,0.44
217429,0.42
217430,0.4
217441,0.42
217444,0.38
217465,0.41
217471,0.41
217488,0.42
217493,0.4
217509,0.45
217510,0.41
217511,0.34
217519,0.45
217522,0.45
217562,0.34
217574,0.35
217577,0.31
217579,0.39
217596,0.34
217602,0.38
217612,0.42
217632,0.43
217635,0.47
217636,0.41
217638,0.35
217639,0.34
217651,0.47
217652,0.36
217663,0.43
217669,0.32
217686,0.59
217699,0.36
217700,0.25
217703,0.42
217706,0.44
217714,0.33
217732,0.42
217736,0.53
217749,0.44
217763,0.39
217770,0.43
217771,0.38
217772,0.42
217776,0.32
217777,0.37
217778,0.43
217782,0.28
217790,0.35
217792,0.42
217793,0.49
217795,0.5
217796,0.38
217800,0.38
217804,0.44
217807,0.31
217846,0.31
217847,0.5
217853,0.49
217856,0.36
217864,0.33
217867,0.46
217868,0.44
217885,0.56
217887,0.54
217889,0.46
217900,0.43
217903,0.38
217905,0.48
217909,0.33
217913,0.35
217944,0.45
217946,0.39
217954,0.42
217956,0.58
217957,0.48
217961,0.43
217962,0.43
217976,0.36
217980,0.36
217981,0.35
218006,0.41
218009,0.29
218032,0.44
218049,0.33
218053,0.38
218078,0.39
218080,0.38
218081,0.44
218094,0.35
218098,0.5
218099,0.4
218100,0.48
218113,0.3
218117,0.34
218118,0.41
218119,0.27
218125,0.27
218133,0.28
218153,0.44
218165,0.43
218166,0.38
218177,0.42
218178,0.37
218202,0.36
218203,0.48
218207,0.39
218209,0.36
218236,0.32
218244,0.43
218247,0.46
218250,0.4
218266,0.38
218275,0.37
218276,0.33
218287,0.4
218292,0.46
218298,0.35
218300,0.28
218320,0.27
218321,0.37
218333,0.31
218347,0.46
218353,0.56
218366,0.44
218368,0.46
218369,0.5
218372,0.41
218376,0.47
218378,0.42
218403,0.38
218413,0.41
218418,0.44
218449,0.36
218450,0.55
218458,0.39
218464,0.33
218475,0.34
218476,0.4
218478,0.38
218515,0.48
218517,0.53
218518,0.39
218538,0.43
218539,0.4
218550,0.56
218551,0.4
218565,0.44
218580,0.34
218591,0.35
218598,0.45
218600,0.34
218602,0.34
218607,0.37
218651,0.42
218652,0.39
218656,0.43
218658,0.42
218669,0.47
218670,0.38
218671,0.35
218677,0.47
218680,0.37
218685,0.36
218686,0.44
218692,0.37
218693,0.3
218699,0.47
218709,0.42
218729,0.43
218734,0.43
218742,0.4
218743,0.31
218756,0.41
218772,0.34
218782,0.49
218786,0.36
218788,0.39
218796,0.46
218801,0.39
218812,0.4
218832,0.4
218834,0.38
218846,0.49
218847,0.43
218848,0.35
218853,0.34
218865,0.26
218870,0.37
218873,0.41
218884,0.34
218893,0.35
218898,0.33
218911,0.33
218933,0.47
218934,0.3
218939,0.25
218948,0.35
218957,0.36
218962,0.44
218973,0.47
218975,0.4
219000,0.35
219001,0.31
219006,0.36
219027,0.41
219036,0.46
219043,0.38
219047,0.36
219057,0.39
219059,0.35
219062,0.41
219074,0.36
219085,0.41
219087,0.36
219095,0.47
219114,0.33
219115,0.4
219119,0.44
219140,0.39
219147,0.37
219170,0.43
219171,0.38
219174,0.4
219177,0.4
219180,0.45
219195,0.28
219203,0.41
219207,0.33
219223,0.42
219229,0.28
219236,0.46
219238,0.4
219243,0.43
219245,0.48
219247,0.44
219273,0.49
219278,0.42
219279,0.39
219284,0.41
219319,0.49
219326,0.34
219336,0.47
219344,0.4
219359,0.45
219360,0.36
219364,0.44
219368,0.41
219376,0.38
219382,0.49
219388,0.4
219396,0.36
219398,0.49
219403,0.37
219405,0.44
219406,0.48
219410,0.42
219424,0.28
219446,0.46
219450,0.44
219451,0.42
219464,0.34
219465,0.36
219469,0.46
219472,0.38
219482,0.4
219506,0.46
219507,0.45
219516,0.41
219521,0.5
219564,0.42
219565,0.41
219568,0.45
219570,0.35
219578,0.37
219579,0.34
219588,0.35
219593,0.35
219594,0.36
219601,0.39
219608,0.46
219616,0.39
219620,0.35
219621,0.36
219628,0.38
219632,0.31
219637,0.4
219670,0.33
219688,0.36
219704,0.5
219717,0.42
219723,0.37
219741,0.38
219772,0.3
219774,0.38
219775,0.41
219778,0.4
219787,0.43
219788,0.33
219806,0.45
219811,0.27
219815,0.34
219817,0.38
219835,0.46
219845,0.3
219848,0.43
219864,0.44
219866,0.44
219868,0.37
219870,0.39
219886,0.39
219908,0.49
219910,0.35
219914,0.39
219925,0.5
219935,0.41
219940,0.34
219959,0.41
219962,0.53
219975,0.36
219981,0.34
219998,0.45
219999,0.41
220006,0.5
220010,0.35
220012,0.37
220014,0.41
220018,0.41
220019,0.55
220021,0.42
220058,0.4
220060,0.45
220061,0.4
220063,0.51
220066,0.42
220070,0.44
220071,0.38
220082,0.38
220094,0.37
220107,0.37
220114,0.5
220120,0.38
220126,0.4
220143,0.44
220147,0.32
220157,0.36
220160,0.41
220169,0.39
220177,0.48
220181,0.47
220186,0.46
220189,0.47
220206,0.52
220221,0.4
220227,0.5
220228,0.3
220248,0.36
220277,0.42
220304,0.35
220311,0.38
220315,0.38
220316,0.34
220323,0.34
220325,0.48
220358,0.41
220363,0.38
220369,0.45
220370,0.41
220380,0.48
220386,0.48
220387,0.32
220393,0.43
220394,0.39
220412,0.39
220415,0.4
220416,0.39
220417,0.36
220418,0.5
220422,0.48
220431,0.47
220439,0.34
220456,0.37
220458,0.39
220468,0.42
220474,0.47
220479,0.37
220494,0.4
220501,0.48
220503,0.42
220511,0.31
220514,0.42
220516,0.4
220521,0.42
220530,0.45
220562,0.31
220565,0.32
220582,0.35
220594,0.35
220600,0.42
220614,0.41
220621,0.4
220624,0.44
220629,0.43
220632,0.34
220639,0.45
220655,0.44
220664,0.4
220670,0.4
220686,0.43
220699,0.33
220714,0.42
220729,0.4
220732,0.49
220733,0.4
220735,0.32
220740,0.29
220741,0.45
220747,0.42
220748,0.41
220749,0.41
220755,0.39
220764,0.38
220767,0.42
220772,0.34
220779,0.34
220781,0.44
220790,0.35
220806,0.45
220811,0.39
220816,0.39
220822,0.44
220827,0.34
220828,0.37
220829,0.5
220832,0.34
220833,0.43
220841,0.51
220842,0.45
220856,0.39
220874,0.34
220881,0.41
220882,0.45
220887,0.5
220893,0.39
220909,0.43
220916,0.38
220917,0.46
220918,0.46
220924,0.37
220931,0.5
220932,0.51
220949,0.45
220950,0.2
220956,0.34
220972,0.35
220994,0.34
221004,0.44
221008,0.41
221011,0.4
221030,0.37
221032,0.37
221035,0.39
221058,0.38
221059,0.4
221075,0.38
221079,0.34
221080,0.43
221107,0.5
221116,0.51
221129,0.37
221148,0.45
221158,0.36
221165,0.51
221169,0.31
221171,0.44
221198,0.34
221202,0.39
221205,0.4
221223,0.47
221227,0.36
221228,0.32
221234,0.33
221242,0.41
221252,0.5
221256,0.33
221260,0.37
221261,0.48
221264,0.39
221267,0.34
221272,0.43
221284,0.42
221292,0.43
221311,0.53
221322,0.33
221327,0.34
221339,0.42
221371,0.31
221372,0.4
221404,0.4
221411,0.35
221438,0.45
221451,0.36
221465,0.52
221477,0.32
221483,0.37
221493,0.42
221495,0.32
221498,0.41
221500,0.47
221506,0.38
221513,0.42
221523,0.43
221528,0.3
221529,0.45
221530,0.4
221531,0.43
221549,0.5
221550,0.38
221565,0.39
221570,0.38
221573,0.37
221575,0.42
221576,0.52
221604,0.44
221615,0.38
221626,0.39
221629,0.43
221630,0.59
221636,0.37
221656,0.31
221659,0.29
221663,0.44
221665,0.43
221675,0.53
221676,0.36
221677,0.49
221679,0.48
221707,0.47
221712,0.39
221717,0.39
221725,0.41
221733,0.34
221741,0.37
221747,0.31
221762,0.4
221763,0.43
221770,0.4
221771,0.33
221787,0.36
221793,0.31
221804,0.36
221805,0.37
221825,0.45
221827,0.34
221828,0.41
221829,0.32
221845,0.46
221859,0.41
221860,0.34
221867,0.48
221868,0.36
221870,0.41
221876,0.46
221884,0.51
221895,0.4
221911,0.43
221921,0.33
221931,0.48
221935,0.47
221955,0.43
221959,0.4
221966,0.49
221974,0.45
221981,0.44
222002,0.35
222010,0.29
222012,0.48
222013,0.4
222023,0.46
222034,0.34
222048,0.46
222052,0.33
222059,0.44
222060,0.38
222061,0.46
222067,0.28
222076,0.43
222081,0.4
222120,0.46
222121,0.31
222133,0.3
222149,0.33
222150,0.46
222153,0.48
222154,0.38
222159,0.36
222165,0.46
222167,0.38
222170,0.41
222178,0.38
222179,0.37
222188,0.36
222189,0.41
222195,0.41
222198,0.29
222224,0.38
222234,0.35
222254,0.48
222256,0.25
222264,0.49
222281,0.35
222296,0.42
222303,0.49
222309,0.48
222310,0.34
222313,0.45
222321,0.31
222322,0.43
222328,0.4
222333,0.56
222334,0.4
222338,0.35
222347,0.41
222349,0.46
222351,0.36
222352,0.48
222357,0.43
222362,0.29
222381,0.42
222392,0.35
222401,0.34
222413,0.33
222422,0.43
222423,0.41
222430,0.32
222432,0.44
222452,0.36
222459,0.39
222473,0.46
222475,0.27
222481,0.43
222482,0.38
222489,0.36
222496,0.38
222505,0.5
222516,0.35
222537,0.47
222555,0.3
222566,0.3
222572,0.41
222577,0.38
222618,0.37
222619,0.33
222624,0.32
222625,0.35
222626,0.37
222629,0.45
222634,0.36
222636,0.46
222637,0.42
222641,0.4
222646,0.35
222648,0.41
222659,0.39
222663,0.38
222665,0.45
222671,0.43
222674,0.35
222675,0.4
222707,0.37
222709,0.34
222711,0.38
222717,0.38
222728,0.35
222752,0.47
222753,0.49
222755,0.36
222765,0.41
222768,0.49
222769,0.4
222783,0.38
222799,0.47
222821,0.47
222825,0.39
222837,0.43
222862,0.3
222863,0.41
222869,0.32
222876,0.26
222892,0.4
222898,0.4
222912,0.44
222920,0.34
222926,0.44
222934,0.48
222938,0.47
222945,0.36
222947,0.29
222966,0.44
222971,0.41
222994,0.44
223008,0.39
223019,0.33
223040,0.34
223042,0.46
223049,0.33
223051,0.45
223056,0.37
223058,0.35
223064,0.39
223067,0.5
223073,0.45
223075,0.38
223078,0.49
223079,0.41
223082,0.46
223098,0.48
223112,0.4
223116,0.53
223121,0.46
223128,0.44
223135,0.46
223136,0.45
223144,0.48
223151,0.43
223157,0.38
223181,0.5
223190,0.44
223197,0.44
223205,0.4
223209,0.27
223221,0.42
223235,0.46
223238,0.48
223244,0.37
223258,0.42
223262,0.37
223272,0.38
223288,0.49
223298,0.38
223310,0.4
223320,0.38
223357,0.41
223365,0.44
223369,0.33
223375,0.45
223384,0.32
223393,0.44
223412,0.45
223428,0.36
223440,0.35
223456,0.43
223470,0.44
223471,0.39
223484,0.36
223488,0.46
223489,0.36
223490,0.39
223492,0.47
223496,0.4
223503,0.39
223507,0.55
223518,0.37
223519,0.32
223521,0.42
223524,0.4
223526,0.36
223527,0.54
223529,0.31
223534,0.42
223538,0.53
223547,0.47
223549,0.47
223551,0.43
223552,0.43
223567,0.39
223571,0.39
223582,0.35
223584,0.35
223585,0.45
223586,0.43
223588,0.39
223592,0.39
223594,0.34
223607,0.4
223608,0.39
223609,0.43
223610,0.25
223611,0.55
223635,0.41
223636,0.4
223638,0.47
223649,0.47
223670,0.38
223688,0.41
223698,0.31
223699,0.48
223716,0.43
223718,0.4
223720,0.38
223727,0.4
223729,0.45
223739,0.42
223740,0.33
223741,0.39
223750,0.4
223752,0.27
223764,0.42
223781,0.3
223783,0.49
223794,0.29
223808,0.37
223810,0.37
223814,0.33
223817,0.49
223830,0.48
223839,0.44
223849,0.39
223851,0.48
223854,0.37
223888,0.39
223914,0.35
223923,0.31
223925,0.41
223939,0.43
223949,0.45
223951,0.42
223952,0.34
223967,0.32
223971,0.43
223974,0.46
223978,0.41
223991,0.31
224008,0.38
224016,0.37
224024,0.38
224039,0.32
224040,0.37
224044,0.39
224047,0.35
224055,0.39
224061,0.43
224065,0.36
224079,0.26
224080,0.3
224089,0.41
224094,0.46
224095,0.3
224109,0.44
224111,0.35
224112,0.41
224134,0.5
224135,0.39
224138,0.41
224139,0.33
224158,0.33
224161,0.37
224171,0.5
224182,0.56
224191,0.37
224194,0.36
224195,0.43
224205,0.35
224206,0.48
224211,0.36
224213,0.36
224214,0.44
224236,0.38
224239,0.44
224241,0.35
224251,0.44
224259,0.46
224262,0.47
224263,0.37
224268,0.35
224270,0.36
224282,0.46
224300,0.32
224315,0.44
224319,0.48
224325,0.35
224337,0.31
224339,0.5
224343,0.42
224344,0.46
224347,0.43
224353,0.42
224363,0.46
224370,0.38
224379,0.36
224380,0.44
224393,0.43
224395,0.47
224407,0.38
224408,0.37
224426,0.42
224427,0.37
224428,0.39
224437,0.49
224444,0.41
224445,0.31
224459,0.37
224473,0.37
224488,0.38
224490,0.39
224493,0.45
224494,0.41
224495,0.34
224499,0.42
224524,0.35
224528,0.4
224538,0.49
224553,0.39
224554,0.38
224575,0.37
224586,0.32
224593,0.32
224599,0.32
224614,0.34
224625,0.32
224626,0.36
224627,0.39
224628,0.28
224631,0.37
224651,0.49
224658,0.37
224664,0.43
224668,0.47
224673,0.26
224674,0.34
224683,0.51
224708,0.4
224748,0.49
224756,0.32
224757,0.34
224760,0.43
224771,0.28
224772,0.43
224797,0.4
224823,0.41
224831,0.35
224841,0.3
224843,0.37
224844,0.41
224849,0.46
224855,0.53
224856,0.38
224864,0.32
224871,0.38
224876,0.42
224889,0.42
224896,0.39
224899,0.38
224912,0.34
224916,0.36
224918,0.4
224925,0.39
224929,0.35
224934,0.33
224950,0.34
224953,0.36
224956,0.34
224958,0.35
224960,0.47
224971,0.34
224975,0.41
224978,0.39
224986,0.43
224987,0.42
224990,0.42
225010,0.39
225041,0.36
225044,0.41
225045,0.43
225048,0.43
225053,0.47
225058,0.5
225075,0.31
225085,0.43
225103,0.34
225107,0.44
225114,0.44
225122,0.29
225130,0.45
225131,0.48
225132,0.33
225134,0.33
225136,0.35
225141,0.49
225145,0.38
225146,0.35
225156,0.38
225158,0.49
225165,0.4
225185,0.38
225194,0.37
225195,0.36
225223,0.56
225224,0.37
225231,0.32
225233,0.41
225246,0.32
225281,0.44
225286,0.4
225301,0.44
225302,0.38
225336,0.31
225347,0.36
225351,0.26
225362,0.29
225363,0.37
225364,0.4
225370,0.37
225374,0.49
225375,0.4
225380,0.32
225381,0.35
225382,0.39
225392,0.36
225410,0.41
225425,0.34
225431,0.37
225456,0.36
225460,0.38
225475,0.42
225478,0.43
225483,0.3
225499,0.35
225514,0.44
225517,0.36
225524,0.46
225532,0.36
225545,0.42
225546,0.36
225550,0.36
225580,0.41
225581,0.34
225582,0.32
225585,0.39
225601,0.47
225612,0.39
225621,0.44
225636,0.39
225639,0.39
225650,0.32
225654,0.42
225664,0.35
225665,0.52
225666,0.38
225686,0.43
225689,0.37
225691,0.41
225721,0.34
225733,0.44
225739,0.37
225741,0.34
225766,0.43
225776,0.41
225788,0.38
225792,0.38
225803,0.33
225804,0.35
225805,0.49
225808,0.39
225819,0.35
225826,0.36
225832,0.39
225850,0.34
225851,0.32
225854,0.36
225858,0.38
225875,0.32
225884,0.39
225890,0.37
225906,0.4
225908,0.5
225910,0.37
225920,0.39
225950,0.39
225990,0.41
225991,0.4
226010,0.45
226011,0.36
226018,0.39
226029,0.4
226030,0.39
226041,0.39
226044,0.39
226051,0.42
226054,0.32
226085,0.42
226105,0.4
226116,0.4
226130,0.37
226131,0.28
226170,0.31
226171,0.47
226176,0.43
226177,0.42
226183,0.37
226187,0.33
226188,0.42
226190,0.44
226206,0.32
226213,0.49
226214,0.48
226226,0.4
226244,0.38
226245,0.36
226251,0.4
226258,0.32
226259,0.4
226265,0.39
226291,0.38
226294,0.4
226299,0.38
226300,0.36
226301,0.44
226302,0.46
226308,0.46
226309,0.36
226318,0.44
226319,0.44
226320,0.34
226325,0.43
226334,0.39
226337,0.5
226348,0.4
226353,0.3
226361,0.41
226387,0.35
226395,0.3
226413,0.36
226416,0.46
226427,0.35
226433,0.27
226447,0.4
226487,0.42
226495,0.44
226496,0.42
226499,0.37
226501,0.42
226505,0.45
226506,0.38
226507,0.37
226516,0.36
226523,0.39
226527,0.42
226533,0.41
226537,0.44
226539,0.39
226551,0.41
226556,0.33
226557,0.37
226561,0.48
226565,0.21
226567,0.37
226590,0.44
226599,0.42
226639,0.45
226654,0.39
226664,0.51
226668,0.42
226677,0.35
226682,0.49
226689,0.37
226691,0.39
226698,0.5
226713,0.42
226720,0.35
226734,0.43
226735,0.39
226738,0.32
226742,0.33
226763,0.36
226766,0.4
226772,0.45
226779,0.43
226780,0.44
226787,0.5
226790,0.44
226792,0.45
226797,0.43
226803,0.51
226807,0.33
226827,0.42
226828,0.36
226836,0.39
226837,0.38
226838,0.38
226847,0.3
226881,0.46
226882,0.42
226884,0.34
226917,0.33
226921,0.34
226933,0.4
226938,0.42
226948,0.54
226952,0.39
226954,0.38
226965,0.28
226970,0.41
226977,0.47
226986,0.38
227005,0.34
227009,0.38
227010,0.35
227013,0.39
227019,0.36
227025,0.35
227026,0.38
227027,0.42
227029,0.37
227049,0.46
227053,0.31
227054,0.32
227058,0.41
227074,0.39
227099,0.47
227100,0.39
227109,0.37
227111,0.4
227112,0.32
227125,0.4
227145,0.49
227148,0.47
227151,0.34
227160,0.42
227165,0.37
227200,0.44
227210,0.27
227213,0.39
227235,0.44
227242,0.45
227245,0.48
227246,0.41
227248,0.48
227251,0.39
227252,0.39
227258,0.48
227264,0.43
227270,0.39
227272,0.35
227274,0.41
227281,0.32
227290,0.33
227293,0.37
227299,0.42
227306,0.44
227323,0.34
227325,0.37
227326,0.33
227332,0.41
227336,0.48
227343,0.39
227344,0.4
227345,0.43
227348,0.33
227360,0.39
227376,0.38
227386,0.48
227392,0.44
227393,0.47
227401,0.37
227404,0.44
227413,0.4
227420,0.44
227459,0.4
227460,0.47
227462,0.37
227463,0.44
227481,0.34
227482,0.35
227485,0.53
227486,0.48
227493,0.37
227500,0.39
227501,0.42
227502,0.39
227506,0.41
227523,0.46
227525,0.41
227531,0.42
227532,0.43
227535,0.43
227542,0.47
227545,0.43
227566,0.41
227578,0.43
227585,0.41
227586,0.3
227587,0.39
227590,0.48
227595,0.38
227596,0.33
227597,0.38
227600,0.42
227621,0.45
227637,0.36
227640,0.38
227649,0.43
227653,0.35
227674,0.36
227675,0.44
227680,0.35
227696,0.4
227701,0.47
227707,0.39
227713,0.43
227715,0.28
227728,0.42
227730,0.35
227731,0.39
227732,0.48
227736,0.34
227739,0.39
227740,0.53
227741,0.49
227742,0.45
227745,0.44
227749,0.43
227752,0.31
227756,0.42
227769,0.45
227779,0.38
227783,0.43
227799,0.37
227803,0.34
227818,0.41
227822,0.4
227823,0.44
227824,0.45
227825,0.4
227826,0.41
227833,0.36
227834,0.37
227837,0.45
227839,0.42
227856,0.42
227872,0.34
227876,0.42
227905,0.32
227908,0.37
227909,0.46
227912,0.37
227917,0.41
227931,0.52
227936,0.5
227939,0.41
227941,0.39
227942,0.41
227944,0.47
227945,0.49
227952,0.38
227954,0.45
227968,0.35
227975,0.25
227989,0.39
227992,0.36
227993,0.41
227996,0.33
227997,0.27
227998,0.42
228040,0.48
228044,0.39
228045,0.38
228046,0.36
228051,0.52
228052,0.42
228053,0.42
228059,0.41
228062,0.49
228070,0.51
228074,0.33
228077,0.33
228078,0.4
228097,0.31
228099,0.37
228100,0.46
228102,0.42
228103,0.5
228104,0.4
228107,0.36
228117,0.34
228123,0.32
228125,0.37
228130,0.37
228134,0.33
228141,0.39
228153,0.46
228163,0.49
228164,0.37
228166,0.32
228168,0.51
228169,0.4
228183,0.51
228198,0.41
228199,0.33
228201,0.53
228207,0.44
228209,0.36
228219,0.29
228239,0.37
228248,0.39
228260,0.39
228268,0.38
228280,0.44
228282,0.38
228288,0.29
228289,0.34
228295,0.33
228296,0.35
228297,0.33
228298,0.33
228299,0.34
228301,0.31
228322,0.5
228324,0.43
228332,0.31
228334,0.44
228342,0.4
228351,0.35
228354,0.4
228355,0.47
228362,0.4
228375,0.44
228383,0.35
228389,0.34
228392,0.4
228411,0.43
228414,0.34
228420,0.41
228424,0.49
228426,0.33
228429,0.32
228447,0.38
228455,0.42
228458,0.44
228467,0.47
228472,0.38
228479,0.4
228482,0.42
228488,0.34
228489,0.43
228499,0.35
228501,0.37
228502,0.51
228503,0.44
228509,0.36
228512,0.41
228514,0.35
228519,0.44
228530,0.29
228534,0.46
228536,0.43
228537,0.43
228538,0.42
228539,0.36
228557,0.33
228591,0.36
228592,0.39
228608,0.52
228609,0.41
228636,0.35
228647,0.55
228656,0.43
228657,0.45
228661,0.32
228663,0.36
228671,0.37
228682,0.35
228697,0.38
228698,0.37
228712,0.47
228713,0.3
228729,0.45
228730,0.41
228737,0.44
228744,0.37
228752,0.3
228761,0.44
228763,0.42
228764,0.44
228770,0.35
228774,0.37
228781,0.37
228792,0.35
228794,0.41
228796,0.34
228799,0.32
228808,0.37
228809,0.39
228810,0.44
228813,0.37
228821,0.55
228826,0.52
228830,0.36
228831,0.45
228835,0.45
228854,0.36
228855,0.34
228863,0.5
228869,0.44
228872,0.41
228885,0.42
228888,0.39
228889,0.36
228890,0.37
228891,0.4
228894,0.43
228902,0.4
228907,0.38
228915,0.51
228918,0.49
228919,0.42
228933,0.35
228946,0.39
228947,0.43
228954,0.45
228956,0.4
228958,0.3
228969,0.36
228973,0.46
228978,0.37
228979,0.36
228988,0.39
228995,0.36
229019,0.33
229037,0.29
229041,0.34
229042,0.4
229046,0.43
229048,0.42
229053,0.43
229064,0.43
229073,0.39
229074,0.44
229077,0.47
229095,0.51
229100,0.3
229103,0.41
229104,0.38
229105,0.33
229107,0.33
229115,0.4
229117,0.39
229118,0.26
229124,0.5
229125,0.44
229130,0.33
229157,0.42
229162,0.34
229185,0.37
229195,0.34
229201,0.39
229202,0.36
229219,0.32
229220,0.43
229223,0.4
229224,0.38
229229,0.34
229233,0.31
229255,0.34
229261,0.46
229262,0.56
229271,0.41
229276,0.37
229277,0.35
229278,0.34
229280,0.31
229298,0.37
229301,0.38
229316,0.34
229325,0.42
229329,0.43
229334,0.34
229336,0.43
229337,0.34
229342,0.39
229349,0.38
229357,0.33
229369,0.45
229374,0.4
229402,0.38
229427,0.37
229452,0.42
229455,0.43
229459,0.51
229462,0.31
229482,0.49
229488,0.3
229496,0.52
229507,0.41
229508,0.44
229531,0.31
229576,0.34
229595,0.45
229602,0.48
229609,0.43
229610,0.41
229614,0.48
229615,0.45
229631,0.36
229632,0.46
229638,0.44
229647,0.43
229651,0.34
229659,0.37
229663,0.39
229671,0.43
229672,0.4
229675,0.4
229684,0.39
229687,0.46
229705,0.46
229711,0.32
229713,0.43
229714,0.42
229731,0.35
229738,0.51
229742,0.36
229745,0.36
229746,0.44
229749,0.39
229765,0.49
229767,0.37
229779,0.49
229782,0.36
229802,0.42
229805,0.47
229810,0.46
229816,0.39
229828,0.53
229838,0.47
229850,0.41
229858,0.43
229860,0.41
229877,0.37
229888,0.35
229894,0.35
229898,0.39
229905,0.52
229912,0.45
229913,0.34
229921,0.54
229923,0.42
229930,0.4
229962,0.36
229963,0.39
229977,0.4
229984,0.5
229998,0.47
230012,0.34
230016,0.37
230020,0.44
230024,0.45
230037,0.41
230038,0.46
230040,0.47
230042,0.53
230044,0.4
230050,0.35
230056,0.3
230067,0.34
230076,0.32
230077,0.36
230084,0.4
230098,0.36
230107,0.41
230116,0.38
230119,0.43
230121,0.48
230122,0.28
230135,0.5
230139,0.36
230179,0.36
230180,0.4
230185,0.38
230192,0.35
230203,0.45
230216,0.41
230226,0.5
230260,0.54
230268,0.45
230289,0.46
230296,0.39
230317,0.4
230328,0.43
230329,0.49
230330,0.4
230332,0.33
230338,0.29
230343,0.38
230344,0.44
230349,0.36
230369,0.34
230379,0.44
230391,0.42
230393,0.51
230394,0.4
230402,0.47
230404,0.37
230416,0.4
230417,0.43
230423,0.37
230427,0.43
230448,0.45
230449,0.37
230451,0.31
230453,0.34
230454,0.42
230457,0.47
230458,0.4
230459,0.46
230461,0.35
230464,0.38
230494,0.39
230517,0.34
230520,0.47
230521,0.47
230534,0.44
230553,0.4
230581,0.42
230585,0.37
230590,0.33
230592,0.36
230605,0.41
230610,0.32
230623,0.26
230628,0.45
230629,0.47
230640,0.49
230641,0.42
230642,0.38
230655,0.43
230656,0.41
230662,0.3
230675,0.36
230677,0.43
230688,0.33
230709,0.34
230716,0.28
230742,0.43
230748,0.39
230763,0.45
230779,0.45
230780,0.4
230781,0.4
230783,0.45
230788,0.44
230789,0.44
230792,0.41
230817,0.47
230820,0.33
230827,0.47
230828,0.42
230860,0.44
230864,0.44
230875,0.37
230878,0.39
230880,0.37
230929,0.52
230931,0.36
230934,0.45
230939,0.4
230940,0.34
230941,0.44
230942,0.49
230982,0.46
231028,0.37
231031,0.43
231039,0.4
231048,0.46
231065,0.41
231076,0.42
231079,0.43
231082,0.38
231086,0.3
231107,0.44
231118,0.46
231127,0.41
231134,0.4
231136,0.4
231137,0.45
231156,0.45
231160,0.45
231175,0.43
231177,0.49
231189,0.33
231191,0.5
231194,0.42
231198,0.38
231203,0.38
231211,0.44
231226,0.4
231245,0.42
231257,0.36
231268,0.4
231279,0.45
231290,0.45
231298,0.46
231299,0.39
231301,0.39
231306,0.39
231312,0.32
231314,0.32
231326,0.39
231343,0.42
231353,0.34
231359,0.3
231364,0.49
231387,0.36
231392,0.32
231409,0.3
231423,0.34
231427,0.38
231429,0.47
231433,0.4
231437,0.46
231448,0.29
231454,0.36
231460,0.4
231480,0.31
231496,0.35
231504,0.46
231513,0.35
231516,0.37
231523,0.45
231529,0.4
231532,0.33
231533,0.47
231542,0.41
231546,0.45
231554,0.29
231556,0.49
231561,0.38
231562,0.41
231563,0.31
231568,0.3
231589,0.48
231598,0.44
231616,0.28
231628,0.37
231637,0.43
231641,0.4
231656,0.5
231679,0.47
231682,0.41
231689,0.39
231690,0.31
231713,0.4
231716,0.38
231726,0.35
231734,0.45
231736,0.42
231742,0.42
231754,0.39
231757,0.45
231758,0.32
231761,0.45
231771,0.44
231773,0.4
231782,0.37
231785,0.34
231786,0.39
231789,0.39
231790,0.38
231791,0.38
231804,0.36
231835,0.3
231837,0.36
231840,0.45
231845,0.51
231863,0.42
231867,0.41
231874,0.51
231877,0.41
231887,0.5
231892,0.31
231899,0.44
231912,0.48
231914,0.42
231924,0.41
231927,0.56
231935,0.46
231938,0.44
231940,0.38
231947,0.28
231954,0.41
231955,0.38
231956,0.39
231969,0.34
231982,0.43
231983,0.39
231984,0.28
231987,0.46
232006,0.39
232012,0.41
232022,0.39
232023,0.35
232028,0.45
232034,0.31
232047,0.47
232050,0.28
232054,0.33
232063,0.39
232066,0.43
232081,0.44
232083,0.49
232094,0.35
232103,0.4
232108,0.33
232110,0.4
232122,0.48
232123,0.38
232132,0.4
232148,0.45
232149,0.36
232152,0.34
232157,0.48
232164,0.3
232170,0.39
232172,0.5
232174,0.3
232177,0.35
232227,0.32
232228,0.35
232237,0.29
232256,0.56
232275,0.34
232278,0.36
232279,0.4
232282,0.32
232285,0.39
232288,0.4
232301,0.41
232303,0.43
232309,0.47
232325,0.41
232329,0.45
232331,0.33
232335,0.44
232370,0.38
232371,0.4
232372,0.35
232390,0.4
232391,0.3
232392,0.45
232410,0.34
232423,0.32
232426,0.31
232428,0.34
232450,0.46
232466,0.36
232478,0.46
232493,0.39
232506,0.46
232516,0.43
232518,0.42
232530,0.4
232534,0.43
232535,0.48
232541,0.34
232547,0.28
232552,0.51
232558,0.38
232559,0.46
232560,0.33
232566,0.43
232570,0.41
232575,0.41
232578,0.38
232590,0.31
232615,0.49
232640,0.37
232643,0.5
232664,0.44
232676,0.51
232699,0.53
232702,0.41
232720,0.36
232733,0.27
232736,0.35
232738,0.51
232752,0.33
232758,0.45
232779,0.46
232784,0.35
232790,0.34
232799,0.38
232823,0.39
232824,0.36
232842,0.38
232849,0.47
232853,0.37
232859,0.32
232862,0.47
232864,0.37
232866,0.27
232869,0.45
232871,0.42
232876,0.54
232881,0.34
232898,0.44
232899,0.4
232914,0.42
232917,0.36
232923,0.38
232925,0.37
232942,0.48
232943,0.48
232965,0.48
232968,0.39
232972,0.31
232980,0.47
232999,0.31
233013,0.35
233021,0.47
233022,0.38
233054,0.38
233059,0.42
233065,0.32
233071,0.4
233074,0.38
233093,0.28
233095,0.42
233102,0.33
233104,0.38
233107,0.34
233108,0.35
233109,0.32
233112,0.44
233113,0.38
233122,0.42
233125,0.39
233126,0.34
233170,0.33
233171,0.33
233172,0.45
233175,0.42
233179,0.41
233189,0.32
233223,0.36
233224,0.38
233228,0.44
233247,0.5
233249,0.42
233263,0.3
233271,0.41
233273,0.43
233301,0.38
233305,0.34
233310,0.44
233311,0.41
233312,0.31
233324,0.35
233326,0.34
233327,0.35
233335,0.37
233349,0.48
233352,0.43
233362,0.39
233373,0.41
233390,0.38
233393,0.45
233400,0.36
233401,0.5
233404,0.51
233405,0.45
233406,0.54
233411,0.3
233421,0.31
233423,0.35
233424,0.37
233427,0.43
233429,0.43
233431,0.35
233432,0.51
233438,0.38
233448,0.45
233450,0.34
233451,0.35
233453,0.44
233480,0.4
233482,0.3
233483,0.44
233489,0.37
233490,0.39
233496,0.47
233497,0.4
233508,0.38
233509,0.45
233512,0.28
233517,0.57
233526,0.3
233528,0.41
233544,0.41
233554,0.51
233566,0.45
233572,0.33
233575,0.41
233578,0.4
233582,0.49
233583,0.48
233589,0.45
233594,0.34
233603,0.34
233627,0.34
233632,0.48
233639,0.38
233651,0.29
233652,0.55
233658,0.43
233675,0.51
233677,0.41
233682,0.45
233688,0.51
233689,0.41
233692,0.41
233697,0.41
233704,0.4
233709,0.35
233711,0.43
233721,0.41
233729,0.54
233734,0.31
233744,0.4
233764,0.41
233775,0.48
233783,0.56
233792,0.34
233796,0.42
233797,0.38
233798,0.39
233810,0.47
233818,0.31
233819,0.41
233830,0.45
233831,0.42
233838,0.41
233852,0.44
233854,0.41
233856,0.35
233858,0.4
233883,0.31
233888,0.34
233889,0.4
233892,0.37
233893,0.34
233894,0.36
233895,0.45
233901,0.44
233927,0.35
233928,0.51
233929,0.31
233960,0.41
233965,0.39
233970,0.49
233975,0.41
233981,0.4
233991,0.33
234012,0.35
234016,0.37
234024,0.37
234025,0.36
234027,0.44
234034,0.39
234035,0.32
234048,0.33
234069,0.37
234077,0.41
234086,0.43
234103,0.39
234110,0.43
234115,0.39
234126,0.46
234135,0.45
234136,0.35
234147,0.31
234151,0.41
234159,0.39
234163,0.34
234174,0.28
234186,0.36
234187,0.38
234192,0.34
234198,0.4
234205,0.36
234215,0.4
234220,0.49
234225,0.46
234227,0.35
234228,0.47
234231,0.41
234232,0.45
234236,0.38
234239,0.38
234240,0.38
234242,0.35
234262,0.4
234267,0.37
234283,0.3
234284,0.36
234286,0.46
234291,0.49
234302,0.36
234303,0.35
234308,0.43
234320,0.33
234326,0.38
234336,0.44
234340,0.38
234362,0.39
234365,0.34
234371,0.41
234373,0.44
234395,0.42
234400,0.36
234404,0.35
234412,0.43
234431,0.41
234433,0.5
234440,0.46
234453,0.49
234454,0.45
234460,0.35
234470,0.33
234473,0.38
234502,0.41
234503,0.4
234507,0.46
234529,0.29
234531,0.28
234543,0.43
234550,0.39
234556,0.33
234560,0.45
234567,0.41
234580,0.39
234582,0.32
234594,0.5
234599,0.39
234604,0.34
234605,0.43
234611,0.45
234617,0.41
234648,0.47
234660,0.34
234661,0.45
234663,0.49
234664,0.31
234670,0.33
234671,0.41
234673,0.26
234687,0.4
234688,0.26
234690,0.47
234694,0.41
234695,0.44
234704,0.37
234705,0.43
234710,0.4
234718,0.41
234719,0.45
234732,0.39
234739,0.4
234755,0.44
234760,0.46
234778,0.34
234781,0.36
234786,0.43
234788,0.38
234789,0.39
234802,0.4
234809,0.52
234814,0.4
234823,0.52
234825,0.43
234829,0.36
234838,0.4
234847,0.5
234876,0.4
234908,0.47
234914,0.3
234917,0.45
234935,0.5
234936,0.34
234941,0.44
234942,0.41
234943,0.47
234946,0.31
234947,0.52
234960,0.29
234967,0.41
234980,0.33
234990,0.37
234996,0.41
234999,0.45
235002,0.46
235021,0.4
235025,0.46
235034,0.52
235037,0.33
235046,0.47
235051,0.4
235052,0.44
235054,0.35
235061,0.39
235066,0.45
235076,0.46
235087,0.33
235089,0.37
235091,0.46
235107,0.4
235118,0.38
235123,0.38
235134,0.41
235137,0.37
235146,0.35
235147,0.36
235153,0.43
235166,0.41
235168,0.5
235183,0.37
235187,0.45
235189,0.35
235202,0.34
235214,0.35
235215,0.51
235216,0.42
235219,0.32
235223,0.48
235231,0.37
235240,0.37
235252,0.28
235253,0.44
235254,0.41
235259,0.4
235270,0.32
235275,0.36
235283,0.41
235291,0.41
235306,0.36
235327,0.35
235337,0.49
235342,0.41
235356,0.39
235357,0.33
235372,0.42
235378,0.31
235386,0.37
235401,0.41
235403,0.44
235423,0.4
235424,0.35
235434,0.28
235435,0.37
235438,0.38
235451,0.39
235452,0.31
235454,0.36
235456,0.44
235459,0.36
235460,0.43
235463,0.47
235491,0.32
235492,0.45
235501,0.34
235505,0.43
235512,0.47
235519,0.38
235549,0.43
235592,0.35
235597,0.43
235601,0.41
235602,0.33
235612,0.44
235617,0.42
235622,0.33
235636,0.38
235641,0.29
235644,0.39
235645,0.4
235651,0.34
235664,0.47
235668,0.45
235677,0.41
235692,0.35
235693,0.38
235698,0.45
235722,0.49
235741,0.39
235743,0.46
235752,0.31
235757,0.34
235766,0.4
235768,0.42
235769,0.34
235775,0.42
235778,0.42
235782,0.41
235791,0.42
235792,0.42
235796,0.46
235797,0.41
235799,0.48
235803,0.38
235804,0.35
235809,0.39
235811,0.42
235812,0.43
235827,0.34
235837,0.38
235839,0.5
235850,0.47
235852,0.35
235854,0.35
235860,0.33
235862,0.45
235869,0.45
235877,0.37
235889,0.46
235890,0.41
235891,0.42
235893,0.43
235900,0.34
235901,0.41
235914,0.29
235915,0.32
235924,0.41
235950,0.47
235968,0.41
235977,0.34
235978,0.42
235980,0.33
235990,0.44
235999,0.37
236002,0.46
236022,0.38
236033,0.38
236034,0.38
236037,0.51
236038,0.36
236039,0.26
236040,0.36
236053,0.45
236064,0.48
236068,0.31
236069,0.4
236094,0.32
236107,0.43
236123,0.42
236143,0.31
236214,0.31
236215,0.31
236221,0.38
236229,0.33
236234,0.48
236236,0.45
236237,0.33
236239,0.33
236266,0.46
236271,0.31
236283,0.35
236286,0.4
236287,0.54
236289,0.36
236293,0.38
236302,0.33
236303,0.39
236313,0.43
236324,0.44
236330,0.38
236332,0.31
236345,0.39
236350,0.51
236352,0.44
236359,0.4
236362,0.39
236373,0.48
236378,0.42
236391,0.36
236395,0.45
236412,0.41
236418,0.34
236421,0.36
236451,0.39
236454,0.36
236457,0.43
236463,0.36
236469,0.41
236476,0.4
236485,0.51
236508,0.43
236509,0.36
236525,0.37
236527,0.51
236529,0.42
236555,0.43
236562,0.41
236568,0.4
236569,0.43
236580,0.46
236581,0.39
236583,0.45
236586,0.37
236594,0.39
236631,0.35
236632,0.53
236634,0.37
236638,0.36
236643,0.42
236648,0.36
236655,0.3
236656,0.46
236657,0.38
236663,0.44
236681,0.3
236683,0.29
236691,0.5
236698,0.45
236713,0.47
236727,0.48
236732,0.39
236733,0.46
236735,0.35
236737,0.4
236749,0.35
236750,0.46
236752,0.41
236765,0.46
236766,0.35
236769,0.41
236771,0.38
236774,0.44
236775,0.4
236790,0.44
236793,0.46
236797,0.46
236798,0.41
236809,0.46
236821,0.42
236831,0.4
236836,0.4
236838,0.47
236849,0.4
236852,0.36
236860,0.4
236862,0.44
236865,0.54
236873,0.42
236885,0.4
236891,0.35
236894,0.38
236904,0.44
236905,0.36
236911,0.4
236939,0.36
236948,0.45
236950,0.37
236957,0.36
236965,0.47
236974,0.42
236975,0.33
236981,0.39
236985,0.33
236995,0.43
237023,0.38
237025,0.31
237038,0.39
237058,0.42
237060,0.39
237078,0.38
237079,0.41
237080,0.47
237084,0.41
237086,0.46
237087,0.26
237091,0.4
237092,0.38
237093,0.34
237094,0.43
237103,0.47
237116,0.36
237118,0.3
237126,0.37
237136,0.42
237144,0.38
237149,0.35
237150,0.38
237157,0.42
237158,0.36
237170,0.37
237171,0.45
237193,0.4
237196,0.41
237200,0.33
237248,0.35
237254,0.4
237256,0.42
237257,0.41
237267,0.37
237268,0.41
237269,0.37
237271,0.43
237280,0.34
237301,0.34
237304,0.43
237308,0.32
237311,0.36
237334,0.38
237338,0.33
237344,0.38
237361,0.36
237362,0.44
237368,0.44
237369,0.45
237371,0.37
237373,0.43
237377,0.38
237378,0.38
237383,0.41
237386,0.3
237392,0.34
237399,0.41
237408,0.36
237411,0.42
237414,0.33
237417,0.45
237424,0.34
237439,0.4
237457,0.33
237458,0.39
237459,0.49
237471,0.33
237474,0.43
237475,0.32
237476,0.31
237490,0.39
237491,0.45
237495,0.43
237501,0.42
237512,0.42
237516,0.26
237518,0.48
237528,0.44
237529,0.37
237537,0.44
237543,0.39
237547,0.52
237552,0.45
237563,0.51
237585,0.47
237598,0.46
237606,0.35
237624,0.42
237632,0.36
237635,0.25
237640,0.42
237642,0.45
237647,0.44
237648,0.33
237651,0.33
237657,0.33
237663,0.39
237692,0.38
237701,0.39
237715,0.46
237726,0.44
237728,0.56
237731,0.37
237732,0.38
237746,0.39
237759,0.37
237768,0.33
237772,0.5
237780,0.28
237787,0.48
237792,0.37
237804,0.44
237812,0.3
237815,0.47
237821,0.42
237827,0.32
237845,0.45
237862,0.52
237869,0.35
237872,0.43
237900,0.45
237909,0.36
237917,0.33
237921,0.41
237951,0.44
237952,0.39
237957,0.28
237960,0.46
237963,0.42
237973,0.43
237984,0.38
237990,0.34
237997,0.35
237998,0.4
238025,0.39
238027,0.37
238052,0.4
238053,0.43
238054,0.51
238065,0.37
238066,0.42
238075,0.3
238082,0.43
238087,0.37
238114,0.48
238117,0.37
238127,0.42
238129,0.45
238133,0.41
238135,0.42
238152,0.43
238157,0.41
238163,0.34
238170,0.45
238176,0.36
238180,0.48
238195,0.41
238198,0.47
238199,0.32
238206,0.36
238218,0.37
238219,0.41
238222,0.4
238224,0.38
238230,0.39
238237,0.35
238238,0.4
238247,0.31
238254,0.36
238256,0.43
238257,0.42
238270,0.4
238278,0.36
238279,0.58
238282,0.46
238286,0.36
238293,0.5
238298,0.38
238299,0.41
238306,0.44
238307,0.41
238308,0.33
238322,0.27
238327,0.36
238328,0.41
238330,0.44
238335,0.43
238347,0.43
238355,0.45
238356,0.46
238361,0.46
238367,0.35
238377,0.4
238413,0.4
238419,0.41
238436,0.44
238437,0.37
238443,0.44
238450,0.32
238452,0.37
238453,0.43
238454,0.45
238457,0.34
238467,0.36
238469,0.41
238470,0.36
238474,0.45
238478,0.42
238480,0.4
238492,0.34
238496,0.33
238500,0.35
238508,0.41
238512,0.35
238520,0.48
238540,0.43
238548,0.43
238549,0.38
238550,0.46
238563,0.32
238586,0.32
238607,0.36
238608,0.48
238615,0.48
238623,0.36
238627,0.34
238630,0.55
238635,0.47
238638,0.41
238642,0.37
238646,0.43
238656,0.35
238665,0.43
238674,0.46
238687,0.37
238702,0.45
238703,0.31
238705,0.43
238712,0.44
238716,0.37
238717,0.43
238718,0.39
238747,0.5
238754,0.39
238767,0.34
238793,0.27
238794,0.5
238796,0.38
238806,0.47
238832,0.39
238833,0.5
238840,0.37
238850,0.5
238853,0.43
238855,0.31
238858,0.42
238867,0.43
238868,0.38
238869,0.5
238873,0.37
238879,0.54
238893,0.37
238903,0.48
238904,0.33
238906,0.37
238928,0.34
238933,0.44
238941,0.43
238945,0.4
238947,0.41
238954,0.38
238963,0.39
238986,0.35
239003,0.53
239018,0.36
239019,0.44
239020,0.45
239021,0.47
239031,0.38
239042,0.36
239051,0.28
239056,0.48
239058,0.38
239075,0.5
239078,0.47
239079,0.36
239081,0.39
239082,0.31
239085,0.38
239100,0.45
239104,0.4
239120,0.45
239123,0.44
239140,0.44
239144,0.44
239145,0.4
239146,0.34
239153,0.32
239155,0.33
239161,0.44
239168,0.34
239177,0.4
239180,0.37
239193,0.32
239199,0.37
239206,0.37
239207,0.42
239209,0.3
239221,0.36
239225,0.4
239227,0.44
239237,0.44
239249,0.43
239273,0.42
239282,0.45
239290,0.34
239298,0.36
239302,0.35
239307,0.49
239309,0.43
239314,0.38
239319,0.44
239328,0.39
239334,0.4
239343,0.47
239344,0.4
239356,0.36
239357,0.38
239428,0.42
239429,0.49
239453,0.34
239471,0.33
239479,0.45
239480,0.33
239485,0.49
239489,0.44
239518,0.35
239522,0.35
239525,0.43
239540,0.45
239567,0.51
239573,0.4
239574,0.44
239578,0.4
239587,0.45
239588,0.47
239597,0.35
239603,0.43
239612,0.4
239616,0.41
239617,0.45
239618,0.34
239631,0.48
239639,0.5
239644,0.42
239672,0.33
239680,0.4
239685,0.28
239687,0.36
239715,0.4
239722,0.46
239733,0.34
239746,0.44
239748,0.39
239760,0.48
239765,0.52
239766,0.31
239774,0.38
239775,0.38
239788,0.39
239795,0.33
239796,0.41
239801,0.41
239808,0.4
239816,0.37
239819,0.36
239825,0.4
239832,0.47
239840,0.46
239845,0.39
239853,0.38
239862,0.36
239867,0.37
239873,0.54
239884,0.42
239920,0.4
239924,0.45
239937,0.37
239938,0.41
239948,0.56
239951,0.41
239952,0.41
239996,0.23
239998,0.36
240013,0.35
240027,0.47
240028,0.42
240036,0.45
240041,0.45
240046,0.41
240063,0.37
240076,0.33
240082,0.41
240086,0.52
240087,0.42
240089,0.34
240090,0.45
240093,0.55
240110,0.4
240111,0.39
240113,0.4
240117,0.26
240118,0.42
240120,0.42
240125,0.32
240130,0.46
240131,0.49
240133,0.38
240138,0.44
240149,0.49
240161,0.4
240177,0.5
240188,0.45
240197,0.35
240204,0.51
240215,0.26
240257,0.33
240266,0.42
240284,0.38
240296,0.36
240300,0.33
240312,0.26
240314,0.42
240320,0.33
240321,0.34
240337,0.31
240339,0.33
240341,0.49
240342,0.36
240346,0.41
240348,0.46
240364,0.42
240378,0.34
240382,0.38
240387,0.27
240404,0.38
240409,0.34
240412,0.41
240413,0.37
240414,0.44
240415,0.34
240416,0.3
240427,0.45
240428,0.4
240438,0.37
240447,0.37
240489,0.43
240494,0.34
240495,0.44
240507,0.38
240526,0.36
240530,0.44
240531,0.45
240554,0.46
240559,0.37
240561,0.38
240577,0.45
240578,0.4
240585,0.47
240587,0.34
240594,0.3
240603,0.47
240615,0.46
240629,0.37
240631,0.38
240637,0.35
240646,0.43
240649,0.42
240657,0.4
240664,0.36
240665,0.46
240668,0.52
240670,0.44
240685,0.39
240689,0.32
240702,0.31
240707,0.46
240709,0.44
240712,0.55
240716,0.49
240717,0.41
240725,0.32
240733,0.38
240742,0.43
240744,0.4
240819,0.37
240820,0.36
240826,0.37
240836,0.46
240839,0.34
240847,0.36
240859,0.52
240866,0.44
240868,0.37
240875,0.27
240878,0.33
240888,0.37
240896,0.3
240897,0.35
240898,0.42
240899,0.4
240900,0.39
240901,0.5
240902,0.38
240903,0.49
240904,0.38
240910,0.42
240916,0.34
240921,0.29
240923,0.32
240929,0.4
240930,0.35
240931,0.4
240932,0.41
240938,0.4
240943,0.38
240948,0.28
240954,0.36
240972,0.39
240992,0.45
240993,0.44
240994,0.37
241018,0.3
241026,0.44
241031,0.36
241052,0.36
241060,0.33
241076,0.47
241113,0.43
241116,0.47
241118,0.3
241121,0.4
241130,0.43
241142,0.41
241146,0.33
241159,0.26
241160,0.4
241161,0.36
241163,0.52
241176,0.45
241187,0.52
241188,0.52
241191,0.42
241192,0.41
241198,0.42
241208,0.38
241210,0.39
241226,0.37
241244,0.29
241252,0.5
241254,0.4
241256,0.44
241264,0.33
241266,0.29
241267,0.34
241274,0.31
241279,0.45
241281,0.4
241284,0.45
241293,0.4
241330,0.33
241333,0.34
241344,0.42
241348,0.51
241359,0.41
241362,0.52
241372,0.32
241377,0.33
241381,0.48
241390,0.43
241395,0.36
241397,0.4
241401,0.48
241402,0.39
241415,0.39
241417,0.49
241426,0.36
241432,0.32
241436,0.39
241444,0.22
241447,0.48
241456,0.35
241457,0.39
241464,0.34
241465,0.35
241469,0.38
241479,0.4
241482,0.46
241488,0.37
241489,0.51
241507,0.42
241509,0.4
241511,0.52
241520,0.32
241523,0.37
241536,0.35
241545,0.38
241574,0.34
241577,0.35
241599,0.38
241608,0.37
241627,0.32
241631,0.34
241640,0.31
241642,0.35
241645,0.46
241647,0.45
241649,0.42
241654,0.42
241655,0.43
241657,0.46
241665,0.38
241671,0.41
241678,0.41
241683,0.45
241686,0.35
241699,0.5
241704,0.49
241706,0.47
241709,0.41
241718,0.3
241723,0.38
241729,0.38
241739,0.42
241741,0.42
241752,0.31
241756,0.38
241763,0.39
241779,0.38
241793,0.38
241797,0.43
241804,0.45
241813,0.41
241816,0.31
241817,0.51
241821,0.41
241838,0.36
241839,0.44
241855,0.46
241857,0.47
241887,0.43
241888,0.4
241899,0.35
241903,0.45
241908,0.47
241914,0.43
241919,0.46
241933,0.44
241943,0.27
241947,0.54
241957,0.38
241960,0.37
241961,0.38
241965,0.4
241971,0.34
241982,0.36
241990,0.41
242011,0.41
242022,0.28
242023,0.39
242025,0.46
242035,0.38
242037,0.39
242043,0.34
242067,0.41
242075,0.49
242077,0.36
242088,0.42
242103,0.33
242125,0.32
242134,0.47
242143,0.35
242144,0.39
242148,0.5
242155,0.4
242163,0.38
242171,0.4
242182,0.46
242185,0.35
242188,0.4
242201,0.46
242203,0.4
242204,0.3
242208,0.39
242210,0.38
242217,0.41
242219,0.42
242222,0.41
242224,0.39
242229,0.42
242231,0.42
242236,0.31
242256,0.36
242264,0.32
242269,0.38
242280,0.38
242281,0.33
242285,0.37
242295,0.39
242302,0.47
242314,0.56
242319,0.38
242332,0.37
242338,0.41
242342,0.41
242343,0.45
242345,0.42
242354,0.39
242361,0.44
242365,0.43
242373,0.28
242378,0.41
242383,0.4
242385,0.51
242389,0.42
242397,0.45
242404,0.46
242406,0.44
242410,0.39
242436,0.4
242439,0.37
242440,0.53
242444,0.47
242445,0.4
242455,0.37
242477,0.37
242479,0.47
242484,0.38
242491,0.4
242492,0.33
242497,0.4
242498,0.48
242499,0.5
242500,0.32
242501,0.35
242502,0.49
242516,0.4
242518,0.35
242523,0.43
242525,0.38
242537,0.34
242549,0.57
242550,0.37
242553,0.44
242554,0.4
242561,0.39
242566,0.47
242567,0.35
242587,0.35
242598,0.3
242609,0.39
242611,0.47
242614,0.46
242617,0.46
242622,0.38
242623,0.46
242629,0.46
242633,0.35
242636,0.49
242637,0.37
242642,0.35
242651,0.44
242655,0.33
242667,0.4
242668,0.42
242670,0.34
242681,0.35
242689,0.33
242690,0.49
242692,0.43
242693,0.4
242699,0.5
242706,0.35
242712,0.48
242714,0.39
242715,0.36
242721,0.39
242725,0.43
242728,0.45
242740,0.4
242741,0.34
242762,0.38
242766,0.36
242772,0.32
242779,0.4
242782,0.53
242795,0.37
242796,0.57
242800,0.41
242810,0.54
242816,0.44
242824,0.41
242829,0.47
242833,0.37
242837,0.42
242851,0.38
242857,0.33
242858,0.49
242860,0.29
242874,0.37
242876,0.46
242877,0.35
242879,0.33
242890,0.35
242897,0.44
242898,0.42
242904,0.35
242916,0.41
242920,0.53
242924,0.44
242930,0.49
242936,0.39
242938,0.41
242951,0.34
242952,0.39
242956,0.3
242970,0.46
242972,0.37
242973,0.49
242975,0.54
242979,0.42
242985,0.41
242989,0.41
242994,0.43
242996,0.43
243004,0.33
243013,0.38
243015,0.39
243017,0.41
243022,0.35
243075,0.46
243077,0.38
243089,0.46
243096,0.35
243099,0.35
243109,0.45
243110,0.41
243111,0.36
243112,0.39
243114,0.46
243124,0.42
243128,0.5
243136,0.43
243143,0.34
243148,0.46
243151,0.33
243152,0.39
243163,0.38
243170,0.34
243173,0.37
243184,0.41
243187,0.42
243193,0.4
243206,0.42
243208,0.39
243236,0.42
243237,0.42
243241,0.37
243244,0.27
243251,0.54
243256,0.28
243257,0.41
243263,0.34
243265,0.46
243276,0.31
243283,0.29
243287,0.37
243289,0.36
243291,0.38
243294,0.38
243299,0.38
243301,0.46
243302,0.45
243310,0.4
243313,0.4
243334,0.41
243335,0.36
243345,0.39
243353,0.39
243369,0.41
243371,0.45
243375,0.44
243383,0.45
243387,0.35
243390,0.52
243398,0.32
243399,0.27
243401,0.41
243412,0.42
243430,0.36
243433,0.41
243440,0.5
243445,0.3
243475,0.5
243481,0.43
243501,0.33
243518,0.48
243528,0.34
243544,0.42
243550,0.32
243555,0.36
243558,0.38
243559,0.43
243569,0.43
243580,0.55
243581,0.45
243590,0.36
243611,0.34
243619,0.35
243643,0.44
243659,0.33
243664,0.33
243665,0.47
243679,0.42
243680,0.45
243681,0.43
243689,0.39
243699,0.45
243700,0.39
243703,0.37
243714,0.57
243734,0.45
243741,0.39
243747,0.49
243757,0.39
243764,0.42
243766,0.33
243770,0.39
243774,0.37
243777,0.39
243778,0.42
243783,0.43
243788,0.38
243801,0.34
243802,0.35
243805,0.38
243821,0.27
243828,0.4
243831,0.32
243838,0.45
243850,0.35
243861,0.33
243871,0.5
243873,0.41
243874,0.39
243875,0.42
243891,0.36
243893,0.39
243900,0.32
243907,0.44
243908,0.35
243916,0.43
243921,0.47
243943,0.43
243958,0.37
243963,0.42
243965,0.39
243968,0.48
243978,0.42
243993,0.41
243996,0.37
244004,0.31
244006,0.39
244045,0.38
244046,0.46
244047,0.41
244049,0.36
244051,0.4
244058,0.43
244093,0.35
244100,0.43
244102,0.45
244104,0.42
244108,0.37
244112,0.38
244114,0.39
244134,0.45
244136,0.28
244140,0.32
244151,0.42
244152,0.46
244164,0.33
244168,0.35
244173,0.36
244176,0.4
244179,0.32
244189,0.4
244201,0.41
244205,0.4
244212,0.39
244216,0.5
244226,0.3
244228,0.34
244238,0.4
244246,0.41
244252,0.41
244257,0.4
244266,0.29
244268,0.38
244280,0.39
244290,0.33
244294,0.42
244295,0.38
244296,0.41
244298,0.33
244307,0.46
244321,0.33
244322,0.41
244324,0.36
244335,0.4
244346,0.42
244364,0.38
244372,0.41
244377,0.35
244387,0.4
244388,0.4
244395,0.43
244396,0.23
244403,0.37
244416,0.42
244417,0.43
244420,0.37
244421,0.33
244428,0.52
244429,0.42
244432,0.43
244456,0.3
244460,0.39
244461,0.45
244464,0.39
244470,0.43
244475,0.41
244484,0.45
244487,0.31
244489,0.45
244498,0.43
244526,0.36
244529,0.41
244534,0.27
244536,0.46
244543,0.39
244545,0.34
244555,0.37
244560,0.35
244562,0.5
244570,0.41
244572,0.46
244574,0.37
244605,0.4
244612,0.39
244624,0.4
244631,0.36
244632,0.45
244643,0.41
244652,0.44
244666,0.41
244671,0.43
244672,0.3
244683,0.37
244690,0.37
244696,0.4
244703,0.32
244710,0.48
244713,0.48
244719,0.45
244724,0.46
244736,0.33
244763,0.5
244764,0.53
244765,0.5
244767,0.35
244772,0.3
244786,0.45
244789,0.48
244794,0.42
244799,0.34
244810,0.39
244815,0.43
244830,0.39
244848,0.36
244852,0.36
244866,0.37
244867,0.35
244874,0.37
244887,0.3
244891,0.41
244897,0.44
244898,0.28
244909,0.4
244910,0.41
244913,0.48
244925,0.35
244928,0.41
244932,0.35
244942,0.37
244943,0.41
244949,0.42
244954,0.44
244971,0.45
244973,0.39
244989,0.31
245001,0.33
245012,0.48
245026,0.45
245030,0.39
245036,0.44
245049,0.4
245057,0.42
245062,0.36
245063,0.38
245074,0.45
245076,0.39
245105,0.53
245106,0.34
245121,0.44
245124,0.37
245129,0.38
245133,0.33
245138,0.43
245150,0.49
245156,0.45
245157,0.3
245168,0.33
245170,0.34
245177,0.35
245178,0.39
245182,0.3
245208,0.41
245219,0.4
245221,0.39
245222,0.31
245224,0.41
245225,0.4
245233,0.44
245234,0.39
245244,0.43
245253,0.4
245260,0.38
245272,0.31
245281,0.33
245296,0.37
245297,0.45
245303,0.39
245309,0.46
245313,0.35
245316,0.39
245328,0.51
245344,0.34
245351,0.42
245357,0.38
245367,0.38
245369,0.42
245376,0.44
245381,0.35
245411,0.42
245426,0.39
245428,0.33
245430,0.38
245437,0.4
245443,0.39
245450,0.41
245452,0.39
245468,0.28
245481,0.43
245486,0.38
245496,0.35
245501,0.4
245502,0.33
245503,0.51
245564,0.49
245567,0.44
245568,0.42
245576,0.5
245577,0.35
245578,0.4
245595,0.5
245598,0.36
245604,0.39
245611,0.34
245615,0.37
245617,0.38
245627,0.31
245659,0.34
245661,0.5
245681,0.4
245687,0.36
245697,0.36
245708,0.37
245713,0.42
245717,0.43
245720,0.43
245721,0.34
245724,0.38
245728,0.34
245738,0.46
245746,0.45
245747,0.34
245748,0.35
245766,0.36
245767,0.42
245784,0.42
245792,0.35
245802,0.24
245804,0.43
245815,0.35
245820,0.44
245830,0.39
245834,0.32
245836,0.42
245844,0.33
245853,0.38
245862,0.47
245863,0.41
245882,0.39
245892,0.32
245906,0.44
245913,0.33
245926,0.34
245932,0.46
245933,0.31
245934,0.44
245939,0.34
245948,0.33
245955,0.3
245957,0.38
245967,0.31
245979,0.38
245980,0.42
245989,0.4
245992,0.51
245994,0.43
246006,0.42
246010,0.38
246017,0.5
246041,0.42
246045,0.4
246053,0.38
246057,0.37
246059,0.46
246061,0.46
246079,0.41
246082,0.46
246089,0.4
246091,0.36
246102,0.35
246127,0.52
246134,0.47
246135,0.5
246138,0.44
246143,0.37
246146,0.47
246148,0.43
246152,0.43
246155,0.39
246164,0.35
246171,0.43
246185,0.44
246192,0.39
246200,0.38
246208,0.47
246210,0.38
246213,0.42
246214,0.38
246229,0.46
246242,0.36
246250,0.38
246258,0.42
246267,0.41
246273,0.45
246287,0.37
246289,0.4
246290,0.3
246302,0.38
246303,0.26
246304,0.41
246312,0.36
246319,0.44
246321,0.33
246335,0.46
246337,0.29
246348,0.4
246358,0.4
246362,0.42
246369,0.49
246374,0.39
246382,0.45
246384,0.35
246386,0.37
246390,0.37
246396,0.34
246400,0.45
246401,0.34
246405,0.37
246415,0.38
246416,0.46
246418,0.4
246422,0.36
246423,0.36
246426,0.37
246429,0.42
246432,0.39
246444,0.38
246448,0.44
246455,0.43
246469,0.41
246482,0.36
246488,0.34
246489,0.37
246491,0.4
246502,0.52
246516,0.43
246524,0.4
246525,0.39
246543,0.42
246550,0.38
246554,0.48
246558,0.36
246559,0.44
246560,0.42
246561,0.36
246562,0.47
246564,0.43
246585,0.41
246615,0.43
246618,0.43
246619,0.35
246621,0.41
246624,0.43
246625,0.39
246627,0.47
246628,0.37
246631,0.52
246633,0.42
246654,0.42
246660,0.4
246665,0.41
246669,0.39
246681,0.37
246700,0.41
246705,0.34
246708,0.37
246711,0.3
246724,0.46
246740,0.42
246744,0.32
246745,0.41
246746,0.52
246748,0.38
246752,0.48
246758,0.42
246762,0.44
246765,0.43
246786,0.38
246798,0.41
246807,0.29
246816,0.42
246820,0.32
246833,0.28
246835,0.49
246836,0.43
246845,0.53
246849,0.38
246857,0.45
246861,0.4
246871,0.42
246872,0.49
246877,0.36
246879,0.45
246894,0.46
246896,0.34
246905,0.43
246907,0.43
246928,0.31
246935,0.33
246939,0.33
246947,0.31
246951,0.39
246956,0.47
246972,0.44
246979,0.4
247003,0.39
247005,0.33
247006,0.3
247008,0.37
247014,0.32
247027,0.37
247032,0.46
247036,0.48
247080,0.45
247083,0.4
247086,0.39
247092,0.23
247098,0.4
247103,0.43
247105,0.46
247108,0.26
247118,0.42
247123,0.42
247129,0.43
247139,0.42
247147,0.35
247153,0.42
247157,0.4
247179,0.48
247190,0.44
247213,0.36
247220,0.43
247234,0.4
247260,0.39
247265,0.44
247269,0.35
247272,0.48
247277,0.41
247278,0.51
247280,0.3
247290,0.46
247296,0.38
247314,0.41
247316,0.34
247328,0.57
247332,0.44
247336,0.32
247340,0.47
247342,0.35
247347,0.4
247350,0.39
247351,0.28
247353,0.41
247354,0.2
247360,0.38
247371,0.45
247378,0.34
247394,0.35
247402,0.35
247406,0.46
247409,0.35
247446,0.48
247453,0.33
247455,0.39
247463,0.37
247484,0.39
247485,0.34
247492,0.35
247497,0.28
247510,0.35
247521,0.42
247527,0.35
247534,0.46
247537,0.41
247558,0.31
247559,0.36
247560,0.39
247567,0.39
247572,0.45
247582,0.51
247583,0.28
247594,0.33
247595,0.46
247597,0.4
247598,0.38
247607,0.36
247619,0.4
247632,0.46
247638,0.43
247639,0.42
247646,0.42
247655,0.54
247660,0.31
247672,0.29
247677,0.32
247682,0.39
247685,0.45
247690,0.42
247701,0.39
247708,0.37
247715,0.5
247734,0.39
247758,0.41
247761,0.47
247763,0.34
247766,0.35
247774,0.4
247775,0.33
247779,0.39
247781,0.38
247783,0.34
247785,0.52
247787,0.34
247793,0.33
247798,0.3
247802,0.37
247805,0.29
247814,0.4
247816,0.39
247834,0.48
247836,0.41
247844,0.45
247849,0.42
247852,0.4
247859,0.34
247861,0.4
247867,0.4
247868,0.54
247883,0.48
247890,0.25
247892,0.4
247896,0.29
247897,0.37
247902,0.49
247904,0.48
247909,0.37
247910,0.35
247911,0.38
247929,0.28
247930,0.38
247935,0.32
247942,0.39
247950,0.46
247951,0.38
247972,0.43
247989,0.42
247993,0.36
247995,0.44
248012,0.47
248018,0.29
248019,0.38
248036,0.33
248037,0.45
248039,0.41
248040,0.42
248043,0.53
248054,0.37
248056,0.42
248068,0.37
248075,0.32
248085,0.39
248087,0.32
248089,0.42
248095,0.38
248105,0.49
248109,0.43
248115,0.5
248131,0.38
248135,0.36
248148,0.42
248154,0.35
248156,0.39
248165,0.3
248169,0.4
248173,0.44
248179,0.3
248187,0.54
248204,0.4
248207,0.53
248210,0.51
248212,0.36
248214,0.36
248229,0.4
248236,0.42
248239,0.41
248240,0.55
248246,0.39
248249,0.37
248261,0.44
248267,0.39
248268,0.4
248272,0.42
248276,0.39
248293,0.35
248303,0.35
248307,0.33
248308,0.45
248327,0.29
248330,0.43
248345,0.3
248355,0.35
248364,0.33
248368,0.43
248373,0.39
248375,0.39
248378,0.42
248390,0.37
248394,0.44
248405,0.36
248409,0.38
248411,0.36
248415,0.4
248416,0.4
248419,0.44
248421,0.32
248422,0.4
248424,0.35
248427,0.28
248429,0.36
248435,0.49
248452,0.41
248461,0.41
248467,0.43
248472,0.4
248473,0.51
248476,0.42
248488,0.49
248489,0.47
248505,0.33
248509,0.38
248510,0.42
248512,0.34
248524,0.43
248526,0.39
248528,0.39
248533,0.4
248546,0.4
248568,0.31
248570,0.52
248579,0.4
248583,0.37
248585,0.34
248586,0.41
248596,0.37
248597,0.48
248601,0.36
248605,0.37
248613,0.26
248618,0.44
248622,0.48
248626,0.35
248627,0.41
248628,0.32
248635,0.38
248636,0.44
248644,0.33
248667,0.38
248675,0.39
248677,0.4
248693,0.4
248694,0.37
248699,0.38
248706,0.45
248726,0.34
248728,0.53
248731,0.23
248736,0.51
248738,0.45
248739,0.5
248744,0.46
248745,0.4
248756,0.35
248760,0.32
248767,0.39
248770,0.49
248772,0.41
248773,0.36
248785,0.4
248789,0.35
248791,0.41
248797,0.38
248826,0.36
248853,0.39
248854,0.47
248856,0.41
248861,0.45
248869,0.38
248871,0.44
248877,0.31
248883,0.47
248891,0.37
248892,0.49
248905,0.41
248910,0.51
248914,0.4
248921,0.37
248931,0.38
248934,0.35
248951,0.37
248954,0.49
248961,0.39
248966,0.4
248968,0.43
248977,0.34
248978,0.32
248986,0.43
249000,0.41
249005,0.38
249025,0.38
249040,0.43
249045,0.39
249056,0.48
249057,0.39
249075,0.42
249084,0.41
249089,0.42
249095,0.42
249101,0.52
249113,0.36
249116,0.34
249118,0.34
249137,0.32
249140,0.42
249149,0.35
249151,0.41
249154,0.35
249155,0.49
249171,0.36
249173,0.45
249190,0.42
249191,0.32
249197,0.45
249205,0.42
249212,0.45
249228,0.38
249235,0.46
249266,0.43
249269,0.33
249277,0.47
249298,0.39
249305,0.42
249310,0.39
249313,0.4
249320,0.45
249321,0.32
249332,0.36
249333,0.3
249339,0.45
249343,0.47
249345,0.35
249347,0.49
249348,0.39
249358,0.36
249370,0.47
249382,0.42
249397,0.46
249398,0.35
249400,0.37
249403,0.39
249412,0.45
249421,0.39
249422,0.43
249426,0.33
249445,0.5
249460,0.46
249465,0.42
249467,0.42
249481,0.41
249495,0.4
249496,0.28
249505,0.3
249507,0.43
249523,0.32
249528,0.46
249532,0.41
249534,0.5
249540,0.33
249542,0.42
249557,0.37
249559,0.5
249578,0.39
249581,0.37
249588,0.43
249595,0.45
249603,0.39
249615,0.38
249630,0.39
249636,0.42
249640,0.44
249648,0.45
249657,0.42
249661,0.28
249664,0.4
249668,0.44
249677,0.37
249681,0.4
249687,0.4
249688,0.3
249695,0.52
249703,0.43
249705,0.37
249718,0.34
249719,0.43
249720,0.32
249726,0.4
249728,0.5
249742,0.35
249764,0.4
249768,0.32
249770,0.42
249774,0.29
249779,0.43
249783,0.27
249801,0.41
249808,0.37
249818,0.33
249820,0.48
249832,0.36
249839,0.29
249843,0.44
249845,0.44
249847,0.48
249878,0.37
249883,0.42
249895,0.4
249898,0.44
249906,0.26
249909,0.44
249913,0.4
249920,0.37
249921,0.32
249928,0.46
249941,0.35
249951,0.37
249955,0.33
250020,0.3
250022,0.49
250026,0.39
250038,0.41
250045,0.39
250048,0.37
250049,0.37
250051,0.32
250056,0.43
250073,0.46
250085,0.38
250088,0.42
250091,0.24
250092,0.37
250093,0.43
250095,0.38
250098,0.41
250105,0.38
250114,0.47
250127,0.35
250134,0.39
250137,0.48
250153,0.48
250156,0.37
250176,0.5
250188,0.32
250189,0.38
250211,0.45
250212,0.45
250217,0.37
250226,0.29
250236,0.51
250237,0.33
250246,0.31
250270,0.5
250276,0.51
250299,0.42
250311,0.37
250312,0.4
250319,0.3
250324,0.39
250331,0.4
250340,0.41
250347,0.37
250354,0.35
250358,0.3
250359,0.32
250361,0.54
250363,0.45
250371,0.34
250377,0.3
250381,0.41
250391,0.35
250415,0.44
250416,0.39
250430,0.47
250431,0.36
250438,0.51
250444,0.46
250453,0.47
250458,0.32
250462,0.41
250469,0.42
250473,0.33
250481,0.43
250498,0.5
250502,0.42
250508,0.38
250514,0.41
250521,0.49
250522,0.55
250530,0.37
250531,0.38
250533,0.38
250539,0.35
250541,0.42
250545,0.45
250557,0.5
250576,0.45
250579,0.41
250585,0.54
250586,0.4
250591,0.49
250592,0.41
250596,0.35
250616,0.38
250617,0.46
250632,0.37
250636,0.49
250640,0.4
250657,0.37
250658,0.48
250661,0.31
250684,0.39
250685,0.35
250691,0.48
250692,0.35
250712,0.37
250713,0.39
250719,0.34
250737,0.43
250749,0.36
250772,0.36
250773,0.4
250774,0.39
250781,0.31
250783,0.36
250810,0.49
250814,0.47
250819,0.37
250831,0.37
250855,0.4
250867,0.43
250878,0.31
250887,0.36
250889,0.38
250890,0.42
250900,0.42
250904,0.42
250909,0.43
250913,0.47
250914,0.43
250915,0.39
250918,0.4
250922,0.34
250925,0.35
250939,0.38
250949,0.44
250956,0.37
250961,0.41
250963,0.43
250965,0.33
250968,0.34
250970,0.4
250981,0.42
250990,0.34
251001,0.35
251002,0.4
251011,0.36
251013,0.23
251021,0.36
251022,0.35
251029,0.44
251046,0.33
251047,0.37
251058,0.36
251063,0.34
251064,0.37
251073,0.47
251083,0.39
251085,0.48
251091,0.37
251096,0.46
251105,0.44
251115,0.58
251123,0.4
251133,0.38
251152,0.53
251165,0.35
251180,0.32
251196,0.39
251197,0.51
251214,0.38
251215,0.41
251217,0.45
251219,0.46
251233,0.35
251234,0.47
251245,0.37
251248,0.43
251255,0.33
251267,0.43
251272,0.49
251276,0.3
251288,0.44
251297,0.39
251298,0.42
251300,0.44
251301,0.39
251302,0.31
251303,0.3
251311,0.38
251314,0.41
251322,0.34
251324,0.38
251333,0.51
251336,0.52
251341,0.43
251346,0.43
251370,0.37
251378,0.37
251396,0.33
251401,0.4
251413,0.42
251422,0.38
251423,0.45
251434,0.48
251436,0.37
251443,0.36
251445,0.42
251455,0.49
251465,0.28
251470,0.39
251475,0.44
251488,0.42
251498,0.43
251504,0.49
251506,0.37
251530,0.41
251534,0.35
251538,0.52
251543,0.41
251557,0.4
251558,0.41
251567,0.35
251575,0.45
251579,0.3
251598,0.37
251599,0.3
251606,0.42
251608,0.38
251620,0.43
251624,0.5
251629,0.3
251631,0.43
251654,0.44
251671,0.3
251677,0.33
251682,0.38
251684,0.36
251689,0.51
251700,0.38
251716,0.48
251719,0.45
251727,0.45
251731,0.28
251732,0.49
251737,0.54
251744,0.37
251750,0.48
251754,0.33
251759,0.42
251761,0.48
251762,0.41
251765,0.4
251768,0.38
251770,0.31
251777,0.41
251786,0.3
251795,0.41
251805,0.4
251833,0.37
251839,0.37
251848,0.57
251851,0.32
251893,0.34
251909,0.4
251918,0.48
251920,0.41
251922,0.39
251923,0.41
251926,0.5
251933,0.41
251938,0.35
251948,0.32
251955,0.45
251956,0.34
251957,0.43
251964,0.31
251965,0.5
251966,0.4
251972,0.41
251980,0.47
252003,0.45
252016,0.36
252028,0.41
252032,0.4
252046,0.3
252054,0.35
252060,0.35
252073,0.51
252088,0.4
252092,0.44
252096,0.45
252113,0.37
252115,0.3
252121,0.45
252133,0.36
252135,0.4
252145,0.43
252151,0.4
252167,0.37
252169,0.45
252175,0.38
252189,0.37
252190,0.48
252191,0.38
252198,0.48
252212,0.39
252223,0.37
252224,0.43
252228,0.4
252253,0.35
252257,0.43
252261,0.45
252265,0.53
252272,0.41
252273,0.53
252286,0.49
252312,0.4
252322,0.53
252326,0.44
252332,0.49
252345,0.45
252348,0.41
252354,0.51
252358,0.38
252364,0.26
252366,0.44
252369,0.45
252374,0.41
252382,0.37
252417,0.42
252425,0.4
252426,0.41
252429,0.32
252434,0.46
252447,0.35
252450,0.36
252452,0.38
252460,0.28
252463,0.37
252465,0.41
252492,0.35
252493,0.43
252518,0.41
252522,0.51
252524,0.46
252531,0.39
252533,0.32
252540,0.38
252543,0.34
252544,0.37
252555,0.39
252558,0.38
252562,0.29
252565,0.43
252568,0.35
252569,0.45
252573,0.39
252582,0.4
252596,0.54
252599,0.35
252603,0.4
252606,0.36
252630,0.42
252636,0.42
252651,0.41
252653,0.31
252679,0.51
252682,0.42
252687,0.42
252713,0.4
252715,0.39
252721,0.39
252726,0.37
252746,0.39
252754,0.4
252760,0.3
252762,0.49
252763,0.36
252764,0.32
252768,0.41
252773,0.41
252774,0.45
252782,0.45
252784,0.47
252797,0.42
252798,0.42
252809,0.47
252819,0.43
252840,0.44
252862,0.39
252863,0.36
252865,0.3
252870,0.41
252880,0.36
252881,0.4
252888,0.45
252889,0.51
252894,0.37
252899,0.47
252911,0.43
252918,0.29
252926,0.35
252929,0.45
252932,0.37
252939,0.4
252940,0.35
252970,0.45
252971,0.32
252980,0.51
252981,0.52
252986,0.38
252990,0.48
253004,0.45
253011,0.38
253015,0.37
253022,0.42
253032,0.39
253044,0.41
253056,0.29
253065,0.41
253066,0.4
253067,0.43
253079,0.41
253088,0.37
253098,0.39
253099,0.3
253112,0.39
253113,0.44
253133,0.38
253149,0.4
253151,0.39
253153,0.4
253160,0.34
253164,0.42
253169,0.46
253177,0.36
253183,0.49
253198,0.44
253206,0.36
253214,0.47
253218,0.36
253224,0.33
253227,0.42
253231,0.26
253247,0.29
253251,0.35
253262,0.47
253264,0.36
253265,0.38
253273,0.47
253275,0.46
253278,0.37
253284,0.47
253298,0.38
253313,0.38
253317,0.36
253322,0.46
253326,0.29
253332,0.34
253338,0.4
253339,0.36
253346,0.43
253348,0.44
253350,0.33
253357,0.43
253363,0.38
253365,0.36
253369,0.44
253373,0.4
253378,0.42
253383,0.48
253392,0.49
253395,0.46
253398,0.4
253410,0.42
253419,0.36
253420,0.41
253421,0.39
253441,0.4
253442,0.47
253446,0.32
253447,0.39
253465,0.37
253488,0.41
253492,0.44
253499,0.6
253500,0.47
253501,0.51
253509,0.36
253521,0.42
253534,0.38
253544,0.32
253555,0.47
253557,0.43
253559,0.35
253583,0.38
253587,0.36
253589,0.39
253591,0.35
253596,0.43
253600,0.39
253605,0.46
253620,0.38
253628,0.42
253631,0.51
253634,0.36
253639,0.37
253641,0.44
253661,0.44
253672,0.38
253679,0.46
253683,0.33
253696,0.41
253706,0.45
253708,0.31
253712,0.4
253717,0.35
253720,0.4
253731,0.35
253734,0.41
253743,0.44
253744,0.39
253748,0.35
253754,0.41
253761,0.43
253787,0.44
253788,0.38
253796,0.48
253826,0.47
253829,0.5
253837,0.44
253841,0.43
253843,0.37
253844,0.41
253845,0.45
253849,0.46
253854,0.36
253861,0.38
253863,0.37
253875,0.37
253891,0.44
253894,0.4
253895,0.42
253918,0.41
253930,0.3
253939,0.41
253940,0.3
253945,0.4
253950,0.33
253951,0.41
253964,0.33
253967,0.37
253975,0.38
253986,0.39
253998,0.48
254017,0.41
254025,0.38
254026,0.3
254031,0.33
254035,0.34
254040,0.34
254042,0.38
254047,0.43
254051,0.41
254056,0.39
254060,0.51
254068,0.35
254073,0.46
254088,0.47
254100,0.38
254110,0.34
254115,0.3
254116,0.43
254125,0.42
254130,0.49
254135,0.48
254149,0.4
254161,0.31
254167,0.39
254176,0.44
254205,0.44
254226,0.45
254228,0.3
254238,0.33
254242,0.46
254257,0.51
254261,0.45
254280,0.56
254295,0.33
254316,0.42
254325,0.38
254326,0.41
254327,0.44
254335,0.42
254342,0.41
254347,0.34
254355,0.39
254358,0.4
254359,0.44
254368,0.31
254376,0.39
254382,0.44
254383,0.37
254390,0.46
254392,0.39
254394,0.33
254400,0.35
254406,0.51
254411,0.52
254421,0.39
254435,0.43
254437,0.37
254440,0.31
254460,0.44
254470,0.41
254471,0.38
254472,0.28
254483,0.51
254493,0.39
254513,0.36
254518,0.42
254520,0.45
254534,0.36
254537,0.4
254562,0.43
254567,0.28
254577,0.31
254578,0.47
254580,0.42
254586,0.37
254591,0.43
254593,0.32
254597,0.35
254599,0.44
254613,0.44
254629,0.41
254631,0.48
254633,0.34
254639,0.25
254642,0.3
254650,0.48
254659,0.3
254662,0.43
254671,0.41
254672,0.38
254674,0.33
254676,0.44
254679,0.42
254701,0.37
254722,0.37
254728,0.46
254742,0.4
254748,0.34
254750,0.39
254751,0.28
254753,0.39
254773,0.36
254783,0.38
254805,0.36
254806,0.42
254810,0.22
254817,0.48
254820,0.43
254829,0.35
254835,0.34
254837,0.47
254843,0.36
254850,0.45
254858,0.41
254861,0.54
254884,0.39
254885,0.35
254890,0.39
254910,0.37
254916,0.41
254917,0.32
254920,0.42
254926,0.37
254928,0.33
254930,0.37
254937,0.36
254940,0.35
254953,0.41
254956,0.31
254969,0.33
254982,0.42
254988,0.32
254998,0.34
255013,0.55
255017,0.4
255018,0.33
255029,0.35
255033,0.43
255035,0.43
255061,0.52
255067,0.38
255068,0.39
255070,0.41
255084,0.38
255096,0.33
255106,0.48
255114,0.36
255117,0.4
255135,0.5
255142,0.34
255143,0.32
255146,0.43
255155,0.48
255156,0.43
255158,0.32
255167,0.39
255172,0.45
255199,0.42
255204,0.44
255206,0.41
255210,0.42
255226,0.39
255230,0.38
255253,0.36
255259,0.35
255260,0.36
255278,0.42
255288,0.48
255312,0.46
255317,0.36
255319,0.45
255320,0.37
255322,0.37
255332,0.39
255337,0.4
255344,0.27
255347,0.44
255348,0.39
255351,0.39
255366,0.41
255371,0.44
255372,0.4
255373,0.47
255377,0.33
255378,0.35
255405,0.41
255408,0.34
255425,0.35
255434,0.44
255441,0.39
255442,0.37
255451,0.5
255486,0.38
255490,0.43
255493,0.35
255501,0.39
255503,0.54
255515,0.44
255522,0.39
255526,0.39
255538,0.39
255541,0.41
255546,0.39
255549,0.34
255557,0.39
255564,0.39
255568,0.37
255572,0.43
255581,0.38
255585,0.42
255586,0.44
255596,0.37
255598,0.32
255600,0.44
255619,0.38
255620,0.32
255623,0.49
255631,0.46
255632,0.33
255633,0.35
255646,0.52
255647,0.42
255649,0.44
255659,0.34
255666,0.35
255669,0.39
255674,0.43
255675,0.36
255678,0.47
255682,0.51
255690,0.4
255691,0.4
255694,0.41
255706,0.45
255717,0.32
255720,0.3
255723,0.29
255724,0.31
255729,0.44
255731,0.37
255733,0.37
255734,0.4
255738,0.31
255760,0.4
255766,0.36
255770,0.35
255772,0.38
255775,0.5
255776,0.32
255786,0.39
255795,0.35
255797,0.36
255810,0.46
255813,0.43
255829,0.37
255830,0.41
255832,0.34
255847,0.33
255853,0.38
255876,0.41
255881,0.39
255883,0.4
255891,0.39
255899,0.31
255900,0.34
255906,0.35
255907,0.41
255911,0.4
255921,0.39
255925,0.4
255930,0.37
255941,0.37
255948,0.42
255969,0.45
255973,0.38
255974,0.42
255976,0.28
255977,0.47
255978,0.37
255981,0.36
255988,0.54
255990,0.44
255992,0.35
255998,0.36
256015,0.38
256016,0.42
256036,0.38
256045,0.35
256050,0.41
256066,0.39
256076,0.5
256080,0.46
256083,0.39
256086,0.32
256103,0.45
256108,0.43
256114,0.34
256115,0.4
256139,0.52
256141,0.33
256146,0.39
256150,0.41
256177,0.34
256179,0.35
256194,0.35
256195,0.44
256200,0.4
256204,0.36
256205,0.41
256213,0.47
256222,0.44
256224,0.28
256235,0.4
256264,0.44
256268,0.36
256276,0.38
256277,0.38
256282,0.35
256285,0.34
256293,0.26
256294,0.36
256296,0.45
256297,0.36
256315,0.47
256317,0.34
256334,0.5
256339,0.38
256342,0.4
256345,0.42
256348,0.36
256350,0.38
256351,0.36
256357,0.39
256375,0.49
256377,0.45
256379,0.46
256392,0.34
256398,0.39
256419,0.41
256422,0.37
256424,0.44
256431,0.35
256432,0.41
256438,0.39
256459,0.46
256460,0.46
256506,0.5
256507,0.33
256511,0.47
256513,0.38
256519,0.3
256533,0.47
256539,0.3
256590,0.36
256606,0.4
256614,0.33
256642,0.39
256644,0.33
256653,0.41
256663,0.41
256666,0.5
256669,0.37
256678,0.21
256685,0.52
256705,0.32
256708,0.38
256713,0.45
256715,0.47
256718,0.38
256745,0.34
256752,0.36
256753,0.44
256754,0.43
256763,0.52
256772,0.41
256773,0.37
256774,0.45
256776,0.44
256783,0.43
256790,0.43
256801,0.42
256802,0.45
256803,0.42
256808,0.32
256809,0.33
256810,0.43
256818,0.44
256824,0.33
256825,0.53
256826,0.41
256829,0.45
256834,0.37
256843,0.46
256866,0.39
256875,0.51
256876,0.34
256887,0.38
256888,0.46
256894,0.38
256909,0.39
256918,0.33
256927,0.39
256931,0.37
256933,0.41
256937,0.37
256950,0.38
256955,0.33
256962,0.38
256972,0.28
256985,0.38
256987,0.5
256993,0.38
257000,0.31
257017,0.25
257019,0.38
257020,0.45
257022,0.36
257023,0.45
257025,0.43
257050,0.49
257056,0.34
257060,0.38
257064,0.33
257066,0.35
257071,0.41
257073,0.29
257076,0.44
257084,0.44
257088,0.55
257102,0.44
257118,0.4
257119,0.4
257120,0.4
257131,0.33
257145,0.42
257150,0.36
257154,0.42
257169,0.42
257192,0.4
257200,0.3
257204,0.39
257205,0.33
257213,0.36
257216,0.34
257219,0.44
257232,0.31
257234,0.35
257244,0.46
257251,0.35
257255,0.37
257260,0.29
257263,0.44
257267,0.41
257277,0.37
257293,0.45
257294,0.35
257304,0.38
257307,0.38
257312,0.36
257324,0.48
257325,0.42
257326,0.4
257353,0.35
257354,0.47
257369,0.49
257372,0.41
257375,0.41
257388,0.48
257393,0.43
257395,0.35
257399,0.44
257406,0.42
257409,0.43
257437,0.5
257441,0.38
257442,0.33
257473,0.43
257476,0.34
257477,0.49
257483,0.4
257500,0.49
257506,0.49
257508,0.38
257511,0.34
257514,0.31
257527,0.42
257528,0.33
257545,0.33
257546,0.35
257548,0.38
257551,0.47
257564,0.38
257565,0.51
257567,0.37
257572,0.4
257575,0.47
257577,0.41
257578,0.37
257585,0.4
257589,0.44
257590,0.43
257594,0.41
257596,0.33
257614,0.44
257618,0.52
257624,0.43
257632,0.42
257638,0.41
257644,0.44
257650,0.45
257653,0.35
257660,0.42
257663,0.39
257665,0.4
257677,0.4
257678,0.38
257690,0.43
257700,0.45
257711,0.4
257712,0.48
257715,0.33
257718,0.28
257720,0.44
257740,0.41
257748,0.45
257765,0.4
257768,0.4
257777,0.35
257778,0.43
257785,0.45
257789,0.36
257794,0.48
257796,0.38
257821,0.37
257823,0.45
257832,0.42
257844,0.42
257848,0.39
257854,0.37
257861,0.51
257872,0.42
257875,0.43
257876,0.38
257883,0.34
257888,0.35
257895,0.53
257900,0.36
257906,0.34
257907,0.4
257920,0.38
257921,0.33
257926,0.29
257932,0.28
257940,0.33
257947,0.37
257953,0.34
257958,0.34
257967,0.45
257977,0.35
257986,0.35
258012,0.41
258013,0.36
258031,0.32
258034,0.37
258037,0.49
258051,0.48
258056,0.39
258058,0.44
258066,0.33
258074,0.41
258077,0.33
258090,0.43
258109,0.35
258114,0.35
258124,0.4
258127,0.45
258141,0.34
258148,0.35
258151,0.37
258163,0.42
258166,0.32
258169,0.37
258179,0.51
258190,0.44
258193,0.36
258207,0.44
258220,0.4
258222,0.37
258223,0.42
258225,0.36
258227,0.4
258231,0.32
258233,0.49
258249,0.38
258255,0.31
258259,0.37
258276,0.32
258281,0.48
258302,0.41
258305,0.48
258310,0.4
258334,0.39
258335,0.36
258338,0.36
258345,0.39
258360,0.4
258363,0.42
258381,0.46
258384,0.38
258387,0.4
258400,0.47
258402,0.41
258406,0.42
258408,0.38
258432,0.41
258443,0.36
258461,0.37
258488,0.47
258489,0.48
258508,0.55
258524,0.38
258527,0.37
258545,0.38
258549,0.38
258560,0.4
258565,0.44
258567,0.38
258575,0.4
258590,0.34
258591,0.4
258592,0.42
258603,0.34
258606,0.37
258610,0.34
258627,0.44
258631,0.38
258637,0.33
258638,0.47
258640,0.41
258645,0.41
258651,0.52
258652,0.38
258653,0.38
258662,0.39
258663,0.4
258671,0.43
258679,0.36
258685,0.49
258686,0.53
258697,0.35
258705,0.47
258723,0.36
258724,0.4
258734,0.31
258763,0.49
258764,0.42
258771,0.41
258773,0.38
258782,0.44
258784,0.46
258790,0.37
258811,0.38
258817,0.46
258818,0.44
258832,0.35
258837,0.41
258841,0.47
258842,0.36
258843,0.44
258860,0.46
258875,0.41
258881,0.37
258887,0.36
258889,0.4
258924,0.32
258925,0.45
258948,0.3
258949,0.42
258963,0.49
258964,0.43
258966,0.47
258973,0.39
258974,0.54
258979,0.36
258989,0.45
258997,0.43
259001,0.32
259013,0.54
259018,0.52
259020,0.41
259031,0.36
259044,0.46
259050,0.45
259064,0.4
259078,0.41
259088,0.49
259124,0.32
259125,0.44
259135,0.41
259137,0.35
259146,0.39
259148,0.44
259168,0.4
259178,0.45
259194,0.43
259198,0.4
259204,0.38
259209,0.44
259223,0.41
259228,0.47
259234,0.63
259237,0.42
259246,0.33
259247,0.38
259249,0.43
259264,0.46
259274,0.29
259281,0.42
259283,0.42
259284,0.47
259285,0.39
259286,0.42
259291,0.47
259304,0.43
259309,0.37
259322,0.37
259323,0.35
259331,0.49
259339,0.39
259344,0.37
259350,0.4
259353,0.43
259356,0.56
259365,0.45
259377,0.29
259397,0.34
259403,0.4
259411,0.29
259415,0.36
259420,0.47
259423,0.34
259424,0.43
259431,0.45
259434,0.31
259438,0.38
259439,0.39
259441,0.36
259452,0.43
259460,0.45
259471,0.4
259483,0.5
259494,0.42
259496,0.34
259500,0.28
259512,0.43
259526,0.36
259528,0.33
259548,0.41
259568,0.42
259593,0.47
259603,0.54
259611,0.3
259620,0.37
259621,0.56
259623,0.46
259633,0.4
259648,0.39
259678,0.41
259691,0.39
259693,0.33
259708,0.33
259720,0.45
259734,0.5
259741,0.45
259749,0.37
259750,0.4
259752,0.33
259755,0.35
259759,0.39
259776,0.45
259779,0.43
259790,0.44
259797,0.45
259799,0.4
259804,0.32
259807,0.53
259810,0.47
259811,0.4
259822,0.28
259833,0.37
259838,0.32
259844,0.41
259846,0.34
259848,0.27
259861,0.31
259867,0.36
259876,0.36
259880,0.38
259897,0.37
259908,0.4
259912,0.38
259920,0.51
259922,0.39
259928,0.37
259932,0.45
259946,0.33
259962,0.59
259982,0.39
259985,0.5
259994,0.36
259996,0.52
260000,0.34
260007,0.52
260018,0.34
260021,0.46
260038,0.49
260051,0.42
260052,0.33
260070,0.29
260074,0.5
260080,0.4
260092,0.32
260097,0.35
260101,0.31
260108,0.4
260117,0.41
260129,0.42
260142,0.35
260145,0.44
260146,0.46
260147,0.46
260148,0.5
260153,0.32
260156,0.46
260171,0.36
260202,0.39
260221,0.43
260222,0.36
260226,0.41
260227,0.3
260247,0.49
260251,0.41
260261,0.29
260264,0.41
260266,0.35
260268,0.45
260289,0.34
260301,0.34
260316,0.42
260348,0.35
260359,0.36
260364,0.41
260391,0.42
260422,0.43
260435,0.41
260438,0.35
260446,0.38
260447,0.52
260458,0.28
260461,0.32
260469,0.42
260471,0.37
260482,0.36
260484,0.42
260487,0.31
260489,0.35
260500,0.57
260508,0.38
260509,0.44
260512,0.31
260525,0.45
260530,0.42
260533,0.39
260538,0.4
260541,0.49
260546,0.48
260551,0.45
260556,0.43
260561,0.42
260566,0.41
260572,0.45
260579,0.42
260582,0.41
260583,0.32
260584,0.45
260586,0.4
260589,0.34
260608,0.4
260632,0.42
260634,0.39
260635,0.39
260645,0.39
260659,0.39
260665,0.44
260673,0.49
260675,0.39
260676,0.34
260700,0.48
260721,0.44
260723,0.39
260732,0.4
260738,0.39
260748,0.47
260782,0.41
260806,0.44
260820,0.53
260825,0.28
260830,0.38
260844,0.38
260858,0.33
260860,0.32
260863,0.38
260867,0.42
260875,0.35
260877,0.36
260902,0.51
260910,0.44
260913,0.39
260923,0.35
260926,0.47
260936,0.38
260937,0.49
260948,0.33
260949,0.4
260959,0.39
260962,0.39
260986,0.43
260988,0.44
260992,0.4
260997,0.42
261007,0.41
261031,0.24
261039,0.34
261044,0.41
261055,0.38
261058,0.36
261069,0.33
261079,0.4
261084,0.43
261097,0.39
261101,0.37
261111,0.35
261115,0.46
261116,0.46
261121,0.46
261124,0.38
261126,0.31
261132,0.35
261161,0.33
261162,0.4
261175,0.34
261187,0.48
261191,0.39
261195,0.38
261197,0.42
261204,0.34
261231,0.34
261248,0.35
261263,0.42
261268,0.34
261273,0.39
261274,0.3
261277,0.43
261283,0.39
261293,0.46
261302,0.42
261309,0.42
261318,0.36
261340,0.39
261346,0.34
261355,0.3
261357,0.39
261365,0.46
261366,0.37
261376,0.39
261380,0.36
261385,0.47
261403,0.42
261416,0.43
261424,0.42
261425,0.35
261431,0.36
261433,0.36
261435,0.36
261440,0.48
261450,0.44
261456,0.45
261464,0.47
261465,0.34
261473,0.47
261475,0.38
261476,0.39
261480,0.39
261481,0.49
261495,0.42
261500,0.52
261506,0.42
261544,0.39
261551,0.35
261566,0.44
261573,0.33
261587,0.35
261592,0.42
261594,0.38
261626,0.5
261635,0.45
261649,0.38
261653,0.4
261660,0.47
261668,0.31
261669,0.41
261676,0.38
261688,0.46
261691,0.36
261699,0.42
261704,0.56
261718,0.43
261719,0.45
261735,0.41
261742,0.38
261746,0.49
261749,0.35
261759,0.37
261763,0.44
261772,0.32
261795,0.38
261798,0.41
261804,0.45
261806,0.3
261813,0.33
261814,0.37
261827,0.36
261835,0.28
261839,0.43
261840,0.46
261845,0.41
261846,0.37
261850,0.41
261853,0.43
261870,0.47
261871,0.41
261883,0.44
261885,0.42
261888,0.51
261892,0.42
261895,0.41
261906,0.39
261912,0.45
261918,0.43
261926,0.4
261930,0.32
261947,0.4
261956,0.28
261958,0.36
261960,0.38
261961,0.36
261965,0.53
261967,0.46
261968,0.31
261974,0.43
261980,0.4
261981,0.39
261983,0.38
261992,0.5
261998,0.36
262002,0.48
262006,0.34
262014,0.38
262017,0.41
262021,0.39
262038,0.42
262040,0.28
262043,0.5
262052,0.46
262054,0.4
262056,0.41
262058,0.33
262062,0.42
262065,0.43
262067,0.37
262070,0.43
262078,0.4
262084,0.28
262091,0.48
262092,0.42
262112,0.41
262114,0.42
262132,0.38
262140,0.44
262152,0.43
262159,0.5
262172,0.54
262180,0.53
262181,0.4
262188,0.57
262202,0.43
262206,0.46
262213,0.4
262227,0.45
262239,0.42
262243,0.36
262246,0.28
262251,0.46
262269,0.27
262272,0.45
262276,0.26
262277,0.41
262278,0.34
262281,0.38
262298,0.3
262308,0.3
262316,0.33
262320,0.37
262321,0.41
262337,0.41
262354,0.47
262362,0.33
262364,0.34
262365,0.43
262372,0.33
262373,0.43
262380,0.27
262392,0.43
262399,0.3
262407,0.5
262418,0.44
262429,0.51
262430,0.36
262446,0.46
262455,0.28
262459,0.42
262475,0.37
262478,0.34
262492,0.33
262520,0.45
262535,0.48
262537,0.34
262538,0.42
262541,0.34
262554,0.47
262559,0.37
262561,0.45
262562,0.35
262575,0.38
262576,0.38
262579,0.43
262581,0.45
262590,0.37
262599,0.33
262607,0.36
262608,0.43
262613,0.37
262620,0.34
262621,0.57
262622,0.37
262623,0.33
262629,0.4
262633,0.44
262650,0.43
262655,0.36
262659,0.33
262660,0.36
262663,0.36
262665,0.42
262666,0.36
262679,0.27
262681,0.37
262702,0.45
262705,0.33
262716,0.29
262725,0.43
262732,0.35
262743,0.25
262749,0.41
262752,0.38
262756,0.34
262758,0.48
262772,0.42
262784,0.38
262791,0.36
262793,0.41
262802,0.4
262814,0.42
262817,0.31
262820,0.33
262827,0.48
262832,0.39
262845,0.44
262847,0.38
262859,0.41
262862,0.4
262864,0.46
262865,0.42
262887,0.34
262914,0.41
262939,0.34
262943,0.36
262958,0.29
262963,0.4
262970,0.36
262979,0.47
262986,0.38
263004,0.34
263015,0.33
263016,0.42
263028,0.4
263029,0.48
263031,0.44
263044,0.39
263046,0.46
263056,0.4
263059,0.32
263061,0.49
263077,0.41
263087,0.38
263105,0.42
263116,0.46
263120,0.4
263127,0.41
263137,0.36
263166,0.4
263175,0.39
263184,0.36
263185,0.46
263205,0.38
263208,0.33
263210,0.45
263220,0.43
263224,0.41
263228,0.41
263240,0.26
263243,0.27
263288,0.35
263290,0.44
263306,0.34
263312,0.44
263319,0.42
263326,0.37
263331,0.36
263339,0.54
263347,0.38
263353,0.41
263355,0.39
263368,0.35
263408,0.4
263414,0.34
263421,0.37
263440,0.39
263458,0.38
263460,0.41
263475,0.39
263477,0.34
263479,0.34
263489,0.45
263492,0.37
263493,0.35
263498,0.41
263510,0.4
263513,0.43
263514,0.36
263517,0.36
263518,0.43
263548,0.38
263561,0.36
263564,0.32
263565,0.4
263576,0.39
263580,0.4
263582,0.41
263584,0.35
263593,0.38
263594,0.49
263598,0.38
263602,0.39
263611,0.35
263640,0.29
263642,0.34
263643,0.44
263646,0.41
263658,0.4
263664,0.37
263683,0.41
263703,0.5
263705,0.44
263709,0.32
263715,0.3
263728,0.41
263732,0.55
263735,0.35
263748,0.42
263750,0.39
263751,0.39
263759,0.41
263763,0.37
263765,0.34
263780,0.4
263783,0.44
263786,0.47
263794,0.45
263799,0.37
263802,0.48
263803,0.41
263820,0.33
263846,0.37
263857,0.31
263858,0.29
263860,0.4
263864,0.35
263870,0.39
263879,0.37
263881,0.43
263882,0.38
263895,0.41
263909,0.4
263918,0.33
263940,0.42
263945,0.3
263946,0.39
263947,0.42
263948,0.3
263962,0.32
263972,0.47
263974,0.32
263981,0.45
263984,0.32
263992,0.43
264001,0.32
264007,0.44
264010,0.32
264011,0.46
264015,0.35
264023,0.41
264030,0.53
264033,0.37
264037,0.36
264043,0.41
264044,0.39
264045,0.44
264050,0.48
264055,0.48
264059,0.32
264060,0.39
264062,0.43
264069,0.37
264077,0.39
264078,0.43
264087,0.46
264094,0.53
264095,0.42
264112,0.43
264113,0.46
264131,0.41
264145,0.42
264148,0.41
264157,0.48
264161,0.45
264173,0.4
264188,0.4
264195,0.44
264198,0.34
264199,0.37
264207,0.39
264209,0.4
264226,0.43
264227,0.46
264243,0.34
264246,0.41
264252,0.34
264254,0.37
264259,0.43
264274,0.34
264280,0.38
264285,0.49
264299,0.37
264331,0.42
264334,0.53
264338,0.26
264341,0.33
264344,0.32
264347,0.38
264350,0.43
264360,0.34
264365,0.33
264367,0.39
264378,0.42
264381,0.54
264397,0.43
264401,0.37
264405,0.39
264417,0.36
264422,0.28
264423,0.5
264424,0.33
264436,0.51
264441,0.32
264451,0.3
264453,0.35
264457,0.48
264460,0.36
264464,0.38
264469,0.4
264485,0.25
264491,0.37
264505,0.33
264535,0.41
264538,0.46
264541,0.26
264544,0.37
264545,0.42
264549,0.56
264557,0.36
264563,0.48
264569,0.32
264574,0.35
264587,0.32
264608,0.3
264610,0.49
264621,0.35
264627,0.46
264642,0.48
264644,0.38
264655,0.49
264660,0.39
264667,0.43
264691,0.41
264694,0.44
264695,0.39
264700,0.5
264709,0.34
264712,0.42
264714,0.42
264722,0.39
264728,0.36
264742,0.34
264744,0.38
264748,0.35
264760,0.41
264763,0.35
264771,0.33
264773,0.29
264782,0.49
264786,0.42
264787,0.47
264809,0.41
264811,0.35
264822,0.35
264823,0.39
264831,0.36
264834,0.51
264841,0.4
264848,0.44
264849,0.41
264863,0.41
264867,0.41
264874,0.47
264875,0.41
264877,0.46
264897,0.42
264900,0.49
264906,0.38
264909,0.35
264913,0.31
264922,0.34
264924,0.36
264927,0.31
264935,0.35
264938,0.47
264968,0.4
264975,0.48
264979,0.47
264989,0.33
265001,0.48
265009,0.45
265014,0.38
265016,0.46
265027,0.48
265049,0.33
265061,0.44
265062,0.32
265068,0.39
265072,0.37
265100,0.36
265105,0.41
265106,0.32
265110,0.38
265123,0.46
265126,0.46
265131,0.46
265134,0.43
265144,0.42
265146,0.41
265154,0.33
265164,0.43
265170,0.39
265172,0.33
265173,0.35
265178,0.35
265187,0.39
265191,0.39
265194,0.48
265216,0.39
265228,0.35
265231,0.51
265232,0.37
265233,0.41
265242,0.4
265243,0.39
265246,0.29
265259,0.52
265265,0.32
265266,0.32
265268,0.47
265280,0.39
265287,0.31
265297,0.43
265298,0.52
265300,0.45
265301,0.45
265305,0.36
265307,0.37
265314,0.39
265320,0.44
265331,0.4
265333,0.37
265336,0.39
265337,0.42
265344,0.44
265346,0.36
265371,0.36
265380,0.33
265386,0.38
265389,0.41
265409,0.43
265414,0.34
265415,0.33
265419,0.31
265422,0.37
265457,0.36
265461,0.47
265463,0.38
265468,0.35
265474,0.48
265478,0.4
265480,0.38
265488,0.42
265493,0.4
265510,0.52
265519,0.43
265521,0.37
265529,0.48
265533,0.39
265577,0.4
265591,0.39
265596,0.34
265607,0.4
265618,0.43
265619,0.37
265620,0.57
265628,0.4
265661,0.34
265669,0.46
265680,0.48
265707,0.42
265714,0.34
265716,0.4
265717,0.31
265718,0.42
265723,0.45
265730,0.33
265732,0.44
265744,0.41
265751,0.37
265760,0.41
265777,0.35
265783,0.36
265791,0.32
265792,0.36
265797,0.35
265798,0.36
265806,0.49
265815,0.36
265816,0.38
265821,0.4
265833,0.31
265854,0.43
265856,0.41
265858,0.33
265862,0.41
265863,0.5
265879,0.44
265881,0.36
265894,0.5
265895,0.5
265896,0.44
265898,0.47
265900,0.39
265907,0.36
265910,0.5
265917,0.38
265941,0.42
265955,0.43
265957,0.36
265961,0.45
265966,0.42
265969,0.44
265974,0.35
265976,0.38
265979,0.44
265985,0.36
265988,0.46
265990,0.39
265991,0.38
265993,0.33
265995,0.35
266009,0.4
266010,0.47
266014,0.41
266020,0.36
266022,0.36
266029,0.47
266045,0.39
266057,0.41
266060,0.44
266065,0.3
266071,0.39
266072,0.44
266074,0.35
266076,0.58
266089,0.36
266091,0.39
266097,0.37
266099,0.34
266106,0.42
266117,0.48
266120,0.44
266129,0.35
266132,0.44
266139,0.42
266140,0.5
266141,0.38
266146,0.41
266149,0.33
266159,0.43
266165,0.36
266171,0.5
266173,0.34
266177,0.39
266179,0.29
266186,0.44
266210,0.36
266227,0.48
266266,0.44
266291,0.4
266319,0.35
266321,0.47
266323,0.33
266329,0.31
266331,0.41
266333,0.38
266334,0.41
266338,0.37
266340,0.42
266344,0.42
266354,0.44
266359,0.36
266362,0.35
266364,0.37
266365,0.37
266379,0.48
266380,0.43
266387,0.36
266393,0.49
266396,0.43
266406,0.41
266418,0.43
266424,0.32
266440,0.5
266442,0.37
266444,0.4
266453,0.47
266455,0.46
266461,0.34
266462,0.36
266465,0.36
266466,0.4
266468,0.51
266471,0.39
266479,0.44
266499,0.4
266536,0.37
266543,0.42
266544,0.39
266556,0.37
266561,0.36
266573,0.45
266578,0.39
266590,0.44
266596,0.38
266624,0.37
266629,0.41
266635,0.3
266644,0.39
266650,0.36
266659,0.47
266666,0.38
266668,0.5
266674,0.38
266680,0.49
266686,0.48
266714,0.39
266730,0.39
266734,0.36
266740,0.52
266745,0.36
266749,0.5
266750,0.36
266751,0.34
266752,0.4
266753,0.41
266759,0.49
266763,0.44
266766,0.24
266783,0.29
266805,0.39
266812,0.41
266813,0.47
266816,0.42
266819,0.46
266820,0.35
266833,0.39
266842,0.41
266847,0.34
266848,0.37
266865,0.39
266867,0.42
266874,0.51
266885,0.4
266888,0.46
266890,0.47
266932,0.47
266941,0.45
266942,0.36
266948,0.38
266959,0.39
266977,0.4
266983,0.37
266984,0.47
266999,0.32
267000,0.51
267023,0.37
267031,0.46
267035,0.33
267046,0.37
267050,0.41
267058,0.41
267070,0.38
267079,0.36
267080,0.49
267093,0.38
267094,0.48
267102,0.38
267107,0.28
267108,0.42
267113,0.31
267127,0.44
267136,0.41
267143,0.45
267155,0.45
267180,0.29
267182,0.37
267184,0.41
267192,0.37
267195,0.44
267220,0.44
267228,0.41
267237,0.52
267241,0.5
267242,0.47
267247,0.5
267259,0.55
267260,0.39
267265,0.32
267269,0.37
267272,0.43
267275,0.28
267282,0.35
267284,0.59
267294,0.34
267298,0.49
267304,0.41
267316,0.42
267324,0.43
267327,0.33
267333,0.32
267338,0.45
267341,0.39
267342,0.37
267344,0.43
267345,0.41
267347,0.31
267361,0.44
267374,0.33
267379,0.38
267380,0.42
267382,0.38
267394,0.31
267403,0.38
267405,0.4
267412,0.28
267421,0.46
267437,0.46
267438,0.42
267443,0.37
267446,0.34
267460,0.41
267466,0.46
267469,0.49
267474,0.4
267488,0.4
267490,0.28
267496,0.44
267499,0.44
267501,0.4
267518,0.46
267522,0.45
267524,0.3
267532,0.31
267535,0.36
267547,0.38
267550,0.4
267559,0.4
267581,0.34
267586,0.56
267588,0.39
267592,0.51
267597,0.44
267600,0.34
267608,0.43
267620,0.42
267625,0.46
267628,0.43
267633,0.32
267639,0.29
267649,0.43
267659,0.33
267662,0.33
267671,0.34
267672,0.38
267677,0.41
267679,0.46
267682,0.46
267687,0.45
267689,0.38
267690,0.44
267707,0.41
267709,0.31
267716,0.24
267738,0.45
267744,0.38
267752,0.37
267754,0.42
267755,0.43
267757,0.38
267758,0.37
267767,0.5
267771,0.4
267808,0.38
267815,0.53
267833,0.43
267841,0.34
267843,0.32
267847,0.36
267857,0.37
267869,0.55
267881,0.46
267887,0.34
267890,0.4
267892,0.45
267895,0.3
267899,0.39
267906,0.45
267912,0.34
267917,0.32
267927,0.44
267930,0.34
267934,0.33
267950,0.3
267965,0.35
267966,0.34
267976,0.38
267998,0.47
267999,0.33
268012,0.49
268013,0.28
268014,0.49
268020,0.39
268028,0.5
268032,0.37
268039,0.37
268041,0.36
268046,0.43
268059,0.39
268064,0.41
268066,0.46
268073,0.35
268077,0.34
268085,0.43
268090,0.42
268109,0.43
268139,0.38
268151,0.35
268153,0.44
268155,0.52
268163,0.3
268166,0.44
268185,0.41
268189,0.4
268190,0.33
268192,0.42
268211,0.42
268213,0.51
268214,0.34
268220,0.54
268225,0.39
268227,0.4
268230,0.48
268247,0.47
268250,0.35
268268,0.42
268269,0.38
268271,0.4
268274,0.42
268280,0.48
268291,0.46
268299,0.46
268301,0.34
268306,0.49
268307,0.47
268310,0.44
268317,0.44
268328,0.46
268329,0.3
268337,0.44
268338,0.44
268357,0.32
268363,0.28
268373,0.37
268380,0.46
268386,0.43
268394,0.38
268407,0.37
268411,0.46
268417,0.44
268421,0.46
268422,0.38
268426,0.48
268427,0.39
268439,0.4
268445,0.48
268446,0.46
268459,0.42
268465,0.34
268466,0.39
268495,0.37
268497,0.42
268504,0.39
268508,0.38
268513,0.49
268525,0.41
268545,0.42
268546,0.34
268550,0.38
268568,0.36
268570,0.47
268590,0.39
268591,0.45
268602,0.44
268609,0.42
268616,0.39
268623,0.38
268645,0.4
268652,0.45
268668,0.44
268685,0.39
268707,0.46
268711,0.39
268714,0.39
268736,0.34
268746,0.39
268747,0.36
268749,0.35
268760,0.45
268761,0.34
268764,0.5
268781,0.25
268790,0.34
268799,0.4
268809,0.39
268814,0.4
268817,0.4
268822,0.39
268827,0.38
268828,0.4
268829,0.45
268845,0.33
268853,0.35
268859,0.39
268900,0.25
268911,0.39
268913,0.47
268917,0.46
268930,0.41
268934,0.35
268935,0.43
268938,0.46
268948,0.5
268950,0.37
268958,0.44
268975,0.31
268982,0.36
268983,0.39
268997,0.32
269009,0.43
269012,0.43
269017,0.33
269031,0.42
269038,0.52
269041,0.41
269045,0.39
269050,0.34
269056,0.49
269058,0.42
269060,0.41
269067,0.46
269082,0.39
269098,0.46
269105,0.3
269117,0.47
269123,0.51
269128,0.33
269143,0.35
269149,0.46
269162,0.35
269168,0.56
269172,0.35
269175,0.42
269189,0.35
269194,0.32
269197,0.36
269204,0.43
269211,0.32
269217,0.38
269222,0.37
269227,0.36
269228,0.45
269232,0.39
269250,0.44
269251,0.34
269257,0.47
269262,0.35
269263,0.39
269267,0.42
269275,0.39
269276,0.43
269279,0.43
269293,0.45
269300,0.38
269305,0.43
269309,0.4
269317,0.38
269352,0.42
269377,0.43
269378,0.36
269389,0.54
269392,0.41
269394,0.38
269402,0.43
269408,0.44
269410,0.4
269417,0.46
269421,0.44
269462,0.53
269481,0.37
269488,0.46
269489,0.33
269491,0.31
269495,0.37
269503,0.43
269510,0.37
269515,0.47
269522,0.41
269523,0.45
269536,0.26
269537,0.39
269549,0.37
269571,0.46
269576,0.3
269587,0.35
269595,0.4
269601,0.41
269610,0.46
269618,0.42
269620,0.37
269623,0.55
269637,0.27
269642,0.45
269652,0.41
269655,0.43
269661,0.36
269663,0.34
269665,0.39
269666,0.38
269667,0.45
269673,0.36
269693,0.33
269701,0.42
269702,0.49
269704,0.41
269718,0.38
269727,0.31
269732,0.45
269736,0.35
269738,0.43
269741,0.36
269744,0.4
269749,0.47
269750,0.37
269758,0.36
269775,0.49
269776,0.34
269777,0.47
269789,0.34
269794,0.31
269797,0.29
269807,0.44
269813,0.39
269844,0.45
269848,0.54
269871,0.37
269877,0.38
269878,0.39
269887,0.3
269904,0.41
269913,0.44
269938,0.33
269941,0.42
269953,0.39
269954,0.44
269955,0.5
269958,0.37
269960,0.42
269966,0.41
269975,0.33
269978,0.42
269989,0.4
269993,0.38
269998,0.46
270001,0.42
270020,0.47
270023,0.43
270028,0.37
270048,0.44
270061,0.52
270062,0.29
270096,0.39
270108,0.37
270118,0.4
270120,0.5
270122,0.32
270127,0.37
270131,0.3
270142,0.42
270146,0.38
270148,0.31
270152,0.35
270165,0.33
270170,0.34
270188,0.41
270204,0.33
270235,0.42
270243,0.52
270254,0.49
270265,0.45
270270,0.43
270287,0.44
270295,0.41
270296,0.34
270302,0.43
270304,0.41
270307,0.37
270310,0.42
270317,0.37
270324,0.4
270326,0.36
270337,0.46
270363,0.41
270371,0.32
270373,0.43
270375,0.4
270376,0.47
270379,0.35
270383,0.41
270390,0.44
270393,0.31
270402,0.43
270410,0.51
270411,0.47
270412,0.38
270415,0.35
270417,0.43
270436,0.32
270440,0.4
270449,0.34
270450,0.45
270457,0.39
270460,0.4
270461,0.41
270467,0.34
270473,0.41
270486,0.36
270488,0.33
270513,0.49
270518,0.53
270522,0.39
270526,0.37
270532,0.41
270545,0.39
270548,0.47
270550,0.49
270562,0.43
270564,0.44
270571,0.42
270572,0.44
270574,0.36
270575,0.42
270579,0.45
270612,0.41
270613,0.39
270622,0.39
270636,0.37
270643,0.49
270644,0.4
270645,0.4
270658,0.42
270661,0.41
270665,0.48
270676,0.37
270685,0.36
270695,0.39
270712,0.41
270719,0.54
270740,0.44
270753,0.38
270756,0.41
270759,0.39
270760,0.4
270764,0.47
270767,0.42
270778,0.42
270782,0.44
270794,0.44
270795,0.31
270799,0.37
270807,0.39
270821,0.39
270826,0.44
270829,0.38
270831,0.32
270843,0.43
270844,0.43
270847,0.44
270854,0.37
270856,0.36
270861,0.34
270862,0.41
270864,0.43
270881,0.33
270883,0.36
270885,0.49
270888,0.44
270894,0.32
270906,0.51
270914,0.44
270919,0.39
270935,0.44
270945,0.43
270957,0.43
270966,0.33
270970,0.42
270971,0.35
270976,0.47
270977,0.45
270978,0.33
270979,0.3
270982,0.28
270987,0.52
270989,0.46
270991,0.4
270992,0.39
270993,0.39
270997,0.45
271010,0.41
271025,0.43
271037,0.38
271038,0.47
271054,0.35
271056,0.45
271065,0.39
271070,0.42
271095,0.4
271099,0.34
271102,0.42
271103,0.42
271105,0.4
271106,0.38
271117,0.43
271134,0.42
271135,0.41
271137,0.33
271145,0.39
271149,0.52
271195,0.31
271199,0.46
271200,0.43
271220,0.47
271233,0.46
271234,0.35
271236,0.41
271248,0.39
271250,0.47
271251,0.34
271255,0.47
271261,0.43
271269,0.34
271276,0.44
271296,0.53
271304,0.41
271314,0.45
271318,0.31
271322,0.43
271325,0.39
271354,0.5
271355,0.3
271359,0.54
271361,0.38
271363,0.43
271367,0.45
271368,0.37
271369,0.42
271393,0.35
271409,0.39
271415,0.41
271418,0.34
271429,0.37
271431,0.45
271432,0.42
271442,0.41
271446,0.43
271448,0.43
271450,0.5
271452,0.49
271460,0.4
271461,0.4
271472,0.46
271496,0.39
271515,0.42
271527,0.49
271537,0.31
271544,0.36
271562,0.33
271565,0.42
271566,0.33
271567,0.36
271570,0.54
271576,0.36
271582,0.43
271586,0.38
271593,0.35
271598,0.38
271606,0.5
271607,0.39
271616,0.37
271617,0.38
271624,0.37
271638,0.47
271652,0.53
271657,0.39
271662,0.36
271665,0.36
271667,0.34
271670,0.32
271675,0.49
271679,0.46
271682,0.36
271696,0.45
271699,0.36
271733,0.49
271739,0.43
271746,0.34
271753,0.33
271756,0.31
271762,0.38
271777,0.36
271781,0.37
271785,0.3
271786,0.33
271790,0.39
271801,0.4
271806,0.37
271807,0.34
271810,0.41
271811,0.35
271815,0.36
271847,0.37
271875,0.34
271878,0.38
271880,0.48
271883,0.36
271911,0.31
271912,0.34
271914,0.38
271922,0.36
271933,0.44
271945,0.42
271952,0.46
271954,0.41
271961,0.5
271967,0.4
271969,0.42
271980,0.4
271989,0.35
271991,0.39
272000,0.38
272004,0.3
272010,0.35
272013,0.53
272029,0.44
272030,0.39
272031,0.42
272035,0.43
272040,0.4
272043,0.38
272055,0.39
272068,0.45
272075,0.41
272081,0.49
272090,0.39
272104,0.3
272116,0.36
272121,0.44
272129,0.46
272143,0.42
272146,0.41
272148,0.49
272152,0.43
272167,0.34
272180,0.33
272192,0.39
272201,0.29
272205,0.37
272209,0.42
272211,0.45
272228,0.42
272233,0.45
272235,0.35
272249,0.48
272267,0.37
272270,0.31
272276,0.5
272302,0.53
272303,0.39
272308,0.41
272309,0.49
272311,0.41
272313,0.38
272353,0.33
272366,0.34
272367,0.42
272371,0.4
272381,0.36
272404,0.35
272405,0.36
272418,0.41
272419,0.47
272425,0.41
272438,0.41
272444,0.41
272445,0.38
272462,0.33
272474,0.37
272478,0.5
272479,0.39
272480,0.4
272482,0.45
272511,0.42
272512,0.39
272516,0.31
272517,0.45
272522,0.41
272537,0.38
272555,0.43
272564,0.44
272566,0.33
272573,0.32
272575,0.42
272583,0.31
272593,0.41
272627,0.5
272628,0.47
272630,0.41
272632,0.46
272635,0.43
272636,0.42
272661,0.52
272669,0.44
272672,0.32
272681,0.37
272682,0.34
272691,0.44
272697,0.32
272706,0.43
272708,0.38
272717,0.37
272722,0.34
272723,0.44
272737,0.36
272744,0.34
272752,0.45
272757,0.35
272760,0.4
272763,0.39
272768,0.42
272779,0.35
272781,0.43
272787,0.42
272795,0.45
272799,0.46
272820,0.41
272821,0.4
272829,0.47
272852,0.42
272863,0.4
272878,0.36
272886,0.34
272891,0.55
272903,0.51
272914,0.39
272928,0.43
272937,0.43
272938,0.37
272944,0.3
272965,0.43
272967,0.4
272969,0.33
272983,0.42
272998,0.39
273002,0.4
273005,0.47
273010,0.36
273011,0.4
273017,0.4
273021,0.34
273023,0.49
273027,0.41
273035,0.38
273047,0.44
273053,0.44
273060,0.42
273062,0.37
273074,0.41
273078,0.35
273079,0.38
273087,0.36
273107,0.5
273109,0.29
273112,0.25
273113,0.37
273117,0.29
273121,0.52
273137,0.48
273156,0.33
273157,0.41
273177,0.46
273192,0.4
273193,0.37
273194,0.45
273198,0.39
273199,0.39
273206,0.48
273213,0.48
273235,0.38
273244,0.39
273247,0.3
273248,0.43
273254,0.32
273259,0.41
273270,0.39
273272,0.39
273287,0.39
273289,0.4
273294,0.39
273301,0.38
273304,0.28
273313,0.47
273314,0.32
273333,0.38
273336,0.44
273343,0.44
273353,0.43
273359,0.44
273371,0.5
273402,0.5
273415,0.37
273420,0.58
273424,0.42
273428,0.31
273429,0.45
273443,0.5
273457,0.4
273458,0.34
273467,0.43
273477,0.44
273482,0.32
273495,0.44
273496,0.37
273503,0.42
273507,0.38
273508,0.43
273510,0.35
273524,0.41
273552,0.4
273556,0.49
273566,0.39
273579,0.45
273584,0.34
273595,0.34
273606,0.42
273623,0.43
273625,0.47
273638,0.42
273660,0.31
273664,0.38
273683,0.46
273686,0.44
273687,0.5
273699,0.33
273700,0.39
273719,0.37
273721,0.32
273728,0.55
273764,0.35
273770,0.41
273774,0.38
273792,0.51
273806,0.41
273807,0.46
273818,0.34
273823,0.38
273835,0.45
273856,0.32
273861,0.37
273863,0.36
273864,0.38
273874,0.46
273879,0.35
273892,0.37
273895,0.42
273899,0.34
273900,0.44
273912,0.42
273921,0.36
273941,0.41
273946,0.36
273954,0.46
273956,0.32
273962,0.45
273968,0.35
273985,0.34
274000,0.37
274003,0.39
274004,0.43
274006,0.49
274019,0.52
274022,0.45
274023,0.3
274034,0.38
274043,0.38
274052,0.38
274054,0.49
274058,0.44
274063,0.39
274070,0.44
274072,0.32
274081,0.37
274108,0.54
274118,0.41
274125,0.35
274129,0.46
274140,0.51
274142,0.35
274146,0.29
274147,0.42
274155,0.36
274163,0.39
274165,0.48
274174,0.28
274182,0.3
274186,0.36
274188,0.43
274193,0.38
274198,0.51
274216,0.31
274219,0.36
274225,0.41
274229,0.49
274248,0.39
274268,0.59
274274,0.39
274286,0.45
274289,0.4
274297,0.43
274302,0.36
274326,0.4
274346,0.34
274348,0.39
274349,0.34
274350,0.47
274353,0.35
274359,0.48
274364,0.37
274368,0.41
274373,0.47
274378,0.36
274389,0.35
274390,0.5
274391,0.38
274392,0.36
274396,0.47
274408,0.54
274409,0.34
274424,0.43
274453,0.38
274460,0.39
274465,0.5
274468,0.38
274481,0.45
274482,0.33
274484,0.47
274490,0.48
274509,0.34
274511,0.39
274515,0.44
274521,0.43
274523,0.39
274525,0.43
274539,0.53
274541,0.41
274574,0.48
274585,0.46
274587,0.4
274594,0.48
274600,0.5
274605,0.38
274611,0.5
274619,0.52
274641,0.44
274666,0.49
274688,0.34
274690,0.47
274699,0.4
274703,0.47
274715,0.41
274717,0.38
274760,0.37
274774,0.4
274791,0.5
274801,0.5
274804,0.51
274808,0.45
274813,0.43
274815,0.46
274818,0.38
274820,0.29
274829,0.32
274847,0.44
274865,0.44
274870,0.33
274881,0.34
274890,0.43
274894,0.33
274902,0.4
274905,0.4
274911,0.31
274912,0.44
274914,0.46
274927,0.39
274931,0.3
274944,0.43
274951,0.41
274953,0.48
274954,0.44
274961,0.22
274965,0.37
274972,0.38
274978,0.41
274984,0.35
274993,0.46
274996,0.45
275043,0.42
275048,0.39
275052,0.31
275059,0.4
275060,0.34
275071,0.42
275077,0.49
275078,0.44
275091,0.4
275098,0.38
275111,0.37
275120,0.5
275121,0.43
275125,0.5
275129,0.43
275139,0.37
275150,0.45
275153,0.44
275166,0.46
275185,0.37
275199,0.46
275201,0.35
275203,0.35
275216,0.44
275225,0.4
275226,0.38
275232,0.34
275254,0.38
275256,0.46
275272,0.33
275278,0.37
275280,0.45
275286,0.4
275288,0.36
275299,0.38
275306,0.34
275313,0.33
275314,0.33
275319,0.41
275324,0.47
275330,0.4
275334,0.43
275335,0.41
275337,0.38
275339,0.5
275351,0.32
275352,0.32
275367,0.45
275384,0.37
275392,0.39
275393,0.4
275408,0.46
275411,0.42
275413,0.34
275415,0.35
275416,0.42
275422,0.34
275424,0.33
275438,0.32
275440,0.46
275468,0.35
275469,0.41
275473,0.36
275482,0.33
275488,0.28
275502,0.41
275503,0.43
275511,0.4
275518,0.39
275520,0.37
275524,0.42
275531,0.47
275537,0.28
275558,0.33
275574,0.45
275576,0.43
275583,0.56
275588,0.33
275605,0.45
275612,0.38
275627,0.39
275633,0.34
275646,0.43
275647,0.47
275653,0.44
275661,0.4
275683,0.42
275688,0.3
275691,0.32
275713,0.48
275731,0.35
275735,0.3
275739,0.34
275761,0.44
275762,0.36
275767,0.35
275768,0.49
275769,0.46
275774,0.44
275776,0.33
275783,0.36
275800,0.38
275805,0.37
275836,0.38
275842,0.46
275855,0.54
275860,0.41
275870,0.37
275884,0.37
275897,0.38
275899,0.4
275900,0.37
275906,0.37
275912,0.4
275922,0.42
275929,0.47
275931,0.45
275932,0.4
275936,0.46
275937,0.33
275947,0.43
275949,0.39
275954,0.43
275958,0.41
275966,0.33
275967,0.37
275970,0.33
275989,0.26
275993,0.37
275995,0.43
275998,0.31
276007,0.39
276011,0.42
276029,0.33
276047,0.39
276048,0.55
276050,0.44
276054,0.37
276056,0.33
276057,0.57
276060,0.28
276084,0.39
276089,0.37
276118,0.41
276121,0.51
276122,0.4
276130,0.32
276134,0.33
276135,0.3
276142,0.3
276164,0.4
276195,0.48
276210,0.35
276235,0.34
276238,0.36
276242,0.32
276244,0.44
276247,0.44
276263,0.38
276306,0.32
276309,0.34
276319,0.46
276334,0.39
276338,0.32
276343,0.43
276344,0.45
276345,0.29
276348,0.36
276359,0.39
276363,0.39
276365,0.37
276366,0.36
276373,0.35
276378,0.57
276386,0.45
276405,0.41
276419,0.4
276422,0.36
276430,0.37
276437,0.4
276442,0.39
276444,0.44
276446,0.38
276455,0.34
276470,0.45
276472,0.47
276475,0.56
276479,0.31
276484,0.38
276487,0.43
276488,0.41
276495,0.43
276497,0.51
276508,0.44
276509,0.43
276516,0.39
276521,0.41
276525,0.37
276550,0.36
276560,0.48
276569,0.44
276584,0.32
276603,0.34
276615,0.36
276617,0.38
276622,0.42
276625,0.43
276629,0.39
276642,0.32
276664,0.33
276674,0.34
276675,0.45
276678,0.35
276692,0.39
276693,0.36
276697,0.36
276703,0.33
276705,0.42
276717,0.4
276728,0.38
276744,0.43
276762,0.39
276764,0.34
276781,0.4
276793,0.47
276798,0.36
276800,0.38
276805,0.38
276824,0.44
276826,0.43
276848,0.46
276854,0.39
276862,0.41
276865,0.42
276869,0.38
276880,0.37
276882,0.35
276886,0.48
276889,0.37
276892,0.44
276903,0.39
276906,0.42
276936,0.36
276945,0.37
276956,0.35
276958,0.44
276963,0.45
276966,0.33
276987,0.4
276993,0.46
276994,0.48
277004,0.45
277015,0.37
277021,0.35
277024,0.42
277032,0.51
277054,0.35
277055,0.34
277061,0.34
277065,0.44
277070,0.46
277079,0.45
277088,0.42
277108,0.46
277114,0.34
277121,0.34
277137,0.35
277148,0.45
277158,0.4
277162,0.39
277165,0.49
277167,0.46
277170,0.31
277172,0.48
277177,0.34
277179,0.48
277182,0.38
277185,0.38
277191,0.5
277200,0.42
277211,0.41
277217,0.32
277221,0.35
277226,0.34
277227,0.42
277228,0.4
277229,0.39
277244,0.42
277271,0.36
277274,0.36
277282,0.27
277286,0.4
277288,0.43
277290,0.36
277291,0.35
277296,0.34
277297,0.42
277320,0.42
277327,0.35
277335,0.36
277336,0.4
277338,0.49
277342,0.46
277344,0.34
277345,0.35
277349,0.39
277356,0.38
277370,0.52
277371,0.39
277379,0.38
277386,0.47
277390,0.51
277400,0.29
277401,0.41
277412,0.36
277413,0.38
277415,0.38
277417,0.42
277419,0.42
277422,0.5
277423,0.37
277425,0.38
277432,0.31
277438,0.44
277445,0.42
277447,0.38
277456,0.35
277457,0.4
277474,0.38
277488,0.43
277494,0.45
277501,0.36
277503,0.37
277510,0.42
277516,0.47
277521,0.49
277522,0.27
277530,0.51
277531,0.54
277536,0.41
277548,0.36
277550,0.42
277554,0.42
277555,0.33
277562,0.36
277565,0.42
277566,0.44
277572,0.48
277592,0.43
277593,0.3
277610,0.41
277621,0.4
277654,0.4
277668,0.34
277673,0.4
277675,0.47
277694,0.3
277697,0.36
277699,0.38
277700,0.36
277701,0.39
277708,0.4
277710,0.58
277717,0.35
277725,0.39
277731,0.34
277746,0.45
277753,0.37
277757,0.34
277764,0.44
277772,0.54
277775,0.41
277777,0.34
277787,0.37
277797,0.48
277798,0.38
277802,0.46
277812,0.42
277816,0.37
277820,0.41
277821,0.39
277822,0.42
277838,0.39
277845,0.34
277846,0.37
277854,0.48
277856,0.42
277866,0.4
277874,0.3
277893,0.4
277900,0.3
277964,0.41
277970,0.46
277976,0.43
277983,0.34
277994,0.44
278011,0.53
278025,0.39
278045,0.37
278048,0.42
278066,0.43
278088,0.38
278098,0.38
278101,0.42
278113,0.35
278114,0.49
278128,0.4
278152,0.45
278157,0.39
278168,0.44
278169,0.35
278174,0.37
278176,0.44
278181,0.32
278185,0.35
278225,0.38
278236,0.44
278242,0.31
278244,0.38
278251,0.36
278252,0.31
278272,0.43
278279,0.33
278287,0.37
278288,0.39
278309,0.49
278310,0.39
278316,0.41
278318,0.5
278320,0.52
278344,0.35
278356,0.38
278359,0.38
278361,0.38
278368,0.42
278372,0.27
278384,0.38
278388,0.42
278409,0.44
278414,0.38
278415,0.39
278416,0.37
278422,0.38
278423,0.43
278432,0.4
278436,0.38
278455,0.35
278461,0.49
278469,0.36
278482,0.49
278487,0.42
278493,0.34
278501,0.46
278508,0.4
278511,0.32
278519,0.45
278526,0.44
278530,0.43
278533,0.35
278539,0.42
278545,0.4
278556,0.37
278559,0.46
278587,0.35
278601,0.27
278603,0.36
278604,0.42
278605,0.39
278606,0.49
278613,0.42
278616,0.32
278618,0.3
278632,0.4
278633,0.37
278637,0.35
278645,0.33
278649,0.41
278653,0.49
278662,0.36
278673,0.39
278700,0.35
278703,0.36
278704,0.38
278723,0.52
278725,0.45
278730,0.34
278750,0.36
278765,0.41
278770,0.4
278779,0.33
278787,0.35
278791,0.32
278804,0.28
278807,0.37
278810,0.38
278812,0.41
278815,0.46
278821,0.4
278825,0.39
278832,0.38
278836,0.33
278838,0.41
278840,0.35
278844,0.48
278862,0.31
278863,0.3
278871,0.35
278875,0.36
278892,0.46
278899,0.34
278903,0.41
278909,0.36
278913,0.47
278931,0.35
278932,0.39
278933,0.4
278937,0.32
278952,0.51
278954,0.37
278960,0.44
278967,0.4
278968,0.37
278972,0.4
278976,0.39
278982,0.46
278983,0.5
279001,0.34
279015,0.4
279018,0.46
279035,0.38
279040,0.33
279043,0.38
279046,0.37
279061,0.41
279063,0.38
279065,0.36
279068,0.33
279070,0.42
279074,0.43
279076,0.38
279086,0.28
279095,0.43
279107,0.32
279108,0.38
279109,0.34
279110,0.4
279111,0.41
279129,0.36
279134,0.36
279137,0.44
279142,0.33
279146,0.35
279153,0.41
279157,0.44
279165,0.37
279166,0.34
279172,0.49
279173,0.42
279174,0.36
279179,0.43
279182,0.43
279186,0.49
279187,0.41
279189,0.37
279201,0.45
279202,0.38
279213,0.44
279214,0.45
279217,0.3
279230,0.47
279232,0.4
279233,0.44
279235,0.41
279250,0.3
279252,0.35
279257,0.37
279265,0.45
279266,0.41
279279,0.44
279281,0.39
279282,0.38
279285,0.36
279286,0.52
279297,0.53
279300,0.35
279318,0.36
279324,0.36
279334,0.41
279335,0.35
279336,0.39
279341,0.45
279342,0.42
279353,0.5
279357,0.42
279371,0.36
279376,0.36
279391,0.35
279392,0.34
279402,0.37
279406,0.41
279408,0.34
279434,0.34
279439,0.43
279448,0.45
279450,0.36
279456,0.49
279461,0.39
279466,0.4
279470,0.41
279471,0.36
279493,0.36
279500,0.44
279506,0.31
279512,0.36
279519,0.28
279533,0.31
279549,0.37
279551,0.51
279556,0.31
279557,0.38
279558,0.42
279566,0.42
279592,0.46
279595,0.48
279604,0.33
279608,0.36
279614,0.43
279618,0.46
279622,0.47
279648,0.4
279652,0.38
279653,0.49
279679,0.38
279690,0.42
279691,0.47
279694,0.44
279698,0.38
279702,0.44
279712,0.33
279713,0.35
279715,0.3
279725,0.38
279727,0.33
279733,0.47
279742,0.46
279748,0.46
279754,0.53
279756,0.36
279776,0.5
279778,0.22
279779,0.38
279782,0.37
279793,0.49
279794,0.44
279804,0.52
279810,0.38
279817,0.4
279828,0.42
279830,0.29
279831,0.39
279834,0.37
279835,0.38
279840,0.47
279847,0.37
279852,0.43
279854,0.4
279856,0.41
279859,0.35
279862,0.41
279876,0.37
279878,0.35
279889,0.39
279894,0.42
279897,0.35
279903,0.39
279904,0.36
279906,0.4
279909,0.44
279922,0.34
279925,0.45
279939,0.39
279940,0.4
279942,0.38
279948,0.39
279952,0.41
279960,0.36
279968,0.37
279969,0.39
279977,0.43
279980,0.39
279994,0.41
279997,0.39
279998,0.43
280007,0.35
280009,0.36
280010,0.49
280020,0.42
280021,0.53
280022,0.46
280052,0.46
280058,0.45
280074,0.42
280076,0.38
280085,0.51
280091,0.44
280095,0.42
280107,0.41
280116,0.41
280140,0.38
280144,0.4
280156,0.39
280177,0.37
280191,0.38
280205,0.49
280226,0.42
280230,0.35
280234,0.38
280264,0.43
280274,0.38
280298,0.31
280299,0.38
280300,0.51
280301,0.48
280308,0.29
280317,0.42
280319,0.42
280322,0.39
280342,0.37
280348,0.42
280350,0.34
280353,0.39
280366,0.47
280372,0.41
280374,0.41
280376,0.38
280381,0.31
280384,0.39
280388,0.32
280397,0.36
280401,0.41
280409,0.42
280413,0.4
280422,0.35
280424,0.47
280426,0.49
280429,0.4
280430,0.44
280435,0.35
280444,0.31
280450,0.36
280455,0.39
280459,0.31
280462,0.43
280466,0.37
280470,0.54
280473,0.49
280517,0.42
280524,0.42
280527,0.43
280531,0.47
280548,0.35
280558,0.36
280563,0.33
280598,0.43
280599,0.45
280603,0.42
280607,0.45
280610,0.44
280612,0.41
280625,0.39
280631,0.43
280650,0.5
280653,0.57
280657,0.38
280669,0.38
280675,0.37
280679,0.37
280685,0.31
280691,0.32
280693,0.4
280706,0.37
280714,0.37
280719,0.51
280724,0.34
280725,0.33
280737,0.29
280738,0.46
280744,0.4
280746,0.48
280760,0.49
280772,0.38
280777,0.46
280784,0.35
280785,0.39
280791,0.4
280793,0.39
280794,0.41
280800,0.39
280805,0.36
280806,0.47
280815,0.36
280823,0.41
280831,0.39
280832,0.43
280841,0.46
280845,0.46
280846,0.34
280854,0.38
280857,0.35
280861,0.35
280862,0.37
280867,0.35
280877,0.32
280879,0.42
280890,0.46
280891,0.33
280903,0.53
280916,0.44
280929,0.38
280934,0.31
280941,0.49
280947,0.37
280962,0.41
280963,0.37
280966,0.48
280967,0.39
280971,0.53
281005,0.37
281007,0.42
281008,0.38
281009,0.47
281016,0.49
281024,0.39
281039,0.44
281045,0.33
281054,0.51
281055,0.44
281056,0.44
281068,0.43
281092,0.38
281094,0.35
281118,0.4
281133,0.32
281137,0.43
281164,0.43
281176,0.3
281177,0.4
281184,0.47
281187,0.31
281192,0.52
281195,0.38
281220,0.38
281222,0.35
281227,0.39
281234,0.5
281251,0.3
281278,0.35
281298,0.36
281303,0.49
281306,0.36
281314,0.44
281320,0.34
281322,0.37
281337,0.38
281347,0.51
281357,0.45
281362,0.4
281365,0.54
281366,0.35
281367,0.51
281373,0.38
281376,0.41
281400,0.44
281417,0.3
281420,0.36
281422,0.4
281435,0.33
281439,0.41
281448,0.36
281451,0.46
281453,0.35
281482,0.57
281494,0.42
281514,0.38
281515,0.45
281542,0.36
281556,0.36
281568,0.39
281592,0.41
281593,0.39
281607,0.49
281613,0.52
281618,0.38
281620,0.47
281628,0.39
281629,0.32
281633,0.35
281634,0.33
281642,0.38
281643,0.44
281653,0.35
281661,0.4
281671,0.49
281675,0.43
281684,0.41
281692,0.48
281697,0.3
281730,0.35
281731,0.39
281734,0.33
281737,0.34
281750,0.36
281752,0.39
281764,0.24
281782,0.46
281791,0.33
281793,0.45
281795,0.38
281824,0.41
281831,0.43
281845,0.46
281848,0.4
281854,0.52
281855,0.3
281867,0.36
281873,0.34
281875,0.37
281876,0.43
281881,0.32
281905,0.29
281906,0.42
281907,0.28
281914,0.39
281929,0.34
281936,0.47
281938,0.48
281940,0.38
281941,0.36
281950,0.46
281954,0.44
281955,0.39
281956,0.41
281957,0.46
281968,0.39
281972,0.46
281974,0.37
281987,0.32
281996,0.44
281998,0.35
282002,0.42
282004,0.36
282005,0.3
282020,0.42
282021,0.4
282041,0.44
282045,0.38
282046,0.35
282048,0.36
282056,0.52
282063,0.41
282068,0.39
282072,0.42
282100,0.44
282104,0.42
282105,0.39
282106,0.48
282108,0.36
282114,0.39
282132,0.43
282133,0.38
282136,0.42
282145,0.43
282146,0.4
282150,0.34
282151,0.38
282152,0.33
282157,0.42
282165,0.37
282167,0.42
282178,0.33
282179,0.39
282204,0.4
282208,0.42
282218,0.4
282221,0.5
282223,0.43
282226,0.44
282230,0.49
282232,0.42
282235,0.37
282236,0.43
282239,0.45
282246,0.37
282250,0.43
282259,0.35
282270,0.44
282272,0.47
282282,0.41
282292,0.34
282306,0.34
282311,0.45
282317,0.37
282318,0.34
282331,0.42
282338,0.36
282349,0.31
282350,0.39
282355,0.37
282359,0.51
282382,0.26
282396,0.45
282399,0.35
282408,0.31
282421,0.33
282427,0.39
282437,0.38
282446,0.35
282448,0.35
282453,0.42
282456,0.45
282457,0.49
282465,0.45
282476,0.38
282478,0.37
282482,0.34
282485,0.49
282492,0.39
282498,0.36
282503,0.26
282512,0.43
282521,0.44
282531,0.5
282548,0.39
282582,0.37
282585,0.35
282605,0.46
282618,0.48
282633,0.36
282642,0.39
282645,0.44
282647,0.5
282649,0.37
282654,0.27
282661,0.33
282667,0.28
282668,0.37
282678,0.39
282679,0.51
282687,0.38
282688,0.3
282691,0.32
282702,0.43
282709,0.36
282712,0.43
282715,0.41
282726,0.33
282735,0.43
282737,0.34
282746,0.47
282751,0.29
282754,0.51
282758,0.46
282773,0.47
282787,0.38
282794,0.48
282812,0.4
282822,0.43
282827,0.41
282836,0.35
282841,0.39
282854,0.52
282862,0.28
282873,0.37
282890,0.3
282900,0.43
282906,0.42
282910,0.4
282915,0.36
282929,0.33
282933,0.42
282944,0.38
282945,0.4
282950,0.44
282954,0.33
282960,0.24
282961,0.4
282962,0.37
282965,0.43
282971,0.41
282974,0.4
282975,0.3
282979,0.43
282984,0.4
282990,0.46
282998,0.34
283005,0.49
283013,0.5
283018,0.36
283029,0.44
283032,0.36
283036,0.34
283041,0.46
283046,0.42
283050,0.38
283057,0.42
283065,0.34
283069,0.34
283074,0.33
283076,0.44
283077,0.35
283089,0.39
283090,0.32
283094,0.39
283110,0.47
283118,0.51
283127,0.34
283130,0.41
283139,0.38
283143,0.35
283144,0.44
283146,0.37
283150,0.33
283161,0.42
283177,0.44
283180,0.51
283184,0.44
283191,0.44
283193,0.37
283196,0.34
283199,0.3
283202,0.37
283205,0.37
283213,0.33
283216,0.39
283218,0.32
283220,0.4
283227,0.49
283233,0.47
283248,0.46
283250,0.43
283261,0.45
283264,0.3
283267,0.47
283269,0.44
283271,0.38
283282,0.46
283283,0.34
283290,0.41
283295,0.44
283298,0.39
283303,0.43
283309,0.43
283310,0.38
283314,0.41
283317,0.43
283318,0.41
283323,0.42
283327,0.45
283328,0.41
283336,0.34
283340,0.33
283344,0.32
283345,0.39
283360,0.45
283361,0.35
283383,0.46
283387,0.33
283390,0.41
283412,0.44
283426,0.29
283429,0.46
283433,0.39
283437,0.34
283438,0.34
283461,0.4
283466,0.37
283477,0.4
283479,0.41
283483,0.39
283484,0.44
283486,0.4
283500,0.4
283512,0.53
283515,0.36
283517,0.59
283519,0.42
283523,0.37
283528,0.43
283555,0.38
283565,0.44
283572,0.41
283576,0.42
283586,0.43
283590,0.41
283606,0.44
283615,0.35
283619,0.34
283632,0.45
283635,0.36
283636,0.24
283641,0.41
283642,0.35
283647,0.34
283667,0.44
283683,0.31
283684,0.46
283687,0.4
283691,0.34
283693,0.32
283701,0.43
283702,0.38
283711,0.44
283713,0.37
283726,0.4
283730,0.29
283736,0.43
283737,0.37
283740,0.39
283748,0.37
283750,0.4
283756,0.4
283757,0.52
283774,0.52
283776,0.45
283784,0.42
283790,0.34
283796,0.34
283806,0.33
283816,0.35
283825,0.42
283827,0.4
283835,0.37
283839,0.42
283843,0.36
283874,0.52
283880,0.47
283881,0.4
283882,0.5
283887,0.36
283891,0.41
283893,0.36
283895,0.36
283900,0.44
283906,0.46
283938,0.37
283943,0.32
283953,0.52
283958,0.38
283961,0.4
283972,0.4
283973,0.36
283986,0.41
283990,0.3
283994,0.51
284000,0.41
284002,0.53
284003,0.33
284035,0.43
284049,0.33
284055,0.51
284060,0.42
284061,0.38
284069,0.39
284072,0.43
284075,0.37
284087,0.47
284093,0.37
284095,0.42
284096,0.37
284106,0.47
284109,0.42
284112,0.42
284126,0.47
284152,0.41
284155,0.5
284157,0.28
284159,0.37
284194,0.38
284207,0.4
284211,0.47
284220,0.45
284232,0.42
284239,0.39
284246,0.4
284257,0.45
284259,0.49
284272,0.43
284277,0.4
284279,0.46
284283,0.36
284294,0.36
284298,0.47
284305,0.44
284309,0.44
284311,0.39
284315,0.39
284338,0.4
284340,0.48
284342,0.35
284344,0.41
284348,0.4
284361,0.44
284373,0.37
284380,0.54
284408,0.4
284422,0.46
284423,0.37
284427,0.37
284433,0.48
284442,0.34
284462,0.3
284481,0.43
284487,0.37
284492,0.37
284495,0.37
284499,0.54
284503,0.4
284506,0.44
284507,0.4
284511,0.38
284512,0.38
284513,0.34
284520,0.39
284537,0.4
284557,0.4
284560,0.35
284571,0.41
284573,0.5
284574,0.42
284575,0.33
284576,0.39
284578,0.44
284592,0.34
284606,0.43
284609,0.46
284614,0.37
284627,0.42
284630,0.39
284633,0.37
284647,0.53
284650,0.36
284655,0.44
284661,0.43
284664,0.38
284668,0.48
284682,0.36
284683,0.45
284691,0.36
284692,0.37
284695,0.38
284751,0.29
284785,0.39
284796,0.43
284797,0.32
284799,0.41
284805,0.39
284811,0.32
284844,0.46
284856,0.42
284861,0.35
284864,0.48
284866,0.43
284867,0.46
284871,0.39
284873,0.43
284888,0.31
284895,0.36
284906,0.4
284907,0.37
284908,0.39
284914,0.36
284916,0.27
284920,0.42
284926,0.49
284934,0.34
284937,0.42
284949,0.43
284986,0.32
285002,0.29
285006,0.37
285007,0.4
285008,0.43
285016,0.45
285040,0.36
285041,0.4
285050,0.41
285051,0.38
285059,0.46
285077,0.45
285078,0.57
285097,0.26
285102,0.47
285104,0.49
285117,0.36
285119,0.43
285120,0.48
285122,0.41
285131,0.49
285137,0.37
285139,0.4
285147,0.4
285176,0.33
285177,0.37
285183,0.5
285184,0.48
285200,0.42
285213,0.45
285224,0.45
285232,0.34
285245,0.47
285249,0.46
285253,0.47
285268,0.49
285276,0.37
285282,0.31
285284,0.35
285297,0.45
285304,0.25
285305,0.4
285337,0.46
285346,0.32
285349,0.31
285354,0.36
285359,0.46
285366,0.34
285367,0.42
285368,0.31
285376,0.33
285382,0.37
285385,0.39
285389,0.36
285396,0.36
285398,0.42
285399,0.36
285403,0.32
285405,0.32
285407,0.4
285417,0.41
285419,0.37
285431,0.42
285457,0.36
285462,0.41
285463,0.31
285472,0.33
285476,0.48
285479,0.45
285482,0.41
285486,0.49
285487,0.4
285497,0.39
285498,0.39
285507,0.41
285509,0.26
285514,0.35
285516,0.47
285521,0.39
285525,0.37
285528,0.49
285555,0.4
285559,0.36
285561,0.43
285562,0.48
285565,0.47
285571,0.53
285583,0.33
285588,0.33
285603,0.5
285612,0.38
285628,0.37
285635,0.4
285649,0.35
285651,0.33
285653,0.41
285662,0.38
285665,0.35
285678,0.54
285681,0.44
285694,0.53
285695,0.4
285701,0.29
285721,0.48
285730,0.38
285733,0.31
285743,0.39
285744,0.56
285746,0.52
285778,0.37
285784,0.38
285808,0.35
285810,0.38
285831,0.37
285833,0.41
285841,0.41
285842,0.42
285844,0.48
285847,0.34
285853,0.36
285861,0.56
285863,0.44
285867,0.34
285870,0.36
285879,0.29
285880,0.33
285882,0.39
285893,0.41
285897,0.48
285912,0.35
285914,0.39
285918,0.41
285927,0.31
285931,0.37
285932,0.39
285962,0.47
285975,0.38
285978,0.33
285996,0.5
286000,0.49
286010,0.44
286011,0.41
286018,0.34
286033,0.37
286038,0.47
286042,0.54
286044,0.41
286047,0.44
286050,0.41
286052,0.34
286056,0.4
286058,0.47
286083,0.38
286088,0.39
286094,0.39
286107,0.37
286112,0.44
286124,0.37
286128,0.47
286141,0.45
286146,0.47
286147,0.43
286153,0.28
286163,0.3
286169,0.37
286175,0.46
286185,0.34
286194,0.47
286198,0.43
286201,0.51
286202,0.36
286213,0.42
286218,0.37
286250,0.41
286257,0.43
286264,0.45
286265,0.37
286266,0.46
286287,0.34
286292,0.4
286294,0.42
286295,0.4
286299,0.39
286300,0.51
286302,0.39
286310,0.41
286316,0.32
286332,0.5
286353,0.39
286354,0.51
286357,0.47
286375,0.39
286382,0.49
286389,0.45
286404,0.37
286405,0.38
286411,0.35
286412,0.48
286421,0.4
286423,0.4
286426,0.52
286433,0.31
286438,0.34
286441,0.38
286444,0.26
286447,0.35
286459,0.39
286473,0.4
286484,0.32
286485,0.48
286501,0.46
286502,0.39
286509,0.32
286511,0.45
286516,0.37
286547,0.34
286549,0.43
286553,0.51
286558,0.41
286566,0.42
286572,0.35
286582,0.38
286587,0.38
286590,0.43
286594,0.41
286598,0.41
286602,0.41
286608,0.39
286610,0.42
286627,0.42
286661,0.38
286664,0.38
286668,0.39
286683,0.33
286684,0.32
286689,0.33
286696,0.35
286697,0.42
286703,0.38
286705,0.37
286707,0.51
286708,0.39
286711,0.37
286714,0.4
286734,0.35
286747,0.39
286760,0.4
286763,0.49
286772,0.41
286773,0.38
286791,0.45
286813,0.46
286814,0.34
286817,0.31
286836,0.37
286838,0.4
286844,0.4
286854,0.42
286856,0.43
286859,0.4
286864,0.41
286865,0.28
286868,0.42
286881,0.42
286882,0.39
286888,0.45
286890,0.33
286892,0.47
286895,0.36
286906,0.37
286924,0.4
286930,0.48
286931,0.46
286942,0.43
286955,0.46
286960,0.53
286962,0.41
286966,0.38
286967,0.47
286971,0.38
286983,0.24
286985,0.38
286986,0.4
286987,0.43
286992,0.4
287003,0.48
287004,0.39
287006,0.4
287029,0.33
287036,0.33
287038,0.34
287049,0.27
287050,0.33
287057,0.4
287065,0.42
287066,0.46
287089,0.44
287093,0.44
287096,0.43
287103,0.39
287104,0.44
287109,0.44
287133,0.33
287137,0.45
287141,0.41
287146,0.33
287148,0.35
287177,0.41
287184,0.42
287197,0.31
287204,0.44
287206,0.42
287208,0.48
287225,0.34
287228,0.35
287252,0.42
287260,0.39
287264,0.38
287270,0.49
287271,0.36
287272,0.42
287274,0.43
287280,0.33
287281,0.37
287290,0.35
287298,0.44
287299,0.39
287301,0.41
287314,0.25
287321,0.42
287322,0.39
287329,0.29
287331,0.33
287337,0.46
287349,0.4
287358,0.42
287370,0.44
287371,0.39
287376,0.37
287378,0.39
287386,0.35
287394,0.53
287397,0.38
287419,0.39
287428,0.34
287438,0.45
287439,0.48
287449,0.42
287450,0.41
287460,0.41
287472,0.36
287474,0.41
287483,0.34
287495,0.47
287510,0.35
287512,0.41
287530,0.38
287531,0.34
287543,0.43
287549,0.43
287564,0.45
287574,0.34
287580,0.41
287587,0.39
287594,0.42
287605,0.45
287617,0.33
287621,0.43
287626,0.31
287629,0.4
287632,0.45
287636,0.41
287644,0.49
287648,0.48
287666,0.28
287672,0.47
287701,0.32
287708,0.47
287718,0.46
287724,0.43
287726,0.33
287729,0.41
287732,0.32
287733,0.35
287734,0.41
287750,0.41
287755,0.36
287762,0.39
287764,0.32
287766,0.34
287775,0.34
287781,0.34
287785,0.36
287789,0.42
287792,0.49
287796,0.33
287804,0.31
287822,0.34
287835,0.4
287840,0.45
287850,0.51
287851,0.38
287852,0.36
287858,0.53
287859,0.33
287860,0.45
287861,0.47
287866,0.32
287868,0.38
287873,0.53
287876,0.39
287877,0.42
287878,0.41
287879,0.37
287883,0.39
287888,0.36
287894,0.43
287895,0.54
287912,0.38
287915,0.44
287920,0.33
287922,0.35
287926,0.33
287929,0.38
287931,0.43
287936,0.38
287942,0.39
287946,0.41
287948,0.41
287963,0.45
288003,0.29
288005,0.36
288012,0.39
288013,0.37
288026,0.49
288027,0.37
288031,0.43
288039,0.43
288041,0.45
288045,0.51
288065,0.29
288068,0.38
288079,0.46
288084,0.52
288111,0.46
288129,0.49
288138,0.44
288154,0.41
288167,0.42
288178,0.39
288184,0.37
288193,0.32
288203,0.41
288207,0.49
288223,0.35
288226,0.36
288237,0.41
288257,0.4
288259,0.36
288269,0.43
288273,0.42
288276,0.39
288280,0.36
288283,0.41
288291,0.55
288299,0.35
288305,0.35
288316,0.36
288322,0.39
288333,0.29
288337,0.36
288341,0.48
288345,0.37
288348,0.45
288350,0.33
288353,0.39
288372,0.48
288375,0.4
288395,0.4
288408,0.45
288425,0.41
288430,0.3
288433,0.36
288459,0.35
288462,0.39
288463,0.37
288470,0.4
288472,0.41
288475,0.33
288495,0.47
288517,0.48
288530,0.34
288535,0.34
288539,0.51
288540,0.36
288547,0.4
288553,0.34
288555,0.43
288556,0.47
288562,0.42
288564,0.42
288567,0.54
288576,0.36
288579,0.44
288580,0.37
288589,0.29
288596,0.36
288597,0.36
288599,0.37
288601,0.44
288617,0.34
288621,0.35
288635,0.41
288656,0.39
288666,0.28
288670,0.4
288671,0.28
288673,0.4
288678,0.46
288693,0.42
288699,0.4
288706,0.39
288728,0.45
288739,0.43
288741,0.45
288755,0.45
288763,0.3
288766,0.35
288775,0.36
288780,0.31
288793,0.37
288811,0.43
288821,0.37
288829,0.48
288835,0.37
288836,0.36
288838,0.51
288851,0.45
288853,0.3
288854,0.33
288855,0.34
288876,0.4
288879,0.49
288884,0.43
288886,0.41
288891,0.37
288898,0.48
288911,0.38
288913,0.3
288927,0.55
288928,0.42
288931,0.51
288955,0.37
288961,0.31
288969,0.39
288971,0.38
288973,0.41
288982,0.46
288983,0.42
288986,0.37
288992,0.28
288993,0.37
288996,0.41
289007,0.45
289008,0.5
289014,0.41
289015,0.24
289016,0.38
289017,0.36
289028,0.38
289030,0.44
289040,0.22
289048,0.42
289051,0.41
289055,0.44
289057,0.35
289062,0.43
289063,0.47
289069,0.47
289073,0.35
289074,0.31
289085,0.32
289092,0.44
289097,0.4
289111,0.34
289112,0.47
289116,0.49
289123,0.49
289145,0.48
289146,0.53
289158,0.41
289165,0.35
289166,0.48
289167,0.55
289170,0.45
289193,0.35
289198,0.32
289209,0.38
289211,0.45
289215,0.41
289220,0.35
289232,0.44
289244,0.38
289258,0.44
289271,0.46
289274,0.27
289312,0.38
289321,0.52
289325,0.4
289333,0.39
289340,0.44
289368,0.37
289375,0.44
289380,0.35
289381,0.43
289384,0.45
289403,0.37
289408,0.47
289416,0.4
289463,0.35
289488,0.41
289495,0.49
289498,0.39
289499,0.35
289515,0.43
289531,0.38
289541,0.22
289554,0.37
289565,0.44
289590,0.39
289596,0.39
289601,0.44
289602,0.36
289603,0.49
289608,0.36
289622,0.46
289623,0.41
289625,0.26
289634,0.28
289648,0.35
289650,0.36
289662,0.38
289667,0.42
289674,0.39
289682,0.29
289702,0.48
289706,0.26
289709,0.41
289716,0.45
289725,0.29
289732,0.39
289743,0.31
289762,0.33
289766,0.35
289770,0.4
289775,0.4
289777,0.38
289783,0.39
289797,0.42
289798,0.42
289802,0.49
289812,0.48
289814,0.46
289819,0.4
289828,0.38
289831,0.4
289835,0.43
289844,0.45
289850,0.36
289851,0.4
289865,0.42
289869,0.4
289891,0.38
289907,0.4
289919,0.35
289923,0.42
289924,0.42
289927,0.4
289929,0.43
289951,0.34
289959,0.42
289964,0.41
289965,0.51
289966,0.44
289971,0.35
289988,0.41
289989,0.41
289995,0.36
290005,0.28
290013,0.34
290031,0.43
290036,0.41
290038,0.37
290041,0.5
290056,0.41
290058,0.41
290065,0.56
290069,0.4
290070,0.29
290074,0.43
290076,0.41
290082,0.37
290105,0.35
290111,0.35
290114,0.35
290116,0.29
290117,0.34
290128,0.38
290130,0.39
290139,0.3
290151,0.44
290154,0.43
290158,0.46
290180,0.41
290183,0.4
290190,0.38
290191,0.4
290199,0.38
290200,0.41
290202,0.29
290205,0.48
290206,0.36
290219,0.49
290227,0.44
290232,0.4
290233,0.44
290242,0.39
290246,0.41
290247,0.48
290257,0.44
290259,0.44
290260,0.43
290270,0.33
290273,0.36
290276,0.38
290281,0.43
290296,0.37
290303,0.44
290306,0.35
290331,0.42
290340,0.42
290349,0.42
290355,0.4
290365,0.38
290379,0.44
290389,0.47
290408,0.33
290409,0.29
290433,0.44
290437,0.41
290440,0.37
290448,0.29
290466,0.37
290467,0.4
290479,0.47
290490,0.42
290492,0.45
290503,0.44
290508,0.38
290524,0.4
290526,0.42
290527,0.38
290541,0.36
290557,0.29
290564,0.43
290572,0.43
290576,0.43
290588,0.37
290589,0.41
290595,0.45
290598,0.39
290605,0.42
290609,0.39
290610,0.39
290612,0.43
290634,0.43
290635,0.42
290644,0.42
290672,0.42
290681,0.37
290693,0.33
290695,0.41
290702,0.39
290703,0.35
290711,0.38
290713,0.36
290727,0.42
290730,0.32
290734,0.4
290745,0.5
290746,0.4
290751,0.45
290758,0.43
290766,0.43
290784,0.44
290786,0.3
290813,0.42
290849,0.43
290852,0.34
290881,0.47
290884,0.34
290885,0.44
290889,0.46
290911,0.42
290913,0.4
290923,0.37
290926,0.37
290936,0.42
290941,0.47
290945,0.44
290955,0.31
290961,0.49
290964,0.39
290967,0.47
290970,0.5
290974,0.4
290976,0.39
290978,0.3
290981,0.37
290991,0.36
291005,0.48
291009,0.41
291011,0.42
291012,0.44
291018,0.43
291023,0.37
291028,0.42
291034,0.37
291038,0.41
291039,0.37
291041,0.44
291045,0.4
291048,0.32
291052,0.5
291055,0.43
291082,0.46
291085,0.5
291086,0.34
291094,0.33
291103,0.42
291108,0.52
291110,0.43
291113,0.39
291117,0.37
291124,0.37
291129,0.39
291142,0.4
291155,0.56
291157,0.34
291177,0.37
291178,0.43
291180,0.36
291188,0.39
291198,0.36
291200,0.41
291202,0.38
291207,0.4
291218,0.48
291231,0.43
291232,0.38
291240,0.41
291241,0.4
291245,0.46
291256,0.41
291273,0.43
291274,0.37
291277,0.43
291290,0.45
291303,0.33
291310,0.53
291311,0.44
291319,0.45
291324,0.47
291331,0.39
291334,0.48
291348,0.46
291349,0.48
291359,0.35
291365,0.36
291379,0.38
291396,0.38
291411,0.34
291424,0.38
291425,0.4
291428,0.43
291446,0.34
291449,0.34
291461,0.53
291465,0.37
291480,0.35
291486,0.44
291487,0.39
291491,0.38
291499,0.37
291505,0.42
291512,0.41
291513,0.36
291521,0.39
291523,0.32
291543,0.46
291545,0.38
291546,0.34
291550,0.29
291552,0.31
291561,0.3
291579,0.36
291584,0.5
291586,0.32
291590,0.39
291592,0.43
291593,0.31
291599,0.34
291615,0.32
291617,0.32
291628,0.49
291654,0.39
291658,0.46
291659,0.43
291661,0.4
291671,0.49
291677,0.37
291689,0.3
291693,0.4
291695,0.4
291696,0.42
291697,0.27
291702,0.44
291711,0.43
291713,0.43
291715,0.43
291718,0.39
291733,0.5
291742,0.41
291748,0.47
291765,0.49
291771,0.35
291773,0.33
291788,0.36
291789,0.41
291796,0.49
291800,0.38
291817,0.29
291822,0.51
291840,0.33
291843,0.35
291855,0.4
291858,0.34
291870,0.5
291872,0.36
291874,0.39
291883,0.41
291888,0.41
291894,0.43
291901,0.46
291928,0.39
291930,0.38
291949,0.32
291951,0.36
291953,0.32
291955,0.37
291963,0.38
291969,0.32
291980,0.41
292010,0.35
292022,0.49
292023,0.33
292031,0.33
292034,0.41
292043,0.4
292049,0.28
292055,0.42
292062,0.46
292070,0.35
292072,0.41
292073,0.38
292082,0.42
292096,0.38
292098,0.28
292116,0.32
292118,0.4
292126,0.48
292128,0.35
292137,0.48
292138,0.32
292142,0.36
292149,0.38
292181,0.48
292189,0.36
292191,0.35
292205,0.34
292219,0.38
292227,0.34
292231,0.34
292238,0.39
292246,0.27
292248,0.48
292259,0.44
292261,0.32
292266,0.48
292267,0.38
292272,0.42
292278,0.43
292281,0.34
292286,0.4
292288,0.48
292289,0.4
292304,0.39
292307,0.51
292319,0.41
292320,0.36
292325,0.42
292326,0.43
292331,0.36
292332,0.33
292333,0.42
292334,0.32
292337,0.36
292338,0.25
292342,0.39
292347,0.31
292350,0.38
292355,0.37
292360,0.35
292362,0.3
292363,0.42
292364,0.43
292383,0.38
292397,0.39
292409,0.43
292417,0.42
292426,0.34
292428,0.34
292439,0.35
292443,0.36
292448,0.33
292451,0.44
292452,0.31
292456,0.34
292460,0.37
292463,0.41
292464,0.34
292476,0.41
292480,0.43
292483,0.33
292493,0.58
292501,0.55
292506,0.52
292508,0.29
292513,0.45
292525,0.39
292533,0.4
292540,0.43
292541,0.42
292544,0.31
292549,0.43
292550,0.31
292557,0.4
292558,0.39
292562,0.4
292564,0.29
292583,0.49
292612,0.32
292618,0.31
292623,0.41
292631,0.32
292633,0.37
292641,0.28
292643,0.35
292649,0.37
292650,0.43
292651,0.48
292655,0.37
292659,0.24
292677,0.46
292693,0.32
292697,0.42
292700,0.53
292702,0.35
292710,0.32
292727,0.38
292731,0.44
292732,0.42
292734,0.33
292735,0.34
292737,0.37
292739,0.55
292741,0.49
292767,0.28
292778,0.33
292807,0.42
292813,0.39
292834,0.34
292837,0.46
292839,0.34
292844,0.32
292869,0.43
292874,0.45
292892,0.39
292894,0.37
292916,0.39
292921,0.47
292925,0.4
292929,0.42
292933,0.33
292935,0.39
292938,0.29
292945,0.42
292946,0.42
292953,0.36
292966,0.44
292968,0.36
292983,0.4
292988,0.55
292992,0.42
292997,0.35
293002,0.34
293013,0.38
293030,0.43
293043,0.43
293070,0.45
293093,0.31
293103,0.34
293104,0.31
293117,0.38
293123,0.37
293126,0.41
293128,0.46
293136,0.4
293142,0.33
293146,0.48
293149,0.39
293159,0.32
293169,0.35
293172,0.47
293175,0.46
293176,0.39
293192,0.41
293213,0.38
293218,0.39
293219,0.41
293224,0.33
293225,0.39
293234,0.39
293243,0.35
293249,0.36
293256,0.32
293276,0.42
293283,0.37
293295,0.46
293308,0.42
293309,0.4
293316,0.24
293326,0.48
293330,0.32
293351,0.46
293361,0.44
293366,0.41
293376,0.35
293377,0.43
293382,0.36
293383,0.46
293385,0.48
293402,0.47
293403,0.4
293405,0.47
293412,0.36
293430,0.32
293435,0.31
293438,0.47
293445,0.43
293447,0.4
293451,0.34
293463,0.36
293471,0.45
293482,0.5
293485,0.36
293493,0.35
293496,0.49
293505,0.38
293507,0.43
293508,0.35
293518,0.25
293524,0.39
293527,0.39
293537,0.41
293542,0.33
293556,0.33
293560,0.46
293563,0.41
293565,0.35
293597,0.37
293603,0.4
293607,0.48
293621,0.34
293622,0.27
293623,0.41
293636,0.49
293643,0.37
293659,0.44
293678,0.29
293679,0.37
293681,0.47
293684,0.39
293692,0.41
293696,0.37
293733,0.32
293734,0.33
293745,0.42
293751,0.39
293770,0.47
293778,0.45
293789,0.41
293809,0.32
293815,0.36
293816,0.48
293819,0.36
293822,0.46
293846,0.46
293849,0.43
293850,0.38
293851,0.41
293860,0.38
293863,0.37
293881,0.43
293900,0.43
293907,0.38
293915,0.33
293931,0.42
293935,0.43
293942,0.38
293944,0.5
293967,0.35
293968,0.45
293971,0.36
293972,0.46
293974,0.38
293976,0.44
293985,0.33
293996,0.42
294004,0.38
294007,0.38
294010,0.37
294013,0.4
294016,0.5
294018,0.43
294028,0.44
294041,0.44
294047,0.33
294055,0.43
294062,0.41
294069,0.38
294075,0.46
294091,0.44
294108,0.38
294116,0.44
294125,0.48
294129,0.38
294130,0.42
294134,0.33
294135,0.39
294136,0.54
294141,0.35
294160,0.34
294164,0.44
294184,0.35
294191,0.48
294195,0.51
294199,0.41
294208,0.5
294221,0.35
294225,0.42
294230,0.35
294236,0.43
294256,0.4
294257,0.43
294258,0.38
294282,0.48
294287,0.37
294290,0.37
294300,0.35
294302,0.34
294313,0.39
294314,0.46
294322,0.48
294336,0.44
294339,0.35
294348,0.44
294365,0.4
294373,0.35
294383,0.31
294403,0.32
294406,0.48
294417,0.38
294452,0.47
294463,0.36
294471,0.37
294486,0.4
294501,0.35
294504,0.31
294509,0.28
294511,0.4
294519,0.38
294530,0.35
294532,0.42
294547,0.45
294548,0.44
294554,0.41
294577,0.42
294578,0.47
294580,0.43
294583,0.29
294592,0.34
294595,0.5
294602,0.48
294613,0.36
294617,0.4
294631,0.41
294641,0.31
294653,0.49
294657,0.47
294661,0.49
294665,0.35
294668,0.42
294671,0.39
294682,0.34
294685,0.37
294688,0.32
294690,0.54
294698,0.33
294717,0.46
294724,0.39
294726,0.39
294738,0.33
294744,0.31
294758,0.48
294762,0.37
294776,0.39
294777,0.4
294807,0.41
294816,0.41
294821,0.32
294825,0.33
294834,0.34
294835,0.52
294836,0.31
294840,0.45
294842,0.41
294864,0.45
294874,0.48
294880,0.48
294881,0.47
294897,0.31
294898,0.4
294920,0.45
294923,0.35
294926,0.41
294937,0.42
294941,0.46
294951,0.34
294952,0.38
294953,0.35
294982,0.41
294989,0.47
294995,0.45
295009,0.48
295010,0.52
295013,0.37
295016,0.42
295022,0.38
295024,0.46
295040,0.58
295045,0.34
295047,0.37
295056,0.38
295073,0.39
295080,0.4
295093,0.4
295094,0.4
295095,0.43
295107,0.39
295116,0.34
295140,0.38
295150,0.48
295154,0.38
295155,0.47
295162,0.39
295163,0.41
295168,0.41
295176,0.3
295182,0.41
295183,0.42
295216,0.44
295219,0.41
295239,0.28
295246,0.35
295255,0.28
295257,0.47
295261,0.38
295263,0.34
295265,0.27
295274,0.41
295281,0.35
295286,0.37
295299,0.31
295304,0.44
295306,0.41
295321,0.28
295339,0.44
295342,0.35
295346,0.42
295348,0.39
295354,0.35
295367,0.24
295372,0.43
295373,0.43
295374,0.47
295387,0.32
295389,0.46
295396,0.41
295415,0.37
295418,0.43
295421,0.4
295425,0.43
295431,0.45
295434,0.41
295443,0.37
295453,0.34
295473,0.35
295476,0.43
295477,0.42
295488,0.36
295499,0.42
295504,0.27
295505,0.4
295524,0.44
295529,0.33
295533,0.46
295534,0.47
295549,0.36
295565,0.42
295584,0.33
295585,0.39
295597,0.51
295599,0.37
295604,0.4
295616,0.49
295635,0.37
295637,0.32
295670,0.32
295678,0.43
295701,0.44
295711,0.4
295713,0.48
295734,0.42
295739,0.42
295750,0.37
295773,0.51
295783,0.41
295787,0.36
295790,0.43
295795,0.43
295820,0.29
295821,0.54
295826,0.31
295836,0.36
295837,0.47
295842,0.44
295848,0.37
295850,0.44
295869,0.44
295871,0.4
295873,0.57
295879,0.35
295880,0.38
295892,0.44
295904,0.42
295907,0.42
295908,0.37
295913,0.42
295918,0.34
295921,0.37
295924,0.26
295949,0.39
295953,0.42
295961,0.43
295968,0.55
295971,0.46
295985,0.43
295986,0.41
295987,0.42
295993,0.37
295997,0.35
296005,0.46
296007,0.43
296012,0.44
296022,0.45
296024,0.4
296032,0.31
296034,0.34
296062,0.46
296070,0.42
296074,0.38
296084,0.45
296087,0.33
296088,0.4
296089,0.38
296143,0.37
296172,0.42
296183,0.48
296185,0.3
296194,0.45
296199,0.38
296204,0.35
296206,0.35
296209,0.5
296229,0.44
296239,0.4
296253,0.42
296259,0.39
296264,0.37
296270,0.47
296273,0.39
296284,0.4
296285,0.41
296287,0.35
296288,0.43
296292,0.43
296300,0.43
296301,0.44
296321,0.47
296324,0.47
296335,0.37
296348,0.41
296354,0.36
296369,0.32
296376,0.41
296391,0.3
296393,0.51
296398,0.48
296428,0.42
296432,0.45
296433,0.3
296449,0.43
296450,0.36
296490,0.4
296498,0.37
296499,0.38
296500,0.41
296509,0.41
296514,0.47
296518,0.36
296527,0.34
296532,0.34
296541,0.36
296544,0.51
296546,0.34
296573,0.46
296578,0.47
296589,0.34
296594,0.4
296616,0.4
296623,0.34
296624,0.38
296632,0.39
296633,0.44
296639,0.38
296647,0.44
296656,0.49
296678,0.33
296679,0.36
296695,0.35
296696,0.46
296714,0.39
296721,0.36
296739,0.37
296744,0.58
296747,0.33
296758,0.34
296760,0.42
296766,0.34
296769,0.39
296776,0.44
296780,0.3
296782,0.43
296790,0.42
296795,0.48
296801,0.33
296803,0.45
296806,0.44
296811,0.45
296813,0.28
296818,0.44
296822,0.37
296839,0.43
296848,0.34
296863,0.4
296871,0.43
296872,0.42
296877,0.4
296882,0.36
296885,0.35
296903,0.51
296906,0.4
296912,0.45
296916,0.41
296922,0.35
296926,0.49
296927,0.31
296935,0.34
296939,0.34
296942,0.43
296954,0.37
296968,0.38
296971,0.38
296984,0.48
297004,0.44
297011,0.43
297017,0.41
297019,0.42
297021,0.36
297025,0.38
297033,0.33
297038,0.36
297042,0.53
297065,0.34
297089,0.35
297093,0.41
297098,0.39
297100,0.3
297111,0.37
297115,0.44
297121,0.34
297123,0.39
297129,0.4
297132,0.42
297139,0.32
297147,0.39
297148,0.41
297161,0.48
297167,0.25
297171,0.37
297173,0.35
297179,0.34
297189,0.43
297200,0.36
297201,0.4
297220,0.38
297229,0.4
297234,0.36
297252,0.45
297266,0.48
297269,0.38
297276,0.44
297292,0.36
297300,0.5
297303,0.35
297305,0.41
297307,0.49
297313,0.39
297336,0.43
297340,0.47
297344,0.38
297349,0.33
297358,0.46
297363,0.42
297369,0.39
297372,0.4
297380,0.36
297384,0.33
297385,0.48
297389,0.42
297390,0.4
297415,0.46
297419,0.46
297421,0.47
297424,0.44
297431,0.39
297447,0.33
297456,0.52
297457,0.45
297463,0.39
297464,0.45
297474,0.41
297479,0.4
297480,0.52
297494,0.51
297495,0.36
297507,0.3
297514,0.4
297515,0.34
297516,0.33
297521,0.34
297534,0.39
297553,0.38
297575,0.45
297584,0.4
297586,0.36
297606,0.42
297630,0.37
297636,0.3
297646,0.26
297650,0.38
297651,0.31
297656,0.37
297675,0.42
297681,0.34
297699,0.27
297702,0.33
297712,0.48
297718,0.46
297730,0.36
297731,0.41
297745,0.42
297768,0.36
297771,0.32
297774,0.43
297781,0.41
297786,0.4
297798,0.45
297809,0.31
297822,0.39
297828,0.37
297840,0.35
297852,0.43
297859,0.3
297868,0.4
297883,0.33
297887,0.36
297896,0.41
297898,0.37
297917,0.5
297943,0.4
297954,0.49
297965,0.48
297992,0.35
297993,0.41
298001,0.41
298005,0.49
298010,0.42
298013,0.27
298014,0.43
298015,0.33
298025,0.41
298026,0.4
298032,0.49
298039,0.38
298049,0.4
298051,0.34
298058,0.43
298062,0.34
298070,0.36
298078,0.45
298084,0.48
298108,0.37
298113,0.37
298115,0.37
298126,0.46
298131,0.41
298134,0.51
298135,0.39
298139,0.34
298142,0.37
298152,0.37
298154,0.56
298155,0.35
298161,0.46
298165,0.45
298166,0.44
298171,0.38
298179,0.47
298182,0.45
298187,0.35
298192,0.47
298194,0.36
298213,0.45
298215,0.35
298216,0.4
298217,0.47
298223,0.45
298256,0.44
298275,0.37
298277,0.39
298279,0.36
298285,0.29
298286,0.45
298296,0.31
298309,0.41
298312,0.24
298323,0.4
298330,0.39
298340,0.26
298341,0.36
298349,0.36
298353,0.38
298363,0.35
298367,0.39
298378,0.43
298380,0.44
298392,0.5
298395,0.37
298405,0.46
298426,0.39
298427,0.36
298444,0.39
298450,0.37
298458,0.39
298462,0.27
298463,0.41
298479,0.35
298480,0.41
298487,0.44
298499,0.43
298500,0.42
298506,0.37
298507,0.38
298512,0.22
298515,0.35
298517,0.37
298532,0.36
298533,0.38
298560,0.4
298564,0.49
298567,0.4
298568,0.49
298569,0.42
298570,0.47
298579,0.32
298583,0.39
298591,0.4
298593,0.37
298600,0.36
298609,0.35
298620,0.33
298622,0.55
298628,0.36
298633,0.47
298657,0.46
298669,0.37
298671,0.42
298677,0.37
298692,0.39
298703,0.44
298705,0.38
298711,0.31
298713,0.35
298757,0.42
298766,0.39
298768,0.37
298770,0.32
298776,0.45
298785,0.32
298787,0.45
298792,0.33
298795,0.37
298799,0.39
298806,0.38
298810,0.45
298818,0.39
298822,0.36
298823,0.32
298834,0.34
298837,0.47
298841,0.3
298845,0.37
298852,0.49
298855,0.35
298858,0.34
298860,0.36
298861,0.41
298863,0.41
298866,0.48
298873,0.41
298880,0.47
298889,0.38
298896,0.31
298917,0.45
298929,0.37
298940,0.41
298946,0.4
298949,0.38
298966,0.4
298984,0.45
298994,0.42
299004,0.45
299012,0.37
299022,0.37
299024,0.34
299026,0.25
299035,0.37
299036,0.51
299039,0.38
299061,0.35
299064,0.36
299067,0.31
299074,0.44
299075,0.36
299078,0.43
299109,0.44
299117,0.43
299121,0.34
299127,0.34
299134,0.42
299136,0.4
299137,0.41
299139,0.54
299168,0.39
299176,0.38
299184,0.41
299188,0.46
299191,0.39
299208,0.34
299229,0.48
299238,0.43
299241,0.37
299257,0.35
299260,0.3
299264,0.3
299279,0.36
299308,0.48
299310,0.39
299311,0.35
299317,0.45
299325,0.45
299329,0.37
299334,0.36
299335,0.44
299339,0.46
299351,0.45
299352,0.33
299365,0.46
299393,0.49
299400,0.37
299404,0.4
299406,0.41
299410,0.4
299413,0.3
299434,0.38
299448,0.36
299463,0.42
299464,0.4
299470,0.45
299480,0.4
299488,0.36
299496,0.46
299501,0.38
299504,0.36
299532,0.43
299536,0.44
299550,0.38
299554,0.5
299564,0.38
299577,0.46
299581,0.46
299594,0.38
299632,0.36
299633,0.34
299650,0.33
299678,0.43
299682,0.44
299705,0.37
299719,0.51
299720,0.36
299724,0.43
299730,0.24
299750,0.4
299766,0.43
299774,0.39
299787,0.32
299817,0.37
299818,0.4
299826,0.42
299833,0.33
299845,0.35
299847,0.51
299850,0.36
299866,0.46
299869,0.46
299870,0.4
299874,0.46
299877,0.28
299891,0.4
299898,0.48
299900,0.38
299904,0.42
299912,0.43
299914,0.43
299919,0.43
299931,0.41
299934,0.32
299941,0.41
299946,0.4
299947,0.36
299972,0.43
299973,0.52
299975,0.32
299979,0.42
299981,0.34
299983,0.46
299985,0.42
299986,0.32
300011,0.47
300013,0.4
300028,0.31
300042,0.5
300043,0.44
300058,0.34
300073,0.37
300075,0.38
300087,0.33
300090,0.4
300107,0.43
300115,0.36
300119,0.44
300122,0.36
300125,0.4
300126,0.54
300137,0.46
300139,0.43
300145,0.39
300155,0.36
300169,0.31
300170,0.45
300175,0.36
300177,0.52
300186,0.46
300188,0.33
300194,0.47
300207,0.39
300210,0.38
300217,0.3
300221,0.33
300235,0.36
300238,0.34
300240,0.36
300241,0.47
300249,0.38
300255,0.45
300259,0.42
300272,0.45
300274,0.4
300276,0.51
300284,0.31
300293,0.3
300306,0.36
300310,0.37
300324,0.31
300339,0.46
300346,0.29
300348,0.31
300354,0.37
300356,0.51
300358,0.35
300363,0.44
300366,0.42
300368,0.46
300370,0.37
300385,0.48
300392,0.37
300393,0.43
300403,0.48
300411,0.37
300420,0.33
300421,0.38
300435,0.43
300437,0.46
300440,0.38
300443,0.42
300456,0.43
300458,0.46
300459,0.43
300460,0.35
300462,0.4
300481,0.41
300486,0.4
300488,0.4
300503,0.28
300506,0.46
300517,0.36
300523,0.39
300525,0.37
300526,0.28
300552,0.42
300560,0.56
300570,0.24
300583,0.32
300585,0.45
300587,0.4
300598,0.38
300600,0.38
300608,0.43
300612,0.36
300618,0.48
300621,0.41
300640,0.44
300641,0.42
300651,0.38
300653,0.37
300667,0.38
300678,0.51
300680,0.33
300687,0.44
300702,0.46
300717,0.45
300722,0.34
300723,0.34
300732,0.36
300752,0.34
300761,0.43
300775,0.44
300786,0.41
300787,0.35
300788,0.42
300789,0.44
300794,0.41
300808,0.32
300834,0.39
300842,0.39
300844,0.35
300850,0.38
300851,0.36
300854,0.4
300866,0.39
300867,0.45
300868,0.38
300882,0.53
300883,0.3
300891,0.33
300894,0.49
300901,0.29
300904,0.31
300910,0.39
300914,0.42
300918,0.42
300948,0.45
300954,0.36
300958,0.47
300959,0.47
300970,0.35
300971,0.43
300975,0.27
300981,0.33
300983,0.43
300993,0.54
300996,0.35
301001,0.45
301005,0.43
301010,0.36
301021,0.38
301026,0.28
301029,0.44
301032,0.31
301061,0.45
301073,0.47
301083,0.47
301089,0.39
301093,0.41
301098,0.34
301103,0.38
301105,0.42
301112,0.42
301120,0.42
301122,0.36
301124,0.41
301137,0.32
301169,0.41
301173,0.29
301177,0.37
301179,0.38
301180,0.4
301185,0.32
301195,0.45
301199,0.38
301201,0.36
301206,0.41
301209,0.39
301210,0.37
301216,0.33
301224,0.46
301226,0.43
301227,0.44
301243,0.35
301246,0.47
301248,0.39
301252,0.36
301259,0.39
301260,0.39
301267,0.34
301268,0.39
301274,0.4
301281,0.33
301287,0.44
301288,0.36
301299,0.36
301304,0.46
301325,0.38
301327,0.27
301331,0.45
301332,0.36
301336,0.4
301345,0.36
301348,0.35
301356,0.43
301358,0.37
301360,0.33
301364,0.34
301389,0.31
301415,0.33
301421,0.42
301422,0.47
301424,0.36
301426,0.33
301433,0.38
301459,0.41
301460,0.44
301478,0.42
301483,0.38
301493,0.37
301494,0.34
301503,0.28
301510,0.47
301516,0.39
301530,0.34
301531,0.46
301549,0.36
301550,0.32
301555,0.43
301573,0.42
301588,0.39
301593,0.41
301613,0.41
301625,0.48
301643,0.32
301650,0.39
301651,0.38
301652,0.35
301653,0.38
301665,0.26
301684,0.46
301686,0.46
301694,0.4
301697,0.33
301698,0.43
301717,0.45
301725,0.41
301728,0.37
301734,0.35
301749,0.35
301761,0.5
301766,0.46
301775,0.44
301782,0.4
301784,0.41
301787,0.37
301789,0.5
301790,0.44
301804,0.34
301806,0.39
301817,0.4
301826,0.41
301837,0.41
301842,0.43
301848,0.39
301859,0.44
301860,0.35
301867,0.44
301877,0.36
301883,0.36
301902,0.35
301908,0.43
301916,0.38
301920,0.42
301921,0.35
301931,0.39
301939,0.39
301941,0.48
301943,0.34
301949,0.54
301955,0.36
301963,0.44
301968,0.32
301975,0.34
301988,0.31
302000,0.39
302005,0.38
302007,0.34
302016,0.36
302028,0.44
302038,0.38
302043,0.44
302051,0.33
302056,0.38
302063,0.47
302072,0.53
302074,0.41
302080,0.33
302093,0.5
302096,0.38
302123,0.42
302125,0.36
302128,0.33
302145,0.5
302146,0.48
302160,0.37
302166,0.39
302174,0.41
302175,0.25
302186,0.39
302190,0.52
302202,0.41
302207,0.4
302211,0.33
302215,0.43
302216,0.42
302217,0.27
302225,0.5
302231,0.46
302233,0.37
302259,0.37
302263,0.36
302281,0.41
302285,0.33
302288,0.31
302292,0.41
302303,0.36
302306,0.44
302309,0.34
302332,0.36
302341,0.3
302350,0.43
302352,0.42
302356,0.48
302361,0.36
302364,0.42
302373,0.35
302378,0.36
302385,0.37
302389,0.38
302393,0.42
302403,0.28
302422,0.46
302425,0.35
302431,0.49
302443,0.44
302448,0.28
302449,0.57
302455,0.42
302460,0.41
302462,0.4
302466,0.37
302467,0.46
302470,0.44
302472,0.36
302480,0.33
302481,0.32
302491,0.45
302494,0.43
302503,0.32
302504,0.47
302507,0.33
302527,0.46
302571,0.39
302580,0.45
302583,0.35
302591,0.37
302601,0.44
302613,0.5
302621,0.37
302638,0.33
302639,0.43
302655,0.42
302670,0.4
302673,0.36
302675,0.4
302691,0.51
302701,0.42
302705,0.42
302727,0.5
302750,0.42
302751,0.32
302757,0.45
302758,0.46
302761,0.45
302767,0.36
302787,0.32
302797,0.33
302799,0.39
302800,0.39
302815,0.32
302826,0.44
302827,0.34
302842,0.42
302856,0.41
302877,0.33
302879,0.35
302881,0.42
302882,0.4
302885,0.36
302905,0.41
302911,0.34
302916,0.41
302919,0.43
302947,0.31
302957,0.42
302968,0.37
302978,0.45
302984,0.41
302991,0.46
303007,0.5
303010,0.34
303012,0.57
303013,0.44
303024,0.42
303027,0.53
303034,0.4
303036,0.45
303037,0.51
303050,0.37
303060,0.38
303062,0.49
303066,0.38
303068,0.39
303077,0.49
303080,0.47
303082,0.31
303083,0.35
303085,0.32
303087,0.34
303089,0.46
303103,0.41
303105,0.44
303106,0.42
303120,0.52
303121,0.38
303127,0.35
303130,0.32
303142,0.34
303162,0.34
303169,0.37
303189,0.37
303220,0.44
303222,0.41
303223,0.4
303227,0.34
303262,0.46
303264,0.52
303277,0.42
303288,0.33
303292,0.47
303294,0.38
303301,0.51
303312,0.38
303328,0.46
303330,0.41
303347,0.35
303354,0.3
303356,0.32
303362,0.39
303377,0.32
303386,0.4
303393,0.38
303397,0.42
303403,0.5
303413,0.32
303416,0.44
303428,0.46
303429,0.39
303432,0.41
303446,0.41
303455,0.53
303464,0.35
303465,0.34
303473,0.49
303476,0.47
303479,0.32
303482,0.39
303484,0.32
303492,0.44
303493,0.4
303497,0.5
303498,0.45
303499,0.39
303509,0.4
303513,0.44
303524,0.29
303525,0.45
303540,0.3
303544,0.26
303548,0.43
303551,0.35
303569,0.55
303584,0.43
303592,0.36
303602,0.39
303607,0.36
303619,0.36
303630,0.33
303643,0.44
303644,0.37
303670,0.38
303671,0.41
303678,0.31
303689,0.36
303698,0.41
303702,0.43
303704,0.36
303711,0.35
303727,0.45
303728,0.35
303741,0.49
303752,0.51
303755,0.41
303777,0.39
303790,0.44
303798,0.44
303804,0.49
303812,0.46
303814,0.5
303817,0.44
303818,0.5
303848,0.5
303850,0.35
303854,0.45
303857,0.36
303860,0.53
303870,0.3
303877,0.45
303884,0.44
303893,0.41
303899,0.32
303900,0.54
303902,0.43
303906,0.44
303920,0.37
303937,0.35
303939,0.36
303941,0.35
303962,0.34
303963,0.37
303971,0.36
303978,0.36
303980,0.52
303986,0.51
304018,0.39
304025,0.36
304027,0.33
304028,0.4
304029,0.33
304030,0.34
304035,0.33
304040,0.33
304058,0.44
304083,0.43
304089,0.43
304092,0.56
304093,0.43
304100,0.38
304121,0.31
304142,0.34
304154,0.42
304158,0.47
304164,0.4
304173,0.39
304175,0.35
304182,0.33
304194,0.27
304201,0.43
304202,0.33
304206,0.33
304210,0.44
304226,0.36
304237,0.37
304256,0.43
304257,0.41
304265,0.39
304271,0.52
304274,0.32
304286,0.52
304292,0.38
304299,0.35
304350,0.37
304352,0.45
304355,0.43
304360,0.39
304361,0.4
304363,0.48
304375,0.45
304378,0.37
304382,0.39
304385,0.36
304386,0.48
304387,0.37
304388,0.34
304391,0.39
304398,0.38
304406,0.38
304420,0.43
304431,0.5
304436,0.46
304438,0.33
304440,0.51
304441,0.32
304450,0.41
304451,0.4
304454,0.4
304462,0.49
304466,0.39
304469,0.43
304472,0.34
304475,0.41
304481,0.3
304483,0.52
304485,0.31
304486,0.47
304504,0.38
304505,0.35
304512,0.49
304516,0.5
304517,0.32
304528,0.43
304530,0.36
304536,0.45
304549,0.41
304552,0.44
304554,0.38
304581,0.38
304593,0.4
304596,0.42
304604,0.49
304610,0.43
304614,0.4
304628,0.35
304629,0.35
304637,0.59
304644,0.33
304654,0.4
304664,0.38
304676,0.37
304680,0.41
304687,0.43
304696,0.41
304698,0.39
304700,0.45
304703,0.36
304704,0.4
304710,0.44
304717,0.39
304729,0.42
304732,0.3
304736,0.45
304738,0.43
304756,0.4
304771,0.37
304773,0.34
304776,0.43
304778,0.32
304779,0.45
304780,0.4
304790,0.52
304793,0.29
304805,0.5
304811,0.34
304825,0.43
304828,0.44
304829,0.37
304842,0.45
304851,0.43
304857,0.36
304884,0.45
304891,0.42
304897,0.42
304898,0.33
304905,0.32
304907,0.39
304917,0.4
304931,0.5
304935,0.4
304942,0.46
304954,0.37
304959,0.35
304968,0.47
304971,0.45
304977,0.4
304982,0.34
304985,0.35
304991,0.46
304992,0.4
304997,0.37
305004,0.45
305008,0.36
305019,0.36
305020,0.41
305025,0.4
305037,0.36
305046,0.41
305056,0.36
305062,0.41
305064,0.4
305065,0.4
305076,0.39
305108,0.35
305110,0.4
305115,0.43
305121,0.47
305125,0.35
305141,0.4
305151,0.43
305159,0.47
305162,0.35
305165,0.3
305174,0.5
305178,0.39
305180,0.4
305182,0.49
305183,0.35
305194,0.45
305199,0.41
305210,0.31
305214,0.44
305215,0.44
305218,0.42
305225,0.34
305229,0.38
305231,0.42
305233,0.41
305237,0.35
305260,0.44
305261,0.38
305278,0.35
305286,0.31
305293,0.43
305300,0.4
305301,0.44
305326,0.49
305334,0.48
305340,0.39
305348,0.41
305352,0.37
305359,0.41
305360,0.3
305362,0.34
305383,0.39
305406,0.32
305408,0.47
305412,0.49
305413,0.42
305414,0.41
305417,0.42
305421,0.32
305422,0.38
305447,0.35
305448,0.47
305450,0.31
305452,0.48
305459,0.37
305460,0.51
305474,0.4
305475,0.42
305481,0.46
305494,0.42
305503,0.41
305507,0.36
305508,0.42
305513,0.45
305518,0.35
305523,0.33
305526,0.4
305529,0.5
305532,0.36
305543,0.42
305555,0.3
305562,0.41
305571,0.43
305578,0.47
305579,0.26
305584,0.38
305603,0.3
305620,0.36
305626,0.37
305636,0.46
305640,0.31
305653,0.28
305662,0.28
305663,0.37
305667,0.42
305683,0.36
305698,0.34
305699,0.45
305707,0.44
305717,0.48
305723,0.38
305735,0.38
305738,0.5
305746,0.35
305766,0.32
305773,0.33
305776,0.35
305777,0.4
305809,0.41
305813,0.41
305816,0.35
305820,0.29
305826,0.44
305838,0.38
305839,0.29
305846,0.43
305861,0.39
305863,0.52
305869,0.29
305872,0.37
305876,0.31
305881,0.42
305887,0.39
305894,0.36
305898,0.36
305905,0.33
305908,0.37
305914,0.41
305915,0.32
305922,0.44
305938,0.42
305946,0.32
305956,0.46
305963,0.44
305965,0.4
305988,0.37
305990,0.34
305991,0.47
305994,0.31
305998,0.36
306003,0.33
306012,0.36
306016,0.38
306021,0.41
306025,0.39
306030,0.34
306047,0.42
306051,0.35
306063,0.48
306066,0.44
306069,0.41
306074,0.43
306091,0.35
306094,0.43
306095,0.42
306114,0.38
306116,0.36
306121,0.43
306127,0.41
306128,0.39
306133,0.31
306142,0.45
306144,0.25
306150,0.36
306153,0.31
306156,0.48
306159,0.36
306161,0.37
306173,0.37
306175,0.44
306193,0.52
306194,0.47
306198,0.37
306203,0.43
306209,0.41
306212,0.33
306216,0.49
306233,0.46
306247,0.47
306264,0.51
306267,0.37
306293,0.41
306302,0.47
306305,0.34
306311,0.37
306345,0.27
306357,0.41
306368,0.38
306372,0.54
306378,0.39
306389,0.35
306398,0.37
306414,0.4
306419,0.32
306437,0.35
306438,0.38
306441,0.31
306443,0.44
306450,0.41
306464,0.39
306468,0.36
306469,0.3
306484,0.42
306527,0.44
306538,0.42
306547,0.38
306554,0.4
306557,0.41
306560,0.36
306561,0.36
306565,0.38
306569,0.36
306576,0.45
306587,0.35
306604,0.44
306624,0.39
306625,0.51
306628,0.38
306647,0.41
306651,0.34
306658,0.35
306660,0.41
306664,0.34
306670,0.42
306699,0.51
306701,0.49
306712,0.33
306716,0.41
306727,0.37
306729,0.41
306735,0.29
306739,0.48
306756,0.43
306757,0.35
306767,0.4
306775,0.34
306795,0.46
306799,0.4
306800,0.41
306805,0.49
306812,0.31
306820,0.43
306840,0.41
306845,0.39
306848,0.48
306856,0.45
306862,0.43
306863,0.31
306868,0.36
306873,0.41
306876,0.44
306893,0.28
306896,0.46
306899,0.28
306907,0.47
306908,0.35
306917,0.32
306927,0.34
306930,0.36
306935,0.32
306942,0.36
306951,0.42
306961,0.4
306970,0.59
306972,0.37
306973,0.33
306976,0.52
306978,0.4
306990,0.36
306992,0.4
306995,0.33
307001,0.49
307004,0.5
307005,0.29
307006,0.37
307010,0.37
307011,0.53
307014,0.42
307016,0.42
307022,0.32
307027,0.36
307052,0.4
307061,0.44
307072,0.48
307078,0.44
307111,0.39
307112,0.39
307134,0.44
307143,0.34
307147,0.42
307148,0.51
307162,0.55
307166,0.34
307168,0.43
307174,0.35
307177,0.4
307197,0.41
307198,0.33
307199,0.43
307205,0.44
307207,0.41
307210,0.41
307212,0.39
307223,0.33
307224,0.28
307236,0.43
307241,0.37
307242,0.48
307259,0.37
307271,0.36
307274,0.36
307281,0.39
307288,0.36
307294,0.5
307302,0.37
307308,0.49
307313,0.44
307344,0.46
307350,0.47
307366,0.46
307372,0.3
307373,0.32
307374,0.33
307378,0.53
307384,0.38
307398,0.36
307406,0.41
307416,0.31
307420,0.36
307424,0.33
307427,0.43
307429,0.43
307436,0.31
307456,0.44
307491,0.52
307494,0.44
307496,0.36
307500,0.43
307504,0.47
307509,0.47
307511,0.4
307520,0.38
307527,0.44
307537,0.42
307539,0.38
307558,0.4
307561,0.46
307575,0.35
307577,0.38
307588,0.42
307636,0.45
307639,0.38
307641,0.32
307646,0.4
307653,0.35
307661,0.49
307669,0.41
307674,0.36
307678,0.39
307691,0.36
307697,0.46
307699,0.41
307702,0.41
307708,0.37
307712,0.5
307716,0.36
307729,0.39
307753,0.31
307765,0.34
307781,0.41
307787,0.42
307788,0.34
307798,0.31
307799,0.43
307800,0.38
307801,0.4
307804,0.4
307816,0.35
307820,0.41
307824,0.36
307828,0.42
307832,0.41
307836,0.36
307842,0.43
307851,0.42
307856,0.36
307861,0.36
307879,0.31
307904,0.45
307911,0.28
307912,0.32
307913,0.45
307922,0.38
307924,0.41
307925,0.49
307929,0.38
307933,0.41
307945,0.46
307948,0.37
307961,0.41
307962,0.34
307963,0.4
307971,0.39
307983,0.46
307984,0.28
307988,0.5
307993,0.41
307994,0.4
308007,0.37
308008,0.43
308018,0.47
308023,0.39
308026,0.33
308028,0.36
308030,0.44
308034,0.4
308053,0.45
308065,0.41
308095,0.37
308096,0.49
308100,0.31
308114,0.35
308116,0.37
308120,0.43
308128,0.52
308132,0.43
308134,0.46
308140,0.39
308142,0.44
308164,0.47
308168,0.45
308169,0.41
308171,0.42
308176,0.41
308177,0.38
308179,0.37
308180,0.43
308184,0.34
308188,0.4
308189,0.41
308190,0.36
308200,0.4
308210,0.39
308211,0.48
308218,0.41
308220,0.46
308228,0.35
308231,0.41
308236,0.32
308247,0.53
308251,0.42
308260,0.5
308266,0.36
308267,0.54
308280,0.44
308298,0.44
308301,0.4
308309,0.34
308312,0.49
308325,0.32
308334,0.49
308339,0.49
308346,0.38
308359,0.37
308360,0.36
308380,0.5
308391,0.49
308403,0.35
308408,0.47
308410,0.41
308415,0.37
308420,0.4
308427,0.45
308442,0.35
308447,0.43
308462,0.49
308464,0.44
308465,0.43
308467,0.42
308468,0.46
308476,0.3
308488,0.39
308498,0.46
308504,0.36
308507,0.34
308509,0.3
308521,0.35
308536,0.53
308537,0.45
308543,0.37
308547,0.37
308559,0.38
308565,0.41
308569,0.51
308584,0.38
308591,0.5
308608,0.33
308610,0.38
308613,0.35
308618,0.36
308623,0.32
308632,0.34
308636,0.42
308641,0.43
308643,0.36
308664,0.33
308678,0.33
308679,0.48
308691,0.35
308692,0.46
308701,0.5
308709,0.48
308711,0.39
308719,0.42
308723,0.47
308727,0.37
308732,0.36
308738,0.35
308747,0.3
308749,0.37
308755,0.37
308756,0.44
308761,0.44
308779,0.46
308780,0.46
308784,0.42
308789,0.45
308807,0.36
308818,0.46
308819,0.43
308822,0.43
308827,0.38
308831,0.4
308833,0.32
308842,0.41
308868,0.4
308871,0.39
308881,0.33
308889,0.36
308892,0.43
308900,0.42
308903,0.38
308912,0.44
308916,0.45
308919,0.39
308920,0.34
308921,0.41
308928,0.36
308929,0.42
308934,0.45
308940,0.41
308941,0.47
308946,0.52
308956,0.36
308958,0.34
308963,0.39
308965,0.42
308971,0.34
308977,0.41
308985,0.41
308987,0.33
308995,0.4
309005,0.42
309007,0.37
309015,0.45
309016,0.26
309018,0.43
309019,0.47
309035,0.42
309042,0.35
309044,0.39
309052,0.41
309061,0.37
309064,0.38
309072,0.36
309075,0.28
309083,0.46
309099,0.5
309124,0.43
309125,0.37
309146,0.38
309159,0.39
309161,0.38
309168,0.43
309180,0.42
309185,0.37
309195,0.41
309198,0.37
309200,0.39
309202,0.53
309204,0.44
309213,0.44
309227,0.31
309234,0.45
309241,0.33
309242,0.26
309244,0.38
309246,0.35
309250,0.39
309251,0.43
309274,0.46
309276,0.45
309280,0.42
309298,0.45
309301,0.45
309302,0.29
309326,0.35
309335,0.32
309341,0.38
309343,0.4
309344,0.33
309354,0.32
309362,0.38
309399,0.52
309406,0.43
309409,0.35
309411,0.45
309418,0.49
309421,0.43
309435,0.5
309443,0.34
309455,0.37
309462,0.36
309473,0.29
309476,0.46
309478,0.32
309493,0.36
309502,0.34
309508,0.46
309526,0.43
309536,0.41
309544,0.39
309547,0.3
309555,0.42
309562,0.39
309569,0.41
309574,0.45
309577,0.31
309578,0.54
309579,0.41
309585,0.38
309588,0.35
309603,0.5
309604,0.44
309617,0.41
309620,0.38
309623,0.35
309648,0.38
309665,0.39
309682,0.34
309694,0.37
309702,0.46
309711,0.32
309713,0.45
309729,0.43
309735,0.34
309744,0.35
309749,0.37
309750,0.36
309759,0.44
309761,0.4
309770,0.34
309776,0.45
309777,0.4
309789,0.3
309790,0.44
309800,0.42
309813,0.39
309814,0.34
309815,0.49
309825,0.36
309826,0.36
309829,0.41
309831,0.37
309837,0.35
309846,0.43
309849,0.37
309855,0.41
309860,0.42
309879,0.44
309882,0.43
309887,0.39
309892,0.4
309895,0.34
309902,0.35
309915,0.4
309923,0.42
309941,0.46
309942,0.38
309945,0.45
309950,0.39
309955,0.4
309963,0.35
309964,0.38
309967,0.42
309969,0.46
309971,0.35
309978,0.46
309987,0.39
309990,0.44
309992,0.42
309993,0.41
310010,0.37
310012,0.4
310017,0.34
310018,0.34
310022,0.49
310031,0.29
310033,0.51
310034,0.49
310038,0.41
310044,0.44
310062,0.32
310071,0.36
310075,0.4
310082,0.4
310093,0.43
310101,0.39
310106,0.35
310118,0.41
310123,0.33
310126,0.39
310130,0.35
310141,0.41
310145,0.35
310148,0.42
310150,0.31
310159,0.34
310162,0.47
310163,0.34
310166,0.34
310167,0.29
310170,0.42
310181,0.35
310187,0.37
310191,0.36
310192,0.34
310197,0.4
310200,0.46
310201,0.38
310203,0.41
310204,0.37
310213,0.34
310215,0.39
310218,0.46
310236,0.41
310238,0.43
310241,0.35
310245,0.41
310252,0.43
310259,0.3
310260,0.5
310261,0.37
310262,0.35
310274,0.36
310294,0.42
310296,0.48
310298,0.5
310306,0.37
310307,0.36
310316,0.37
310329,0.39
310338,0.25
310342,0.39
310343,0.44
310360,0.44
310362,0.38
310378,0.31
310379,0.33
310383,0.36
310385,0.49
310387,0.4
310388,0.45
310400,0.41
310408,0.42
310414,0.5
310423,0.39
310424,0.41
310428,0.37
310432,0.5
310456,0.29
310463,0.44
310475,0.36
310476,0.38
310482,0.39
310485,0.45
310490,0.29
310496,0.52
310505,0.46
310519,0.34
310546,0.34
310547,0.42
310553,0.37
310555,0.34
310556,0.48
310568,0.32
310573,0.47
310574,0.34
310577,0.37
310580,0.26
310581,0.38
310583,0.34
310586,0.46
310591,0.36
310598,0.38
310606,0.35
310628,0.42
310634,0.45
310638,0.41
310646,0.37
310648,0.42
310654,0.46
310659,0.39
310663,0.41
310669,0.38
310670,0.45
310674,0.49
310691,0.35
310693,0.56
310702,0.35
310706,0.46
310709,0.39
310711,0.42
310720,0.35
310739,0.4
310742,0.42
310743,0.48
310752,0.42
310753,0.35
310757,0.44
310763,0.44
310764,0.36
310769,0.39
310771,0.39
310775,0.33
310779,0.42
310781,0.34
310784,0.36
310793,0.42
310794,0.4
310816,0.39
310823,0.4
310837,0.36
310856,0.37
310865,0.35
310866,0.39
310872,0.47
310877,0.31
310879,0.33
310883,0.38
310884,0.33
310908,0.33
310928,0.51
310935,0.39
310954,0.5
310964,0.36
310971,0.25
310972,0.33
310983,0.37
310988,0.3
310994,0.43
311003,0.41
311020,0.35
311024,0.4
311037,0.38
311064,0.35
311070,0.33
311086,0.33
311087,0.45
311108,0.37
311110,0.36
311115,0.4
311116,0.46
311117,0.3
311128,0.45
311136,0.52
311146,0.29
311155,0.44
311157,0.43
311159,0.39
311170,0.38
311184,0.35
311199,0.39
311208,0.39
311209,0.3
311220,0.42
311230,0.38
311233,0.39
311241,0.47
311261,0.39
311262,0.33
311268,0.43
311277,0.39
311296,0.4
311298,0.51
311310,0.5
311313,0.41
311316,0.38
311324,0.36
311327,0.43
311331,0.48
311335,0.34
311343,0.51
311346,0.42
311357,0.45
311358,0.4
311365,0.4
311370,0.32
311376,0.29
311380,0.45
311393,0.28
311399,0.33
311404,0.35
311409,0.32
311425,0.4
311436,0.41
311455,0.39
311459,0.34
311475,0.38
311499,0.43
311509,0.32
311518,0.32
311535,0.34
311536,0.41
311540,0.46
311542,0.33
311552,0.43
311562,0.46
311580,0.35
311583,0.38
311588,0.39
311595,0.38
311601,0.45
311605,0.37
311609,0.34
311612,0.38
311621,0.35
311623,0.42
311625,0.34
311636,0.36
311637,0.41
311646,0.41
311648,0.4
311654,0.33
311663,0.46
311676,0.48
311679,0.45
311683,0.44
311685,0.37
311691,0.48
311695,0.37
311700,0.4
311710,0.34
311714,0.42
311716,0.33
311725,0.38
311727,0.37
311728,0.37
311737,0.4
311738,0.39
311743,0.44
311746,0.4
311747,0.42
311761,0.48
311765,0.43
311773,0.31
311776,0.33
311786,0.41
311801,0.44
311820,0.45
311822,0.41
311829,0.45
311835,0.35
311846,0.4
311851,0.46
311854,0.48
311872,0.39
311875,0.39
311888,0.54
311916,0.52
311928,0.46
311931,0.39
311933,0.43
311934,0.35
311948,0.5
311949,0.42
311950,0.53
311952,0.39
311954,0.45
311962,0.34
311965,0.34
311968,0.48
311976,0.46
311977,0.39
311983,0.36
311989,0.43
311996,0.39
311999,0.4
312007,0.45
312022,0.46
312023,0.34
312034,0.52
312042,0.4
312049,0.42
312077,0.32
312088,0.4
312091,0.48
312114,0.47
312115,0.33
312117,0.44
312119,0.48
312126,0.45
312127,0.38
312134,0.48
312164,0.4
312176,0.37
312178,0.4
312184,0.34
312185,0.5
312186,0.33
312191,0.43
312197,0.37
312213,0.45
312223,0.44
312224,0.48
312225,0.42
312226,0.35
312231,0.42
312239,0.41
312251,0.47
312271,0.38
312278,0.48
312281,0.44
312289,0.46
312291,0.34
312301,0.43
312302,0.34
312316,0.38
312324,0.43
312338,0.36
312361,0.26
312363,0.55
312368,0.43
312382,0.38
312384,0.5
312390,0.4
312395,0.38
312396,0.42
312400,0.38
312406,0.4
312412,0.41
312414,0.33
312417,0.41
312425,0.36
312428,0.44
312431,0.34
312437,0.5
312442,0.43
312451,0.41
312460,0.47
312464,0.41
312466,0.4
312470,0.45
312473,0.45
312490,0.42
312493,0.44
312503,0.34
312509,0.39
312520,0.41
312528,0.4
312543,0.31
312544,0.37
312553,0.38
312558,0.37
312565,0.44
312568,0.41
312579,0.37
312581,0.43
312582,0.44
312596,0.43
312597,0.43
312598,0.39
312617,0.44
312627,0.37
312635,0.34
312637,0.45
312639,0.41
312640,0.35
312642,0.54
312651,0.37
312663,0.44
312668,0.35
312685,0.39
312691,0.38
312693,0.37
312710,0.33
312711,0.36
312712,0.37
312720,0.47
312746,0.39
312763,0.44
312770,0.45
312791,0.39
312795,0.39
312796,0.43
312797,0.29
312804,0.39
312812,0.42
312813,0.34
312825,0.45
312827,0.37
312841,0.48
312842,0.38
312845,0.45
312856,0.3
312866,0.42
312870,0.46
312879,0.47
312895,0.39
312901,0.32
312909,0.45
312910,0.42
312916,0.33
312926,0.4
312942,0.46
312946,0.39
312950,0.4
312952,0.43
312963,0.38
312968,0.49
312976,0.43
312980,0.5
312984,0.26
312987,0.3
312994,0.33
312996,0.39
312997,0.41
313019,0.34
313020,0.46
313028,0.35
313041,0.39
313045,0.37
313048,0.36
313052,0.44
313062,0.48
313063,0.42
313066,0.41
313071,0.39
313085,0.39
313099,0.48
313109,0.37
313131,0.38
313139,0.35
313141,0.37
313142,0.43
313145,0.49
313153,0.44
313157,0.47
313161,0.35
313165,0.53
313179,0.44
313208,0.38
313228,0.47
313236,0.33
313243,0.41
313245,0.38
313249,0.43
313275,0.29
313276,0.43
313280,0.34
313284,0.52
313285,0.42
313292,0.31
313297,0.38
313304,0.52
313322,0.38
313323,0.35
313325,0.29
313326,0.39
313334,0.41
313336,0.32
313337,0.45
313339,0.52
313340,0.36
313341,0.38
313343,0.46
313346,0.47
313348,0.51
313359,0.4
313365,0.47
313375,0.42
313381,0.32
313382,0.28
313389,0.4
313390,0.38
313391,0.4
313410,0.44
313416,0.36
313417,0.54
313426,0.36
313429,0.39
313469,0.47
313479,0.38
313485,0.44
313494,0.28
313496,0.24
313501,0.35
313506,0.45
313521,0.43
313524,0.35
313538,0.43
313550,0.4
313557,0.4
313573,0.29
313583,0.38
313592,0.32
313602,0.36
313604,0.4
313606,0.45
313617,0.39
313622,0.43
313625,0.4
313638,0.37
313639,0.41
313645,0.39
313655,0.36
313656,0.49
313663,0.39
313669,0.31
313670,0.32
313676,0.44
313689,0.41
313699,0.32
313711,0.32
313720,0.42
313731,0.33
313736,0.44
313741,0.34
313744,0.42
313749,0.48
313750,0.47
313753,0.36
313763,0.51
313765,0.43
313776,0.33
313778,0.3
313781,0.32
313786,0.42
313787,0.3
313795,0.4
313809,0.4
313810,0.37
313811,0.48
313818,0.43
313825,0.39
313830,0.3
313831,0.44
313834,0.3
313837,0.34
313841,0.31
313859,0.35
313882,0.56
313887,0.44
313900,0.42
313902,0.43
313906,0.35
313930,0.33
313932,0.44
313943,0.35
313944,0.41
313957,0.45
313970,0.47
313980,0.39
313982,0.33
313999,0.4
314000,0.51
314003,0.37
314004,0.48
314005,0.45
314007,0.38
314010,0.48
314011,0.34
314016,0.4
314023,0.35
314024,0.43
314031,0.39
314038,0.31
314041,0.38
314061,0.26
314073,0.51
314091,0.42
314097,0.38
314099,0.33
314107,0.37
314124,0.52
314127,0.39
314131,0.33
314132,0.38
314137,0.48
314139,0.33
314143,0.32
314149,0.45
314153,0.38
314154,0.49
314160,0.45
314167,0.39
314171,0.36
314182,0.43
314190,0.38
314194,0.45
314198,0.32
314211,0.42
314220,0.42
314245,0.4
314247,0.44
314256,0.38
314259,0.45
314267,0.32
314271,0.36
314278,0.47
314282,0.41
314283,0.41
314294,0.36
314298,0.37
314299,0.42
314306,0.37
314307,0.39
314308,0.43
314309,0.37
314317,0.38
314323,0.35
314332,0.38
314334,0.35
314335,0.49
314337,0.37
314343,0.44
314344,0.33
314346,0.39
314351,0.33
314354,0.45
314355,0.34
314359,0.48
314364,0.3
314366,0.4
314367,0.37
314374,0.37
314376,0.4
314387,0.48
314405,0.36
314412,0.33
314418,0.41
314429,0.42
314438,0.44
314442,0.42
314477,0.4
314480,0.37
314486,0.31
314487,0.36
314488,0.43
314490,0.32
314523,0.42
314528,0.42
314535,0.38
314542,0.54
314560,0.38
314585,0.36
314594,0.45
314596,0.41
314601,0.35
314603,0.33
314612,0.37
314615,0.42
314619,0.31
314621,0.42
314627,0.39
314629,0.57
314635,0.44
314639,0.43
314646,0.49
314650,0.42
314661,0.31
314690,0.32
314699,0.44
314705,0.41
314709,0.4
314710,0.39
314711,0.36
314714,0.37
314719,0.47
314722,0.4
314723,0.43
314729,0.45
314732,0.45
314734,0.43
314746,0.34
314761,0.43
314769,0.41
314773,0.44
314774,0.42
314776,0.45
314780,0.34
314785,0.42
314789,0.38
314796,0.4
314810,0.35
314812,0.32
314817,0.33
314822,0.43
314840,0.49
314843,0.32
314853,0.49
314856,0.45
314862,0.54
314864,0.34
314878,0.39
314894,0.38
314906,0.4
314912,0.38
314914,0.36
314933,0.43
314941,0.27
314949,0.41
314950,0.39
314952,0.55
314961,0.38
314970,0.39
314972,0.52
314975,0.55
314985,0.38
314986,0.38
314991,0.46
314995,0.44
314997,0.35
315003,0.38
315035,0.36
315038,0.42
315040,0.34
315046,0.39
315053,0.33
315054,0.38
315060,0.44
315061,0.41
315067,0.44
315076,0.44
315079,0.5
315083,0.33
315084,0.37
315092,0.36
315095,0.48
315112,0.38
315122,0.44
315123,0.28
315125,0.45
315136,0.48
315143,0.39
315145,0.38
315153,0.35
315164,0.43
315169,0.42
315178,0.43
315179,0.37
315189,0.52
315192,0.5
315194,0.35
315198,0.41
315210,0.36
315211,0.42
315221,0.56
315222,0.38
315228,0.39
315231,0.38
315233,0.35
315235,0.42
315240,0.4
315244,0.39
315257,0.36
315261,0.37
315271,0.43
315278,0.36
315282,0.39
315287,0.34
315288,0.48
315291,0.49
315306,0.43
315309,0.42
315312,0.37
315330,0.47
315335,0.37
315337,0.44
315343,0.51
315344,0.45
315366,0.34
315389,0.44
315403,0.39
315414,0.53
315425,0.36
315430,0.37
315432,0.39
315436,0.4
315437,0.37
315445,0.3
315451,0.42
315460,0.34
315462,0.33
315476,0.4
315480,0.37
315489,0.4
315494,0.45
315499,0.28
315503,0.39
315507,0.46
315540,0.33
315541,0.3
315546,0.33
315553,0.44
315569,0.35
315571,0.32
315574,0.58
315580,0.5
315587,0.36
315609,0.33
315610,0.37
315617,0.46
315623,0.34
315629,0.37
315635,0.4
315637,0.43
315641,0.39
315644,0.45
315654,0.33
315662,0.32
315663,0.48
315673,0.44
315677,0.33
315679,0.44
315680,0.52
315681,0.46
315682,0.32
315684,0.4
315693,0.41
315701,0.37
315705,0.44
315706,0.36
315711,0.42
315714,0.43
315725,0.52
315738,0.37
315740,0.38
315749,0.4
315753,0.46
315757,0.4
315778,0.41
315781,0.5
315793,0.41
315813,0.34
315822,0.41
315827,0.55
315831,0.41
315843,0.34
315857,0.39
315864,0.32
315869,0.5
315870,0.53
315878,0.55
315891,0.37
315894,0.33
315895,0.47
315903,0.42
315917,0.39
315920,0.38
315937,0.3
315938,0.36
315947,0.36
315970,0.5
315971,0.33
315974,0.49
315984,0.4
315985,0.48
315988,0.45
315993,0.47
315995,0.51
315997,0.53
316000,0.36
316009,0.46
316011,0.49
316014,0.35
316021,0.44
316022,0.46
316023,0.36
316060,0.33
316063,0.4
316065,0.48
316066,0.43
316077,0.37
316083,0.41
316093,0.51
316100,0.41
316110,0.42
316118,0.37
316135,0.31
316139,0.48
316154,0.45
316156,0.32
316171,0.53
316173,0.36
316186,0.5
316188,0.38
316190,0.46
316195,0.36
316205,0.36
316214,0.32
316216,0.36
316220,0.34
316222,0.33
316224,0.47
316226,0.34
316230,0.38
316248,0.36
316258,0.42
316269,0.48
316270,0.26
316279,0.3
316286,0.41
316295,0.42
316297,0.38
316305,0.41
316312,0.44
316313,0.34
316314,0.48
316320,0.38
316321,0.46
316328,0.38
316329,0.44
316334,0.46
316364,0.35
316372,0.34
316382,0.38
316407,0.33
316411,0.4
316433,0.49
316435,0.46
316441,0.43
316456,0.42
316457,0.34
316462,0.52
316465,0.42
316466,0.45
316468,0.34
316469,0.4
316479,0.38
316481,0.44
316484,0.44
316502,0.46
316517,0.33
316525,0.43
316531,0.44
316546,0.33
316549,0.48
316557,0.35
316561,0.36
316564,0.34
316565,0.45
316594,0.44
316595,0.41
316600,0.5
316625,0.42
316645,0.36
316647,0.43
316659,0.35
316683,0.43
316694,0.34
316697,0.26
316701,0.35
316702,0.37
316703,0.38
316718,0.41
316723,0.35
316748,0.36
316756,0.32
316758,0.52
316763,0.43
316764,0.45
316768,0.4
316769,0.43
316772,0.54
316777,0.47
316781,0.43
316785,0.5
316786,0.36
316815,0.49
316816,0.39
316828,0.38
316831,0.33
316837,0.46
316843,0.35
316849,0.45
316854,0.38
316862,0.4
316867,0.36
316902,0.39
316903,0.33
316906,0.37
316914,0.44
316915,0.47
316923,0.34
316928,0.4
316930,0.43
316932,0.44
316940,0.34
316947,0.43
316948,0.37
316977,0.45
316983,0.42
316987,0.41
317003,0.45
317005,0.45
317035,0.32
317036,0.39
317043,0.44
317048,0.38
317056,0.44
317065,0.37
317079,0.32
317080,0.41
317083,0.38
317087,0.36
317103,0.29
317117,0.47
317119,0.33
317125,0.41
317126,0.47
317134,0.42
317138,0.52
317142,0.38
317150,0.35
317184,0.45
317190,0.27
317196,0.39
317197,0.54
317206,0.42
317210,0.4
317221,0.5
317226,0.42
317227,0.45
317236,0.4
317237,0.45
317241,0.34
317249,0.45
317256,0.28
317282,0.22
317294,0.41
317298,0.45
317300,0.37
317307,0.43
317311,0.39
317318,0.4
317322,0.38
317323,0.57
317332,0.33
317338,0.41
317346,0.4
317347,0.38
317349,0.42
317354,0.41
317369,0.49
317386,0.31
317389,0.39
317410,0.32
317411,0.38
317422,0.41
317434,0.38
317446,0.37
317449,0.3
317455,0.45
317469,0.39
317475,0.48
317476,0.29
317487,0.31
317488,0.49
317499,0.44
317500,0.38
317506,0.38
317515,0.49
317518,0.33
317520,0.43
317546,0.41
317549,0.38
317554,0.45
317565,0.43
317579,0.38
317591,0.43
317592,0.32
317593,0.44
317594,0.5
317601,0.31
317603,0.42
317606,0.28
317608,0.35
317611,0.44
317618,0.38
317628,0.36
317629,0.36
317642,0.33
317644,0.34
317648,0.44
317650,0.43
317665,0.39
317675,0.47
317695,0.39
317696,0.38
317704,0.45
317713,0.37
317730,0.39
317735,0.42
317736,0.38
317738,0.4
317747,0.43
317764,0.41
317765,0.47
317772,0.42
317774,0.35
317786,0.38
317788,0.36
317806,0.5
317809,0.44
317811,0.35
317814,0.35
317815,0.4
317830,0.45
317835,0.41
317843,0.36
317856,0.39
317863,0.37
317876,0.44
317889,0.41
317902,0.38
317910,0.37
317914,0.29
317933,0.36
317936,0.54
317940,0.48
317944,0.53
317952,0.36
317955,0.29
317958,0.39
317965,0.33
317966,0.39
317978,0.41
318000,0.44
318007,0.41
318008,0.51
318012,0.36
318016,0.31
318019,0.44
318020,0.34
318021,0.48
318025,0.48
318036,0.41
318044,0.42
318055,0.33
318056,0.52
318057,0.44
318065,0.41
318075,0.42
318081,0.4
318094,0.37
318096,0.32
318104,0.29
318105,0.43
318109,0.35
318113,0.44
318121,0.4
318122,0.41
318126,0.53
318127,0.37
318131,0.35
318135,0.39
318155,0.3
318156,0.45
318161,0.3
318164,0.29
318169,0.44
318173,0.31
318176,0.5
318177,0.41
318181,0.36
318187,0.35
318193,0.39
318203,0.47
318206,0.43
318214,0.42
318220,0.36
318232,0.3
318250,0.38
318251,0.29
318252,0.45
318254,0.49
318260,0.41
318261,0.42
318263,0.38
318264,0.5
318266,0.35
318267,0.46
318268,0.45
318270,0.41
318274,0.5
318282,0.5
318286,0.41
318292,0.45
318297,0.37
318320,0.36
318337,0.49
318343,0.33
318347,0.45
318351,0.38
318357,0.46
318360,0.31
318384,0.31
318385,0.43
318387,0.4
318390,0.32
318391,0.35
318393,0.43
318406,0.41
318408,0.41
318410,0.43
318424,0.32
318428,0.32
318432,0.36
318433,0.48
318445,0.33
318452,0.45
318467,0.32
318473,0.39
318480,0.4
318486,0.51
318496,0.32
318505,0.35
318511,0.37
318517,0.37
318522,0.41
318527,0.41
318530,0.36
318531,0.4
318533,0.37
318535,0.42
318536,0.41
318548,0.41
318551,0.36
318557,0.42
318576,0.43
318581,0.4
318607,0.34
318609,0.47
318615,0.42
318634,0.37
318640,0.37
318651,0.41
318657,0.4
318669,0.42
318674,0.37
318675,0.37
318686,0.32
318694,0.44
318760,0.44
318762,0.35
318763,0.39
318765,0.43
318766,0.34
318769,0.48
318775,0.3
318782,0.39
318786,0.39
318792,0.32
318801,0.38
318802,0.48
318803,0.36
318805,0.4
318813,0.44
318817,0.48
318821,0.41
318827,0.39
318834,0.47
318835,0.3
318851,0.45
318857,0.36
318862,0.42
318874,0.34
318878,0.46
318897,0.31
318909,0.44
318924,0.38
318927,0.48
318942,0.43
318946,0.34
318957,0.49
318959,0.33
318975,0.37
318982,0.32
318987,0.36
318993,0.39
318995,0.42
318996,0.36
318997,0.43
318999,0.48
319012,0.45
319014,0.42
319018,0.42
319020,0.38
319048,0.33
319052,0.3
319067,0.37
319083,0.4
319088,0.37
319089,0.47
319090,0.46
319096,0.39
319099,0.44
319108,0.43
319116,0.4
319117,0.41
319119,0.48
319126,0.49
319133,0.31
319135,0.37
319137,0.38
319143,0.31
319168,0.4
319170,0.32
319174,0.39
319181,0.34
319192,0.36
319193,0.4
319198,0.33
319211,0.45
319219,0.46
319220,0.39
319226,0.4
319240,0.35
319248,0.41
319257,0.46
319261,0.33
319264,0.4
319268,0.38
319289,0.31
319292,0.41
319295,0.38
319302,0.31
319308,0.31
319310,0.5
319313,0.4
319322,0.29
319329,0.35
319331,0.56
319334,0.37
319346,0.42
319352,0.51
319358,0.45
319363,0.4
319365,0.36
319370,0.39
319371,0.41
319372,0.38
319385,0.38
319387,0.32
319393,0.48
319396,0.31
319406,0.39
319439,0.29
319440,0.41
319441,0.55
319462,0.39
319471,0.37
319475,0.45
319476,0.38
319486,0.42
319487,0.34
319489,0.41
319491,0.33
319494,0.44
319496,0.39
319512,0.41
319519,0.33
319522,0.32
319530,0.32
319540,0.37
319547,0.38
319549,0.41
319559,0.47
319561,0.38
319566,0.38
319569,0.41
319574,0.49
319579,0.37
319580,0.4
319582,0.32
319583,0.46
319585,0.41
319598,0.41
319600,0.41
319602,0.39
319603,0.39
319604,0.32
319608,0.33
319622,0.39
319623,0.43
319625,0.39
319628,0.27
319637,0.32
319639,0.34
319658,0.4
319669,0.36
319677,0.37
319683,0.38
319688,0.38
319697,0.27
319700,0.43
319727,0.45
319747,0.36
319751,0.36
319758,0.43
319759,0.32
319765,0.42
319768,0.38
319774,0.42
319776,0.5
319777,0.44
319785,0.43
319789,0.3
319792,0.44
319799,0.39
319814,0.42
319815,0.45
319822,0.26
319829,0.4
319836,0.43
319837,0.44
319839,0.34
319843,0.33
319860,0.42
319876,0.41
319877,0.29
319887,0.43
319889,0.33
319892,0.44
319893,0.37
319897,0.43
319898,0.52
319911,0.45
319917,0.4
319923,0.3
319927,0.42
319929,0.44
319931,0.4
319948,0.31
319949,0.46
319992,0.43
319999,0.33
320001,0.42
320003,0.44
320004,0.42
320011,0.38
320012,0.26
320021,0.3
320026,0.27
320034,0.38
320041,0.5
320042,0.39
320046,0.44
320056,0.41
320062,0.31
320093,0.43
320094,0.44
320101,0.35
320114,0.43
320126,0.47
320128,0.36
320137,0.36
320149,0.4
320165,0.32
320172,0.47
320173,0.42
320175,0.51
320179,0.51
320181,0.5
320191,0.54
320192,0.35
320195,0.43
320199,0.62
320202,0.4
320203,0.38
320205,0.43
320224,0.41
320227,0.55
320228,0.45
320248,0.44
320252,0.35
320254,0.36
320259,0.38
320267,0.44
320276,0.34
320287,0.37
320291,0.37
320295,0.33
320297,0.31
320305,0.46
320321,0.45
320331,0.42
320336,0.37
320341,0.36
320344,0.38
320356,0.4
320362,0.36
320369,0.38
320379,0.39
320387,0.37
320397,0.4
320412,0.41
320421,0.5
320428,0.42
320429,0.42
320430,0.32
320434,0.36
320453,0.47
320462,0.28
320469,0.36
320475,0.4
320478,0.39
320484,0.33
320494,0.5
320499,0.42
320541,0.4
320550,0.38
320561,0.36
320562,0.5
320564,0.29
320566,0.43
320568,0.48
320593,0.28
320609,0.36
320614,0.37
320621,0.43
320639,0.42
320640,0.32
320656,0.41
320657,0.42
320670,0.35
320672,0.31
320691,0.41
320693,0.39
320698,0.48
320699,0.32
320704,0.4
320709,0.45
320711,0.39
320724,0.41
320737,0.3
320744,0.41
320747,0.38
320750,0.47
320752,0.48
320760,0.45
320765,0.45
320767,0.44
320778,0.47
320784,0.29
320789,0.39
320793,0.31
320795,0.35
320805,0.4
320806,0.44
320823,0.43
320828,0.37
320833,0.41
320843,0.47
320846,0.35
320851,0.43
320852,0.44
320869,0.33
320873,0.4
320890,0.41
320905,0.34
320912,0.36
320914,0.37
320915,0.29
320920,0.46
320924,0.49
320925,0.41
320936,0.33
320937,0.37
320940,0.33
320943,0.37
320954,0.49
320959,0.38
320960,0.36
320966,0.35
320968,0.44
320975,0.5
320978,0.36
320979,0.38
320981,0.4
320987,0.33
320989,0.33
321009,0.47
321021,0.48
321035,0.47
321038,0.28
321039,0.34
321051,0.4
321058,0.31
321066,0.41
321075,0.44
321092,0.35
321098,0.5
321107,0.49
321116,0.42
321118,0.29
321124,0.45
321131,0.42
321134,0.45
321140,0.38
321143,0.46
321145,0.36
321150,0.27
321151,0.43
321153,0.46
321154,0.41
321156,0.42
321160,0.33
321176,0.42
321183,0.44
321187,0.56
321196,0.32
321197,0.4
321204,0.51
321208,0.43
321209,0.53
321223,0.38
321226,0.37
321227,0.39
321236,0.39
321249,0.4
321250,0.41
321253,0.46
321256,0.41
321276,0.35
321298,0.45
321303,0.38
321309,0.36
321313,0.43
321322,0.4
321345,0.34
321350,0.46
321355,0.42
321358,0.35
321370,0.37
321377,0.45
321385,0.4
321398,0.45
321401,0.33
321415,0.39
321416,0.43
321419,0.42
321427,0.32
321433,0.39
321439,0.41
321455,0.37
321463,0.38
321465,0.41
321480,0.28
321486,0.4
321498,0.47
321502,0.48
321510,0.38
321524,0.53
321526,0.45
321528,0.32
321533,0.44
321536,0.37
321548,0.45
321557,0.28
321564,0.39
321567,0.47
321602,0.3
321625,0.35
321627,0.41
321640,0.48
321645,0.46
321648,0.34
321649,0.39
321652,0.39
321659,0.36
321667,0.4
321676,0.43
321696,0.39
321697,0.42
321702,0.44
321704,0.33
321706,0.39
321710,0.38
321722,0.4
321760,0.43
321770,0.43
321779,0.44
321784,0.32
321786,0.49
321792,0.31
321795,0.45
321801,0.37
321804,0.3
321806,0.31
321807,0.36
321808,0.4
321809,0.31
321825,0.35
321828,0.38
321843,0.28
321848,0.37
321854,0.35
321869,0.43
321870,0.37
321887,0.26
321896,0.3
321898,0.45
321908,0.39
321910,0.31
321915,0.46
321919,0.31
321922,0.45
321928,0.49
321929,0.44
321932,0.49
321934,0.43
321936,0.43
321956,0.42
321957,0.39
321965,0.34
321970,0.52
321974,0.4
321980,0.33
321985,0.38
321992,0.33
321999,0.36
322005,0.36
322018,0.41
322020,0.32
322021,0.44
322023,0.35
322024,0.4
322039,0.46
322054,0.36
322061,0.45
322082,0.45
322088,0.39
322093,0.36
322105,0.3
322111,0.44
322113,0.35
322117,0.41
322120,0.32
322123,0.42
322132,0.45
322136,0.39
322141,0.44
322147,0.39
322169,0.4
322170,0.41
322172,0.38
322196,0.38
322198,0.46
322217,0.39
322226,0.4
322227,0.32
322229,0.39
322242,0.42
322244,0.42
322249,0.49
322250,0.46
322253,0.4
322254,0.4
322267,0.33
322269,0.37
322274,0.51
322285,0.4
322309,0.35
322320,0.34
322327,0.42
322331,0.3
322332,0.5
322334,0.49
322339,0.44
322348,0.42
322350,0.46
322354,0.39
322356,0.36
322367,0.35
322369,0.35
322372,0.45
322374,0.44
322383,0.44
322388,0.43
322393,0.28
322395,0.42
322407,0.33
322413,0.3
322416,0.43
322419,0.35
322424,0.44
322432,0.4
322442,0.34
322447,0.54
322448,0.47
322460,0.36
322461,0.41
322468,0.38
322472,0.5
322473,0.34
322488,0.44
322490,0.36
322491,0.31
322497,0.41
322503,0.47
322521,0.31
322525,0.43
322533,0.5
322549,0.45
322561,0.37
322566,0.31
322570,0.43
322574,0.37
322578,0.36
322579,0.3
322586,0.44
322596,0.34
322598,0.36
322603,0.4
322614,0.36
322626,0.4
322630,0.43
322639,0.35
322640,0.33
322642,0.37
322651,0.48
322652,0.4
322656,0.39
322662,0.41
322664,0.37
322681,0.33
322684,0.4
322685,0.39
322711,0.41
322717,0.38
322719,0.4
322730,0.38
322740,0.38
322743,0.49
322749,0.41
322757,0.28
322759,0.36
322760,0.52
322770,0.41
322786,0.36
322797,0.37
322800,0.43
322815,0.35
322831,0.46
322835,0.46
322841,0.35
322845,0.31
322846,0.41
322851,0.53
322852,0.36
322877,0.43
322880,0.35
322893,0.47
322911,0.4
322928,0.42
322934,0.5
322938,0.33
322950,0.41
322959,0.25
322961,0.36
322965,0.38
322966,0.31
322968,0.4
322977,0.4
322979,0.4
322986,0.46
322990,0.32
322998,0.41
323005,0.32
323008,0.43
323014,0.33
323015,0.35
323025,0.34
323030,0.46
323033,0.39
323036,0.4
323043,0.36
323049,0.39
323051,0.34
323053,0.35
323056,0.37
323059,0.33
323076,0.41
323088,0.43
323108,0.42
323112,0.37
323127,0.35
323135,0.4
323137,0.5
323141,0.43
323142,0.4
323147,0.41
323150,0.45
323153,0.43
323156,0.46
323161,0.4
323171,0.4
323173,0.48
323176,0.38
323184,0.36
323189,0.26
323193,0.44
323209,0.38
323218,0.39
323224,0.44
323235,0.43
323236,0.39
323242,0.32
323252,0.35
323253,0.38
323254,0.39
323271,0.39
323276,0.42
323278,0.39
323281,0.46
323285,0.42
323289,0.38
323292,0.41
323297,0.45
323312,0.44
323318,0.36
323319,0.44
323324,0.4
323325,0.45
323328,0.47
323334,0.5
323338,0.46
323340,0.52
323343,0.32
323354,0.34
323373,0.29
323376,0.35
323381,0.38
323382,0.33
323383,0.54
323387,0.42
323394,0.5
323398,0.29
323405,0.41
323407,0.39
323428,0.45
323436,0.45
323451,0.5
323455,0.44
323463,0.36
323466,0.39
323475,0.37
323477,0.33
323481,0.42
323485,0.4
323488,0.39
323493,0.38
323494,0.4
323505,0.5
323506,0.45
323509,0.45
323518,0.38
323530,0.42
323539,0.39
323549,0.37
323557,0.46
323568,0.42
323569,0.31
323571,0.38
323573,0.39
323585,0.38
323588,0.3
323599,0.53
323615,0.32
323617,0.46
323620,0.44
323636,0.42
323665,0.38
323670,0.39
323675,0.42
323688,0.41
323693,0.39
323694,0.34
323696,0.43
323710,0.43
323716,0.4
323718,0.46
323719,0.4
323720,0.38
323722,0.48
323729,0.37
323738,0.34
323740,0.39
323787,0.42
323795,0.37
323801,0.51
323810,0.37
323822,0.33
323825,0.37
323833,0.4
323860,0.43
323871,0.31
323879,0.41
323888,0.32
323891,0.45
323894,0.43
323909,0.4
323911,0.44
323920,0.5
323923,0.39
323930,0.33
323935,0.34
323937,0.42
323938,0.4
323948,0.42
323956,0.38
323962,0.32
323964,0.39
323966,0.34
323970,0.44
323972,0.4
323977,0.44
323985,0.32
323989,0.39
323994,0.45
324010,0.31
324020,0.35
324033,0.46
324052,0.52
324055,0.42
324075,0.37
324087,0.42
324088,0.36
324091,0.39
324104,0.33
324109,0.48
324114,0.39
324118,0.37
324125,0.52
324130,0.48
324146,0.33
324149,0.36
324156,0.36
324170,0.33
324171,0.32
324172,0.4
324178,0.46
324180,0.38
324220,0.39
324222,0.42
324227,0.4
324229,0.48
324230,0.43
324235,0.36
324243,0.4
324247,0.57
324264,0.44
324269,0.45
324270,0.26
324271,0.34
324291,0.39
324293,0.4
324296,0.32
324298,0.39
324302,0.42
324305,0.42
324310,0.34
324325,0.35
324339,0.38
324345,0.34
324347,0.48
324356,0.41
324383,0.31
324387,0.39
324393,0.38
324400,0.39
324401,0.28
324412,0.4
324414,0.47
324415,0.4
324416,0.24
324420,0.45
324437,0.29
324445,0.41
324464,0.51
324472,0.43
324496,0.49
324499,0.39
324512,0.38
324544,0.41
324545,0.38
324552,0.29
324553,0.51
324558,0.47
324559,0.38
324572,0.34
324582,0.31
324595,0.5
324596,0.53
324598,0.41
324614,0.44
324620,0.45
324621,0.43
324624,0.36
324651,0.36
324655,0.42
324669,0.43
324674,0.48
324677,0.42
324681,0.46
324689,0.51
324708,0.38
324714,0.41
324716,0.39
324719,0.4
324731,0.52
324733,0.38
324741,0.4
324745,0.42
324747,0.33
324748,0.37
324764,0.4
324772,0.44
324788,0.4
324795,0.46
324801,0.39
324811,0.38
324816,0.4
324821,0.32
324825,0.37
324840,0.46
324841,0.39
324854,0.48
324866,0.46
324884,0.43
324894,0.44
324895,0.44
324913,0.44
324914,0.38
324944,0.46
324949,0.44
324978,0.38
324983,0.42
324987,0.42
324995,0.35
325000,0.43
325001,0.4
325005,0.42
325017,0.37
325019,0.38
325020,0.37
325021,0.4
325041,0.33
325063,0.57
325066,0.38
325070,0.31
325102,0.39
325117,0.31
325121,0.46
325136,0.37
325153,0.3
325157,0.39
325158,0.41
325163,0.35
325180,0.43
325181,0.35
325185,0.42
325194,0.48
325196,0.44
325206,0.34
325212,0.36
325217,0.42
325218,0.39
325223,0.35
325238,0.42
325254,0.37
325258,0.32
325268,0.44
325269,0.44
325275,0.34
325277,0.37
325282,0.32
325284,0.39
325289,0.34
325291,0.44
325300,0.41
325303,0.43
325306,0.4
325313,0.49
325316,0.43
325318,0.25
325332,0.36
325344,0.35
325354,0.38
325360,0.29
325364,0.55
325375,0.5
325377,0.42
325380,0.37
325390,0.34
325392,0.37
325395,0.38
325411,0.37
325412,0.39
325420,0.41
325424,0.6
325433,0.42
325438,0.34
325439,0.32
325443,0.36
325454,0.24
325464,0.5
325473,0.41
325476,0.41
325495,0.4
325525,0.42
325529,0.39
325552,0.42
325553,0.4
325564,0.34
325565,0.44
325580,0.33
325590,0.48
325591,0.32
325596,0.41
325601,0.43
325602,0.44
325623,0.3
325625,0.47
325641,0.45
325645,0.37
325657,0.36
325680,0.39
325691,0.41
325701,0.36
325710,0.48
325712,0.41
325714,0.47
325716,0.3
325724,0.56
325744,0.41
325751,0.27
325757,0.33
325765,0.43
325767,0.42
325770,0.41
325778,0.47
325784,0.41
325791,0.38
325809,0.36
325814,0.37
325817,0.39
325820,0.39
325822,0.38
325830,0.48
325832,0.35
325840,0.35
325849,0.41
325852,0.36
325859,0.34
325864,0.44
325865,0.47
325879,0.42
325890,0.38
325899,0.35
325908,0.45
325916,0.4
325918,0.44
325919,0.48
325922,0.39
325925,0.33
325934,0.44
325939,0.35
325942,0.41
325948,0.5
325954,0.43
325962,0.41
325966,0.33
325969,0.42
325971,0.37
325972,0.45
325976,0.32
325981,0.45
325992,0.34
326013,0.32
326017,0.37
326019,0.4
326027,0.44
326028,0.44
326033,0.37
326041,0.44
326043,0.42
326049,0.42
326054,0.26
326057,0.43
326074,0.32
326078,0.39
326083,0.33
326084,0.37
326085,0.44
326087,0.39
326088,0.46
326102,0.4
326117,0.41
326145,0.42
326150,0.37
326160,0.37
326166,0.42
326170,0.34
326180,0.45
326182,0.45
326186,0.46
326188,0.4
326190,0.36
326196,0.49
326199,0.52
326201,0.42
326204,0.35
326209,0.51
326211,0.51
326218,0.38
326239,0.52
326259,0.22
326260,0.53
326284,0.57
326289,0.48
326290,0.33
326295,0.38
326299,0.47
326305,0.41
326309,0.44
326323,0.32
326364,0.37
326369,0.34
326385,0.39
326410,0.31
326411,0.35
326418,0.48
326428,0.54
326435,0.38
326437,0.4
326438,0.45
326451,0.38
326464,0.4
326471,0.41
326472,0.48
326475,0.37
326477,0.39
326480,0.4
326486,0.39
326502,0.43
326506,0.39
326513,0.37
326516,0.33
326528,0.35
326530,0.26
326531,0.37
326532,0.24
326538,0.43
326551,0.49
326559,0.27
326576,0.51
326577,0.46
326602,0.34
326606,0.44
326618,0.4
326620,0.36
326624,0.36
326639,0.46
326647,0.32
326652,0.43
326661,0.42
326667,0.44
326670,0.46
326672,0.42
326693,0.39
326704,0.31
326723,0.44
326734,0.39
326738,0.33
326746,0.38
326753,0.36
326754,0.28
326763,0.47
326779,0.54
326785,0.38
326786,0.4
326787,0.41
326789,0.45
326799,0.38
326802,0.42
326804,0.35
326823,0.55
326827,0.36
326833,0.42
326838,0.3
326842,0.34
326856,0.43
326867,0.34
326870,0.34
326871,0.5
326875,0.36
326879,0.41
326884,0.43
326900,0.37
326904,0.33
326905,0.48
326917,0.36
326919,0.41
326921,0.33
326929,0.37
326942,0.36
326944,0.4
326953,0.4
326968,0.52
326985,0.4
326987,0.4
326988,0.43
326994,0.38
327005,0.39
327010,0.41
327017,0.54
327026,0.31
327030,0.31
327031,0.33
327045,0.49
327054,0.3
327078,0.47
327080,0.35
327087,0.4
327137,0.44
327147,0.54
327150,0.29
327153,0.35
327160,0.37
327164,0.29
327169,0.43
327187,0.42
327188,0.42
327189,0.33
327194,0.37
327196,0.46
327202,0.37
327207,0.43
327215,0.47
327216,0.43
327220,0.41
327222,0.56
327230,0.38
327231,0.41
327238,0.39
327247,0.42
327262,0.35
327265,0.39
327267,0.42
327273,0.36
327276,0.41
327280,0.46
327287,0.41
327301,0.48
327307,0.31
327309,0.41
327316,0.32
327327,0.36
327334,0.43
327335,0.41
327338,0.35
327341,0.42
327350,0.36
327355,0.41
327370,0.39
327386,0.43
327391,0.34
327393,0.51
327408,0.36
327415,0.5
327431,0.43
327445,0.43
327449,0.39
327457,0.35
327488,0.46
327489,0.49
327523,0.52
327537,0.37
327550,0.39
327556,0.4
327562,0.39
327567,0.49
327587,0.43
327594,0.41
327602,0.5
327604,0.32
327609,0.36
327618,0.33
327620,0.39
327626,0.42
327628,0.36
327629,0.45
327631,0.46
327633,0.39
327638,0.33
327665,0.35
327689,0.27
327697,0.38
327702,0.43
327704,0.34
327723,0.25
327726,0.36
327732,0.39
327739,0.43
327750,0.35
327751,0.4
327765,0.34
327766,0.38
327771,0.38
327772,0.38
327774,0.43
327784,0.32
327789,0.36
327794,0.45
327799,0.43
327803,0.36
327817,0.48
327819,0.37
327823,0.35
327828,0.51
327834,0.34
327835,0.45
327866,0.39
327871,0.38
327886,0.4
327900,0.41
327901,0.43
327904,0.31
327906,0.44
327908,0.43
327909,0.31
327914,0.49
327917,0.34
327928,0.46
327947,0.4
327949,0.38
327952,0.34
327954,0.27
327962,0.45
327964,0.41
327985,0.48
327996,0.51
327997,0.33
328013,0.48
328017,0.43
328027,0.45
328029,0.47
328042,0.3
328043,0.4
328064,0.47
328072,0.29
328074,0.43
328080,0.41
328086,0.4
328122,0.38
328126,0.36
328127,0.39
328142,0.46
328144,0.37
328150,0.34
328154,0.39
328160,0.42
328171,0.35
328179,0.33
328192,0.32
328195,0.39
328196,0.37
328201,0.34
328203,0.39
328217,0.49
328218,0.47
328228,0.43
328231,0.47
328246,0.37
328252,0.33
328255,0.45
328264,0.42
328281,0.41
328282,0.4
328291,0.46
328303,0.31
328305,0.42
328313,0.41
328336,0.36
328340,0.45
328343,0.4
328368,0.46
328372,0.34
328381,0.33
328383,0.49
328385,0.38
328393,0.4
328395,0.37
328409,0.38
328424,0.28
328427,0.37
328456,0.37
328463,0.35
328489,0.45
328491,0.38
328509,0.39
328516,0.31
328524,0.35
328535,0.45
328536,0.34
328539,0.41
328542,0.5
328545,0.49
328549,0.4
328554,0.42
328558,0.4
328571,0.34
328576,0.33
328578,0.35
328588,0.38
328601,0.37
328604,0.33
328624,0.31
328629,0.49
328632,0.33
328634,0.36
328636,0.45
328637,0.34
328647,0.39
328668,0.35
328669,0.33
328678,0.49
328684,0.4
328694,0.49
328705,0.34
328712,0.4
328720,0.41
328729,0.54
328730,0.4
328733,0.38
328758,0.49
328761,0.34
328764,0.4
328777,0.41
328783,0.53
328813,0.33
328819,0.43
328826,0.44
328829,0.42
328834,0.26
328845,0.37
328856,0.38
328865,0.44
328868,0.42
328878,0.49
328896,0.25
328899,0.32
328909,0.36
328914,0.35
328926,0.43
328934,0.43
328935,0.29
328949,0.33
328954,0.36
328957,0.43
328968,0.32
328974,0.5
328984,0.37
328991,0.44
328997,0.4
329000,0.36
329005,0.36
329007,0.35
329018,0.34
329034,0.54
329051,0.51
329052,0.41
329055,0.34
329062,0.44
329064,0.36
329070,0.43
329075,0.41
329078,0.39
329081,0.34
329086,0.4
329101,0.43
329105,0.45
329113,0.35
329119,0.41
329133,0.47
329135,0.34
329138,0.41
329143,0.43
329157,0.45
329165,0.43
329170,0.41
329176,0.41
329177,0.39
329179,0.38
329196,0.42
329209,0.37
329219,0.4
329241,0.39
329245,0.39
329248,0.39
329249,0.38
329251,0.34
329252,0.43
329256,0.36
329261,0.39
329264,0.43
329297,0.41
329310,0.46
329320,0.4
329328,0.41
329340,0.4
329347,0.38
329351,0.5
329356,0.4
329360,0.42
329364,0.37
329365,0.42
329381,0.3
329383,0.37
329385,0.45
329388,0.38
329390,0.32
329393,0.39
329403,0.44
329409,0.34
329418,0.51
329428,0.43
329433,0.49
329439,0.42
329459,0.5
329463,0.41
329475,0.33
329479,0.32
329494,0.38
329500,0.43
329503,0.37
329512,0.42
329514,0.35
329521,0.31
329526,0.51
329531,0.32
329534,0.38
329545,0.45
329553,0.34
329569,0.41
329571,0.39
329580,0.36
329585,0.48
329588,0.43
329603,0.46
329605,0.33
329611,0.28
329613,0.39
329615,0.38
329618,0.39
329623,0.32
329626,0.42
329678,0.38
329690,0.39
329693,0.49
329698,0.39
329700,0.35
329706,0.41
329709,0.3
329713,0.39
329716,0.43
329717,0.39
329719,0.32
329720,0.39
329737,0.39
329741,0.43
329742,0.39
329749,0.34
329765,0.49
329771,0.44
329775,0.39
329779,0.37
329781,0.47
329788,0.36
329798,0.49
329799,0.35
329810,0.41
329811,0.38
329812,0.36
329819,0.36
329822,0.45
329826,0.35
329843,0.43
329846,0.34
329856,0.45
329871,0.38
329882,0.34
329885,0.39
329893,0.36
329898,0.4
329903,0.32
329916,0.4
329918,0.3
329934,0.43
329942,0.43
329949,0.35
329958,0.43
329965,0.39
329969,0.36
329972,0.31
329981,0.48
329988,0.45
329989,0.39
330004,0.38
330006,0.46
330014,0.41
330025,0.47
330040,0.39
330047,0.41
330070,0.43
330074,0.34
330075,0.32
330085,0.46
330095,0.44
330106,0.52
330119,0.39
330122,0.46
330129,0.39
330145,0.42
330148,0.36
330154,0.31
330156,0.49
330162,0.37
330164,0.37
330187,0.37
330188,0.31
330189,0.45
330192,0.34
330193,0.39
330200,0.4
330205,0.44
330207,0.44
330220,0.3
330228,0.45
330243,0.41
330245,0.34
330270,0.39
330272,0.43
330279,0.37
330288,0.44
330289,0.32
330299,0.43
330308,0.51
330314,0.36
330317,0.27
330322,0.32
330332,0.34
330356,0.43
330358,0.4
330360,0.34
330363,0.38
330364,0.36
330368,0.44
330376,0.34
330378,0.46
330381,0.39
330386,0.4
330387,0.4
330395,0.36
330396,0.36
330406,0.31
330423,0.41
330430,0.48
330467,0.42
330469,0.5
330473,0.34
330479,0.45
330486,0.37
330523,0.45
330524,0.44
330540,0.42
330564,0.34
330565,0.36
330567,0.47
330568,0.39
330602,0.36
330616,0.41
330617,0.39
330625,0.47
330635,0.32
330636,0.29
330639,0.37
330661,0.29
330666,0.47
330670,0.33
330682,0.35
330690,0.4
330708,0.47
330726,0.35
330730,0.33
330765,0.4
330776,0.41
330789,0.34
330791,0.33
330803,0.47
330805,0.46
330807,0.31
330821,0.34
330822,0.39
330836,0.29
330837,0.38
330839,0.4
330840,0.41
330861,0.5
330878,0.48
330881,0.36
330888,0.47
330890,0.43
330903,0.4
330904,0.36
330905,0.34
330907,0.5
330915,0.35
330921,0.4
330922,0.42
330925,0.46
330942,0.41
330945,0.51
330957,0.39
330965,0.39
330973,0.36
330979,0.42
330981,0.42
331005,0.46
331018,0.41
331026,0.47
331032,0.35
331033,0.49
331036,0.44
331037,0.27
331048,0.36
331054,0.34
331058,0.44
331063,0.41
331077,0.5
331079,0.32
331081,0.41
331082,0.39
331090,0.47
331110,0.34
331127,0.28
331141,0.33
331153,0.36
331165,0.47
331171,0.3
331179,0.43
331191,0.34
331193,0.38
331197,0.39
331204,0.33
331207,0.51
331212,0.42
331220,0.5
331242,0.36
331244,0.45
331273,0.36
331281,0.43
331289,0.35
331293,0.56
331294,0.53
331299,0.34
331300,0.4
331302,0.45
331322,0.35
331334,0.4
331347,0.38
331353,0.34
331361,0.38
331370,0.4
331379,0.41
331382,0.39
331388,0.4
331390,0.33
331400,0.36
331411,0.37
331431,0.36
331451,0.36
331455,0.35
331456,0.44
331461,0.39
331468,0.34
331480,0.3
331491,0.44
331505,0.39
331508,0.34
331517,0.42
331519,0.37
331526,0.35
331530,0.3
331533,0.33
331554,0.39
331579,0.33
331590,0.37
331599,0.28
331604,0.38
331605,0.4
331611,0.41
331616,0.4
331620,0.46
331623,0.37
331641,0.37
331645,0.5
331657,0.28
331662,0.4
331678,0.33
331684,0.36
331686,0.38
331691,0.51
331697,0.44
331707,0.51
331709,0.45
331716,0.47
331719,0.56
331729,0.36
331735,0.37
331743,0.29
331761,0.42
331772,0.36
331777,0.26
331794,0.33
331813,0.47
331818,0.4
331834,0.42
331848,0.43
331849,0.4
331868,0.36
331875,0.47
331879,0.53
331886,0.4
331888,0.54
331891,0.31
331903,0.28
331905,0.39
331913,0.36
331914,0.4
331937,0.37
331938,0.54
331939,0.33
331944,0.4
331948,0.44
331968,0.46
331976,0.59
331977,0.43
332007,0.4
332014,0.34
332017,0.51
332027,0.47
332033,0.41
332041,0.37
332042,0.34
332047,0.5
332050,0.3
332056,0.27
332071,0.43
332075,0.41
332076,0.43
332077,0.37
332083,0.32
332093,0.41
332111,0.56
332119,0.39
332121,0.39
332135,0.47
332144,0.51
332147,0.5
332155,0.37
332156,0.37
332164,0.35
332166,0.32
332170,0.4
332180,0.37
332181,0.35
332184,0.38
332192,0.47
332204,0.47
332225,0.47
332234,0.43
332243,0.35
332253,0.3
332261,0.42
332266,0.46
332270,0.43
332285,0.42
332290,0.35
332296,0.48
332298,0.33
332302,0.28
332303,0.38
332317,0.4
332318,0.37
332327,0.38
332337,0.42
332351,0.41
332373,0.41
332377,0.39
332384,0.35
332398,0.46
332404,0.35
332405,0.45
332454,0.33
332456,0.36
332464,0.48
332468,0.35
332476,0.32
332482,0.49
332483,0.47
332508,0.52
332519,0.37
332529,0.39
332537,0.45
332545,0.44
332551,0.47
332552,0.44
332570,0.55
332574,0.47
332579,0.39
332607,0.37
332618,0.44
332626,0.38
332628,0.25
332645,0.31
332652,0.38
332666,0.42
332694,0.32
332697,0.51
332698,0.35
332700,0.39
332708,0.4
332714,0.5
332722,0.37
332724,0.42
332730,0.39
332741,0.33
332746,0.42
332754,0.44
332756,0.35
332759,0.38
332764,0.49
332786,0.43
332790,0.36
332816,0.45
332821,0.29
332827,0.29
332829,0.33
332831,0.39
332833,0.4
332834,0.43
332837,0.32
332846,0.39
332860,0.44
332861,0.47
332865,0.39
332882,0.44
332897,0.33
332901,0.44
332904,0.34
332910,0.53
332911,0.44
332912,0.52
332939,0.4
332940,0.39
332952,0.42
332956,0.4
332957,0.42
332958,0.4
332961,0.36
332967,0.36
332974,0.41
332993,0.34
333007,0.46
333012,0.42
333020,0.39
333021,0.35
333035,0.38
333040,0.4
333061,0.42
333073,0.42
333078,0.47
333085,0.5
333086,0.36
333096,0.41
333100,0.45
333112,0.39
333114,0.38
333120,0.42
333142,0.41
333152,0.44
333159,0.4
333178,0.37
333179,0.31
333187,0.4
333191,0.41
333192,0.41
333199,0.33
333211,0.39
333224,0.34
333237,0.37
333238,0.38
333262,0.36
333268,0.38
333275,0.43
333289,0.35
333292,0.42
333303,0.34
333305,0.4
333312,0.33
333316,0.35
333335,0.44
333354,0.39
333356,0.29
333358,0.33
333376,0.37
333378,0.39
333380,0.36
333381,0.37
333388,0.52
333392,0.42
333406,0.37
333410,0.37
333411,0.45
333412,0.39
333428,0.3
333432,0.4
333435,0.34
333442,0.43
333452,0.39
333455,0.39
333456,0.42
333459,0.42
333464,0.31
333466,0.49
333469,0.36
333475,0.49
333476,0.36
333477,0.45
333487,0.37
333490,0.36
333497,0.41
333499,0.39
333500,0.41
333501,0.42
333503,0.45
333513,0.37
333518,0.37
333544,0.39
333546,0.47
333563,0.37
333566,0.34
333568,0.44
333570,0.35
333573,0.36
333574,0.44
333584,0.43
333589,0.36
333594,0.31
333596,0.39
333597,0.45
333615,0.34
333621,0.52
333622,0.42
333629,0.39
333651,0.49
333653,0.4
333664,0.41
333680,0.37
333687,0.39
333688,0.28
333689,0.5
333693,0.4
333695,0.43
333706,0.41
333709,0.42
333713,0.5
333734,0.5
333745,0.48
333752,0.42
333764,0.36
333780,0.38
333789,0.43
333791,0.51
333795,0.4
333799,0.39
333801,0.39
333802,0.41
333803,0.44
333810,0.4
333837,0.44
333842,0.35
333843,0.39
333845,0.38
333852,0.4
333859,0.35
333885,0.48
333896,0.44
333904,0.29
333908,0.3
333913,0.4
333927,0.41
333930,0.46
333935,0.4
333952,0.31
333953,0.4
333966,0.37
333968,0.37
333988,0.38
334013,0.43
334027,0.31
334030,0.41
334032,0.44
334033,0.4
334042,0.39
334045,0.34
334053,0.37
334055,0.49
334058,0.45
334063,0.36
334070,0.22
334074,0.36
334080,0.48
334086,0.44
334092,0.5
334099,0.43
334101,0.36
334103,0.43
334104,0.36
334109,0.46
334125,0.43
334130,0.48
334138,0.37
334161,0.47
334164,0.41
334169,0.38
334171,0.31
334185,0.34
334186,0.33
334209,0.48
334211,0.43
334230,0.38
334231,0.52
334237,0.45
334241,0.39
334244,0.54
334247,0.35
334250,0.38
334252,0.29
334273,0.37
334282,0.43
334285,0.43
334286,0.4
334292,0.36
334296,0.41
334299,0.37
334300,0.39
334305,0.33
334307,0.44
334311,0.41
334315,0.37
334343,0.38
334344,0.36
334345,0.35
334350,0.49
334353,0.37
334365,0.48
334372,0.36
334374,0.45
334375,0.44
334382,0.42
334387,0.38
334391,0.39
334397,0.36
334407,0.29
334415,0.41
334417,0.39
334419,0.42
334431,0.33
334435,0.46
334446,0.49
334447,0.4
334457,0.28
334459,0.37
334471,0.35
334474,0.34
334481,0.32
334483,0.41
334486,0.41
334490,0.41
334492,0.38
334494,0.46
334512,0.35
334522,0.41
334527,0.35
334534,0.32
334537,0.3
334539,0.42
334552,0.43
334555,0.41
334565,0.4
334580,0.37
334585,0.32
334589,0.39
334594,0.37
334600,0.44
334603,0.38
334613,0.43
334621,0.49
334628,0.41
334631,0.43
334634,0.48
334635,0.42
334659,0.4
334660,0.37
334664,0.36
334671,0.38
334693,0.44
334695,0.44
334703,0.45
334718,0.5
334728,0.42
334732,0.45
334733,0.46
334735,0.42
334748,0.35
334756,0.32
334764,0.37
334766,0.44
334787,0.34
334803,0.37
334806,0.39
334817,0.38
334825,0.43
334831,0.38
334836,0.34
334845,0.4
334857,0.42
334868,0.33
334871,0.33
334873,0.37
334881,0.48
334886,0.4
334898,0.41
334899,0.35
334901,0.39
334916,0.43
334923,0.39
334933,0.34
334938,0.4
334955,0.36
334963,0.49
334974,0.39
334986,0.39
334994,0.42
334995,0.44
335001,0.4
335005,0.42
335009,0.5
335014,0.5
335015,0.36
335017,0.49
335025,0.54
335027,0.4
335055,0.38
335058,0.43
335072,0.32
335073,0.3
335081,0.52
335091,0.48
335096,0.34
335097,0.45
335099,0.41
335113,0.42
335136,0.4
335140,0.44
335141,0.32
335143,0.49
335155,0.41
335170,0.42
335176,0.45
335181,0.36
335183,0.39
335192,0.38
335196,0.48
335198,0.34
335203,0.52
335204,0.5
335218,0.33
335222,0.41
335223,0.44
335229,0.42
335231,0.43
335236,0.3
335253,0.43
335257,0.5
335262,0.32
335263,0.33
335273,0.44
335276,0.4
335278,0.37
335295,0.48
335301,0.4
335303,0.35
335305,0.37
335310,0.45
335313,0.39
335314,0.45
335319,0.44
335321,0.4
335331,0.34
335332,0.46
335333,0.4
335337,0.43
335342,0.32
335347,0.36
335351,0.46
335356,0.32
335366,0.4
335369,0.49
335377,0.44
335388,0.43
335395,0.44
335397,0.36
335411,0.36
335419,0.4
335425,0.4
335427,0.43
335443,0.37
335446,0.39
335448,0.38
335451,0.33
335458,0.39
335459,0.41
335460,0.45
335463,0.42
335471,0.52
335477,0.3
335478,0.46
335484,0.4
335490,0.4
335495,0.39
335506,0.45
335507,0.35
335518,0.43
335533,0.39
335537,0.35
335538,0.52
335549,0.43
335553,0.42
335561,0.39
335564,0.42
335573,0.42
335577,0.38
335579,0.38
335585,0.44
335590,0.4
335594,0.39
335598,0.36
335601,0.39
335608,0.47
335616,0.39
335640,0.38
335645,0.4
335653,0.42
335683,0.41
335692,0.45
335713,0.51
335726,0.32
335727,0.42
335728,0.32
335732,0.45
335736,0.44
335747,0.47
335754,0.26
335755,0.45
335761,0.37
335775,0.27
335778,0.47
335779,0.48
335787,0.42
335805,0.35
335807,0.39
335808,0.39
335815,0.25
335818,0.46
335835,0.4
335849,0.44
335850,0.39
335851,0.46
335852,0.45
335856,0.51
335857,0.37
335863,0.55
335871,0.3
335879,0.42
335885,0.33
335887,0.37
335893,0.44
335906,0.28
335912,0.45
335921,0.42
335944,0.25
335952,0.41
335955,0.41
335956,0.31
335957,0.28
335958,0.43
335962,0.43
335963,0.4
335964,0.41
335971,0.34
335973,0.42
335975,0.48
335981,0.4
335983,0.45
336016,0.42
336038,0.32
336039,0.39
336041,0.46
336061,0.34
336063,0.46
336067,0.31
336071,0.32
336089,0.39
336095,0.4
336096,0.39
336101,0.33
336117,0.38
336118,0.43
336120,0.35
336137,0.37
336155,0.48
336156,0.4
336159,0.34
336178,0.38
336183,0.52
336194,0.39
336195,0.46
336199,0.37
336209,0.41
336213,0.32
336214,0.45
336215,0.51
336220,0.36
336253,0.35
336260,0.53
336263,0.39
336265,0.47
336273,0.37
336277,0.33
336280,0.48
336295,0.5
336308,0.34
336309,0.35
336316,0.49
336319,0.46
336321,0.37
336322,0.39
336323,0.22
336340,0.4
336344,0.46
336352,0.41
336361,0.47
336367,0.32
336382,0.41
336383,0.38
336393,0.43
336407,0.42
336413,0.39
336418,0.43
336426,0.29
336427,0.42
336436,0.48
336443,0.41
336445,0.37
336447,0.39
336451,0.4
336464,0.37
336484,0.45
336491,0.37
336492,0.37
336493,0.37
336494,0.51
336499,0.36
336524,0.31
336527,0.37
336534,0.29
336544,0.42
336553,0.4
336558,0.4
336565,0.41
336569,0.33
336580,0.32
336586,0.33
336592,0.33
336604,0.33
336610,0.42
336623,0.33
336634,0.33
336635,0.38
336641,0.44
336660,0.44
336673,0.49
336686,0.42
336693,0.4
336701,0.4
336704,0.42
336711,0.37
336715,0.39
336717,0.3
336722,0.39
336724,0.34
336741,0.3
336745,0.3
336757,0.38
336764,0.42
336767,0.45
336783,0.42
336786,0.45
336791,0.41
336792,0.53
336813,0.37
336822,0.45
336823,0.35
336832,0.39
336843,0.25
336858,0.39
336870,0.33
336876,0.31
336885,0.45
336887,0.42
336891,0.33
336903,0.34
336916,0.48
336917,0.34
336922,0.41
336925,0.41
336931,0.46
336938,0.39
336950,0.4
336955,0.35
336956,0.43
336959,0.32
336966,0.41
336971,0.46
336978,0.33
336983,0.28
336986,0.39
336996,0.36
337003,0.44
337007,0.39
337029,0.41
337034,0.47
337039,0.36
337057,0.39
337058,0.5
337062,0.46
337080,0.35
337087,0.4
337105,0.35
337108,0.32
337120,0.38
337125,0.36
337142,0.4
337159,0.41
337160,0.51
337168,0.42
337170,0.32
337171,0.4
337178,0.49
337188,0.4
337191,0.38
337200,0.45
337207,0.39
337210,0.43
337218,0.32
337221,0.42
337237,0.44
337241,0.36
337244,0.42
337273,0.3
337294,0.39
337295,0.39
337298,0.38
337310,0.31
337326,0.29
337338,0.57
337343,0.34
337360,0.31
337369,0.35
337375,0.44
337386,0.33
337388,0.41
337405,0.42
337408,0.43
337412,0.33
337416,0.37
337418,0.42
337442,0.43
337449,0.28
337457,0.4
337460,0.45
337474,0.27
337499,0.35
337506,0.49
337512,0.46
337527,0.39
337528,0.41
337530,0.31
337539,0.43
337546,0.41
337551,0.4
337569,0.46
337576,0.33
337582,0.34
337590,0.47
337599,0.39
337600,0.49
337601,0.46
337608,0.45
337614,0.38
337619,0.42
337625,0.38
337629,0.28
337635,0.35
337642,0.36
337663,0.45
337665,0.31
337668,0.3
337700,0.31
337746,0.28
337761,0.43
337779,0.39
337788,0.31
337790,0.3
337793,0.32
337802,0.34
337807,0.34
337821,0.39
337840,0.44
337846,0.43
337848,0.36
337864,0.38
337866,0.4
337868,0.47
337878,0.34
337890,0.39
337896,0.43
337901,0.34
337905,0.39
337914,0.48
337953,0.41
337969,0.43
337984,0.3
337995,0.38
338009,0.25
338018,0.37
338022,0.41
338028,0.33
338029,0.44
338044,0.37
338050,0.44
338052,0.4
338073,0.48
338076,0.32
338084,0.34
338086,0.49
338094,0.31
338097,0.37
338099,0.32
338126,0.36
338127,0.45
338137,0.35
338146,0.38
338161,0.41
338164,0.39
338174,0.37
338179,0.49
338181,0.36
338188,0.37
338189,0.37
338193,0.45
338199,0.39
338202,0.38
338204,0.44
338210,0.42
338229,0.34
338240,0.47
338250,0.37
338253,0.39
338254,0.37
338268,0.33
338290,0.41
338293,0.32
338297,0.46
338301,0.44
338306,0.42
338314,0.31
338318,0.36
338325,0.33
338340,0.33
338341,0.45
338351,0.46
338352,0.44
338368,0.42
338381,0.42
338404,0.43
338409,0.38
338417,0.43
338418,0.36
338426,0.28
338431,0.5
338435,0.41
338463,0.46
338465,0.42
338467,0.26
338479,0.41
338495,0.35
338510,0.36
338526,0.33
338528,0.39
338530,0.4
338539,0.4
338543,0.44
338554,0.34
338557,0.4
338581,0.41
338589,0.37
338595,0.4
338597,0.33
338604,0.39
338607,0.35
338613,0.34
338615,0.42
338628,0.42
338636,0.49
338642,0.35
338669,0.33
338671,0.43
338675,0.43
338676,0.39
338690,0.35
338696,0.43
338702,0.49
338703,0.37
338709,0.29
338719,0.28
338725,0.47
338727,0.27
338732,0.39
338749,0.37
338773,0.36
338774,0.46
338784,0.4
338789,0.41
338792,0.49
338804,0.45
338808,0.39
338822,0.38
338824,0.35
338833,0.38
338836,0.41
338840,0.31
338842,0.5
338843,0.35
338847,0.41
338849,0.36
338857,0.37
338860,0.51
338872,0.41
338874,0.38
338878,0.39
338895,0.31
338896,0.45
338904,0.42
338920,0.42
338931,0.42
338938,0.44
338955,0.43
338962,0.33
338969,0.42
338976,0.44
338994,0.42
339011,0.44
339014,0.35
339017,0.32
339018,0.49
339030,0.37
339038,0.44
339060,0.31
339079,0.45
339082,0.36
339099,0.55
339103,0.34
339105,0.43
339107,0.34
339121,0.42
339148,0.42
339152,0.43
339154,0.47
339170,0.36
339186,0.44
339187,0.48
339193,0.39
339196,0.39
339199,0.58
339203,0.39
339216,0.49
339228,0.33
339232,0.39
339237,0.37
339240,0.52
339242,0.38
339245,0.34
339252,0.47
339256,0.36
339258,0.41
339260,0.45
339263,0.48
339268,0.48
339269,0.43
339286,0.43
339304,0.44
339307,0.29
339317,0.37
339330,0.41
339346,0.46
339380,0.49
339381,0.37
339382,0.39
339391,0.31
339396,0.41
339406,0.33
339407,0.41
339409,0.5
339410,0.51
339425,0.32
339427,0.36
339433,0.45
339443,0.23
339449,0.36
339452,0.33
339453,0.43
339455,0.36
339457,0.38
339477,0.37
339483,0.44
339487,0.46
339490,0.4
339518,0.39
339523,0.47
339529,0.36
339541,0.49
339544,0.37
339546,0.41
339559,0.42
339563,0.27
339573,0.28
339591,0.49
339593,0.28
339599,0.44
339604,0.46
339615,0.4
339621,0.44
339625,0.44
339642,0.42
339647,0.43
339650,0.43
339656,0.41
339659,0.47
339681,0.47
339683,0.48
339684,0.44
339689,0.31
339694,0.33
339699,0.46
339718,0.39
339727,0.42
339735,0.35
339736,0.43
339745,0.43
339755,0.44
339758,0.32
339770,0.36
339772,0.41
339778,0.35
339786,0.27
339787,0.39
339788,0.43
339799,0.45
339814,0.36
339837,0.39
339842,0.34
339845,0.39
339852,0.39
339857,0.36
339864,0.31
339872,0.42
339873,0.31
339874,0.34
339875,0.48
339879,0.43
339884,0.29
339888,0.4
339891,0.49
339905,0.44
339920,0.45
339934,0.5
339938,0.43
339948,0.36
339949,0.41
339953,0.39
339954,0.42
339957,0.32
339958,0.38
339971,0.39
339975,0.39
339978,0.27
339984,0.41
339993,0.39
340009,0.38
340012,0.31
340019,0.41
340031,0.32
340041,0.49
340045,0.41
340046,0.37
340067,0.29
340079,0.42
340081,0.43
340082,0.36
340090,0.4
340091,0.42
340099,0.37
340104,0.47
340109,0.31
340123,0.43
340146,0.45
340162,0.37
340167,0.4
340181,0.37
340194,0.49
340195,0.45
340198,0.45
340202,0.43
340203,0.45
340219,0.46
340221,0.47
340224,0.36
340239,0.39
340248,0.39
340262,0.38
340264,0.38
340277,0.5
340285,0.42
340292,0.47
340356,0.4
340365,0.51
340375,0.4
340377,0.42
340378,0.53
340385,0.52
340387,0.44
340388,0.42
340405,0.5
340407,0.49
340408,0.44
340416,0.28
340420,0.35
340421,0.46
340425,0.38
340430,0.35
340448,0.44
340451,0.38
340456,0.44
340457,0.33
340459,0.4
340460,0.37
340463,0.33
340464,0.62
340486,0.41
340503,0.43
340504,0.46
340505,0.38
340507,0.35
340509,0.35
340511,0.49
340513,0.4
340516,0.43
340529,0.34
340535,0.35
340542,0.41
340545,0.31
340546,0.52
340556,0.31
340567,0.51
340576,0.36
340577,0.46
340586,0.31
340587,0.48
340594,0.33
340610,0.42
340611,0.42
340614,0.34
340625,0.37
340630,0.49
340640,0.45
340667,0.49
340674,0.47
340679,0.39
340683,0.42
340686,0.38
340698,0.37
340708,0.32
340717,0.38
340718,0.49
340720,0.34
340726,0.31
340746,0.39
340747,0.34
340768,0.42
340769,0.37
340772,0.52
340774,0.49
340778,0.29
340806,0.44
340816,0.35
340823,0.42
340826,0.45
340838,0.42
340840,0.42
340842,0.39
340844,0.32
340845,0.43
340853,0.47
340855,0.48
340857,0.4
340858,0.22
340864,0.45
340899,0.45
340901,0.3
340909,0.36
340921,0.4
340925,0.37
340953,0.34
340954,0.31
340961,0.39
340963,0.41
340975,0.39
340977,0.39
340996,0.4
341009,0.44
341013,0.35
341020,0.35
341024,0.41
341031,0.45
341038,0.48
341042,0.38
341050,0.46
341063,0.36
341066,0.37
341067,0.39
341070,0.35
341075,0.35
341089,0.41
341091,0.37
341122,0.46
341132,0.29
341135,0.41
341150,0.46
341168,0.4
341172,0.43
341182,0.44
341183,0.34
341187,0.33
341192,0.45
341194,0.34
341201,0.48
341226,0.4
341228,0.39
341231,0.45
341235,0.4
341237,0.39
341251,0.37
341278,0.33
341284,0.5
341285,0.42
341294,0.28
341296,0.4
341297,0.36
341298,0.42
341302,0.47
341304,0.41
341307,0.33
341314,0.47
341324,0.32
341332,0.54
341342,0.33
341347,0.34
341356,0.44
341358,0.37
341365,0.38
341368,0.36
341372,0.54
341374,0.48
341380,0.38
341381,0.4
341390,0.44
341398,0.44
341401,0.44
341406,0.44
341413,0.45
341419,0.4
341421,0.37
341427,0.46
341429,0.39
341434,0.34
341437,0.4
341444,0.38
341447,0.43
341452,0.32
341458,0.31
341475,0.36
341478,0.36
341495,0.38
341503,0.37
341520,0.39
341525,0.37
341544,0.43
341545,0.27
341548,0.4
341551,0.43
341552,0.42
341562,0.49
341574,0.51
341577,0.27
341585,0.42
341616,0.31
341630,0.34
341631,0.4
341640,0.49
341651,0.43
341653,0.36
341655,0.4
341659,0.43
341696,0.4
341705,0.42
341717,0.35
341720,0.36
341728,0.47
341729,0.27
341737,0.5
341758,0.41
341765,0.36
341780,0.33
341785,0.5
341787,0.38
341790,0.43
341796,0.25
341805,0.36
341811,0.39
341823,0.33
341828,0.41
341841,0.35
341865,0.45
341873,0.41
341891,0.37
341899,0.42
341906,0.31
341917,0.47
341926,0.4
341931,0.35
341934,0.43
341939,0.45
341943,0.42
341962,0.41
341967,0.36
341971,0.47
341990,0.45
341997,0.47
342001,0.4
342010,0.42
342042,0.39
342052,0.4
342084,0.42
342089,0.31
342091,0.41
342099,0.38
342109,0.34
342111,0.43
342119,0.37
342120,0.32
342125,0.38
342127,0.38
342128,0.38
342135,0.43
342136,0.38
342138,0.37
342148,0.44
342153,0.55
342154,0.45
342157,0.33
342163,0.38
342168,0.27
342173,0.44
342182,0.32
342185,0.4
342194,0.33
342198,0.37
342210,0.32
342214,0.32
342220,0.4
342222,0.34
342223,0.42
342230,0.39
342239,0.45
342247,0.48
342248,0.36
342252,0.39
342257,0.41
342271,0.46
342272,0.35
342290,0.44
342295,0.4
342297,0.45
342298,0.42
342301,0.36
342305,0.41
342308,0.35
342314,0.45
342322,0.35
342340,0.43
342350,0.35
342353,0.39
342358,0.38
342377,0.39
342378,0.36
342382,0.33
342390,0.33
342396,0.35
342439,0.37
342442,0.43
342447,0.33
342449,0.41
342450,0.37
342451,0.39
342454,0.41
342455,0.47
342467,0.34
342476,0.38
342481,0.43
342498,0.3
342503,0.34
342510,0.42
342513,0.44
342523,0.36
342527,0.45
342555,0.34
342566,0.38
342584,0.33
342593,0.43
342600,0.38
342611,0.41
342614,0.32
342637,0.44
342639,0.47
342656,0.39
342669,0.34
342684,0.47
342686,0.37
342690,0.42
342693,0.39
342701,0.38
342702,0.38
342703,0.52
342706,0.38
342711,0.49
342730,0.37
342744,0.44
342753,0.41
342769,0.27
342779,0.38
342788,0.43
342792,0.45
342794,0.32
342795,0.38
342799,0.38
342802,0.42
342803,0.5
342812,0.35
342820,0.47
342824,0.44
342835,0.38
342836,0.34
342851,0.46
342860,0.55
342862,0.39
342870,0.32
342873,0.4
342894,0.35
342916,0.36
342950,0.38
342970,0.32
342971,0.5
342980,0.36
342981,0.29
343004,0.42
343044,0.32
343045,0.43
343072,0.38
343078,0.43
343080,0.48
343085,0.36
343126,0.42
343137,0.43
343139,0.29
343144,0.52
343155,0.29
343163,0.43
343165,0.35
343190,0.32
343205,0.4
343221,0.34
343226,0.41
343233,0.46
343236,0.38
343241,0.61
343245,0.41
343256,0.29
343260,0.34
343276,0.41
343298,0.42
343299,0.45
343310,0.42
343312,0.41
343317,0.34
343319,0.36
343324,0.38
343345,0.42
343348,0.41
343354,0.41
343363,0.4
343365,0.37
343376,0.41
343380,0.42
343401,0.37
343412,0.34
343414,0.41
343415,0.43
343418,0.45
343419,0.36
343421,0.48
343423,0.48
343432,0.33
343436,0.44
343440,0.52
343458,0.38
343470,0.38
343471,0.42
343480,0.33
343484,0.35
343492,0.55
343500,0.27
343503,0.35
343522,0.39
343525,0.49
343562,0.42
343577,0.37
343580,0.33
343591,0.35
343594,0.45
343602,0.43
343611,0.37
343615,0.44
343639,0.36
343643,0.31
343645,0.44
343647,0.4
343669,0.41
343683,0.37
343702,0.52
343703,0.37
343704,0.46
343710,0.37
343724,0.43
343730,0.41
343742,0.42
343743,0.39
343745,0.43
343775,0.5
343783,0.37
343794,0.3
343795,0.34
343816,0.38
343820,0.4
343823,0.5
343836,0.33
343845,0.4
343888,0.44
343893,0.4
343898,0.47
343914,0.46
343918,0.4
343920,0.41
343928,0.47
343931,0.51
343968,0.49
343990,0.3
343991,0.3
343996,0.51
344002,0.45
344004,0.36
344008,0.45
344011,0.44
344013,0.37
344014,0.42
344015,0.35
344016,0.28
344019,0.45
344026,0.34
344027,0.4
344029,0.37
344039,0.46
344041,0.43
344042,0.37
344047,0.52
344053,0.49
344055,0.41
344060,0.41
344064,0.4
344067,0.4
344080,0.41
344083,0.56
344088,0.36
344090,0.31
344093,0.44
344099,0.45
344113,0.35
344114,0.42
344119,0.44
344121,0.3
344135,0.52
344138,0.37
344159,0.43
344172,0.42
344176,0.39
344192,0.4
344202,0.48
344219,0.34
344225,0.33
344229,0.48
344240,0.5
344241,0.37
344249,0.3
344252,0.52
344256,0.4
344260,0.28
344264,0.34
344267,0.38
344275,0.3
344283,0.39
344292,0.46
344296,0.38
344297,0.34
344299,0.3
344303,0.53
344313,0.35
344315,0.36
344317,0.4
344323,0.39
344328,0.46
344339,0.44
344343,0.32
344345,0.35
344356,0.33
344358,0.45
344359,0.31
344366,0.43
344370,0.4
344382,0.4
344383,0.4
344386,0.42
344388,0.46
344393,0.5
344395,0.34
344401,0.46
344402,0.45
344404,0.39
344422,0.34
344427,0.34
344433,0.36
344444,0.44
344454,0.43
344460,0.38
344480,0.4
344483,0.33
344488,0.37
344496,0.51
344504,0.42
344516,0.38
344524,0.38
344540,0.47
344542,0.36
344550,0.45
344558,0.32
344561,0.39
344568,0.42
344571,0.3
344621,0.5
344633,0.49
344635,0.45
344660,0.43
344662,0.4
344681,0.36
344683,0.42
344685,0.51
344716,0.43
344726,0.37
344749,0.51
344750,0.42
344752,0.45
344760,0.4
344762,0.4
344768,0.49
344770,0.36
344772,0.42
344778,0.48
344783,0.37
344793,0.41
344814,0.41
344815,0.36
344818,0.32
344819,0.37
344826,0.39
344828,0.39
344835,0.35
344864,0.35
344869,0.4
344875,0.39
344883,0.37
344885,0.37
344887,0.39
344889,0.41
344892,0.37
344895,0.32
344913,0.3
344934,0.26
344939,0.37
344947,0.45
344964,0.38
344969,0.35
344973,0.28
344977,0.43
344978,0.45
344991,0.46
345010,0.37
345011,0.46
345012,0.45
345020,0.42
345021,0.39
345042,0.35
345046,0.46
345070,0.43
345078,0.29
345085,0.42
345087,0.36
345093,0.37
345094,0.47
345097,0.4
345107,0.36
345109,0.41
345117,0.42
345118,0.35
345126,0.4
345142,0.37
345143,0.35
345149,0.43
345150,0.45
345154,0.43
345174,0.4
345184,0.45
345193,0.4
345196,0.4
345202,0.35
345207,0.33
345209,0.38
345211,0.41
345212,0.31
345213,0.42
345218,0.37
345228,0.44
345234,0.35
345251,0.44
345252,0.37
345260,0.36
345269,0.33
345275,0.31
345300,0.46
345305,0.39
345306,0.38
345310,0.38
345315,0.36
345324,0.36
345329,0.38
345359,0.46
345360,0.43
345364,0.32
345385,0.41
345387,0.41
345390,0.32
345402,0.34
345404,0.37
345405,0.44
345416,0.52
345425,0.43
345432,0.4
345437,0.5
345442,0.36
345450,0.48
345458,0.45
345467,0.51
345468,0.4
345470,0.46
345478,0.42
345479,0.45
345482,0.34
345489,0.36
345492,0.38
345499,0.42
345502,0.41
345515,0.38
345538,0.39
345542,0.35
345548,0.3
345550,0.41
345552,0.38
345557,0.38
345560,0.42
345563,0.4
345564,0.42
345580,0.4
345582,0.4
345583,0.36
345604,0.4
345622,0.37
345630,0.44
345634,0.39
345643,0.34
345646,0.38
345685,0.28
345687,0.37
345694,0.33
345717,0.38
345718,0.42
345726,0.34
345733,0.37
345738,0.38
345754,0.53
345761,0.27
345771,0.48
345778,0.3
345780,0.38
345788,0.33
345796,0.38
345800,0.44
345808,0.34
345812,0.42
345821,0.54
345822,0.31
345843,0.4
345853,0.4
345854,0.39
345857,0.41
345858,0.3
345867,0.45
345884,0.36
345892,0.34
345893,0.3
345896,0.43
345902,0.4
345906,0.3
345913,0.38
345916,0.47
345922,0.42
345923,0.47
345924,0.45
345935,0.47
345941,0.29
345948,0.39
345953,0.31
345958,0.4
345962,0.27
345966,0.41
345973,0.45
345976,0.44
345989,0.45
345999,0.48
346003,0.42
346014,0.31
346027,0.35
346036,0.42
346048,0.39
346052,0.44
346057,0.29
346058,0.34
346064,0.41
346076,0.51
346079,0.39
346081,0.34
346091,0.42
346099,0.39
346104,0.39
346111,0.48
346117,0.35
346118,0.4
346126,0.4
346135,0.3
346141,0.35
346150,0.34
346153,0.33
346155,0.34
346164,0.49
346166,0.52
346173,0.38
346179,0.42
346184,0.46
346188,0.44
346201,0.4
346207,0.39
346213,0.47
346219,0.35
346245,0.33
346271,0.41
346273,0.42
346290,0.43
346300,0.38
346314,0.38
346328,0.36
346329,0.44
346338,0.34
346340,0.38
346341,0.47
346347,0.37
346358,0.47
346362,0.35
346373,0.48
346377,0.5
346379,0.47
346384,0.42
346387,0.38
346392,0.39
346396,0.44
346402,0.34
346405,0.34
346407,0.31
346409,0.43
346414,0.42
346423,0.34
346424,0.42
346428,0.37
346443,0.37
346444,0.35
346446,0.44
346449,0.36
346456,0.34
346476,0.36
346477,0.31
346480,0.41
346492,0.48
346526,0.4
346536,0.43
346539,0.33
346543,0.45
346544,0.32
346546,0.36
346591,0.35
346598,0.36
346599,0.43
346618,0.43
346620,0.32
346623,0.48
346631,0.54
346639,0.42
346657,0.4
346661,0.42
346671,0.42
346672,0.47
346694,0.27
346712,0.47
346714,0.28
346723,0.34
346727,0.32
346729,0.38
346747,0.4
346765,0.42
346775,0.38
346784,0.38
346797,0.46
346799,0.37
346802,0.42
346807,0.37
346822,0.44
346828,0.51
346836,0.45
346838,0.41
346841,0.33
346843,0.46
346848,0.36
346850,0.42
346851,0.44
346855,0.41
346856,0.4
346860,0.36
346870,0.45
346881,0.44
346884,0.51
346887,0.38
346890,0.36
346904,0.48
346912,0.47
346914,0.36
346923,0.4
346924,0.38
346926,0.47
346934,0.33
346936,0.32
346951,0.44
346952,0.4
346970,0.35
346982,0.38
346993,0.39
347013,0.42
347018,0.49
347021,0.34
347031,0.35
347033,0.45
347039,0.45
347045,0.35
347046,0.38
347058,0.31
347071,0.39
347078,0.41
347079,0.43
347097,0.31
347101,0.46
347120,0.42
347121,0.47
347133,0.31
347161,0.29
347163,0.41
347173,0.54
347175,0.41
347181,0.31
347193,0.5
347196,0.48
347204,0.45
347205,0.46
347217,0.4
347229,0.32
347255,0.39
347261,0.37
347266,0.31
347283,0.39
347286,0.42
347302,0.4
347304,0.37
347321,0.39
347323,0.36
347331,0.44
347340,0.49
347350,0.35
347374,0.36
347379,0.41
347404,0.51
347415,0.34
347438,0.42
347439,0.39
347443,0.39
347450,0.44
347456,0.37
347458,0.52
347463,0.52
347471,0.24
347476,0.3
347482,0.48
347483,0.35
347492,0.35
347498,0.42
347499,0.49
347501,0.36
347521,0.37
347527,0.38
347531,0.37
347540,0.31
347556,0.42
347575,0.44
347579,0.44
347581,0.34
347583,0.36
347611,0.49
347614,0.47
347621,0.43
347629,0.32
347639,0.44
347642,0.4
347650,0.46
347665,0.42
347674,0.34
347678,0.42
347689,0.41
347690,0.39
347708,0.35
347712,0.4
347722,0.4
347728,0.4
347734,0.37
347736,0.41
347747,0.35
347748,0.39
347753,0.42
347755,0.41
347756,0.4
347757,0.33
347763,0.4
347770,0.44
347771,0.32
347784,0.42
347792,0.46
347793,0.43
347801,0.37
347808,0.46
347821,0.47
347824,0.37
347829,0.44
347841,0.42
347845,0.3
347846,0.36
347853,0.43
347854,0.38
347858,0.42
347859,0.37
347864,0.29
347869,0.36
347876,0.27
347880,0.3
347884,0.32
347888,0.4
347893,0.44
347900,0.51
347902,0.4
347910,0.32
347912,0.43
347915,0.41
347916,0.38
347919,0.36
347923,0.47
347952,0.43
348002,0.37
348003,0.45
348008,0.4
348014,0.38
348027,0.39
348031,0.43
348051,0.32
348060,0.36
348064,0.47
348066,0.43
348069,0.42
348077,0.4
348081,0.39
348087,0.47
348088,0.36
348094,0.41
348100,0.38
348119,0.43
348122,0.5
348141,0.42
348145,0.41
348154,0.43
348158,0.42
348163,0.34
348176,0.42
348177,0.34
348181,0.42
348190,0.38
348195,0.4
348197,0.38
348200,0.43
348209,0.37
348216,0.33
348217,0.3
348223,0.42
348228,0.32
348230,0.35
348249,0.4
348251,0.44
348261,0.41
348264,0.45
348271,0.31
348273,0.32
348280,0.4
348283,0.38
348285,0.4
348306,0.45
348312,0.37
348327,0.35
348328,0.47
348344,0.3
348358,0.5
348361,0.5
348362,0.37
348364,0.46
348370,0.4
348380,0.41
348400,0.33
348420,0.4
348428,0.4
348430,0.39
348445,0.34
348460,0.42
348462,0.47
348465,0.42
348481,0.45
348482,0.39
348485,0.41
348491,0.41
348492,0.47
348522,0.44
348531,0.41
348536,0.48
348546,0.44
348547,0.39
348548,0.3
348551,0.44
348554,0.55
348564,0.58
348571,0.46
348577,0.37
348593,0.33
348595,0.51
348606,0.49
348621,0.33
348630,0.35
348633,0.48
348644,0.44
348646,0.45
348680,0.33
348692,0.38
348698,0.4
348703,0.39
348712,0.4
348726,0.35
348727,0.4
348731,0.4
348733,0.4
348747,0.4
348753,0.43
348756,0.38
348760,0.36
348771,0.35
348785,0.29
348789,0.44
348793,0.35
348797,0.41
348799,0.36
348811,0.36
348812,0.43
348818,0.34
348822,0.4
348833,0.47
348849,0.45
348875,0.38
348878,0.43
348879,0.33
348884,0.36
348887,0.35
348890,0.31
348901,0.35
348911,0.43
348936,0.35
348941,0.38
348949,0.28
348950,0.47
348952,0.44
348954,0.45
348971,0.38
348979,0.52
348985,0.34
348989,0.45
348999,0.33
349006,0.36
349013,0.39
349015,0.39
349024,0.32
349033,0.33
349047,0.32
349060,0.42
349065,0.4
349071,0.47
349081,0.46
349088,0.37
349093,0.41
349101,0.39
349107,0.45
349113,0.32
349123,0.44
349125,0.39
349129,0.47
349131,0.42
349132,0.33
349163,0.38
349168,0.37
349172,0.45
349187,0.3
349192,0.42
349193,0.53
349203,0.48
349227,0.4
349234,0.35
349248,0.42
349249,0.37
349254,0.4
349259,0.37
349265,0.42
349276,0.45
349281,0.41
349283,0.35
349288,0.31
349297,0.34
349299,0.35
349304,0.47
349306,0.39
349310,0.38
349314,0.36
349320,0.34
349326,0.46
349329,0.35
349337,0.35
349357,0.39
349363,0.34
349374,0.42
349375,0.29
349394,0.35
349399,0.41
349404,0.35
349419,0.33
349422,0.33
349425,0.45
349432,0.43
349433,0.44
349436,0.39
349437,0.35
349439,0.43
349484,0.39
349488,0.33
349490,0.36
349538,0.35
349541,0.39
349543,0.41
349552,0.36
349560,0.53
349565,0.35
349570,0.37
349586,0.36
349589,0.5
349592,0.38
349596,0.46
349598,0.33
349601,0.37
349608,0.39
349615,0.39
349645,0.41
349654,0.37
349671,0.43
349679,0.5
349693,0.38
349706,0.46
349707,0.38
349708,0.41
349719,0.55
349727,0.37
349730,0.34
349735,0.42
349744,0.38
349745,0.35
349760,0.48
349765,0.39
349778,0.34
349787,0.43
349802,0.48
349812,0.44
349815,0.32
349847,0.44
349854,0.41
349855,0.4
349872,0.33
349873,0.37
349874,0.39
349886,0.36
349887,0.42
349911,0.31
349916,0.44
349920,0.4
349921,0.42
349929,0.28
349931,0.35
349935,0.44
349939,0.45
349960,0.41
349967,0.35
349969,0.4
349971,0.48
349977,0.32
349979,0.37
349981,0.35
349982,0.35
349992,0.46
349994,0.55
350005,0.43
350006,0.38
350009,0.39
350017,0.44
350021,0.38
350023,0.4
350032,0.44
350033,0.33
350036,0.36
350037,0.49
350048,0.42
350052,0.42
350063,0.5
350077,0.44
350078,0.51
350086,0.44
350087,0.41
350107,0.34
350110,0.39
350114,0.4
350119,0.31
350139,0.37
350154,0.36
350174,0.37
350177,0.35
350190,0.48
350193,0.32
350203,0.38
350206,0.44
350210,0.44
350225,0.48
350242,0.36
350264,0.33
350273,0.33
350277,0.43
350283,0.36
350286,0.37
350288,0.41
350290,0.34
350293,0.39
350310,0.34
350327,0.46
350330,0.39
350334,0.33
350340,0.38
350342,0.43
350344,0.41
350370,0.37
350372,0.48
350376,0.37
350387,0.32
350389,0.48
350395,0.42
350397,0.38
350433,0.42
350436,0.46
350442,0.39
350445,0.38
350446,0.44
350457,0.34
350480,0.46
350481,0.31
350484,0.41
350494,0.38
350511,0.46
350529,0.4
350531,0.34
350535,0.42
350539,0.4
350543,0.39
350544,0.4
350550,0.36
350558,0.42
350569,0.45
350571,0.44
350577,0.44
350582,0.29
350585,0.33
350596,0.41
350598,0.42
350599,0.47
350602,0.36
350612,0.47
350621,0.41
350626,0.43
350628,0.38
350638,0.28
350646,0.44
350652,0.5
350665,0.38
350671,0.39
350677,0.45
350694,0.42
350697,0.35
350699,0.37
350703,0.52
350705,0.44
350708,0.33
350724,0.46
350731,0.36
350740,0.4
350745,0.42
350749,0.39
350754,0.4
350757,0.35
350764,0.41
350766,0.49
350779,0.5
350794,0.3
350805,0.47
350810,0.37
350817,0.39
350825,0.38
350829,0.31
350832,0.44
350841,0.36
350855,0.36
350862,0.48
350867,0.4
350871,0.34
350874,0.45
350891,0.36
350895,0.35
350898,0.49
350899,0.36
350902,0.3
350913,0.41
350916,0.36
350933,0.38
350944,0.22
350954,0.52
350959,0.35
350965,0.4
350969,0.43
350984,0.49
350997,0.47
350999,0.48
351002,0.38
351008,0.43
351014,0.4
351025,0.4
351026,0.49
351046,0.45
351048,0.33
351070,0.47
351073,0.31
351079,0.34
351085,0.41
351091,0.45
351094,0.3
351115,0.4
351117,0.42
351126,0.42
351142,0.32
351151,0.4
351171,0.35
351178,0.44
351186,0.26
351194,0.32
351201,0.31
351223,0.32
351225,0.49
351226,0.46
351227,0.45
351240,0.39
351243,0.4
351244,0.53
351245,0.35
351248,0.38
351252,0.45
351259,0.37
351265,0.42
351291,0.41
351292,0.44
351294,0.32
351298,0.29
351303,0.41
351311,0.44
351326,0.45
351331,0.45
351338,0.45
351339,0.38
351364,0.43
351380,0.37
351383,0.41
351385,0.29
351386,0.37
351389,0.42
351392,0.31
351393,0.38
351407,0.36
351419,0.38
351422,0.39
351423,0.5
351430,0.35
351446,0.22
351454,0.33
351458,0.32
351461,0.35
351489,0.33
351495,0.41
351520,0.48
351526,0.5
351535,0.44
351541,0.34
351567,0.3
351580,0.41
351581,0.46
351584,0.35
351587,0.39
351589,0.41
351593,0.4
351616,0.38
351619,0.38
351625,0.33
351626,0.48
351635,0.33
351641,0.43
351655,0.29
351658,0.35
351669,0.42
351670,0.32
351671,0.3
351680,0.41
351687,0.45
351699,0.29
351722,0.27
351725,0.45
351740,0.32
351747,0.35
351758,0.47
351771,0.32
351780,0.4
351786,0.31
351789,0.39
351796,0.39
351801,0.41
351814,0.4
351817,0.38
351819,0.39
351825,0.46
351830,0.38
351831,0.51
351834,0.33
351836,0.3
351837,0.39
351838,0.41
351839,0.38
351846,0.48
351863,0.39
351864,0.44
351880,0.36
351887,0.42
351891,0.39
351892,0.34
351898,0.4
351907,0.49
351916,0.42
351936,0.45
351937,0.33
351945,0.34
351957,0.5
351958,0.39
351962,0.46
351967,0.35
351970,0.31
351973,0.37
351978,0.4
351984,0.36
351989,0.42
351992,0.49
352015,0.45
352036,0.36
352043,0.32
352049,0.38
352053,0.34
352056,0.39
352058,0.31
352064,0.5
352065,0.36
352075,0.36
352092,0.38
352096,0.43
352097,0.46
352102,0.27
352103,0.35
352117,0.52
352119,0.38
352139,0.38
352145,0.37
352158,0.5
352198,0.39
352199,0.39
352200,0.4
352205,0.42
352241,0.36
352244,0.48
352258,0.46
352260,0.38
352266,0.39
352273,0.34
352283,0.35
352303,0.56
352304,0.44
352351,0.42
352353,0.36
352379,0.37
352389,0.45
352390,0.42
352391,0.43
352403,0.36
352407,0.39
352409,0.45
352421,0.33
352425,0.41
352447,0.31
352450,0.35
352451,0.37
352457,0.37
352468,0.41
352482,0.51
352495,0.4
352501,0.34
352506,0.43
352508,0.29
352522,0.5
352528,0.38
352539,0.4
352540,0.38
352551,0.36
352560,0.34
352561,0.41
352565,0.42
352566,0.45
352584,0.38
352592,0.31
352626,0.43
352650,0.35
352655,0.33
352668,0.44
352670,0.34
352685,0.43
352690,0.36
352692,0.42
352694,0.44
352700,0.43
352701,0.44
352708,0.55
352711,0.4
352734,0.37
352738,0.35
352742,0.29
352745,0.38
352746,0.45
352751,0.42
352762,0.43
352767,0.33
352768,0.26
352785,0.37
352788,0.39
352795,0.5
352814,0.32
352825,0.33
352827,0.36
352828,0.38
352830,0.33
352850,0.38
352890,0.37
352901,0.35
352907,0.28
352909,0.47
352913,0.4
352925,0.38
352927,0.41
352928,0.36
352938,0.45
352942,0.43
352943,0.46
352952,0.49
352958,0.32
352962,0.41
352967,0.33
352972,0.39
352988,0.28
352991,0.41
353002,0.36
353008,0.5
353011,0.29
353014,0.42
353018,0.25
353023,0.47
353029,0.44
353031,0.33
353035,0.36
353037,0.38
353042,0.37
353054,0.39
353078,0.48
353122,0.47
353123,0.38
353140,0.39
353145,0.34
353167,0.39
353177,0.37
353179,0.35
353185,0.46
353194,0.47
353195,0.34
353208,0.38
353210,0.34
353214,0.33
353215,0.3
353240,0.31
353241,0.41
353247,0.47
353259,0.28
353262,0.5
353264,0.45
353278,0.39
353279,0.41
353280,0.34
353287,0.36
353288,0.33
353290,0.4
353299,0.43
353314,0.35
353328,0.46
353340,0.45
353350,0.55
353352,0.39
353364,0.41
353371,0.46
353373,0.42
353374,0.4
353389,0.42
353395,0.31
353419,0.49
353427,0.34
353441,0.35
353454,0.34
353469,0.48
353475,0.43
353481,0.37
353483,0.39
353484,0.45
353488,0.26
353496,0.32
353504,0.32
353505,0.38
353509,0.25
353527,0.42
353574,0.35
353585,0.43
353595,0.49
353598,0.37
353602,0.42
353610,0.41
353618,0.42
353625,0.44
353626,0.4
353631,0.34
353635,0.47
353654,0.49
353682,0.4
353688,0.46
353695,0.31
353711,0.37
353724,0.43
353729,0.41
353732,0.37
353749,0.41
353750,0.48
353752,0.41
353761,0.39
353782,0.34
353784,0.34
353801,0.42
353809,0.35
353812,0.34
353814,0.49
353821,0.33
353832,0.42
353845,0.4
353860,0.44
353863,0.34
353867,0.43
353876,0.43
353905,0.34
353923,0.33
353934,0.32
353943,0.43
353945,0.31
353973,0.5
353995,0.41
354001,0.36
354003,0.28
354011,0.34
354020,0.36
354024,0.41
354027,0.4
354031,0.35
354036,0.42
354037,0.4
354039,0.31
354044,0.37
354058,0.42
354071,0.48
354080,0.33
354084,0.44
354085,0.33
354089,0.47
354099,0.32
354100,0.45
354104,0.32
354106,0.4
354107,0.45
354111,0.41
354114,0.38
354115,0.47
354122,0.4
354130,0.41
354139,0.42
354140,0.4
354145,0.3
354149,0.32
354167,0.54
354173,0.38
354176,0.32
354178,0.47
354182,0.29
354184,0.36
354186,0.45
354192,0.45
354209,0.44
354214,0.35
354218,0.42
354230,0.44
354251,0.34
354257,0.41
354264,0.45
354265,0.44
354267,0.41
354272,0.33
354273,0.42
354285,0.35
354298,0.44
354309,0.4
354312,0.31
354320,0.38
354322,0.41
354327,0.41
354333,0.48
354335,0.43
354344,0.38
354355,0.48
354358,0.35
354365,0.43
354368,0.34
354377,0.47
354386,0.38
354390,0.44
354394,0.44
354398,0.29
354402,0.43
354403,0.44
354406,0.48
354414,0.49
354421,0.39
354430,0.48
354445,0.42
354470,0.38
354479,0.48
354481,0.33
354483,0.39
354497,0.37
354511,0.58
354533,0.37
354549,0.43
354561,0.39
354570,0.42
354571,0.38
354577,0.28
354586,0.4
354598,0.38
354601,0.35
354602,0.38
354603,0.45
354606,0.42
354612,0.32
354613,0.44
354616,0.47
354624,0.46
354625,0.41
354636,0.41
354639,0.41
354640,0.34
354644,0.37
354650,0.3
354666,0.44
354673,0.46
354674,0.39
354677,0.51
354684,0.42
354694,0.46
354698,0.44
354708,0.33
354709,0.34
354720,0.48
354738,0.41
354740,0.38
354757,0.38
354768,0.39
354775,0.39
354776,0.37
354792,0.43
354803,0.43
354809,0.38
354817,0.41
354818,0.34
354830,0.43
354832,0.4
354838,0.41
354839,0.47
354851,0.43
354861,0.39
354865,0.5
354890,0.33
354893,0.39
354898,0.46
354900,0.37
354910,0.53
354913,0.54
354937,0.5
354942,0.31
354953,0.48
354956,0.47
354958,0.45
354960,0.46
354984,0.44
354993,0.44
355017,0.39
355025,0.34
355026,0.36
355041,0.47
355043,0.39
355048,0.45
355057,0.39
355071,0.34
355075,0.51
355081,0.36
355083,0.39
355090,0.35
355105,0.37
355107,0.43
355108,0.45
355109,0.44
355114,0.43
355117,0.38
355127,0.4
355148,0.42
355174,0.47
355180,0.46
355181,0.55
355184,0.4
355201,0.26
355207,0.39
355209,0.51
355217,0.46
355218,0.39
355237,0.38
355239,0.39
355241,0.42
355243,0.42
355250,0.39
355275,0.34
355282,0.47
355284,0.28
355287,0.39
355293,0.38
355296,0.33
355305,0.43
355312,0.3
355320,0.46
355327,0.41
355328,0.43
355333,0.32
355335,0.43
355336,0.36
355337,0.52
355338,0.38
355341,0.36
355355,0.41
355358,0.45
355360,0.42
355372,0.43
355382,0.41
355385,0.45
355393,0.52
355404,0.41
355408,0.36
355417,0.37
355418,0.42
355431,0.4
355434,0.39
355445,0.33
355502,0.39
355503,0.43
355511,0.48
355517,0.37
355519,0.4
355524,0.4
355536,0.44
355549,0.43
355550,0.43
355560,0.38
355569,0.34
355571,0.36
355572,0.35
355575,0.48
355578,0.4
355584,0.45
355588,0.41
355592,0.51
355604,0.43
355638,0.31
355646,0.43
355649,0.4
355656,0.27
355657,0.38
355666,0.4
355681,0.51
355697,0.45
355700,0.36
355701,0.41
355703,0.38
355704,0.44
355708,0.46
355736,0.33
355743,0.4
355769,0.49
355773,0.38
355781,0.26
355785,0.41
355786,0.37
355798,0.38
355817,0.43
355819,0.39
355826,0.39
355842,0.4
355846,0.25
355855,0.31
355870,0.44
355873,0.38
355874,0.39
355876,0.44
355877,0.33
355880,0.4
355920,0.48
355922,0.5
355930,0.42
355935,0.38
355942,0.36
355963,0.37
355971,0.42
355973,0.36
355980,0.41
355981,0.37
355984,0.3
355987,0.44
355996,0.39
355997,0.53
356013,0.4
356016,0.36
356025,0.48
356027,0.34
356035,0.4
356036,0.34
356038,0.39
356041,0.45
356057,0.41
356063,0.26
356077,0.4
356080,0.4
356086,0.38
356102,0.45
356106,0.4
356118,0.37
356140,0.42
356150,0.39
356153,0.39
356159,0.33
356163,0.49
356164,0.32
356168,0.4
356169,0.51
356170,0.42
356199,0.37
356211,0.32
356220,0.39
356246,0.26
356249,0.34
356255,0.49
356258,0.4
356262,0.35
356273,0.33
356279,0.38
356281,0.41
356308,0.36
356324,0.43
356327,0.4
356328,0.29
356331,0.4
356336,0.47
356345,0.41
356382,0.39
356395,0.43
356399,0.41
356400,0.32
356413,0.37
356414,0.39
356418,0.41
356427,0.29
356433,0.36
356439,0.34
356444,0.31
356475,0.42
356480,0.37
356482,0.38
356497,0.34
356512,0.37
356517,0.4
356536,0.45
356539,0.42
356551,0.44
356556,0.51
356558,0.38
356559,0.4
356563,0.44
356578,0.43
356583,0.38
356584,0.43
356592,0.28
356594,0.34
356596,0.4
356597,0.36
356598,0.42
356602,0.39
356609,0.44
356624,0.41
356626,0.33
356627,0.43
356641,0.41
356648,0.29
356649,0.42
356650,0.34
356651,0.35
356659,0.38
356676,0.41
356687,0.42
356689,0.49
356698,0.46
356726,0.31
356732,0.46
356741,0.44
356742,0.31
356746,0.38
356750,0.43
356754,0.43
356760,0.32
356762,0.38
356763,0.38
356777,0.43
356784,0.36
356795,0.36
356801,0.34
356802,0.37
356808,0.4
356813,0.43
356816,0.45
356818,0.32
356825,0.53
356828,0.4
356836,0.49
356854,0.39
356857,0.53
356865,0.4
356873,0.45
356879,0.46
356880,0.36
356885,0.42
356889,0.45
356903,0.4
356905,0.51
356913,0.38
356916,0.38
356939,0.46
356944,0.38
356952,0.42
356958,0.38
356963,0.36
356967,0.35
356970,0.38
356977,0.41
356980,0.34
356981,0.4
356983,0.43
356998,0.4
357005,0.24
357022,0.43
357032,0.35
357033,0.41
357035,0.34
357047,0.51
357054,0.38
357057,0.35
357069,0.52
357096,0.4
357102,0.4
357118,0.38
357124,0.4
357137,0.39
357138,0.49
357149,0.45
357151,0.39
357157,0.36
357158,0.43
357162,0.39
357163,0.32
357171,0.41
357175,0.34
357192,0.4
357200,0.42
357204,0.35
357206,0.36
357215,0.45
357221,0.48
357228,0.46
357247,0.25
357249,0.41
357268,0.38
357270,0.38
357279,0.43
357287,0.37
357293,0.33
357306,0.31
357308,0.37
357321,0.32
357326,0.45
357340,0.34
357342,0.48
357352,0.41
357361,0.31
357368,0.37
357370,0.39
357377,0.34
357382,0.37
357383,0.37
357384,0.32
357398,0.36
357415,0.37
357420,0.42
357439,0.41
357440,0.38
357458,0.33
357464,0.37
357467,0.47
357469,0.41
357472,0.46
357489,0.4
357504,0.45
357522,0.39
357527,0.31
357547,0.4
357550,0.37
357558,0.45
357559,0.35
357562,0.32
357572,0.34
357583,0.45
357585,0.37
357598,0.35
357607,0.44
357613,0.3
357627,0.33
357630,0.29
357631,0.48
357680,0.44
357694,0.38
357698,0.3
357699,0.41
357707,0.34
357732,0.35
357748,0.44
357755,0.48
357767,0.33
357786,0.38
357791,0.38
357799,0.4
357824,0.36
357830,0.34
357832,0.37
357840,0.39
357863,0.42
357865,0.33
357868,0.39
357869,0.36
357878,0.41
357886,0.46
357891,0.33
357897,0.41
357915,0.43
357927,0.34
357947,0.28
357958,0.45
357959,0.34
357976,0.39
357992,0.41
357995,0.36
357996,0.37
358020,0.37
358022,0.44
358023,0.32
358029,0.33
358040,0.46
358059,0.4
358071,0.35
358076,0.37
358095,0.31
358096,0.29
358104,0.39
358110,0.35
358122,0.36
358137,0.42
358147,0.49
358149,0.38
358155,0.37
358161,0.51
358163,0.38
358172,0.49
358178,0.41
358183,0.43
358186,0.45
358189,0.52
358198,0.41
358211,0.32
358219,0.28
358220,0.45
358225,0.44
358231,0.43
358233,0.34
358247,0.44
358258,0.31
358264,0.43
358271,0.5
358273,0.4
358275,0.39
358278,0.44
358287,0.38
358309,0.4
358327,0.36
358342,0.47
358348,0.43
358352,0.36
358373,0.42
358384,0.25
358394,0.47
358405,0.48
358409,0.33
358412,0.36
358424,0.28
358427,0.34
358434,0.39
358444,0.46
358448,0.32
358449,0.25
358458,0.4
358472,0.4
358483,0.32
358490,0.29
358503,0.36
358504,0.52
358505,0.4
358512,0.44
358513,0.41
358528,0.34
358532,0.31
358536,0.41
358538,0.32
358559,0.35
358590,0.47
358601,0.44
358627,0.48
358631,0.4
358632,0.28
358640,0.44
358649,0.43
358650,0.37
358653,0.36
358676,0.35
358679,0.38
358695,0.44
358703,0.41
358705,0.35
358710,0.29
358730,0.42
358731,0.41
358735,0.44
358744,0.42
358748,0.39
358750,0.37
358752,0.43
358764,0.38
358777,0.38
358786,0.34
358789,0.37
358805,0.39
358809,0.43
358810,0.34
358824,0.46
358829,0.38
358838,0.4
358840,0.37
358841,0.45
358854,0.41
358873,0.42
358879,0.35
358884,0.28
358885,0.35
358886,0.29
358892,0.46
358895,0.41
358906,0.41
358910,0.43
358911,0.3
358924,0.43
358929,0.4
358937,0.31
358949,0.42
358955,0.42
358956,0.38
358959,0.29
358960,0.45
358969,0.34
358983,0.32
358990,0.35
358992,0.44
358994,0.31
359004,0.39
359015,0.47
359023,0.44
359030,0.44
359032,0.31
359038,0.36
359044,0.38
359049,0.3
359050,0.43
359064,0.39
359095,0.47
359100,0.42
359105,0.36
359116,0.34
359134,0.49
359136,0.28
359143,0.42
359147,0.42
359175,0.4
359182,0.38
359188,0.52
359196,0.39
359198,0.32
359202,0.35
359212,0.38
359229,0.35
359232,0.43
359247,0.36
359258,0.43
359260,0.38
359261,0.48
359262,0.55
359268,0.36
359285,0.36
359293,0.36
359294,0.34
359297,0.35
359299,0.46
359311,0.3
359319,0.47
359320,0.25
359322,0.42
359353,0.37
359355,0.39
359360,0.28
359367,0.4
359369,0.43
359372,0.37
359377,0.42
359381,0.39
359382,0.39
359387,0.42
359389,0.39
359392,0.44
359437,0.46
359438,0.5
359440,0.36
359442,0.41
359455,0.35
359474,0.34
359475,0.36
359480,0.4
359485,0.41
359493,0.39
359497,0.47
359505,0.39
359506,0.37
359516,0.38
359518,0.38
359523,0.39
359547,0.41
359548,0.35
359556,0.38
359577,0.41
359580,0.53
359588,0.38
359590,0.39
359592,0.34
359599,0.4
359609,0.44
359611,0.44
359619,0.39
359623,0.37
359654,0.38
359666,0.43
359669,0.36
359672,0.39
359673,0.53
359677,0.26
359685,0.29
359690,0.44
359697,0.38
359702,0.39
359707,0.45
359711,0.41
359719,0.48
359722,0.35
359726,0.31
359730,0.41
359731,0.35
359741,0.29
359743,0.46
359748,0.39
359753,0.33
359758,0.39
359773,0.43
359780,0.42
359785,0.42
359800,0.45
359806,0.51
359809,0.41
359822,0.32
359828,0.42
359847,0.42
359855,0.41
359858,0.44
359864,0.39
359884,0.43
359886,0.44
359898,0.37
359908,0.42
359921,0.47
359945,0.39
359958,0.28
359964,0.35
359980,0.36
359992,0.4
359994,0.33
360001,0.41
360004,0.29
360009,0.38
360020,0.41
360049,0.4
360058,0.41
360063,0.42
360064,0.38
360074,0.37
360095,0.4
360098,0.38
360099,0.42
360100,0.41
360103,0.54
360106,0.43
360107,0.37
360124,0.33
360126,0.34
360138,0.41
360140,0.42
360141,0.38
360149,0.44
360152,0.49
360165,0.42
360171,0.34
360176,0.47
360183,0.4
360186,0.37
360189,0.4
360191,0.33
360199,0.43
360204,0.5
360205,0.24
360217,0.28
360225,0.41
360231,0.34
360238,0.41
360248,0.45
360249,0.24
360254,0.51
360256,0.42
360257,0.44
360258,0.51
360277,0.31
360279,0.35
360280,0.36
360281,0.43
360283,0.28
360290,0.4
360312,0.41
360316,0.28
360320,0.44
360324,0.45
360333,0.27
360339,0.41
360347,0.4
360359,0.35
360360,0.46
360367,0.47
360372,0.36
360382,0.38
360386,0.38
360400,0.34
360411,0.4
360412,0.52
360415,0.33
360419,0.34
360421,0.38
360427,0.34
360429,0.27
360438,0.32
360439,0.38
360445,0.44
360454,0.43
360458,0.41
360467,0.42
360469,0.36
360471,0.42
360472,0.35
360475,0.37
360478,0.44
360479,0.45
360480,0.32
360484,0.38
360496,0.4
360504,0.51
360517,0.39
360518,0.39
360526,0.37
360530,0.49
360535,0.41
360538,0.32
360539,0.4
360545,0.44
360569,0.36
360579,0.39
360580,0.29
360611,0.38
360612,0.42
360626,0.4
360628,0.37
360631,0.43
360633,0.38
360640,0.34
360643,0.39
360645,0.49
360663,0.3
360666,0.31
360678,0.4
360683,0.32
360707,0.43
360715,0.4
360723,0.44
360727,0.3
360733,0.44
360746,0.32
360759,0.42
360767,0.42
360769,0.31
360770,0.27
360779,0.42
360791,0.35
360792,0.39
360801,0.38
360812,0.42
360814,0.37
360828,0.5
360830,0.36
360837,0.35
360838,0.44
360844,0.36
360860,0.42
360864,0.36
360871,0.45
360872,0.31
360877,0.38
360880,0.45
360881,0.44
360882,0.45
360884,0.49
360885,0.4
360889,0.31
360893,0.31
360898,0.33
360933,0.48
360941,0.44
360942,0.28
360943,0.36
360960,0.32
360973,0.43
360979,0.29
360987,0.33
360988,0.4
360999,0.42
361001,0.5
361005,0.45
361007,0.43
361024,0.36
361028,0.37
361051,0.42
361072,0.37
361086,0.4
361093,0.44
361098,0.41
361124,0.34
361130,0.3
361132,0.38
361133,0.36
361135,0.42
361148,0.4
361150,0.4
361152,0.38
361154,0.35
361158,0.41
361171,0.36
361175,0.36
361177,0.31
361195,0.5
361200,0.41
361203,0.43
361205,0.36
361214,0.39
361217,0.37
361226,0.53
361232,0.3
361236,0.46
361249,0.34
361251,0.41
361252,0.39
361284,0.38
361289,0.33
361297,0.34
361304,0.43
361311,0.3
361334,0.4
361339,0.38
361340,0.43
361348,0.41
361352,0.35
361354,0.34
361355,0.41
361370,0.38
361390,0.34
361392,0.42
361397,0.3
361402,0.31
361405,0.33
361406,0.43
361426,0.34
361431,0.31
361440,0.42
361451,0.54
361469,0.41
361473,0.36
361497,0.39
361511,0.27
361515,0.39
361525,0.37
361540,0.39
361557,0.44
361560,0.36
361565,0.45
361569,0.39
361570,0.38
361578,0.39
361580,0.53
361585,0.31
361589,0.29
361591,0.43
361599,0.42
361603,0.29
361605,0.37
361606,0.4
361615,0.4
361622,0.42
361627,0.35
361632,0.52
361636,0.33
361637,0.42
361638,0.27
361639,0.35
361651,0.41
361662,0.33
361684,0.43
361693,0.34
361697,0.49
361710,0.36
361713,0.42
361729,0.41
361785,0.45
361796,0.4
361805,0.39
361811,0.37
361812,0.35
361819,0.44
361828,0.35
361833,0.28
361836,0.43
361839,0.35
361855,0.43
361866,0.45
361870,0.39
361873,0.3
361885,0.3
361896,0.39
361913,0.36
361919,0.37
361932,0.39
361933,0.44
361935,0.38
361939,0.42
361946,0.41
361947,0.43
361949,0.38
361951,0.35
361962,0.4
361972,0.33
361975,0.35
361989,0.45
362004,0.43
362012,0.34
362014,0.29
362016,0.32
362028,0.46
362033,0.39
362034,0.43
362038,0.43
362052,0.42
362061,0.22
362063,0.39
362070,0.37
362072,0.38
362075,0.38
362079,0.41
362086,0.35
362091,0.43
362094,0.4
362101,0.25
362112,0.36
362115,0.41
362117,0.34
362121,0.4
362128,0.53
362130,0.39
362135,0.49
362142,0.34
362146,0.33
362149,0.33
362157,0.37
362165,0.4
362166,0.32
362167,0.31
362173,0.42
362187,0.47
362197,0.35
362206,0.4
362207,0.36
362210,0.49
362216,0.36
362219,0.38
362221,0.47
362224,0.29
362228,0.34
362236,0.42
362242,0.41
362251,0.3
362252,0.38
362257,0.45
362284,0.38
362286,0.41
362298,0.35
362300,0.31
362306,0.35
362308,0.46
362315,0.42
362318,0.4
362322,0.35
362332,0.38
362338,0.35
362341,0.34
362347,0.43
362348,0.47
362361,0.33
362365,0.37
362369,0.38
362373,0.25
362376,0.39
362384,0.41
362386,0.45
362387,0.33
362389,0.37
362393,0.31
362412,0.47
362420,0.34
362426,0.39
362432,0.41
362445,0.34
362450,0.37
362452,0.39
362465,0.51
362468,0.3
362474,0.45
362484,0.38
362487,0.46
362512,0.41
362530,0.38
362531,0.33
362552,0.28
362555,0.37
362556,0.38
362563,0.33
362572,0.43
362579,0.41
362580,0.46
362597,0.43
362635,0.43
362637,0.34
362641,0.45
362652,0.31
362657,0.33
362660,0.38
362661,0.46
362671,0.45
362675,0.36
362680,0.34
362682,0.36
362685,0.38
362697,0.32
362700,0.43
362702,0.37
362705,0.43
362707,0.4
362710,0.45
362711,0.35
362718,0.46
362723,0.48
362730,0.31
362742,0.43
362781,0.38
362789,0.43
362790,0.42
362795,0.39
362799,0.38
362800,0.4
362803,0.4
362808,0.41
362814,0.47
362820,0.32
362826,0.44
362831,0.42
362833,0.42
362839,0.37
362852,0.35
362872,0.35
362882,0.43
362885,0.39
362889,0.27
362890,0.4
362891,0.5
362900,0.36
362907,0.39
362908,0.45
362953,0.36
362967,0.45
362982,0.5
363015,0.38
363027,0.42
363035,0.37
363039,0.38
363045,0.4
363048,0.42
363057,0.39
363059,0.37
363063,0.43
363080,0.31
363082,0.4
363090,0.47
363094,0.35
363106,0.33
363114,0.46
363118,0.32
363121,0.29
363128,0.38
363136,0.43
363141,0.27
363142,0.32
363147,0.37
363151,0.41
363153,0.41
363158,0.39
363171,0.48
363174,0.4
363180,0.39
363187,0.38
363191,0.47
363192,0.41
363196,0.34
363199,0.38
363209,0.37
363210,0.3
363212,0.36
363227,0.35
363231,0.41
363232,0.32
363243,0.38
363253,0.45
363285,0.52
363299,0.37
363310,0.38
363311,0.43
363316,0.31
363322,0.38
363329,0.39
363331,0.51
363334,0.4
363339,0.44
363340,0.34
363341,0.28
363343,0.42
363347,0.41
363350,0.39
363377,0.45
363379,0.5
363382,0.46
363386,0.41
363387,0.35
363388,0.37
363391,0.37
363394,0.48
363397,0.35
363405,0.52
363422,0.45
363427,0.4
363455,0.42
363467,0.33
363493,0.39
363508,0.47
363514,0.52
363525,0.43
363530,0.44
363531,0.32
363538,0.44
363539,0.41
363542,0.37
363543,0.28
363551,0.44
363568,0.36
363576,0.34
363580,0.33
363582,0.33
363598,0.33
363601,0.31
363611,0.48
363612,0.37
363618,0.36
363623,0.44
363624,0.38
363642,0.41
363645,0.35
363651,0.55
363657,0.38
363663,0.36
363667,0.37
363687,0.29
363704,0.46
363705,0.35
363717,0.47
363725,0.46
363728,0.4
363733,0.4
363744,0.38
363745,0.46
363756,0.34
363759,0.5
363760,0.42
363762,0.38
363768,0.31
363777,0.49
363782,0.31
363785,0.43
363797,0.47
363815,0.33
363822,0.46
363834,0.3
363842,0.5
363845,0.49
363846,0.41
363849,0.52
363850,0.35
363853,0.37
363859,0.36
363860,0.38
363877,0.52
363881,0.32
363893,0.33
363902,0.36
363903,0.5
363916,0.43
363924,0.4
363940,0.42
363944,0.43
363955,0.41
363960,0.38
363984,0.35
363990,0.39
364009,0.37
364014,0.44
364035,0.32
364043,0.31
364065,0.34
364067,0.36
364068,0.34
364072,0.33
364079,0.38
364094,0.47
364096,0.37
364105,0.41
364109,0.42
364122,0.53
364141,0.33
364146,0.4
364147,0.25
364151,0.46
364152,0.4
364156,0.33
364160,0.37
364171,0.35
364183,0.37
364199,0.33
364206,0.36
364220,0.38
364222,0.34
364224,0.46
364232,0.45
364248,0.37
364251,0.38
364274,0.48
364286,0.46
364289,0.4
364290,0.43
364291,0.45
364292,0.38
364308,0.39
364310,0.45
364311,0.44
364312,0.5
364314,0.41
364337,0.4
364339,0.48
364357,0.45
364359,0.44
364371,0.37
364374,0.43
364378,0.36
364382,0.51
364397,0.45
364401,0.48
364403,0.38
364411,0.42
364413,0.42
364414,0.4
364415,0.39
364418,0.4
364428,0.39
364430,0.32
364436,0.39
364451,0.37
364457,0.35
364461,0.36
364471,0.47
364472,0.42
364481,0.47
364482,0.34
364484,0.52
364492,0.35
364494,0.41
364507,0.42
364508,0.44
364537,0.42
364538,0.45
364539,0.4
364547,0.4
364561,0.38
364586,0.36
364603,0.44
364622,0.38
364660,0.37
364662,0.39
364669,0.38
364698,0.4
364699,0.41
364700,0.29
364702,0.43
364710,0.35
364714,0.42
364731,0.41
364738,0.33
364739,0.45
364743,0.4
364762,0.47
364767,0.38
364775,0.4
364781,0.41
364783,0.42
364796,0.36
364810,0.41
364815,0.44
364823,0.32
364826,0.45
364837,0.39
364839,0.39
364844,0.43
364851,0.4
364853,0.47
364854,0.38
364858,0.42
364872,0.41
364875,0.33
364877,0.39
364878,0.36
364884,0.37
364907,0.28
364911,0.47
364916,0.41
364920,0.33
364927,0.38
364944,0.39
364948,0.47
364950,0.38
364953,0.46
364955,0.38
364959,0.45
364966,0.34
364971,0.46
364979,0.39
364980,0.31
364982,0.39
364984,0.31
364993,0.31
365001,0.39
365030,0.39
365035,0.43
365044,0.48
365046,0.43
365050,0.44
365051,0.37
365054,0.46
365055,0.39
365064,0.37
365069,0.37
365092,0.42
365102,0.39
365109,0.29
365110,0.41
365117,0.33
365120,0.35
365128,0.45
365131,0.38
365136,0.53
365151,0.47
365153,0.48
365154,0.32
365160,0.32
365166,0.36
365171,0.23
365181,0.43
365194,0.35
365210,0.36
365221,0.32
365234,0.29
365252,0.44
365254,0.41
365264,0.34
365276,0.43
365282,0.34
365284,0.5
365290,0.32
365317,0.42
365329,0.31
365353,0.38
365356,0.4
365358,0.45
365374,0.39
365392,0.44
365396,0.39
365408,0.29
365412,0.39
365429,0.36
365431,0.43
365435,0.42
365439,0.42
365473,0.39
365476,0.33
365486,0.41
365497,0.52
365518,0.42
365519,0.34
365520,0.4
365523,0.39
365531,0.33
365532,0.35
365534,0.32
365544,0.45
365552,0.33
365564,0.46
365569,0.47
365570,0.51
365575,0.46
365576,0.36
365585,0.37
365595,0.37
365612,0.42
365613,0.35
365624,0.34
365631,0.31
365634,0.36
365643,0.39
365644,0.42
365663,0.44
365666,0.44
365672,0.39
365676,0.34
365680,0.37
365696,0.41
365699,0.41
365706,0.29
365707,0.42
365711,0.52
365716,0.44
365717,0.35
365718,0.43
365757,0.39
365770,0.49
365776,0.42
365781,0.45
365784,0.39
365787,0.4
365805,0.42
365820,0.39
365831,0.33
365836,0.48
365837,0.47
365859,0.56
365861,0.45
365863,0.45
365872,0.49
365877,0.33
365882,0.42
365893,0.4
365894,0.4
365900,0.45
365910,0.44
365913,0.37
365916,0.37
365923,0.45
365946,0.45
365948,0.5
365951,0.46
365965,0.46
365966,0.38
365975,0.39
365979,0.38
365989,0.31
365991,0.43
365992,0.41
366001,0.39
366010,0.44
366013,0.39
366028,0.36
366036,0.4
366038,0.32
366044,0.44
366048,0.39
366060,0.37
366067,0.32
366071,0.41
366078,0.37
366081,0.3
366082,0.31
366093,0.45
366099,0.33
366103,0.4
366105,0.4
366111,0.41
366112,0.4
366125,0.36
366144,0.44
366147,0.36
366149,0.39
366166,0.43
366168,0.46
366173,0.41
366178,0.43
366180,0.43
366209,0.3
366213,0.48
366214,0.37
366215,0.46
366220,0.33
366226,0.42
366230,0.41
366236,0.44
366245,0.48
366282,0.37
366286,0.46
366295,0.34
366296,0.41
366297,0.34
366300,0.42
366303,0.36
366307,0.37
366314,0.4
366320,0.38
366321,0.28
366327,0.37
366330,0.43
366332,0.41
366334,0.45
366341,0.36
366363,0.33
366367,0.5
366369,0.46
366382,0.35
366394,0.45
366396,0.49
366398,0.33
366406,0.38
366414,0.37
366417,0.35
366419,0.43
366422,0.29
366436,0.34
366442,0.37
366451,0.4
366455,0.45
366458,0.37
366460,0.36
366466,0.44
366473,0.43
366502,0.38
366505,0.41
366526,0.41
366530,0.37
366532,0.39
366539,0.35
366541,0.43
366542,0.37
366553,0.39
366571,0.32
366582,0.36
366583,0.4
366589,0.43
366595,0.45
366606,0.36
366611,0.48
366613,0.39
366615,0.36
366616,0.35
366624,0.45
366632,0.44
366649,0.36
366650,0.47
366657,0.4
366664,0.42
366666,0.32
366674,0.5
366676,0.38
366677,0.37
366688,0.48
366689,0.33
366693,0.34
366696,0.46
366698,0.39
366700,0.41
366703,0.34
366709,0.38
366711,0.36
366725,0.38
366741,0.46
366742,0.28
366747,0.34
366750,0.51
366754,0.48
366762,0.33
366774,0.44
366781,0.41
366784,0.32
366789,0.28
366790,0.31
366797,0.37
366806,0.4
366820,0.39
366845,0.37
366858,0.44
366860,0.52
366874,0.42
366876,0.41
366879,0.34
366884,0.4
366886,0.42
366905,0.43
366908,0.39
366909,0.4
366917,0.35
366921,0.39
366927,0.32
366936,0.44
366952,0.39
366962,0.43
366964,0.53
366965,0.35
366981,0.43
366988,0.35
366992,0.33
366998,0.43
366999,0.35
367017,0.41
367023,0.43
367024,0.36
367025,0.36
367037,0.4
367040,0.36
367043,0.41
367052,0.37
367056,0.3
367064,0.33
367075,0.46
367089,0.31
367098,0.37
367119,0.46
367124,0.41
367134,0.38
367136,0.4
367138,0.4
367153,0.39
367158,0.51
367169,0.44
367179,0.4
367180,0.37
367212,0.4
367216,0.36
367217,0.43
367220,0.32
367224,0.39
367241,0.3
367245,0.4
367256,0.4
367266,0.3
367283,0.44
367290,0.47
367295,0.42
367310,0.36
367315,0.32
367322,0.34
367332,0.36
367338,0.34
367347,0.37
367381,0.38
367383,0.37
367386,0.47
367392,0.39
367399,0.44
367411,0.42
367414,0.42
367436,0.38
367439,0.41
367440,0.42
367465,0.37
367466,0.44
367478,0.33
367479,0.46
367481,0.4
367505,0.44
367515,0.37
367516,0.44
367526,0.36
367527,0.36
367533,0.31
367535,0.37
367545,0.36
367546,0.39
367547,0.44
367555,0.4
367557,0.38
367558,0.52
367573,0.45
367580,0.4
367581,0.33
367582,0.37
367588,0.41
367601,0.37
367617,0.48
367624,0.33
367626,0.4
367632,0.5
367651,0.3
367663,0.45
367674,0.38
367677,0.46
367678,0.42
367691,0.43
367698,0.34
367710,0.37
367712,0.37
367727,0.42
367739,0.31
367740,0.44
367746,0.38
367759,0.43
367770,0.51
367780,0.37
367783,0.44
367787,0.35
367791,0.44
367797,0.47
367799,0.39
367811,0.4
367817,0.41
367827,0.33
367829,0.46
367830,0.4
367837,0.38
367843,0.4
367847,0.46
367849,0.36
367854,0.4
367855,0.41
367862,0.34
367863,0.36
367868,0.34
367873,0.38
367879,0.49
367889,0.39
367890,0.43
367892,0.37
367893,0.39
367895,0.39
367896,0.33
367898,0.4
367903,0.31
367906,0.37
367919,0.32
367927,0.34
367931,0.54
367935,0.37
367945,0.55
367947,0.39
367952,0.34
367958,0.5
367971,0.35
367975,0.45
367983,0.48
367994,0.43
367998,0.46
367999,0.31
368005,0.38
368029,0.46
368034,0.43
368036,0.36
368041,0.36
368064,0.4
368066,0.35
368079,0.37
368082,0.43
368090,0.38
368092,0.32
368097,0.33
368107,0.43
368127,0.42
368129,0.52
368134,0.42
368150,0.38
368166,0.37
368172,0.34
368179,0.4
368185,0.48
368193,0.33
368207,0.36
368251,0.44
368253,0.38
368256,0.46
368257,0.4
368263,0.47
368271,0.37
368273,0.35
368279,0.36
368281,0.46
368282,0.49
368288,0.37
368303,0.41
368315,0.42
368323,0.31
368324,0.32
368326,0.41
368334,0.35
368337,0.44
368351,0.35
368353,0.53
368358,0.42
368389,0.46
368392,0.39
368393,0.45
368415,0.51
368424,0.45
368436,0.39
368448,0.41
368456,0.46
368457,0.53
368465,0.4
368484,0.47
368485,0.45
368487,0.38
368489,0.43
368493,0.41
368509,0.44
368513,0.41
368523,0.37
368530,0.49
368539,0.38
368543,0.43
368544,0.35
368557,0.41
368561,0.37
368577,0.34
368579,0.33
368580,0.38
368583,0.36
368589,0.34
368594,0.36
368598,0.32
368621,0.38
368622,0.46
368627,0.35
368628,0.43
368633,0.39
368638,0.4
368645,0.36
368646,0.47
368652,0.34
368659,0.4
368672,0.39
368679,0.41
368683,0.51
368697,0.38
368702,0.45
368707,0.37
368715,0.39
368740,0.46
368754,0.38
368765,0.37
368770,0.42
368777,0.33
368780,0.34
368782,0.4
368784,0.38
368790,0.44
368792,0.34
368793,0.39
368811,0.41
368816,0.51
368819,0.38
368843,0.42
368853,0.37
368857,0.35
368858,0.57
368887,0.37
368898,0.37
368909,0.42
368919,0.38
368930,0.38
368944,0.42
368949,0.4
368953,0.38
368956,0.4
368959,0.43
368968,0.48
368971,0.38
368974,0.47
368975,0.39
368983,0.39
368991,0.52
368994,0.34
369001,0.44
369004,0.41
369016,0.39
369030,0.43
369047,0.38
369055,0.39
369067,0.41
369068,0.36
369096,0.42
369103,0.52
369105,0.35
369107,0.48
369109,0.43
369130,0.35
369133,0.43
369144,0.39
369150,0.44
369152,0.4
369156,0.29
369180,0.3
369183,0.39
369184,0.45
369186,0.39
369187,0.44
369200,0.38
369201,0.35
369220,0.48
369223,0.33
369233,0.31
369240,0.44
369254,0.46
369264,0.46
369266,0.4
369272,0.47
369283,0.51
369295,0.44
369300,0.42
369302,0.3
369305,0.41
369322,0.39
369334,0.3
369350,0.34
369355,0.32
369361,0.33
369367,0.47
369371,0.52
369373,0.47
369375,0.44
369385,0.34
369394,0.33
369398,0.44
369408,0.55
369413,0.35
369419,0.37
369424,0.39
369439,0.45
369466,0.33
369482,0.36
369494,0.45
369504,0.38
369512,0.47
369528,0.37
369531,0.46
369540,0.36
369547,0.48
369565,0.3
369569,0.46
369581,0.57
369583,0.38
369593,0.41
369601,0.31
369608,0.43
369612,0.38
369615,0.4
369621,0.53
369636,0.38
369648,0.48
369649,0.4
369651,0.44
369659,0.42
369666,0.38
369684,0.47
369686,0.48
369698,0.47
369701,0.4
369712,0.37
369717,0.4
369722,0.41
369732,0.46
369740,0.55
369751,0.35
369755,0.33
369757,0.35
369761,0.34
369767,0.33
369782,0.39
369788,0.47
369790,0.46
369791,0.38
369792,0.32
369803,0.42
369812,0.43
369813,0.54
369827,0.46
369835,0.4
369838,0.29
369839,0.33
369843,0.46
369846,0.43
369860,0.44
369870,0.45
369871,0.39
369872,0.41
369884,0.43
369893,0.38
369901,0.37
369904,0.32
369908,0.33
369910,0.43
369911,0.41
369919,0.36
369920,0.4
369921,0.39
369931,0.51
369935,0.35
369936,0.46
369948,0.36
369953,0.33
369955,0.34
369961,0.39
369964,0.35
369967,0.35
369971,0.46
369983,0.36
369993,0.32
369995,0.47
370012,0.38
370022,0.34
370023,0.29
370027,0.37
370030,0.47
370033,0.43
370037,0.39
370051,0.3
370055,0.33
370077,0.43
370088,0.41
370091,0.43
370114,0.4
370117,0.27
370120,0.43
370122,0.42
370128,0.38
370135,0.3
370144,0.35
370146,0.45
370148,0.39
370150,0.4
370155,0.43
370164,0.45
370179,0.41
370188,0.46
370190,0.37
370199,0.35
370203,0.44
370213,0.41
370216,0.37
370219,0.32
370220,0.37
370224,0.38
370230,0.42
370254,0.43
370255,0.29
370265,0.42
370273,0.28
370288,0.4
370295,0.41
370297,0.47
370319,0.43
370323,0.42
370329,0.38
370330,0.36
370333,0.38
370346,0.29
370354,0.48
370355,0.34
370358,0.47
370362,0.35
370373,0.41
370376,0.44
370379,0.37
370380,0.37
370386,0.42
370392,0.49
370411,0.38
370416,0.27
370432,0.37
370439,0.43
370440,0.33
370445,0.34
370446,0.3
370455,0.36
370473,0.39
370474,0.4
370475,0.31
370482,0.51
370489,0.33
370512,0.4
370518,0.38
370522,0.48
370533,0.4
370538,0.43
370551,0.28
370552,0.48
370556,0.44
370566,0.36
370568,0.41
370573,0.31
370575,0.33
370578,0.43
370582,0.38
370596,0.33
370597,0.35
370599,0.36
370602,0.4
370609,0.36
370632,0.35
370634,0.38
370646,0.49
370666,0.41
370670,0.29
370672,0.35
370675,0.32
370676,0.51
370682,0.42
370685,0.34
370697,0.33
370699,0.44
370701,0.46
370711,0.4
370719,0.47
370728,0.42
370731,0.35
370735,0.34
370749,0.37
370753,0.32
370757,0.46
370763,0.32
370770,0.39
370779,0.47
370794,0.39
370805,0.39
370806,0.41
370808,0.41
370814,0.48
370827,0.35
370833,0.38
370844,0.35
370845,0.46
370850,0.41
370853,0.39
370856,0.38
370858,0.4
370862,0.37
370866,0.45
370874,0.38
370876,0.34
370878,0.39
370881,0.42
370882,0.39
370884,0.35
370887,0.33
370904,0.46
370905,0.35
370913,0.42
370915,0.31
370921,0.44
370922,0.34
370932,0.49
370939,0.4
370953,0.38
370964,0.45
370968,0.44
370969,0.3
370972,0.48
370978,0.46
371000,0.43
371001,0.49
371013,0.47
371053,0.38
371059,0.44
371060,0.41
371065,0.6
371069,0.45
371073,0.4
371084,0.45
371085,0.39
371088,0.45
371099,0.48
371115,0.32
371118,0.48
371127,0.44
371132,0.43
371136,0.38
371139,0.51
371152,0.41
371161,0.51
371162,0.33
371174,0.42
371176,0.31
371182,0.29
371185,0.36
371193,0.45
371197,0.41
371198,0.37
371202,0.43
371207,0.47
371211,0.47
371242,0.45
371243,0.36
371244,0.34
371255,0.44
371258,0.4
371259,0.37
371265,0.37
371274,0.34
371275,0.38
371288,0.42
371291,0.37
371295,0.37
371314,0.38
371322,0.33
371323,0.37
371328,0.44
371332,0.49
371333,0.46
371335,0.42
371342,0.38
371350,0.41
371357,0.38
371365,0.36
371383,0.33
371384,0.47
371385,0.46
371393,0.51
371394,0.37
371397,0.43
371417,0.43
371431,0.4
371433,0.34
371437,0.45
371439,0.44
371445,0.34
371452,0.28
371457,0.43
371469,0.28
371470,0.33
371477,0.36
371500,0.28
371504,0.38
371508,0.42
371514,0.34
371518,0.42
371520,0.41
371521,0.31
371522,0.41
371525,0.37
371530,0.35
371532,0.38
371548,0.35
371561,0.38
371566,0.39
371568,0.34
371571,0.38
371573,0.43
371577,0.4
371587,0.46
371592,0.39
371593,0.38
371595,0.56
371603,0.41
371614,0.27
371616,0.49
371619,0.29
371627,0.47
371641,0.4
371657,0.36
371664,0.31
371693,0.41
371698,0.41
371700,0.29
371707,0.44
371710,0.35
371715,0.46
371722,0.39
371731,0.36
371741,0.48
371744,0.47
371753,0.35
371755,0.37
371760,0.47
371773,0.44
371797,0.39
371807,0.3
371809,0.39
371811,0.36
371815,0.32
371822,0.46
371824,0.43
371828,0.42
371835,0.33
371837,0.34
371840,0.26
371849,0.34
371857,0.36
371860,0.42
371862,0.34
371875,0.37
371896,0.39
371898,0.4
371901,0.37
371903,0.41
371908,0.34
371910,0.36
371944,0.43
371947,0.37
371955,0.43
371963,0.42
371972,0.39
371973,0.38
371978,0.42
371980,0.38
371988,0.38
372020,0.42
372043,0.38
372060,0.42
372070,0.41
372082,0.38
372085,0.42
372090,0.41
372091,0.38
372112,0.37
372115,0.44
372132,0.33
372134,0.47
372136,0.39
372142,0.42
372145,0.33
372146,0.37
372159,0.37
372172,0.46
372179,0.56
372183,0.34
372184,0.38
372192,0.37
372234,0.36
372239,0.39
372244,0.36
372268,0.33
372287,0.5
372289,0.39
372292,0.34
372301,0.41
372315,0.45
372316,0.48
372328,0.51
372337,0.43
372347,0.5
372350,0.4
372381,0.39
372382,0.35
372384,0.42
372393,0.45
372398,0.42
372399,0.47
372400,0.41
372402,0.31
372410,0.38
372415,0.41
372425,0.37
372428,0.4
372430,0.4
372431,0.38
372449,0.33
372452,0.37
372453,0.33
372460,0.36
372463,0.46
372471,0.37
372484,0.4
372486,0.43
372489,0.42
372506,0.42
372513,0.4
372527,0.44
372568,0.42
372596,0.38
372606,0.36
372617,0.35
372618,0.36
372622,0.45
372624,0.41
372633,0.38
372637,0.53
372643,0.47
372644,0.26
372656,0.45
372662,0.41
372664,0.38
372666,0.4
372672,0.34
372674,0.34
372693,0.51
372704,0.3
372719,0.45
372727,0.36
372740,0.33
372745,0.37
372753,0.41
372762,0.41
372764,0.37
372771,0.29
372772,0.37
372789,0.44
372793,0.31
372799,0.42
372806,0.43
372809,0.39
372829,0.48
372848,0.44
372850,0.4
372853,0.47
372854,0.45
372858,0.36
372861,0.45
372863,0.33
372876,0.42
372878,0.39
372893,0.44
372894,0.31
372911,0.36
372912,0.49
372924,0.37
372942,0.49
372946,0.51
372955,0.4
372956,0.3
372957,0.5
372984,0.38
372993,0.43
372995,0.43
372997,0.38
373014,0.27
373018,0.33
373022,0.46
373023,0.4
373029,0.42
373063,0.42
373071,0.46
373075,0.4
373088,0.35
373089,0.44
373098,0.37
373101,0.43
373112,0.38
373114,0.34
373118,0.39
373120,0.37
373121,0.35
373122,0.34
373138,0.49
373145,0.37
373153,0.32
373154,0.46
373155,0.26
373159,0.44
373167,0.43
373190,0.33
373195,0.32
373202,0.37
373205,0.42
373209,0.4
373215,0.48
373222,0.45
373239,0.37
373240,0.38
373247,0.45
373251,0.35
373260,0.43
373284,0.36
373286,0.37
373292,0.3
373297,0.42
373299,0.38
373305,0.38
373307,0.34
373323,0.38
373327,0.44
373328,0.51
373363,0.45
373390,0.34
373396,0.35
373407,0.35
373413,0.41
373437,0.46
373445,0.35
373448,0.29
373458,0.38
373464,0.4
373472,0.42
373474,0.37
373475,0.31
373480,0.36
373484,0.46
373491,0.39
373493,0.45
373504,0.31
373537,0.36
373542,0.37
373545,0.4
373554,0.48
373559,0.44
373560,0.43
373562,0.44
373565,0.36
373573,0.43
373577,0.43
373591,0.35
373592,0.39
373596,0.31
373598,0.47
373600,0.3
373605,0.3
373607,0.37
373616,0.37
373618,0.32
373624,0.41
373630,0.45
373631,0.42
373634,0.42
373646,0.32
373651,0.39
373669,0.38
373682,0.45
373716,0.41
373751,0.41
373756,0.49
373757,0.36
373767,0.38
373778,0.46
373780,0.49
373781,0.36
373796,0.48
373801,0.34
373805,0.46
373811,0.42
373815,0.42
373820,0.41
373833,0.37
373839,0.32
373841,0.38
373871,0.36
373875,0.41
373893,0.41
373894,0.45
373898,0.33
373899,0.44
373908,0.45
373909,0.32
373911,0.38
373918,0.42
373927,0.4
373938,0.38
373943,0.42
373946,0.53
373948,0.39
373953,0.39
373956,0.25
373984,0.44
373985,0.31
373986,0.46
374002,0.39
374014,0.47
374015,0.39
374024,0.38
374029,0.41
374034,0.37
374039,0.29
374042,0.41
374048,0.4
374051,0.43
374054,0.38
374055,0.35
374061,0.41
374075,0.48
374087,0.37
374101,0.51
374103,0.3
374114,0.45
374116,0.29
374119,0.31
374121,0.42
374133,0.38
374134,0.37
374140,0.47
374141,0.45
374145,0.46
374155,0.37
374163,0.39
374169,0.37
374173,0.25
374188,0.35
374199,0.32
374200,0.36
374207,0.3
374225,0.49
374226,0.4
374227,0.41
374249,0.42
374254,0.38
374284,0.46
374293,0.42
374296,0.36
374297,0.37
374298,0.48
374307,0.44
374320,0.4
374322,0.52
374324,0.39
374328,0.38
374334,0.35
374341,0.42
374343,0.54
374346,0.36
374359,0.37
374374,0.4
374381,0.37
374400,0.44
374405,0.35
374409,0.37
374420,0.46
374442,0.35
374443,0.37
374445,0.43
374447,0.43
374452,0.26
374458,0.34
374485,0.46
374487,0.31
374496,0.36
374503,0.4
374518,0.52
374519,0.38
374532,0.38
374534,0.39
374536,0.37
374546,0.41
374559,0.34
374568,0.41
374573,0.52
374582,0.27
374585,0.37
374598,0.43
374606,0.27
374612,0.46
374617,0.24
374619,0.44
374626,0.41
374646,0.37
374653,0.39
374656,0.35
374664,0.31
374666,0.32
374677,0.34
374679,0.32
374682,0.34
374700,0.43
374703,0.36
374705,0.38
374720,0.4
374724,0.43
374731,0.3
374732,0.37
374734,0.41
374759,0.35
374770,0.43
374774,0.45
374777,0.46
374788,0.38
374796,0.45
374799,0.39
374813,0.44
374819,0.41
374826,0.4
374827,0.45
374832,0.48
374837,0.38
374844,0.37
374848,0.38
374853,0.38
374854,0.32
374856,0.41
374864,0.56
374868,0.4
374888,0.44
374891,0.3
374892,0.25
374896,0.42
374909,0.45
374911,0.44
374912,0.36
374913,0.44
374916,0.38
374917,0.41
374923,0.48
374933,0.44
374935,0.33
374940,0.42
374941,0.43
374943,0.23
374951,0.36
374967,0.37
374970,0.38
374990,0.43
374993,0.42
374994,0.49
375015,0.37
375017,0.36
375018,0.32
375021,0.36
375023,0.23
375030,0.44
375038,0.5
375040,0.37
375041,0.3
375052,0.31
375061,0.44
375064,0.38
375076,0.37
375086,0.45
375109,0.45
375118,0.33
375133,0.53
375140,0.41
375156,0.46
375168,0.4
375170,0.31
375182,0.44
375187,0.33
375188,0.39
375197,0.48
375201,0.41
375204,0.36
375216,0.37
375225,0.41
375231,0.39
375234,0.38
375241,0.33
375242,0.37
375244,0.33
375246,0.35
375257,0.42
375290,0.37
375292,0.32
375293,0.44
375295,0.49
375296,0.38
375300,0.4
375322,0.44
375332,0.43
375338,0.33
375342,0.38
375365,0.45
375367,0.39
375384,0.41
375418,0.47
375464,0.51
375477,0.41
375485,0.49
375496,0.31
375534,0.37
375544,0.36
375556,0.42
375588,0.35
375589,0.44
375594,0.32
375629,0.39
375649,0.39
375654,0.47
375696,0.47
375758,0.4
375795,0.54
375843,0.39
375844,0.44
375853,0.4
375878,0.31
375879,0.4
375883,0.41
375887,0.43
375929,0.47
375934,0.41
375936,0.36
375937,0.44
375948,0.35
375951,0.25
375953,0.36
375964,0.45
375969,0.36
375970,0.41
375973,0.42
375976,0.35
375997,0.41
376000,0.4
376011,0.39
376019,0.26
376035,0.42
376036,0.34
376041,0.43
376042,0.51
376045,0.27
376047,0.43
376060,0.37
376061,0.4
376067,0.35
376068,0.42
376070,0.27
376074,0.4
376075,0.29
376076,0.45
376078,0.45
376080,0.37
376081,0.51
376082,0.39
376083,0.4
376084,0.43
376086,0.35
376087,0.36
376088,0.27
376089,0.44
376090,0.48
376091,0.38
376092,0.34
376093,0.38
376094,0.47
376095,0.4
376096,0.47
376097,0.4
376098,0.43
376206,0.4
376209,0.39
376225,0.41
376239,0.41
376247,0.43
376248,0.4
376252,0.33
376257,0.34
376273,0.31
376274,0.49
376275,0.3
376279,0.4
376283,0.42
376284,0.33
376288,0.37
376289,0.44
376292,0.42
376298,0.36
376301,0.35
376311,0.33
376312,0.41
376313,0.36
376316,0.37
376317,0.36
376319,0.37
376320,0.5
376321,0.34
376322,0.3
376325,0.41
376326,0.38
376328,0.37
376329,0.49
376330,0.39
376332,0.35
376334,0.35
376335,0.32
376336,0.38
376337,0.4
376338,0.45
376339,0.45
376340,0.38
376341,0.4
376343,0.56
376344,0.35
376345,0.4
376346,0.45
376347,0.5
376348,0.29
376349,0.39
376350,0.35
376351,0.45
376352,0.41
376353,0.45
376354,0.42
376355,0.42
376356,0.45
376357,0.4
376360,0.39
376445,0.43
376447,0.42
376449,0.48
376470,0.54
376483,0.48
376484,0.36
376486,0.32
376487,0.3
376488,0.35
376491,0.36
376492,0.43
376494,0.44
376495,0.37
376496,0.31
376497,0.44
376498,0.35
376502,0.31
376503,0.45
376504,0.39
376506,0.37
376509,0.41
376515,0.39
376517,0.34
376518,0.35
376519,0.36
376520,0.3
376521,0.41
376522,0.36
376523,0.34
376524,0.41
376527,0.41
376530,0.5
376531,0.43
376532,0.43
376533,0.5
376534,0.37
376535,0.55
376537,0.35
376538,0.45
376539,0.52
376546,0.4
376594,0.4
376595,0.45
376614,0.35
376616,0.35
376617,0.34
376618,0.41
376619,0.48
376620,0.35
376627,0.38
376630,0.35
376631,0.45
376632,0.38
376633,0.44
376635,0.4
376636,0.32
376637,0.44
376639,0.41
376640,0.43
376642,0.31
376643,0.43
376644,0.32
376645,0.47
376646,0.47
376648,0.4
376650,0.41
376651,0.45
376652,0.43
376732,0.41
376733,0.32
376734,0.45
376756,0.39
376804,0.37
376856,0.46
376869,0.33
376893,0.44
377045,0.38
377088,0.37
377137,0.42
377138,0.4
377159,0.39
377176,0.49
377201,0.39
377226,0.4
377335,0.35
377358,0.42
377362,0.37
377363,0.39
377389,0.38
377426,0.4
377427,0.3
377429,0.47
377441,0.23
377449,0.42
377450,0.37
377458,0.33
377472,0.48
377541,0.5
377567,0.34
377573,0.41
377605,0.36
377611,0.39
377622,0.41
377631,0.41
377657,0.37
377681,0.32
377711,0.39
377717,0.43
377720,0.34
377721,0.45
377723,0.38
377727,0.33
377729,0.43
377733,0.45
377735,0.47
377736,0.35
377737,0.4
377738,0.39
377750,0.54
377751,0.44
377753,0.35
377754,0.46
377755,0.4
377756,0.33
377757,0.4
377758,0.42
377759,0.39
377760,0.44
377761,0.41
377762,0.43
377763,0.41
377764,0.36
377765,0.46
377766,0.43
377767,0.46
377768,0.4
377771,0.39
377772,0.39
377773,0.46
377774,0.39
377775,0.47
377776,0.37
377778,0.39
377779,0.39
377780,0.36
377781,0.3
377782,0.46
377783,0.36
377784,0.39
377785,0.32
377786,0.45
377862,0.32
377871,0.49
377930,0.28
377970,0.42
377987,0.35
377988,0.37
377990,0.39
377992,0.46
377995,0.41
378005,0.35
378006,0.39
378011,0.44
378018,0.38
378019,0.36
378023,0.39
378025,0.38
378026,0.39
378027,0.36
378031,0.38
378033,0.43
378034,0.49
378035,0.34
378040,0.47
378041,0.44
378042,0.39
378043,0.42
378044,0.34
378045,0.47
378046,0.48
378047,0.44
378048,0.52
378049,0.43
378051,0.38
378052,0.42
378053,0.34
378054,0.41
378055,0.36
378056,0.41
378057,0.38
378059,0.38
378060,0.41
378061,0.48
378062,0.46
378063,0.41
378065,0.3
378066,0.37
378067,0.41
378068,0.36
378069,0.29
378070,0.35
378096,0.43
378098,0.36
378104,0.4
378105,0.31
378106,0.44
378107,0.37
378108,0.41
378109,0.42
378110,0.34
378111,0.44
378112,0.35
378113,0.45
378114,0.47
378115,0.45
378116,0.36
378117,0.38
378119,0.34
378120,0.42
378121,0.4
378122,0.41
378123,0.47
378124,0.37
378136,0.36
378181,0.39
378184,0.33
378190,0.4
378263,0.34
378300,0.38
378304,0.48
378305,0.44
378311,0.37
378313,0.41
378314,0.34
378317,0.34
378320,0.44
378322,0.4
378325,0.31
378327,0.35
378328,0.43
378329,0.29
378330,0.42
378331,0.37
378334,0.39
378335,0.44
378336,0.33
378339,0.28
378340,0.42
378341,0.43
378342,0.54
378343,0.33
378344,0.48
378345,0.42
378346,0.34
378347,0.49
378348,0.53
378349,0.5
378350,0.39
378351,0.42
378352,0.47
378353,0.53
378354,0.33
378355,0.39
378356,0.44
378427,0.36
378434,0.49
378564,0.41
378671,0.41
378689,0.37
378710,0.38
378755,0.36
378887,0.35
378907,0.46
378924,0.35
378944,0.4
378945,0.48
378991,0.41
379009,0.34
379025,0.39
379046,0.38
379047,0.5
379048,0.41
379052,0.44
379065,0.37
379066,0.41
379076,0.5
379080,0.46
379085,0.45
379086,0.33
379087,0.38
379089,0.32
379094,0.42
379095,0.45
379101,0.37
379102,0.45
379103,0.43
379105,0.32
379108,0.37
379111,0.38
379112,0.44
379113,0.52
379114,0.32
379115,0.38
379116,0.41
379117,0.33
379118,0.35
379119,0.43
379120,0.39
379121,0.41
379123,0.32
379124,0.4
379126,0.48
379127,0.37
379128,0.39
379129,0.51
379131,0.39
379132,0.44
379133,0.39
379134,0.43
379178,0.32
379266,0.34
379268,0.31
379291,0.37
379296,0.44
379301,0.38
379313,0.5
379318,0.5
379319,0.46
379329,0.55
379336,0.43
379348,0.49
379356,0.4
379357,0.37
379363,0.37
379385,0.46
379408,0.41
379432,0.4
379437,0.39
379440,0.38
379456,0.38
379457,0.41
379463,0.42
379464,0.38
379467,0.48
379469,0.33
379470,0.33
379472,0.43
379473,0.37
379474,0.37
379475,0.4
379476,0.46
379481,0.48
379482,0.39
379483,0.37
379484,0.48
379485,0.46
379486,0.5
379487,0.37
379488,0.36
379490,0.38
379491,0.38
379492,0.36
379494,0.38
379495,0.41
379496,0.35
379497,0.37
379500,0.45
379501,0.35
379502,0.33
379503,0.31
379504,0.41
379505,0.41
379506,0.37
379507,0.36
379508,0.37
379509,0.37
379510,0.28
379512,0.47
379513,0.4
379514,0.48
379515,0.47
379516,0.39
379517,0.34
379518,0.38
379520,0.34
379627,0.39
379673,0.37
379674,0.25
379720,0.4
379726,0.35
379730,0.33
379746,0.39
379775,0.37
379776,0.31
379778,0.43
379841,0.42
379921,0.46
379951,0.41
380002,0.4
380003,0.44
380005,0.39
380006,0.4
380010,0.43
380012,0.45
380014,0.42
380015,0.41
380017,0.39
380018,0.44
380019,0.37
380020,0.32
380022,0.39
380023,0.45
380025,0.32
380026,0.44
380028,0.42
380030,0.51
380031,0.48
380032,0.42
380033,0.4
380034,0.35
380035,0.46
380037,0.41
380038,0.41
380039,0.49
380040,0.46
380064,0.38
380065,0.4
380121,0.41
380122,0.46
380130,0.4
380219,0.48
380228,0.37
380229,0.45
380366,0.27
380408,0.41
380414,0.36
380487,0.42
380488,0.38
380489,0.33
380494,0.35
380543,0.33
380553,0.4
380600,0.44
380625,0.38
380635,0.38
380643,0.3
380762,0.37
380773,0.42
380781,0.42
380785,0.29
380787,0.37
380788,0.39
380789,0.46
380797,0.41
380800,0.38
380802,0.5
380805,0.43
380806,0.43
380807,0.48
380811,0.39
380812,0.38
380815,0.34
380816,0.36
380817,0.39
380819,0.4
380823,0.38
380824,0.6
380825,0.49
380826,0.34
380827,0.35
380828,0.33
380830,0.41
380831,0.41
380832,0.38
380833,0.37
380834,0.34
380836,0.39
380837,0.38
380838,0.37
380839,0.44
380840,0.46
380841,0.44
380879,0.38
380901,0.36
380928,0.43
380956,0.54
380979,0.44
381037,0.36
381047,0.46
381074,0.31
381104,0.46
381121,0.46
381130,0.44
381133,0.35
381139,0.4
381141,0.42
381142,0.24
381145,0.39
381152,0.43
381153,0.34
381154,0.52
381156,0.41
381160,0.26
381164,0.45
381168,0.33
381171,0.37
381173,0.35
381174,0.41
381176,0.34
381178,0.49
381179,0.32
381182,0.43
381185,0.37
381187,0.42
381189,0.38
381190,0.42
381191,0.29
381192,0.43
381193,0.38
381194,0.44
381195,0.46
381198,0.29
381199,0.4
381200,0.41
381201,0.42
381202,0.42
381203,0.42
381204,0.38
381205,0.32
381259,0.38
381288,0.31
381289,0.35
381335,0.44
381344,0.27
381367,0.33
381376,0.36
381381,0.38
381397,0.4
381406,0.32
381412,0.48
381421,0.38
381424,0.42
381427,0.34
381428,0.48
381429,0.4
381430,0.44
381434,0.46
381435,0.39
381436,0.46
381437,0.33
381438,0.4
381439,0.42
381444,0.43
381446,0.38
381447,0.32
381449,0.42
381450,0.4
381453,0.42
381454,0.31
381455,0.42
381456,0.35
381457,0.41
381458,0.3
381459,0.23
381460,0.41
381461,0.38
381462,0.36
381463,0.49
381464,0.53
381465,0.44
381466,0.53
381467,0.42
381468,0.35
381469,0.48
381470,0.45
381471,0.42
381472,0.39
381473,0.3
381475,0.4
381476,0.38
381477,0.33
381478,0.38
381479,0.44
381480,0.42
381481,0.46
381482,0.39
381483,0.41
381495,0.43
381545,0.53
381580,0.34
381657,0.4
381674,0.39
381691,0.36
381697,0.38
381704,0.43
381711,0.46
381721,0.48
381728,0.43
381729,0.47
381734,0.44
381735,0.37
381736,0.45
381740,0.5
381742,0.45
381743,0.43
381744,0.45
381747,0.3
381748,0.38
381749,0.39
381750,0.45
381751,0.37
381752,0.44
381753,0.28
381754,0.36
381755,0.44
381756,0.44
381757,0.41
381758,0.38
381759,0.38
381760,0.38
381761,0.33
381762,0.32
381763,0.39
381764,0.51
381765,0.43
381766,0.4
381767,0.34
381768,0.42
381769,0.37
381770,0.28
381772,0.42
381774,0.35
381777,0.42
381861,0.39
381974,0.39
381991,0.3
382024,0.46
382051,0.41
382066,0.28
382067,0.42
382068,0.39
382107,0.35
382108,0.42
382111,0.4
382113,0.26
382114,0.41
382120,0.29
382121,0.41
382122,0.26
382124,0.47
382126,0.35
382131,0.42
382132,0.5
382135,0.52
382136,0.32
382137,0.36
382138,0.39
382140,0.37
382141,0.44
382142,0.41
382143,0.36
382144,0.44
382145,0.42
382146,0.4
382147,0.34
382149,0.44
382150,0.36
382152,0.31
382153,0.51
382164,0.52
382180,0.43
382239,0.39
382275,0.38
382297,0.34
382391,0.47
382392,0.44
382396,0.42
382424,0.44
382471,0.49
382493,0.41
382496,0.43
382504,0.48
382505,0.43
382513,0.34
382517,0.34
382521,0.47
382528,0.37
382530,0.32
382544,0.43
382603,0.43
382604,0.35
382642,0.37
382666,0.46
382699,0.4
382737,0.33
382792,0.36
382796,0.41
382807,0.38
382813,0.33
382817,0.5
382818,0.26
382826,0.41
382845,0.33
382846,0.29
382850,0.34
382851,0.4
382856,0.45
382858,0.35
382859,0.42
382862,0.46
382863,0.36
382865,0.31
382866,0.38
382868,0.4
382870,0.32
382871,0.4
382872,0.36
382873,0.43
382874,0.44
382875,0.3
382876,0.43
382877,0.39
382878,0.43
382879,0.4
382880,0.41
382882,0.42
382883,0.37
382884,0.47
382885,0.47
382886,0.39
382887,0.45
382989,0.37
383009,0.46
383039,0.45
383068,0.44
383072,0.3
383093,0.28
383099,0.44
383167,0.37
383168,0.36
383170,0.45
383171,0.35
383174,0.35
383175,0.41
383176,0.37
383178,0.41
383181,0.39
383182,0.37
383184,0.41
383186,0.45
383187,0.39
383189,0.43
383190,0.52
383191,0.45
383192,0.34
383194,0.45
383195,0.31
383196,0.33
383197,0.39
383198,0.37
383199,0.38
383200,0.47
383201,0.52
383202,0.43
383203,0.4
383204,0.4
383205,0.39
383206,0.37
383207,0.41
383208,0.36
383279,0.3
383335,0.35
383384,0.36
383394,0.37
383400,0.46
383401,0.37
383409,0.29
383410,0.44
383412,0.31
383414,0.4
383419,0.43
383422,0.38
383425,0.4
383426,0.37
383427,0.43
383428,0.36
383429,0.36
383430,0.48
383431,0.41
383433,0.45
383434,0.34
383435,0.43
383436,0.38
383437,0.33
383438,0.39
383439,0.33
383440,0.42
383441,0.39
383442,0.49
383443,0.35
383444,0.38
383445,0.42
383446,0.42
383447,0.4
383448,0.37
383449,0.4
383450,0.37
383451,0.47
383452,0.34
383453,0.26
383454,0.37
383533,0.27
383583,0.43
383608,0.38
383622,0.37
383673,0.36
383804,0.42
383806,0.35
383812,0.4
383814,0.42
383816,0.39
383825,0.43
383827,0.34
383833,0.51
383841,0.46
383842,0.32
383849,0.41
383859,0.38
383883,0.42
383891,0.38
383910,0.44
383925,0.45
383943,0.46
383946,0.48
383959,0.37
383960,0.34
383961,0.45
383962,0.47
383979,0.43
383985,0.46
383990,0.53
383999,0.42
384001,0.37
384003,0.41
384008,0.42
384019,0.47
384020,0.41
384065,0.45
384102,0.47
384154,0.45
384155,0.31
384171,0.52
384177,0.35
384183,0.31
384186,0.39
384198,0.36
384199,0.49
384201,0.44
384203,0.4
384204,0.44
384205,0.44
384207,0.38
384208,0.55
384209,0.4
384210,0.35
384211,0.44
384212,0.31
384215,0.41
384216,0.29
384220,0.45
384221,0.37
384226,0.54
384273,0.36
384287,0.37
384288,0.4
384332,0.35
384365,0.54
384380,0.44
384392,0.39
384412,0.34
384424,0.42
384428,0.37
384429,0.52
384430,0.43
384434,0.29
384480,0.36
384502,0.42
384503,0.37
384504,0.35
384505,0.47
384508,0.42
384519,0.42
384520,0.47
384524,0.45
384528,0.33
384532,0.39
384539,0.36
384542,0.32
384543,0.39
384544,0.41
384546,0.46
384547,0.27
384548,0.44
384549,0.44
384552,0.44
384554,0.32
384556,0.4
384557,0.34
384558,0.39
384559,0.39
384560,0.34
384561,0.51
384562,0.42
384563,0.33
384564,0.48
384565,0.41
384656,0.31
384657,0.32
384672,0.4
384679,0.43
384680,0.5
384689,0.48
384692,0.49
384695,0.46
384710,0.4
384712,0.29
384715,0.36
384735,0.29
384749,0.41
384751,0.29
384753,0.36
384757,0.37
384759,0.4
384761,0.49
384762,0.35
384765,0.4
384775,0.35
384782,0.4
384794,0.37
384798,0.38
384805,0.33
384807,0.42
384812,0.32
384821,0.37
384834,0.31
384847,0.36
384856,0.34
384857,0.37
384858,0.36
384859,0.44
384860,0.38
384861,0.49
384862,0.41
384863,0.51
384864,0.36
384865,0.37
384866,0.48
384867,0.45
384868,0.28
384869,0.43
384870,0.37
384871,0.52
384873,0.34
384874,0.5
384876,0.45
384877,0.44
384878,0.42
384880,0.37
384881,0.41
384882,0.33
384883,0.4
384884,0.38
384885,0.44
384886,0.37
384887,0.34
384969,0.47
385023,0.39
385049,0.39
385081,0.28
385091,0.53
385092,0.37
385093,0.36
385094,0.41
385106,0.46
385107,0.35
385110,0.42
385111,0.36
385113,0.38
385114,0.43
385115,0.35
385117,0.44
385119,0.45
385120,0.46
385121,0.36
385122,0.4
385123,0.37
385125,0.32
385126,0.41
385127,0.4
385128,0.33
385129,0.4
385130,0.48
385131,0.35
385132,0.43
385133,0.38
385134,0.39
385135,0.46
385136,0.45
385137,0.41
385138,0.37
385139,0.46
385140,0.44
385141,0.36
385142,0.34
385143,0.43
385144,0.52
385145,0.41
385146,0.39
385147,0.49
385149,0.26
385151,0.37
385152,0.28
385153,0.46
385197,0.38
385230,0.48
385231,0.32
385252,0.4
385299,0.42
385351,0.31
385376,0.51
385405,0.39
385452,0.52
385479,0.44
385510,0.39
385522,0.47
385524,0.44
385544,0.38
385563,0.33
385566,0.4
385571,0.39
385585,0.37
385586,0.36
385611,0.36
385621,0.4
385623,0.44
385628,0.53
385633,0.48
385634,0.38
385643,0.47
385650,0.31
385656,0.37
385666,0.4
385693,0.42
385705,0.44
385706,0.41
385835,0.38
385847,0.28
385867,0.45
385871,0.42
385872,0.37
385879,0.39
385883,0.3
385884,0.31
385885,0.31
385889,0.42
385893,0.32
385894,0.38
385898,0.34
385899,0.3
385902,0.28
385903,0.49
385904,0.39
385905,0.49
385906,0.37
385907,0.3
385908,0.25
385909,0.34
385910,0.4
385973,0.31
386003,0.44
386013,0.34
386023,0.34
386065,0.42
386072,0.4
386077,0.49
386135,0.46
386141,0.38
386178,0.38
386198,0.33
386200,0.41
386203,0.36
386223,0.29
386225,0.42
386245,0.3
386250,0.31
386253,0.48
386254,0.46
386255,0.36
386262,0.36
386263,0.39
386264,0.41
386267,0.43
386268,0.42
386276,0.36
386279,0.35
386281,0.42
386282,0.35
386283,0.44
386284,0.34
386285,0.32
386286,0.33
386287,0.38
386288,0.39
386289,0.38
386290,0.36
386292,0.42
386293,0.38
386294,0.47
386295,0.42
386296,0.44
386297,0.38
386299,0.4
386300,0.31
386301,0.39
386302,0.4
386303,0.39
386304,0.4
386305,0.5
386307,0.36
386308,0.38
386309,0.45
386310,0.39
386311,0.38
386347,0.41
386350,0.43
386352,0.37
386365,0.38
386378,0.34
386380,0.45
386399,0.44
386458,0.42
386523,0.41
386531,0.42
386545,0.38
386546,0.39
386547,0.4
386549,0.47
386550,0.37
386551,0.47
386552,0.28
386633,0.36
386647,0.41
386665,0.42
386767,0.42
386773,0.41
386774,0.35
386775,0.41
386777,0.26
386785,0.37
386791,0.36
386792,0.45
386795,0.45
386798,0.4
386803,0.29
386805,0.42
386806,0.35
386808,0.41
386811,0.32
386813,0.39
386814,0.42
386817,0.38
386819,0.38
386820,0.29
386821,0.36
386822,0.47
386824,0.37
386825,0.49
386826,0.29
386827,0.47
386828,0.36
386830,0.39
386831,0.49
386832,0.36
386833,0.43
386834,0.47
386835,0.35
386836,0.37
386837,0.41
386838,0.41
386839,0.45
386840,0.34
386841,0.35
386843,0.32
386844,0.51
386845,0.41
386847,0.38
386848,0.38
386849,0.34
386860,0.42
386938,0.32
386940,0.44
386989,0.39
387021,0.32
387193,0.47
387194,0.44
387286,0.34
387291,0.48
387292,0.37
387324,0.37
387325,0.43
387329,0.4
387331,0.36
387333,0.32
387337,0.44
387341,0.46
387342,0.36
387349,0.4
387350,0.45
387351,0.36
387352,0.39
387353,0.43
387355,0.42
387356,0.35
387357,0.34
387358,0.41
387360,0.4
387361,0.44
387362,0.29
387363,0.4
387364,0.38
387365,0.36
387366,0.31
387367,0.35
387368,0.4
387369,0.31
387370,0.42
387371,0.45
387372,0.47
387377,0.42
387378,0.47
387424,0.25
387440,0.38
387447,0.47
387489,0.41
387501,0.36
387526,0.43
387542,0.38
387543,0.41
387544,0.3
387565,0.45
387572,0.36
387577,0.51
387578,0.46
387583,0.35
387584,0.46
387588,0.51
387595,0.4
387596,0.42
387597,0.4
387598,0.37
387662,0.43
387687,0.44
387688,0.33
387689,0.3
387718,0.44
387730,0.42
387753,0.4
387807,0.4
387843,0.29
387848,0.43
387882,0.34
387884,0.37
387892,0.38
387896,0.37
387916,0.34
387920,0.37
387927,0.45
387928,0.37
387929,0.43
387932,0.52
387934,0.32
387937,0.39
387942,0.49
387947,0.36
387948,0.39
387952,0.37
387953,0.34
387954,0.47
387955,0.51
387956,0.43
387957,0.42
387958,0.39
387960,0.31
387961,0.45
387962,0.44
387963,0.45
387964,0.46
387965,0.44
387966,0.45
387967,0.39
387968,0.4
387969,0.32
387970,0.37
387971,0.38
387972,0.41
387973,0.46
388053,0.42
388056,0.42
388057,0.47
388078,0.42
388079,0.36
388127,0.36
388155,0.48
388159,0.39
388169,0.41
388170,0.31
388173,0.47
388174,0.38
388176,0.37
388179,0.41
388182,0.37
388183,0.43
388187,0.43
388189,0.43
388191,0.27
388193,0.33
388194,0.38
388195,0.55
388196,0.39
388198,0.31
388199,0.46
388201,0.4
388202,0.37
388203,0.46
388204,0.55
388206,0.39
388208,0.37
388209,0.34
388210,0.4
388211,0.26
388212,0.47
388213,0.4
388214,0.35
388215,0.34
388216,0.43
388217,0.4
388218,0.35
388219,0.42
388220,0.48
388221,0.4
388222,0.56
388223,0.41
388237,0.39
388238,0.38
388242,0.35
388243,0.38
388248,0.36
388249,0.34
388251,0.39
388253,0.37
388255,0.32
388256,0.54
388258,0.44
388259,0.42
388260,0.41
388262,0.51
388263,0.41
388264,0.4
388265,0.37
388266,0.45
388267,0.44
388269,0.46
388270,0.34
388271,0.41
388272,0.41
388273,0.35
388274,0.37
388275,0.42
388276,0.34
388397,0.46
388428,0.54
388429,0.35
388448,0.36
388449,0.35
388460,0.36
388463,0.47
388465,0.41
388505,0.47
388508,0.41
388511,0.4
388525,0.32
388554,0.44
388561,0.49
388566,0.39
388572,0.33
388574,0.39
388585,0.4
388589,0.3
388590,0.39
388594,0.35
388596,0.39
388616,0.38
388621,0.36
388622,0.39
388627,0.44
388633,0.4
388639,0.39
388647,0.4
388655,0.36
388665,0.44
388667,0.51
388668,0.4
388669,0.42
388679,0.4
388683,0.37
388687,0.38
388688,0.47
388700,0.41
388703,0.4
388704,0.48
388705,0.47
388707,0.29
388712,0.35
388729,0.37
388733,0.42
388748,0.5
388754,0.48
388763,0.48
388777,0.42
388790,0.42
388800,0.53
388801,0.54
388812,0.34
388816,0.4
388835,0.39
388837,0.49
388842,0.41
388847,0.4
388848,0.37
388849,0.43
388850,0.45
388859,0.41
388864,0.45
388865,0.42
388870,0.45
388872,0.36
388873,0.39
388879,0.35
388890,0.44
388898,0.3
388899,0.37
388900,0.44
388913,0.45
388919,0.4
388921,0.38
388929,0.35
388945,0.3
388962,0.34
388963,0.45
388985,0.41
388986,0.35
388992,0.48
388993,0.37
389002,0.37
389006,0.44
389009,0.32
389018,0.4
389048,0.36
389051,0.45
389068,0.49
389069,0.49
389070,0.41
389080,0.39
389085,0.33
389090,0.51
389094,0.31
389097,0.4
389098,0.39
389101,0.39
389104,0.45
389131,0.47
389133,0.44
389134,0.4
389143,0.36
389176,0.44
389181,0.49
389192,0.38
389202,0.5
389222,0.39
389225,0.34
389227,0.36
389239,0.45
389245,0.35
389248,0.27
389258,0.42
389266,0.54
389268,0.46
389277,0.38
389280,0.49
389300,0.38
389319,0.36
389330,0.32
389338,0.4
389356,0.43
389363,0.47
389371,0.35
389377,0.35
389398,0.38
389409,0.44
389415,0.42
389418,0.45
389420,0.47
389426,0.5
389433,0.43
389434,0.31
389440,0.47
389441,0.36
389443,0.46
389448,0.42
389464,0.46
389466,0.53
389471,0.43
389473,0.32
389480,0.4
389481,0.34
389483,0.4
389486,0.41
389490,0.44
389500,0.38
389507,0.45
389509,0.4
389515,0.54
389517,0.43
389523,0.4
389527,0.4
389529,0.49
389532,0.49
389539,0.41
389550,0.35
389551,0.36
389552,0.35
389554,0.43
389563,0.44
389566,0.45
389572,0.42
389573,0.4
389585,0.37
389587,0.49
389589,0.28
389592,0.41
389601,0.5
389603,0.4
389604,0.42
389617,0.42
389618,0.55
389619,0.37
389622,0.34
389623,0.33
389627,0.34
389644,0.45
389667,0.37
389678,0.42
389694,0.42
389700,0.42
389707,0.34
389714,0.38
389717,0.41
389732,0.36
389737,0.39
389741,0.46
389755,0.36
389756,0.42
389763,0.39
389772,0.44
389777,0.35
389778,0.44
389796,0.4
389798,0.37
389805,0.49
389807,0.49
389815,0.39
389818,0.42
389823,0.36
389824,0.37
389831,0.4
389856,0.44
389860,0.37
389862,0.36
389872,0.38
389875,0.47
389878,0.43
389879,0.43
389881,0.39
389895,0.32
389897,0.27
389898,0.41
389924,0.37
389929,0.38
389934,0.44
389947,0.39
389962,0.35
389981,0.41
390003,0.44
390006,0.39
390011,0.37
390041,0.46
390044,0.46
390045,0.45
390047,0.36
390048,0.41
390052,0.44
390056,0.42
390061,0.41
390065,0.45
390070,0.4
390073,0.46
390076,0.38
390087,0.36
390092,0.42
390095,0.41
390099,0.41
390107,0.34
390116,0.36
390130,0.39
390133,0.41
390144,0.34
390155,0.45
390159,0.32
390181,0.38
390183,0.34
390214,0.44
390222,0.46
390230,0.45
390235,0.46
390237,0.38
390242,0.53
390256,0.46
390259,0.34
390261,0.41
390268,0.4
390271,0.37
390274,0.42
390276,0.36
390279,0.39
390283,0.4
390285,0.21
390299,0.44
390316,0.3
390321,0.43
390330,0.43
390343,0.41
390346,0.43
390357,0.32
390359,0.44
390361,0.45
390365,0.45
390366,0.43
390372,0.42
390376,0.43
390378,0.4
390388,0.45
390391,0.35
390400,0.4
390407,0.32
390411,0.36
390419,0.4
390423,0.48
390437,0.39
390445,0.41
390449,0.33
390455,0.49
390465,0.35
390491,0.4
390492,0.45
390494,0.54
390495,0.47
390497,0.38
390504,0.34
390508,0.44
390510,0.43
390512,0.44
390524,0.36
390531,0.4
390558,0.36
390561,0.53
390564,0.36
390569,0.32
390574,0.41
390575,0.5
390587,0.39
390620,0.52
390621,0.44
390633,0.4
390634,0.42
390638,0.4
390639,0.47
390642,0.35
390647,0.4
390648,0.37
390663,0.48
390686,0.41
390688,0.35
390690,0.4
390691,0.39
390696,0.37
390703,0.33
390711,0.4
390722,0.39
390736,0.47
390747,0.44
390752,0.34
390760,0.36
390774,0.43
390777,0.48
390781,0.38
390793,0.31
390838,0.5
390847,0.41
390851,0.43
390854,0.43
390858,0.43
390864,0.47
390871,0.35
390905,0.41
390908,0.35
390910,0.33
390917,0.34
390919,0.36
390920,0.41
390922,0.35
390928,0.28
390929,0.35
390953,0.31
390955,0.4
390959,0.36
390962,0.36
390971,0.36
390972,0.35
390990,0.34
390994,0.4
390997,0.37
391015,0.32
391034,0.36
391038,0.37
391043,0.36
391048,0.28
391049,0.35
391056,0.49
391060,0.42
391072,0.46
391073,0.33
391077,0.35
391086,0.38
391092,0.4
391096,0.35
391118,0.34
391123,0.38
391136,0.42
391137,0.38
391145,0.33
391162,0.44
391164,0.43
391168,0.41
391172,0.39
391184,0.48
391188,0.41
391198,0.35
391207,0.36
391208,0.34
391209,0.4
391230,0.38
391232,0.55
391236,0.4
391237,0.4
391245,0.36
391269,0.33
391274,0.5
391275,0.48
391276,0.36
391279,0.38
391285,0.34
391306,0.31
391310,0.35
391321,0.42
391327,0.39
391341,0.37
391350,0.46
391353,0.29
391354,0.34
391357,0.32
391367,0.42
391371,0.33
391384,0.45
391387,0.43
391388,0.33
391392,0.42
391408,0.47
391433,0.39
391439,0.41
391443,0.41
391445,0.38
391449,0.47
391450,0.38
391461,0.47
391469,0.3
391486,0.33
391487,0.42
391500,0.4
391501,0.38
391505,0.36
391516,0.36
391517,0.28
391522,0.4
391539,0.48
391543,0.37
391546,0.37
391552,0.44
391555,0.29
391564,0.39
391565,0.48
391570,0.34
391586,0.5
391587,0.51
391588,0.35
391590,0.48
391613,0.45
391614,0.38
391617,0.35
391623,0.44
391635,0.35
391653,0.39
391661,0.32
391670,0.39
391682,0.34
391713,0.34
391717,0.34
391726,0.39
391738,0.39
391740,0.41
391741,0.42
391742,0.39
391756,0.4
391765,0.49
391766,0.36
391768,0.39
391771,0.35
391784,0.34
391786,0.39
391791,0.4
391798,0.41
391820,0.42
391831,0.35
391842,0.39
391843,0.43
391853,0.37
391858,0.48
391866,0.43
391867,0.39
391870,0.39
391879,0.42
391903,0.32
391915,0.46
391920,0.37
391929,0.4
391935,0.37
391944,0.37
391945,0.41
391947,0.47
391957,0.33
391960,0.48
391966,0.33
391977,0.39
391983,0.43
391990,0.37
391999,0.32
392010,0.25
392011,0.44
392012,0.37
392013,0.35
392015,0.36
392027,0.41
392029,0.52
392031,0.38
392035,0.38
392042,0.38
392049,0.34
392050,0.36
392062,0.55
392068,0.5
392071,0.33
392079,0.38
392087,0.36
392106,0.36
392111,0.31
392123,0.43
392127,0.43
392132,0.37
392149,0.44
392151,0.44
392175,0.4
392186,0.48
392190,0.39
392196,0.38
392202,0.4
392212,0.34
392221,0.36
392224,0.45
392230,0.39
392232,0.45
392234,0.44
392239,0.38
392240,0.35
392241,0.25
392243,0.4
392250,0.4
392253,0.35
392258,0.45
392260,0.42
392270,0.43
392280,0.38
392283,0.39
392293,0.39
392311,0.42
392316,0.44
392317,0.39
392319,0.34
392328,0.34
392363,0.4
392369,0.42
392371,0.37
392372,0.37
392386,0.54
392389,0.41
392390,0.38
392391,0.42
392398,0.35
392399,0.44
392404,0.51
392405,0.34
392408,0.5
392422,0.38
392423,0.41
392424,0.36
392429,0.36
392430,0.38
392431,0.53
392437,0.47
392450,0.32
392458,0.43
392460,0.35
392469,0.56
392474,0.4
392491,0.42
392495,0.33
392513,0.39
392526,0.46
392527,0.41
392534,0.36
392540,0.35
392554,0.41
392571,0.41
392578,0.5
392583,0.4
392588,0.29
392594,0.39
392604,0.33
392610,0.39
392613,0.29
392619,0.43
392622,0.41
392624,0.38
392629,0.45
392634,0.43
392639,0.38
392649,0.35
392671,0.43
392680,0.41
392682,0.4
392684,0.41
392685,0.38
392686,0.44
392699,0.36
392704,0.42
392709,0.38
392714,0.42
392717,0.41
392727,0.26
392730,0.42
392741,0.42
392754,0.41
392762,0.43
392774,0.44
392775,0.3
392793,0.41
392800,0.36
392809,0.32
392812,0.52
392814,0.37
392820,0.38
392825,0.36
392847,0.4
392849,0.4
392861,0.41
392868,0.47
392880,0.42
392882,0.35
392888,0.44
392905,0.31
392909,0.4
392915,0.35
392925,0.31
392931,0.47
392933,0.45
392935,0.45
392939,0.35
392951,0.34
392960,0.37
392962,0.45
392964,0.4
392970,0.34
392980,0.38
392981,0.39
392985,0.34
392990,0.47
392992,0.46
392998,0.37
392999,0.33
393007,0.34
393009,0.31
393012,0.43
393014,0.49
393015,0.49
393035,0.37
393055,0.47
393056,0.37
393075,0.39
393078,0.4
393094,0.39
393111,0.37
393115,0.49
393117,0.43
393118,0.4
393128,0.36
393129,0.46
393136,0.38
393138,0.43
393139,0.42
393156,0.43
393159,0.44
393168,0.35
393172,0.42
393177,0.41
393189,0.3
393194,0.46
393201,0.28
393202,0.41
393209,0.38
393216,0.44
393218,0.4
393224,0.32
393227,0.41
393232,0.39
393256,0.43
393257,0.39
393258,0.42
393267,0.46
393269,0.42
393275,0.36
393278,0.4
393279,0.48
393312,0.46
393318,0.4
393343,0.38
393351,0.46
393356,0.39
393361,0.4
393370,0.46
393381,0.4
393395,0.38
393405,0.41
393416,0.49
393419,0.36
393430,0.5
393443,0.42
393454,0.39
393478,0.4
393489,0.41
393499,0.38
393503,0.35
393505,0.38
393507,0.4
393526,0.38
393537,0.36
393543,0.39
393555,0.38
393562,0.39
393573,0.52
393587,0.47
393591,0.38
393606,0.38
393621,0.4
393624,0.35
393625,0.34
393628,0.46
393633,0.38
393641,0.35
393642,0.46
393650,0.55
393658,0.33
393669,0.47
393671,0.4
393672,0.48
393680,0.38
393683,0.48
393684,0.45
393691,0.41
393696,0.46
393699,0.32
393708,0.34
393709,0.41
393711,0.39
393720,0.41
393738,0.39
393740,0.41
393762,0.42
393774,0.4
393776,0.45
393778,0.37
393793,0.4
393804,0.42
393818,0.5
393821,0.37
393822,0.46
393833,0.4
393839,0.36
393840,0.35
393843,0.37
393852,0.35
393855,0.32
393860,0.44
393864,0.37
393877,0.38
393882,0.46
393884,0.39
393886,0.43
393892,0.34
393894,0.33
393902,0.36
393909,0.48
393910,0.4
393911,0.35
393934,0.37
393936,0.45
393939,0.55
393940,0.49
393943,0.42
393946,0.48
393950,0.43
393953,0.39
393959,0.48
393974,0.48
393980,0.29
393983,0.31
393985,0.35
393992,0.37
393995,0.4
394008,0.37
394010,0.57
394022,0.44
394062,0.37
394063,0.47
394066,0.49
394069,0.38
394071,0.33
394082,0.32
394087,0.42
394095,0.41
394097,0.39
394106,0.48
394113,0.46
394115,0.46
394125,0.36
394131,0.42
394132,0.4
394141,0.34
394145,0.38
394153,0.43
394159,0.39
394180,0.31
394186,0.43
394200,0.39
394203,0.31
394210,0.37
394214,0.35
394218,0.48
394231,0.33
394240,0.37
394248,0.34
394249,0.31
394254,0.37
394264,0.4
394267,0.42
394269,0.31
394275,0.42
394289,0.39
394295,0.38
394305,0.43
394308,0.32
394317,0.38
394323,0.33
394332,0.35
394336,0.37
394345,0.5
394346,0.37
394347,0.38
394351,0.42
394355,0.35
394360,0.39
394372,0.43
394373,0.39
394374,0.38
394382,0.42
394385,0.42
394409,0.36
394415,0.45
394433,0.45
394445,0.5
394448,0.42
394451,0.39
394467,0.37
394471,0.35
394473,0.49
394474,0.46
394476,0.41
394492,0.29
394502,0.39
394506,0.35
394510,0.46
394515,0.44
394535,0.31
394537,0.34
394539,0.42
394541,0.35
394564,0.3
394567,0.38
394568,0.53
394571,0.42
394576,0.46
394579,0.47
394585,0.46
394588,0.4
394606,0.37
394623,0.54
394632,0.45
394635,0.46
394642,0.35
394653,0.44
394689,0.41
394695,0.32
394699,0.43
394706,0.35
394712,0.4
394721,0.4
394722,0.4
394739,0.33
394742,0.45
394761,0.38
394775,0.29
394777,0.41
394783,0.26
394800,0.34
394803,0.39
394804,0.31
394815,0.31
394835,0.41
394843,0.39
394845,0.36
394847,0.37
394848,0.42
394850,0.35
394857,0.47
394873,0.44
394892,0.4
394898,0.41
394904,0.45
394918,0.4
394920,0.46
394926,0.48
394927,0.38
394940,0.4
394942,0.42
394943,0.45
394959,0.35
394977,0.35
394991,0.45
395014,0.49
395027,0.31
395042,0.37
395062,0.39
395063,0.48
395064,0.37
395076,0.42
395085,0.35
395095,0.38
395100,0.45
395105,0.46
395108,0.3
395110,0.48
395114,0.39
395123,0.42
395131,0.37
395144,0.39
395152,0.5
395159,0.38
395166,0.33
395197,0.44
395210,0.42
395212,0.41
395216,0.39
395218,0.37
395224,0.28
395225,0.42
395233,0.42
395237,0.49
395246,0.41
395248,0.45
395262,0.28
395271,0.36
395275,0.42
395286,0.36
395316,0.44
395318,0.38
395328,0.45
395334,0.34
395337,0.37
395338,0.4
395346,0.39
395365,0.34
395373,0.41
395383,0.5
395387,0.41
395391,0.35
395401,0.38
395432,0.38
395443,0.39
395447,0.43
395448,0.35
395450,0.35
395456,0.29
395459,0.46
395462,0.49
395488,0.36
395492,0.44
395495,0.41
395504,0.35
395507,0.4
395508,0.41
395509,0.42
395513,0.34
395515,0.46
395517,0.45
395520,0.41
395524,0.38
395525,0.49
395533,0.39
395538,0.37
395545,0.49
395553,0.41
395576,0.43
395585,0.36
395590,0.25
395593,0.44
395595,0.36
395603,0.38
395604,0.47
395611,0.5
395612,0.42
395617,0.44
395624,0.36
395653,0.41
395665,0.42
395668,0.43
395672,0.33
395677,0.23
395692,0.36
395693,0.4
395694,0.42
395696,0.42
395699,0.45
395703,0.42
395712,0.41
395731,0.37
395732,0.39
395735,0.35
395736,0.34
395744,0.37
395763,0.45
395771,0.36
395774,0.44
395784,0.33
395790,0.27
395792,0.49
395796,0.45
395808,0.46
395810,0.46
395814,0.44
395831,0.39
395836,0.37
395837,0.44
395852,0.43
395854,0.33
395856,0.4
395857,0.4
395860,0.32
395862,0.33
395875,0.49
395880,0.38
395893,0.51
395900,0.32
395908,0.37
395921,0.31
395922,0.36
395926,0.44
395933,0.44
395936,0.39
395940,0.4
395951,0.38
395964,0.37
395969,0.43
395971,0.38
395973,0.33
395975,0.39
395984,0.47
395993,0.42
396012,0.37
396033,0.4
396035,0.55
396036,0.31
396041,0.44
396048,0.34
396049,0.39
396057,0.36
396060,0.43
396063,0.31
396078,0.35
396085,0.44
396087,0.37
396094,0.38
396104,0.39
396110,0.34
396123,0.36
396139,0.31
396160,0.47
396165,0.38
396169,0.43
396182,0.42
396200,0.56
396201,0.33
396202,0.33
396216,0.42
396227,0.3
396236,0.32
396240,0.44
396249,0.28
396252,0.49
396253,0.45
396276,0.28
396297,0.25
396301,0.38
396310,0.43
396327,0.36
396330,0.46
396331,0.49
396334,0.4
396337,0.38
396343,0.46
396346,0.28
396350,0.43
396368,0.39
396375,0.4
396378,0.37
396380,0.28
396393,0.43
396397,0.34
396403,0.35
396404,0.36
396408,0.46
396414,0.38
396418,0.45
396420,0.4
396426,0.46
396428,0.37
396434,0.4
396435,0.32
396437,0.39
396442,0.39
396444,0.39
396449,0.4
396453,0.38
396464,0.46
396474,0.36
396483,0.51
396496,0.4
396501,0.42
396505,0.36
396506,0.39
396512,0.36
396513,0.43
396518,0.42
396530,0.45
396542,0.3
396549,0.4
396553,0.37
396555,0.37
396557,0.45
396562,0.39
396566,0.4
396588,0.44
396589,0.48
396590,0.3
396597,0.36
396602,0.47
396609,0.4
396614,0.43
396617,0.31
396620,0.36
396625,0.48
396638,0.37
396640,0.41
396646,0.43
396648,0.43
396653,0.34
396663,0.4
396668,0.35
396670,0.42
396678,0.35
396681,0.44
396698,0.39
396699,0.45
396710,0.4
396713,0.48
396729,0.39
396732,0.45
396735,0.46
396752,0.42
396754,0.33
396761,0.34
396769,0.39
396777,0.31
396789,0.48
396790,0.41
396792,0.39
396824,0.37
396829,0.39
396830,0.47
396844,0.26
396849,0.44
396855,0.4
396864,0.41
396865,0.44
396866,0.38
396883,0.42
396889,0.43
396893,0.42
396900,0.41
396904,0.42
396912,0.35
396916,0.3
396922,0.37
396926,0.43
396928,0.32
396931,0.37
396944,0.36
396949,0.38
396952,0.44
396979,0.44
396984,0.38
396986,0.36
396992,0.43
396995,0.52
397014,0.38
397025,0.47
397046,0.44
397047,0.28
397051,0.36
397052,0.43
397058,0.39
397071,0.46
397081,0.34
397084,0.43
397086,0.45
397088,0.5
397090,0.42
397093,0.43
397106,0.39
397109,0.35
397110,0.39
397118,0.28
397119,0.38
397120,0.43
397127,0.33
397128,0.38
397129,0.38
397132,0.43
397138,0.41
397139,0.44
397146,0.44
397148,0.51
397149,0.38
397166,0.45
397167,0.29
397168,0.43
397171,0.37
397178,0.41
397185,0.34
397191,0.44
397195,0.42
397197,0.35
397198,0.4
397211,0.37
397213,0.34
397216,0.58
397219,0.42
397226,0.43
397241,0.46
397249,0.41
397261,0.3
397265,0.38
397281,0.41
397304,0.5
397306,0.46
397325,0.44
397327,0.37
397345,0.46
397360,0.37
397378,0.31
397383,0.38
397384,0.28
397399,0.35
397415,0.32
397433,0.37
397444,0.51
397452,0.37
397458,0.4
397460,0.35
397462,0.4
397464,0.43
397466,0.56
397472,0.42
397474,0.39
397476,0.4
397482,0.39
397492,0.34
397494,0.34
397501,0.37
397507,0.34
397512,0.49
397513,0.43
397517,0.41
397533,0.38
397549,0.4
397560,0.43
397562,0.3
397570,0.38
397575,0.36
397584,0.49
397585,0.4
397593,0.38
397609,0.42
397615,0.36
397630,0.38
397631,0.35
397633,0.42
397641,0.38
397664,0.38
397668,0.38
397674,0.49
397679,0.44
397681,0.47
397694,0.47
397695,0.36
397707,0.41
397713,0.34
397714,0.22
397715,0.37
397724,0.48
397726,0.49
397729,0.4
397739,0.41
397741,0.34
397759,0.35
397761,0.41
397767,0.55
397776,0.39
397782,0.38
397785,0.5
397789,0.45
397793,0.41
397794,0.36
397804,0.38
397815,0.44
397816,0.4
397825,0.39
397857,0.38
397861,0.5
397890,0.46
397891,0.43
397900,0.31
397903,0.41
397911,0.41
397925,0.39
397928,0.3
397954,0.38
397955,0.32
397962,0.36
397971,0.42
397975,0.47
397984,0.44
397989,0.43
397993,0.38
398004,0.39
398032,0.49
398038,0.39
398043,0.41
398046,0.53
398051,0.49
398061,0.34
398082,0.44
398086,0.45
398087,0.28
398088,0.45
398093,0.24
398103,0.37
398106,0.28
398109,0.41
398110,0.43
398113,0.38
398116,0.44
398132,0.48
398135,0.36
398138,0.46
398159,0.58
398163,0.43
398165,0.46
398166,0.39
398173,0.41
398179,0.39
398181,0.37
398189,0.31
398196,0.44
398206,0.4
398208,0.41
398220,0.34
398231,0.33
398234,0.47
398239,0.49
398254,0.33
398260,0.35
398261,0.4
398269,0.39
398274,0.32
398279,0.3
398280,0.56
398292,0.35
398293,0.44
398295,0.36
398329,0.39
398337,0.29
398344,0.28
398347,0.32
398348,0.54
398352,0.38
398355,0.38
398360,0.3
398363,0.5
398368,0.44
398373,0.42
398377,0.37
398384,0.34
398389,0.36
398394,0.37
398397,0.39
398400,0.42
398409,0.35
398429,0.42
398432,0.42
398444,0.46
398446,0.47
398456,0.34
398461,0.42
398473,0.28
398480,0.35
398481,0.38
398485,0.36
398488,0.43
398500,0.46
398520,0.46
398524,0.39
398534,0.39
398554,0.36
398572,0.34
398580,0.39
398586,0.38
398592,0.34
398606,0.34
398619,0.51
398621,0.38
398625,0.39
398645,0.38
398652,0.4
398656,0.28
398661,0.36
398667,0.38
398669,0.35
398676,0.34
398690,0.48
398699,0.5
398715,0.51
398718,0.24
398721,0.37
398729,0.35
398737,0.5
398738,0.38
398752,0.35
398757,0.6
398759,0.59
398764,0.52
398771,0.48
398773,0.33
398775,0.43
398779,0.49
398791,0.44
398807,0.35
398811,0.4
398814,0.42
398817,0.33
398829,0.4
398830,0.35
398838,0.35
398839,0.31
398841,0.4
398850,0.39
398852,0.46
398858,0.42
398859,0.32
398862,0.29
398870,0.34
398875,0.35
398902,0.37
398910,0.33
398919,0.33
398929,0.32
398935,0.49
398940,0.4
398953,0.44
398956,0.36
398963,0.37
398966,0.33
398967,0.39
398968,0.4
398974,0.44
398976,0.34
398982,0.39
398993,0.45
399011,0.41
399016,0.38
399017,0.5
399020,0.43
399047,0.41
399053,0.35
399056,0.4
399061,0.39
399066,0.4
399074,0.44
399086,0.39
399088,0.41
399091,0.46
399092,0.46
399093,0.25
399100,0.32
399124,0.45
399131,0.4
399142,0.4
399149,0.42
399158,0.38
399160,0.34
399167,0.37
399169,0.54
399171,0.46
399174,0.29
399178,0.35
399179,0.45
399184,0.28
399185,0.36
399186,0.41
399191,0.32
399192,0.38
399195,0.46
399212,0.42
399221,0.37
399223,0.49
399230,0.38
399246,0.38
399260,0.43
399261,0.49
399266,0.32
399289,0.41
399293,0.36
399299,0.38
399306,0.3
399321,0.41
399328,0.41
399344,0.34
399352,0.38
399358,0.41
399374,0.33
399382,0.51
399385,0.34
399388,0.45
399399,0.43
399410,0.43
399417,0.42
399423,0.39
399427,0.44
399429,0.36
399435,0.39
399439,0.39
399451,0.48
399454,0.41
399458,0.37
399468,0.38
399477,0.52
399483,0.49
399493,0.28
399494,0.42
399499,0.44
399503,0.45
399510,0.38
399511,0.35
399525,0.37
399528,0.55
399533,0.42
399538,0.4
399551,0.44
399568,0.4
399571,0.33
399585,0.43
399589,0.5
399595,0.44
399598,0.38
399605,0.43
399616,0.47
399617,0.34
399622,0.37
399627,0.45
399635,0.39
399639,0.49
399641,0.48
399643,0.33
399659,0.39
399667,0.38
399683,0.32
399702,0.43
399706,0.5
399720,0.34
399727,0.38
399730,0.39
399734,0.38
399751,0.41
399754,0.47
399759,0.41
399768,0.36
399770,0.38
399781,0.4
399786,0.31
399799,0.36
399811,0.38
399813,0.5
399820,0.44
399832,0.37
399851,0.38
399853,0.37
399855,0.48
399860,0.37
399876,0.42
399877,0.39
399881,0.46
399882,0.43
399903,0.46
399906,0.42
399912,0.48
399915,0.4
399921,0.33
399935,0.41
399936,0.37
399938,0.47
399939,0.37
399940,0.35
399949,0.36
399953,0.31
399959,0.47
399968,0.49
399969,0.47
399972,0.38
399974,0.33
399976,0.5
399979,0.4
399988,0.37
399994,0.48
399996,0.36
399997,0.45
400000,0.42
400004,0.41
400011,0.36
400014,0.36
400015,0.35
400017,0.39
400046,0.39
400063,0.5
400065,0.4
400069,0.37
400075,0.38
400088,0.4
400091,0.34
400105,0.38
400108,0.37
400113,0.4
400119,0.41
400123,0.32
400127,0.42
400136,0.4
400137,0.29
400138,0.4
400158,0.39
400172,0.37
400174,0.29
400224,0.56
400229,0.43
400236,0.41
400240,0.37
400249,0.34
400258,0.41
400268,0.5
400272,0.44
400284,0.42
400292,0.42
400295,0.43
400308,0.46
400314,0.4
400315,0.34
400331,0.46
400332,0.45
400339,0.31
400342,0.37
400361,0.4
400363,0.53
400365,0.42
400374,0.42
400379,0.38
400382,0.4
400416,0.38
400422,0.35
400436,0.43
400460,0.31
400462,0.41
400468,0.39
400482,0.48
400489,0.36
400490,0.43
400501,0.57
400519,0.41
400525,0.47
400526,0.38
400529,0.33
400540,0.49
400543,0.36
400545,0.41
400556,0.35
400572,0.44
400584,0.38
400589,0.38
400593,0.39
400597,0.41
400616,0.43
400642,0.47
400643,0.38
400649,0.34
400672,0.38
400685,0.43
400693,0.44
400695,0.44
400701,0.35
400720,0.52
400741,0.4
400745,0.43
400750,0.38
400779,0.52
400784,0.43
400792,0.4
400800,0.37
400811,0.55
400813,0.54
400820,0.34
400830,0.33
400833,0.39
400834,0.41
400841,0.25
400855,0.42
400856,0.36
400860,0.35
400866,0.49
400869,0.39
400870,0.48
400880,0.47
400882,0.41
400915,0.37
400921,0.46
400923,0.38
400925,0.42
400936,0.44
400943,0.36
400962,0.36
400963,0.35
400967,0.38
400970,0.48
400975,0.43
400981,0.41
400983,0.41
400987,0.37
400988,0.41
400994,0.41
400998,0.49
401002,0.4
401003,0.38
401005,0.36
401007,0.41
401022,0.42
401029,0.5
401035,0.49
401036,0.42
401040,0.34
401045,0.33
401053,0.44
401065,0.35
401067,0.4
401069,0.42
401073,0.38
401074,0.37
401078,0.46
401082,0.4
401086,0.34
401092,0.38
401097,0.42
401098,0.43
401099,0.43
401100,0.34
401107,0.4
401119,0.44
401120,0.38
401137,0.39
401142,0.4
401162,0.41
401163,0.33
401172,0.43
401179,0.41
401182,0.48
401184,0.43
401190,0.29
401207,0.43
401210,0.36
401220,0.43
401225,0.46
401230,0.39
401240,0.41
401246,0.36
401256,0.34
401273,0.36
401274,0.4
401287,0.37
401292,0.45
401305,0.32
401310,0.4
401311,0.38
401321,0.39
401332,0.38
401338,0.36
401345,0.34
401368,0.41
401375,0.5
401378,0.42
401379,0.27
401395,0.4
401403,0.31
401406,0.35
401415,0.38
401424,0.42
401425,0.38
401428,0.41
401430,0.41
401436,0.39
401440,0.43
401443,0.39
401447,0.45
401448,0.37
401450,0.34
401459,0.38
401462,0.3
401470,0.46
401479,0.51
401481,0.29
401486,0.43
401496,0.38
401497,0.41
401502,0.43
401508,0.43
401513,0.31
401517,0.49
401519,0.44
401533,0.37
401536,0.43
401547,0.37
401581,0.4
401582,0.34
401586,0.51
401593,0.4
401603,0.27
401621,0.47
401625,0.24
401635,0.36
401646,0.33
401649,0.44
401660,0.51
401668,0.46
401686,0.3
401706,0.39
401712,0.38
401721,0.31
401725,0.42
401730,0.46
401741,0.42
401743,0.37
401748,0.45
401751,0.33
401770,0.38
401791,0.46
401792,0.41
401808,0.51
401816,0.33
401820,0.37
401821,0.38
401828,0.4
401830,0.43
401832,0.35
401839,0.38
401852,0.38
401868,0.35
401876,0.43
401879,0.45
401882,0.33
401894,0.42
401899,0.37
401901,0.43
401913,0.34
401919,0.37
401920,0.49
401923,0.35
401924,0.4
401932,0.42
401942,0.39
401949,0.3
401950,0.44
401951,0.35
401952,0.37
401971,0.42
401972,0.33
401973,0.25
401974,0.32
401983,0.41
401984,0.32
401988,0.43
401989,0.29
401990,0.38
402024,0.45
402029,0.36
402030,0.49
402041,0.49
402042,0.45
402043,0.37
402052,0.47
402053,0.42
402054,0.38
402057,0.34
402067,0.42
402068,0.35
402069,0.46
402070,0.41
402071,0.35
402073,0.32
402074,0.38
402075,0.38
402076,0.32
402077,0.35
402078,0.44
402079,0.41
402080,0.38
402081,0.35
402082,0.46
402089,0.38
402090,0.38
402091,0.44
402092,0.37
402094,0.4
402095,0.36
402096,0.47
402109,0.39
402151,0.39
402152,0.36
402153,0.3
402155,0.39
402201,0.33
402210,0.42
402212,0.38
402218,0.4
402227,0.42
402234,0.44
402236,0.4
402242,0.36
402243,0.39
402244,0.48
402245,0.37
402250,0.43
402251,0.35
402254,0.41
402255,0.38
402256,0.43
402257,0.38
402258,0.4
402259,0.39
402260,0.33
402261,0.52
402262,0.41
402263,0.38
402264,0.32
402265,0.45
402266,0.4
402267,0.33
402268,0.38
402270,0.38
402271,0.37
402272,0.32
402273,0.38
402274,0.4
402275,0.37
402276,0.42
402277,0.39
402278,0.43
402279,0.49
402280,0.42
402362,0.39
402363,0.37
402364,0.4
402370,0.42
402376,0.37
402381,0.35
402384,0.41
402389,0.42
402414,0.45
402416,0.32
402417,0.42
402420,0.46
402426,0.33
402436,0.45
402444,0.36
402447,0.48
402449,0.44
402454,0.42
402458,0.45
402460,0.45
402466,0.33
402475,0.39
402498,0.36
402502,0.39
402505,0.42
402509,0.48
402513,0.32
402517,0.43
402519,0.33
402522,0.41
402523,0.42
402525,0.44
402528,0.39
402534,0.48
402536,0.39
402542,0.41
402548,0.38
402552,0.33
402559,0.36
402563,0.44
402568,0.38
402573,0.41
402574,0.46
402575,0.39
402577,0.33
402602,0.36
402603,0.42
402604,0.36
402614,0.37
402615,0.35
402616,0.42
402617,0.53
402618,0.51
402619,0.36
402639,0.41
402640,0.39
402641,0.48
402642,0.44
402643,0.42
402644,0.47
402645,0.32
402649,0.35
402650,0.37
402653,0.32
402654,0.42
402655,0.32
402656,0.44
402657,0.44
402658,0.4
402659,0.31
402662,0.47
402696,0.38
402705,0.3
402707,0.5
402708,0.36
402709,0.33
402729,0.36
402730,0.45
402732,0.43
402739,0.47
402740,0.36
402741,0.43
402744,0.4
402745,0.44
402746,0.38
402772,0.34
402773,0.31
402774,0.44
402780,0.33
402781,0.48
402782,0.42
402790,0.43
402803,0.41
402808,0.4
402809,0.41
402810,0.45
402811,0.38
402815,0.37
402820,0.41
402821,0.33
402822,0.39
402824,0.31
402825,0.33
402870,0.41
402875,0.36
402924,0.46
402925,0.39
402926,0.36
402927,0.45
402928,0.34
402929,0.38
402930,0.43
402931,0.42
402932,0.4
402933,0.36
402940,0.38
402953,0.35
402954,0.42
402955,0.41
402956,0.37
402957,0.44
402970,0.31
402973,0.33
402974,0.37
402975,0.37
402976,0.4
402977,0.37
402978,0.41
402979,0.43
402980,0.43
402981,0.42
402982,0.55
402993,0.43
402994,0.42
403099,0.31
403137,0.41
403138,0.4
403165,0.44
403192,0.42
403214,0.39
403223,0.48
403238,0.39
403244,0.37
403246,0.37
403252,0.45
403254,0.42
403255,0.4
403259,0.4
403262,0.41
403277,0.43
403280,0.34
403281,0.56
403287,0.36
403315,0.31
403318,0.46
403319,0.34
403327,0.43
403331,0.45
403342,0.33
403349,0.35
403353,0.35
403364,0.39
403369,0.36
403373,0.41
403376,0.36
403378,0.31
403384,0.43
403385,0.38
403386,0.34
403388,0.51
403396,0.41
403398,0.42
403404,0.37
403410,0.37
403414,0.39
403417,0.36
403422,0.45
403424,0.39
403438,0.43
403451,0.32
403452,0.35
403453,0.49
403454,0.39
403455,0.34
403464,0.35
403465,0.38
403466,0.38
403500,0.38
403501,0.43
403524,0.47
403525,0.51
403526,0.35
403527,0.34
403542,0.41
403543,0.45
403549,0.36
403550,0.38
403551,0.38
403552,0.47
403553,0.41
403554,0.35
403558,0.34
403559,0.43
403560,0.53
403561,0.39
403562,0.33
403564,0.3
403565,0.36
403566,0.32
403600,0.4
403602,0.4
403603,0.45
403662,0.34
403685,0.45
403686,0.33
403687,0.34
403688,0.36
403689,0.44
403690,0.42
403691,0.33
403692,0.42
403696,0.36
403697,0.35
403698,0.44
403699,0.43
403701,0.5
403702,0.44
403703,0.4
403704,0.37
403705,0.33
403712,0.27
403713,0.45
403714,0.52
403715,0.4
403718,0.33
403722,0.44
403723,0.4
403724,0.4
403725,0.41
403726,0.38
403764,0.5
403765,0.34
403766,0.39
403770,0.38
403771,0.39
403772,0.4
403795,0.41
403799,0.35
403800,0.39
403801,0.44
403802,0.49
403803,0.45
403811,0.33
403814,0.39
403815,0.41
403816,0.35
403817,0.37
403818,0.45
403820,0.35
403821,0.44
403822,0.54
403823,0.43
403824,0.42
403825,0.32
403826,0.29
403828,0.42
403834,0.28
403836,0.45
403837,0.44
403838,0.37
403839,0.4
403873,0.38
403876,0.32
403902,0.37
403918,0.34
403922,0.35
403928,0.35
403929,0.43
403931,0.39
403932,0.41
403933,0.36
403935,0.44
403936,0.5
403937,0.43
403938,0.51
403943,0.36
403944,0.42
403945,0.43
403946,0.45
403948,0.4
403951,0.41
403955,0.51
403956,0.34
403957,0.4
403958,0.28
403960,0.37
403961,0.33
403962,0.47
403963,0.33
403964,0.38
403965,0.38
403966,0.44
403967,0.44
403968,0.4
403969,0.47
403970,0.34
403971,0.43
403972,0.37
403973,0.44
403974,0.37
403975,0.4
403976,0.38
403977,0.41
403978,0.48
403979,0.27
403980,0.4
403981,0.29
403982,0.43
404062,0.41
404067,0.39
404070,0.4
404079,0.4
404084,0.55
404108,0.44
404112,0.5
404118,0.42
404121,0.32
404122,0.43
404126,0.34
404140,0.44
404152,0.49
404156,0.42
404158,0.34
404160,0.31
404172,0.34
404174,0.31
404180,0.4
404186,0.32
404190,0.41
404192,0.39
404206,0.38
404207,0.46
404213,0.47
404216,0.46
404220,0.36
404227,0.35
404235,0.46
404247,0.46
404259,0.43
404266,0.32
404267,0.36
404274,0.33
404276,0.38
404277,0.3
404278,0.39
404279,0.49
404280,0.39
404287,0.47
404288,0.41
404289,0.35
404290,0.44
404291,0.47
404293,0.31
404302,0.56
404303,0.4
404304,0.43
404307,0.32
404308,0.35
404309,0.42
404310,0.44
404311,0.33
404312,0.37
404323,0.34
404324,0.34
404325,0.37
404326,0.39
404327,0.45
404328,0.41
404329,0.46
404330,0.41
404331,0.34
404335,0.36
404336,0.58
404337,0.46
404364,0.44
404379,0.44
404380,0.57
404381,0.4
404382,0.57
404385,0.38
404390,0.41
404391,0.37
404392,0.37
404393,0.38
404396,0.48
404400,0.38
404401,0.39
404402,0.42
404403,0.39
404404,0.53
404405,0.46
404406,0.32
404437,0.35
404439,0.4
404461,0.48
404462,0.41
404464,0.36
404468,0.46
404469,0.33
404470,0.33
404471,0.34
404472,0.35
404473,0.37
404474,0.34
404475,0.43
404477,0.31
404478,0.45
404554,0.36
404555,0.3
404556,0.36
404557,0.47
404569,0.42
404571,0.32
404585,0.3
404586,0.51
404592,0.39
404595,0.5
404596,0.38
404597,0.34
404603,0.43
404606,0.36
404607,0.38
404608,0.43
404609,0.4
404620,0.4
404689,0.41
404708,0.35
404734,0.46
404771,0.29
404806,0.3
404818,0.43
404850,0.27
404870,0.43
404923,0.36
404934,0.42
404938,0.4
404954,0.42
404957,0.34
404963,0.33
404964,0.28
404969,0.44
404970,0.45
404979,0.38
404997,0.42
404998,0.29
405009,0.38
405016,0.33
405018,0.38
405035,0.3
405036,0.39
405038,0.37
405047,0.36
405055,0.37
405060,0.49
405066,0.35
405081,0.31
405084,0.47
405089,0.43
405098,0.4
405100,0.43
405114,0.29
405118,0.38
405119,0.34
405120,0.49
405121,0.37
405124,0.4
405125,0.38
405132,0.44
405179,0.34
405193,0.43
405194,0.51
405195,0.44
405206,0.34
405207,0.27
405211,0.39
405215,0.32
405217,0.51
405219,0.42
405220,0.43
405231,0.38
405232,0.46
405291,0.41
405316,0.48
405317,0.29
405318,0.37
405319,0.43
405320,0.38
405325,0.39
405326,0.35
405333,0.33
405334,0.42
405349,0.4
405351,0.38
405353,0.34
405354,0.51
405361,0.46
405362,0.45
405363,0.4
405364,0.37
405365,0.44
405366,0.49
405372,0.46
405397,0.38
405402,0.37
405409,0.32
405410,0.49
405411,0.4
405412,0.34
405435,0.27
405436,0.37
405438,0.36
405442,0.35
405443,0.45
405444,0.39
405445,0.49
405446,0.36
405468,0.4
405489,0.49
405490,0.32
405498,0.4
405509,0.32
405510,0.4
405511,0.35
405512,0.39
405517,0.41
405518,0.39
405523,0.39
405544,0.41
405546,0.35
405552,0.44
405583,0.33
405592,0.37
405599,0.42
405602,0.31
405607,0.42
405613,0.33
405620,0.33
405624,0.39
405625,0.45
405626,0.39
405632,0.33
405633,0.38
405637,0.49
405640,0.44
405642,0.38
405646,0.42
405647,0.4
405650,0.56
405653,0.41
405654,0.39
405660,0.39
405666,0.46
405667,0.53
405668,0.35
405669,0.5
405671,0.42
405672,0.34
405673,0.46
405674,0.44
405675,0.25
405676,0.41
405677,0.41
405679,0.42
405680,0.36
405682,0.41
405683,0.37
405684,0.31
405685,0.41
405687,0.33
405689,0.35
405690,0.37
405691,0.46
405692,0.47
405693,0.43
405695,0.34
405696,0.33
405697,0.46
405698,0.5
405699,0.53
405700,0.41
405701,0.36
405702,0.38
405761,0.36
405765,0.35
405769,0.46
405784,0.45
405811,0.34
405814,0.51
405816,0.42
405818,0.37
405821,0.35
405822,0.33
405838,0.38
405841,0.41
405846,0.41
405855,0.51
405857,0.47
405858,0.49
405860,0.3
405861,0.42
405871,0.37
405879,0.42
405880,0.38
405886,0.38
405901,0.36
405904,0.36
405905,0.36
405906,0.32
405927,0.33
405930,0.3
405944,0.44
405946,0.38
405954,0.42
405963,0.38
405964,0.43
405965,0.47
405966,0.41
405970,0.29
405971,0.48
405992,0.39
405996,0.35
405999,0.45
406002,0.38
406003,0.32
406004,0.36
406005,0.39
406006,0.35
406007,0.44
406008,0.47
406028,0.34
406029,0.47
406043,0.4
406044,0.38
406045,0.36
406046,0.48
406048,0.39
406050,0.49
406051,0.37
406052,0.47
406053,0.46
406077,0.45
406082,0.44
406083,0.39
406084,0.4
406098,0.41
406099,0.48
406100,0.52
406113,0.38
406114,0.37
406115,0.34
406116,0.36
406117,0.38
406127,0.35
406128,0.45
406129,0.48
406132,0.4
406133,0.33
406134,0.41
406135,0.45
406136,0.36
406137,0.43
406138,0.39
406139,0.44
406142,0.41
406143,0.32
406175,0.32
406176,0.35
406177,0.39
406194,0.3
406195,0.54
406208,0.47
406210,0.4
406216,0.41
406217,0.42
406227,0.32
406228,0.44
406253,0.39
406254,0.36
406260,0.4
406267,0.37
406269,0.42
406276,0.46
406277,0.5
406279,0.44
406288,0.36
406297,0.27
406308,0.44
406310,0.47
406320,0.5
406336,0.43
406352,0.44
406365,0.46
406369,0.37
406371,0.41
406401,0.37
406408,0.37
406409,0.36
406475,0.48
406492,0.48
406510,0.41
406519,0.38
406565,0.53
406584,0.42
406596,0.44
406598,0.34
406605,0.35
406609,0.38
406610,0.43
406611,0.37
406654,0.33
406670,0.46
406675,0.38
406681,0.28
406682,0.36
406695,0.36
406697,0.3
406712,0.41
406719,0.31
406725,0.43
406734,0.35
406743,0.41
406778,0.49
406784,0.27
406786,0.43
406791,0.41
406792,0.34
406803,0.4
406812,0.38
406813,0.38
406814,0.48
406841,0.37
406842,0.39
406843,0.43
406848,0.47
406861,0.37
406862,0.5
406863,0.43
406864,0.36
406865,0.46
406871,0.37
406872,0.45
406873,0.3
406893,0.42
406919,0.43
406920,0.29
406921,0.44
406923,0.31
406924,0.38
406925,0.47
406926,0.47
406927,0.44
406936,0.3
406937,0.38
406938,0.43
406939,0.39
406940,0.39
406941,0.34
406952,0.37
406953,0.31
406954,0.39
406962,0.4
406963,0.5
406964,0.38
406965,0.32
406966,0.36
406967,0.33
406968,0.39
406969,0.4
406970,0.4
406971,0.44
406972,0.44
406973,0.29
406974,0.44
406975,0.39
406976,0.39
406977,0.32
406985,0.46
406987,0.37
407025,0.41
407031,0.39
407033,0.3
407039,0.31
407041,0.39
407044,0.4
407046,0.31
407053,0.35
407061,0.34
407069,0.38
407070,0.49
407072,0.31
407073,0.44
407081,0.43
407082,0.39
407088,0.35
407091,0.37
407097,0.38
407104,0.42
407105,0.44
407106,0.35
407121,0.47
407128,0.4
407137,0.29
407144,0.55
407145,0.44
407154,0.42
407162,0.36
407164,0.34
407168,0.48
407203,0.33
407210,0.4
407215,0.5
407218,0.38
407228,0.4
407262,0.24
407274,0.49
407280,0.4
407288,0.31
407298,0.32
407299,0.44
407302,0.34
407303,0.27
407305,0.52
407306,0.5
407307,0.33
407313,0.37
407314,0.37
407315,0.33
407316,0.37
407322,0.45
407323,0.35
407324,0.33
407325,0.42
407329,0.42
407330,0.35
407332,0.41
407333,0.48
407334,0.4
407335,0.4
407336,0.34
407337,0.42
407338,0.33
407339,0.32
407340,0.37
407341,0.43
407342,0.36
407343,0.41
407344,0.39
407345,0.44
407346,0.47
407353,0.44
407364,0.42
407365,0.31
407366,0.39
407370,0.37
407373,0.43
407376,0.41
407386,0.38
407388,0.39
407391,0.32
407393,0.44
407427,0.39
407452,0.39
407454,0.28
407457,0.31
407462,0.39
407463,0.5
407468,0.41
407469,0.42
407478,0.41
407482,0.42
407487,0.36
407489,0.42
407498,0.33
407516,0.39
407519,0.34
407528,0.52
407532,0.44
407534,0.34
407543,0.32
407546,0.43
407550,0.35
407555,0.37
407558,0.34
407587,0.49
407588,0.35
407594,0.43
407596,0.4
407598,0.42
407602,0.47
407605,0.45
407613,0.47
407619,0.38
407625,0.41
407627,0.39
407629,0.5
407631,0.33
407633,0.32
407636,0.51
407645,0.36
407648,0.3
407669,0.37
407674,0.33
407675,0.41
407676,0.44
407677,0.32
407678,0.43
407679,0.37
407680,0.35
407681,0.41
407682,0.38
407684,0.45
407692,0.46
407693,0.35
407694,0.36
407695,0.34
407696,0.37
407697,0.45
407698,0.37
407699,0.42
407702,0.37
407703,0.4
407725,0.4
407726,0.43
407729,0.37
407731,0.35
407745,0.42
407749,0.39
407750,0.34
407751,0.39
407752,0.43
407753,0.37
407754,0.42
407755,0.33
407756,0.42
407765,0.42
407766,0.39
407767,0.4
407768,0.41
407773,0.46
407774,0.39
407778,0.33
407779,0.44
407780,0.46
407781,0.46
407782,0.35
407783,0.29
407784,0.45
407825,0.43
407826,0.37
407828,0.38
407829,0.37
407830,0.42
407831,0.43
407832,0.39
407838,0.34
407839,0.32
407840,0.29
407841,0.51
407842,0.34
407855,0.4
407857,0.42
407881,0.38
407882,0.38
407885,0.34
407915,0.41
407916,0.49
407918,0.42
407919,0.41
407920,0.37
407921,0.39
407922,0.42
407927,0.33
407934,0.39
407941,0.44
407942,0.38
407943,0.4
407944,0.45
407946,0.51
407947,0.44
407952,0.35
407955,0.34
407978,0.38
407986,0.42
408003,0.38
408006,0.39
408008,0.39
408015,0.43
408016,0.4
408028,0.41
408035,0.42
408042,0.37
408044,0.35
408052,0.31
408053,0.3
408056,0.37
408068,0.45
408071,0.44
408074,0.34
408085,0.35
408089,0.46
408091,0.43
408098,0.35
408106,0.34
408108,0.46
408116,0.39
408126,0.3
408130,0.32
408135,0.43
408148,0.46
408168,0.4
408170,0.38
408172,0.49
408176,0.54
408181,0.35
408191,0.42
408194,0.44
408213,0.46
408248,0.39
408249,0.46
408250,0.45
408256,0.42
408261,0.34
408262,0.39
408268,0.5
408269,0.3
408273,0.39
408280,0.36
408286,0.43
408347,0.39
408349,0.36
408350,0.4
408351,0.46
408352,0.36
408355,0.3
408356,0.35
408357,0.39
408384,0.38
408385,0.42
408386,0.41
408387,0.37
408388,0.29
408389,0.39
408390,0.44
408391,0.44
408392,0.54
408393,0.42
408398,0.41
408399,0.36
408400,0.4
408405,0.42
408406,0.45
408437,0.39
408459,0.34
408460,0.38
408463,0.37
408467,0.32
408468,0.44
408471,0.38
408477,0.44
408478,0.37
408479,0.38
408481,0.37
408482,0.36
408483,0.4
408484,0.41
408485,0.43
408486,0.36
408489,0.45
408490,0.5
408504,0.35
408506,0.4
408508,0.48
408514,0.35
408515,0.43
408516,0.48
408517,0.34
408518,0.48
408523,0.4
408524,0.46
408525,0.32
408526,0.47
408531,0.4
408579,0.42
408580,0.33
408581,0.3
408599,0.28
408615,0.45
408616,0.33
408617,0.34
408619,0.37
408622,0.34
408624,0.41
408625,0.37
408626,0.41
408627,0.35
408651,0.37
408658,0.31
408659,0.5
408660,0.38
408661,0.37
408662,0.4
408688,0.44
408689,0.42
408690,0.32
408695,0.27
408696,0.45
408701,0.3
408702,0.37
408705,0.49
408728,0.46
408742,0.38
408759,0.39
408766,0.35
408768,0.36
408774,0.36
408775,0.38
408780,0.36
408790,0.47
408791,0.34
408792,0.39
408794,0.55
408797,0.4
408808,0.5
408830,0.46
408857,0.29
408863,0.35
408874,0.36
408880,0.37
408885,0.46
408890,0.47
408898,0.4
408902,0.3
408903,0.45
408905,0.45
408908,0.38
408911,0.36
408921,0.47
408932,0.36
408933,0.41
408935,0.37
408960,0.41
408968,0.37
408985,0.32
408986,0.27
408990,0.42
408993,0.47
409001,0.35
409003,0.38
409008,0.39
409010,0.41
409015,0.39
409017,0.41
409028,0.37
409034,0.43
409035,0.49
409041,0.37
409054,0.47
409057,0.37
409064,0.51
409065,0.47
409066,0.41
409068,0.29
409076,0.35
409080,0.42
409083,0.42
409084,0.37
409085,0.48
409088,0.42
409105,0.37
409121,0.37
409123,0.43
409133,0.44
409153,0.46
409156,0.31
409157,0.37
409158,0.37
409163,0.31
409167,0.41
409168,0.34
409169,0.4
409172,0.49
409173,0.51
409174,0.34
409175,0.41
409192,0.54
409193,0.42
409197,0.35
409204,0.37
409206,0.36
409208,0.31
409209,0.35
409212,0.39
409213,0.31
409214,0.41
409217,0.43
409218,0.38
409220,0.3
409221,0.43
409227,0.51
409228,0.41
409229,0.35
409230,0.42
409259,0.33
409261,0.37
409269,0.39
409277,0.33
409278,0.27
409285,0.5
409286,0.38
409287,0.41
409293,0.4
409297,0.44
409298,0.31
409299,0.34
409340,0.53
409377,0.33
409383,0.38
409384,0.37
409409,0.41
409412,0.34
409413,0.44
409414,0.51
409415,0.43
409423,0.3
409428,0.45
409429,0.37
409430,0.34
409431,0.48
409432,0.36
409433,0.43
409434,0.32
409442,0.44
409443,0.47
409446,0.3
409463,0.28
409482,0.33
409507,0.4
409508,0.34
409509,0.37
409514,0.4
409535,0.36
409536,0.47
409537,0.43
409538,0.38
409541,0.36
409542,0.36
409543,0.37
409545,0.41
409550,0.4
409551,0.38
409552,0.41
409553,0.46
409558,0.44
409563,0.41
409574,0.35
409607,0.38
409608,0.38
409628,0.37
409632,0.43
409633,0.4
409636,0.47
409676,0.4
409691,0.34
409694,0.45
409707,0.37
409723,0.53
409741,0.45
409743,0.41
409747,0.43
409773,0.37
409777,0.38
409778,0.42
409804,0.37
409805,0.38
409812,0.44
409817,0.45
409836,0.35
409846,0.34
409850,0.38
409852,0.37
409861,0.36
409864,0.37
409871,0.37
409891,0.33
409896,0.36
409917,0.41
409918,0.42
409923,0.47
409941,0.34
409949,0.44
409953,0.35
409958,0.35
409972,0.44
409979,0.39
409983,0.37
409984,0.37
409985,0.34
409986,0.4
409994,0.39
409999,0.32
410019,0.32
410024,0.32
410025,0.43
410039,0.39
410044,0.47
410045,0.33
410046,0.41
410047,0.36
410048,0.39
410065,0.37
410066,0.41
410073,0.39
410087,0.44
410089,0.39
410092,0.36
410093,0.49
410094,0.43
410095,0.43
410096,0.37
410101,0.42
410102,0.46
410103,0.35
410107,0.44
410110,0.47
410111,0.41
410112,0.43
410142,0.44
410143,0.41
410161,0.38
410162,0.41
410165,0.43
410166,0.42
410167,0.43
410184,0.44
410185,0.42
410186,0.43
410187,0.36
410223,0.42
410256,0.43
410257,0.44
410258,0.37
410259,0.37
410269,0.39
410270,0.44
410273,0.43
410274,0.43
410275,0.39
410276,0.33
410277,0.38
410295,0.43
410296,0.3
410297,0.39
410298,0.4
410300,0.52
410301,0.43
410302,0.5
410303,0.34
410304,0.44
410305,0.37
410306,0.47
410307,0.47
410308,0.38
410309,0.32
410316,0.36
410317,0.41
410358,0.38
410359,0.33
410360,0.42
410368,0.5
410369,0.39
410370,0.35
410372,0.38
410373,0.39
410378,0.46
410379,0.45
410380,0.42
410387,0.4
410388,0.52
410389,0.44
410390,0.38
410405,0.35
410411,0.39
410416,0.37
410418,0.42
410424,0.35
410429,0.45
410438,0.33
410442,0.31
410448,0.38
410456,0.49
410464,0.36
410467,0.39
410473,0.43
410476,0.39
410479,0.42
410499,0.4
410526,0.38
410528,0.31
410546,0.43
410564,0.53
410567,0.37
410571,0.39
410572,0.36
410573,0.38
410577,0.41
410581,0.47
410587,0.29
410588,0.3
410595,0.28
410602,0.35
410606,0.5
410616,0.37
410624,0.44
410626,0.37
410637,0.31
410660,0.47
410661,0.45
410663,0.36
410664,0.45
410669,0.41
410675,0.46
410679,0.36
410684,0.35
410689,0.35
410693,0.34
410697,0.47
410698,0.41
410699,0.33
410706,0.39
410710,0.45
410712,0.37
410716,0.43
410725,0.37
410735,0.34
410742,0.42
410745,0.34
410746,0.34
410751,0.45
410753,0.39
410759,0.28
410761,0.36
410770,0.41
410778,0.31
410784,0.34
410786,0.44
410789,0.42
410800,0.28
410811,0.37
410813,0.4
410821,0.48
410822,0.49
410879,0.48
410880,0.39
410900,0.43
410901,0.4
410908,0.55
410909,0.4
410910,0.28
410911,0.41
410912,0.44
410913,0.4
410914,0.49
410915,0.39
410916,0.46
410917,0.45
410918,0.37
410919,0.37
410922,0.43
410923,0.3
410940,0.52
410955,0.33
410956,0.43
410959,0.36
410960,0.31
410961,0.5
410962,0.41
410963,0.36
410964,0.27
410968,0.42
410970,0.44
410971,0.41
410972,0.45
410975,0.36
410994,0.49
410999,0.37
411011,0.34
411012,0.44
411014,0.4
411021,0.39
411022,0.46
411023,0.36
411024,0.5
411025,0.42
411026,0.4
411027,0.4
411028,0.44
411030,0.36
411031,0.28
411032,0.41
411033,0.35
411049,0.47
411050,0.43
411051,0.51
411052,0.43
411073,0.4
411074,0.37
411076,0.46
411080,0.47
411081,0.3
411082,0.28
411093,0.45
411094,0.51
411095,0.35
411099,0.33
411102,0.33
411103,0.36
411112,0.39
411114,0.38
411115,0.37
411116,0.34
411168,0.41
411169,0.37
411170,0.33
411189,0.38
411190,0.4
411195,0.45
411196,0.4
411197,0.35
411205,0.37
411206,0.42
411215,0.3
411216,0.4
411217,0.51
411218,0.36
411222,0.43
411238,0.44
411239,0.3
411240,0.43
411248,0.38
411274,0.37
411275,0.37
411293,0.4
411299,0.37
411300,0.32
411301,0.45
411302,0.44
411305,0.38
411309,0.35
411334,0.36
411343,0.44
411349,0.25
411360,0.48
411363,0.36
411364,0.35
411384,0.35
411402,0.36
411424,0.41
411425,0.27
411430,0.42
411432,0.35
411434,0.41
411447,0.34
411450,0.36
411452,0.35
411463,0.37
411467,0.45
411474,0.3
411478,0.37
411480,0.46
411481,0.4
411502,0.37
411509,0.38
411511,0.49
411515,0.38
411516,0.41
411532,0.33
411565,0.28
411570,0.3
411600,0.44
411608,0.38
411613,0.34
411614,0.38
411620,0.4
411634,0.27
411639,0.34
411645,0.36
411648,0.27
411660,0.41
411668,0.25
411672,0.38
411673,0.37
411674,0.48
411675,0.37
411676,0.4
411677,0.32
411715,0.38
411718,0.3
411719,0.37
411720,0.41
411730,0.43
411731,0.39
411740,0.39
411746,0.31
411748,0.42
411749,0.45
411752,0.36
411753,0.37
411754,0.29
411755,0.41
411767,0.4
411768,0.31
411819,0.32
411826,0.42
411827,0.3
411841,0.31
411842,0.38
411843,0.34
411844,0.37
411845,0.36
411846,0.4
411850,0.32
411852,0.32
411853,0.48
411854,0.36
411855,0.36
411856,0.47
411860,0.41
411883,0.36
411938,0.4
411939,0.47
411940,0.51
411957,0.48
411958,0.35
411959,0.36
411963,0.36
411969,0.38
411970,0.36
411971,0.36
411972,0.44
411973,0.42
411974,0.31
411975,0.35
411977,0.38
411978,0.45
411979,0.47
412004,0.44
412008,0.47
412009,0.47
412010,0.33
412030,0.3
412031,0.4
412032,0.4
412036,0.46
412038,0.38
412047,0.37
412049,0.5
412082,0.39
412092,0.43
412098,0.46
412101,0.43
412108,0.44
412111,0.31
412119,0.38
412128,0.37
412139,0.41
412152,0.44
412154,0.42
412178,0.44
412180,0.36
412193,0.37
412199,0.34
412204,0.42
412206,0.31
412207,0.52
412211,0.47
412220,0.39
412221,0.39
412229,0.42
412234,0.47
412235,0.44
412236,0.33
412251,0.32
412262,0.4
412270,0.47
412280,0.33
412289,0.43
412305,0.44
412310,0.41
412345,0.43
412348,0.37
412361,0.41
412367,0.39
412368,0.43
412370,0.43
412372,0.49
412377,0.44
412380,0.4
412382,0.33
412391,0.31
412393,0.41
412411,0.44
412412,0.48
412415,0.38
412416,0.44
412422,0.41
412428,0.37
412430,0.37
412436,0.54
412447,0.37
412451,0.38
412456,0.32
412470,0.43
412472,0.43
412478,0.38
412487,0.35
412490,0.41
412494,0.44
412516,0.32
412519,0.38
412525,0.33
412527,0.31
412528,0.46
412551,0.35
412552,0.33
412557,0.39
412558,0.45
412559,0.39
412561,0.36
412563,0.4
412564,0.44
412565,0.39
412593,0.47
412598,0.45
412602,0.42
412610,0.35
412611,0.5
412612,0.38
412613,0.48
412621,0.47
412622,0.37
412623,0.4
412624,0.46
412637,0.43
412638,0.42
412639,0.34
412640,0.43
412641,0.44
412642,0.4
412643,0.41
412644,0.42
412651,0.38
412667,0.44
412669,0.49
412686,0.44
412712,0.34
412713,0.45
412714,0.26
412715,0.37
412720,0.43
412728,0.35
412738,0.4
412739,0.51
412740,0.45
412741,0.43
412753,0.35
412754,0.34
412762,0.36
412764,0.36
412765,0.37
412775,0.41
412776,0.37
412777,0.29
412778,0.56
412800,0.35
412801,0.36
412802,0.42
412829,0.4
412854,0.42
412855,0.31
412861,0.44
412862,0.39
412863,0.23
412883,0.41
412884,0.31
412886,0.44
412898,0.28
412899,0.4
412900,0.43
412922,0.43
412941,0.26
412959,0.39
412967,0.32
412980,0.35
412997,0.31
413016,0.35
413017,0.43
413027,0.41
413034,0.39
413038,0.37
413054,0.35
413059,0.37
413065,0.34
413073,0.3
413075,0.48
413081,0.36
413089,0.36
413091,0.38
413094,0.42
413104,0.37
413107,0.46
413110,0.4
413113,0.44
413117,0.42
413124,0.43
413126,0.38
413137,0.39
413145,0.39
413146,0.31
413147,0.35
413150,0.37
413159,0.37
413160,0.39
413172,0.39
413179,0.35
413181,0.4
413185,0.39
413188,0.47
413197,0.35
413208,0.38
413215,0.47
413216,0.31
413219,0.37
413232,0.34
413237,0.44
413243,0.44
413249,0.46
413262,0.48
413263,0.37
413271,0.41
413274,0.49
413280,0.44
413296,0.38
413299,0.47
413303,0.47
413320,0.46
413324,0.5
413325,0.41
413335,0.38
413341,0.46
413342,0.44
413351,0.37
413352,0.32
413359,0.48
413373,0.34
413374,0.4
413375,0.39
413376,0.31
413377,0.29
413383,0.38
413384,0.37
413392,0.34
413393,0.34
413395,0.45
413424,0.45
413425,0.37
413457,0.42
413458,0.42
413459,0.4
413460,0.41
413465,0.41
413466,0.47
413467,0.49
413468,0.39
413475,0.38
413476,0.33
413477,0.33
413478,0.41
413479,0.37
413489,0.36
413491,0.43
413492,0.47
413493,0.42
413494,0.44
413495,0.4
413498,0.4
413499,0.42
413545,0.42
413549,0.36
413550,0.48
413551,0.37
413552,0.5
413553,0.51
413554,0.36
413558,0.46
413559,0.45
413562,0.49
413563,0.44
413564,0.41
413592,0.35
413593,0.36
413594,0.43
413595,0.37
413596,0.37
413597,0.45
413604,0.45
413605,0.36
413606,0.35
413607,0.39
413616,0.39
413617,0.44
413618,0.39
413625,0.38
413626,0.4
413627,0.38
413628,0.34
413629,0.42
413630,0.39
413631,0.37
413632,0.41
413633,0.35
413634,0.4
413635,0.48
413636,0.41
413644,0.39
413645,0.35
413646,0.46
413683,0.38
413685,0.4
413686,0.44
413690,0.36
413691,0.38
413692,0.43
413693,0.36
413694,0.37
413695,0.35
413696,0.5
413702,0.41
413707,0.37
413708,0.28
413709,0.5
413730,0.26
413731,0.43
413732,0.35
413733,0.37
413734,0.48
413736,0.44
413748,0.39
413749,0.4
413751,0.49
413752,0.42
413754,0.36
413755,0.42
413756,0.42
413757,0.36
413758,0.38
413759,0.43
413760,0.52
413764,0.32
413765,0.43
413766,0.34
413767,0.35
413768,0.47
413769,0.4
413770,0.38
413776,0.37
413777,0.37
413778,0.37
413797,0.32
413824,0.36
413828,0.38
413831,0.43
413834,0.37
413841,0.38
413848,0.43
413850,0.39
413851,0.4
413857,0.38
413860,0.3
413867,0.39
413868,0.42
413871,0.42
413878,0.39
413882,0.44
413885,0.34
413886,0.47
413892,0.42
413896,0.42
413897,0.42
413917,0.44
413921,0.4
413934,0.45
413941,0.28
413953,0.39
413958,0.4
413967,0.39
413971,0.37
413975,0.4
413978,0.43
413983,0.43
413984,0.31
413989,0.38
413992,0.37
414001,0.35
414002,0.34
414003,0.36
414007,0.48
414008,0.58
414016,0.41
414022,0.38
414026,0.41
414041,0.48
414042,0.39
414045,0.41
414047,0.39
414050,0.44
414061,0.42
414068,0.41
414076,0.38
414093,0.48
414102,0.22
414109,0.36
414117,0.55
414144,0.44
414149,0.46
414160,0.45
414166,0.5
414171,0.41
414172,0.35
414183,0.33
414186,0.42
414192,0.37
414194,0.49
414203,0.42
414206,0.33
414207,0.36
414229,0.4
414231,0.41
414248,0.39
414251,0.37
414252,0.48
414253,0.5
414254,0.44
414255,0.41
414262,0.45
414265,0.44
414266,0.5
414267,0.33
414269,0.38
414270,0.49
414271,0.3
414272,0.41
414273,0.44
414275,0.34
414323,0.46
414324,0.45
414328,0.46
414329,0.41
414333,0.38
414341,0.42
414357,0.27
414358,0.28
414359,0.43
414362,0.38
414363,0.31
414368,0.42
414372,0.43
414375,0.35
414376,0.38
414382,0.44
414383,0.42
414480,0.43
414481,0.46
414484,0.41
414485,0.3
414486,0.43
414487,0.41
414488,0.37
414489,0.42
414492,0.31
414493,0.4
414497,0.39
414501,0.37
414543,0.31
414544,0.38
414559,0.38
414560,0.39
414561,0.28
414573,0.43
414574,0.31
414575,0.47
414577,0.44
414584,0.47
414585,0.38
414586,0.39
414590,0.29
414591,0.33
414593,0.38
414597,0.41
414598,0.41
414621,0.38
414635,0.34
414639,0.44
414640,0.33
414648,0.36
414656,0.38
414659,0.4
414660,0.39
414663,0.38
414683,0.46
414691,0.49
414700,0.41
414705,0.38
414708,0.39
414711,0.33
414712,0.38
414716,0.42
414720,0.37
414733,0.35
414740,0.4
414748,0.38
414767,0.45
414771,0.5
414779,0.41
414785,0.43
414787,0.5
414793,0.35
414816,0.41
414830,0.46
414831,0.41
414859,0.42
414864,0.37
414867,0.42
414871,0.45
414879,0.32
414892,0.42
414895,0.31
414911,0.46
414915,0.5
414922,0.55
414939,0.41
414945,0.4
414960,0.41
414969,0.4
414973,0.37
414979,0.4
414985,0.39
414992,0.27
414996,0.31
415000,0.3
415001,0.34
415005,0.3
415024,0.47
415038,0.28
415041,0.38
415049,0.41
415055,0.41
415061,0.33
415064,0.43
415069,0.39
415070,0.37
415071,0.34
415072,0.3
415074,0.41
415078,0.3
415079,0.35
415080,0.41
415081,0.4
415082,0.38
415085,0.48
415086,0.35
415089,0.44
415090,0.44
415091,0.38
415092,0.44
415095,0.38
415100,0.41
415101,0.31
415102,0.46
415103,0.3
415104,0.38
415106,0.36
415107,0.51
415108,0.4
415109,0.47
415110,0.38
415111,0.44
415113,0.36
415114,0.35
415115,0.31
415116,0.35
415117,0.32
415118,0.41
415119,0.48
415120,0.47
415121,0.52
415122,0.31
415123,0.52
415124,0.52
415126,0.42
415152,0.39
415205,0.46
415209,0.32
415326,0.36
415409,0.46
415414,0.37
415430,0.38
415466,0.38
415467,0.36
415473,0.3
415474,0.33
415479,0.36
415480,0.35
415486,0.31
415488,0.44
415489,0.45
415490,0.36
415493,0.39
415494,0.4
415497,0.39
415498,0.44
415499,0.45
415505,0.36
415506,0.29
415509,0.33
415511,0.45
415514,0.48
415517,0.38
415519,0.32
415521,0.4
415522,0.37
415523,0.33
415525,0.41
415527,0.4
415529,0.37
415531,0.41
415533,0.35
415534,0.31
415536,0.42
415537,0.46
415539,0.35
415540,0.38
415541,0.46
415542,0.39
415543,0.44
415544,0.38
415545,0.41
415546,0.57
415547,0.37
415548,0.37
415549,0.46
415550,0.33
415652,0.36
415654,0.31
415686,0.48
415687,0.45
415695,0.45
415698,0.39
415701,0.43
415705,0.45
415707,0.35
415709,0.42
415712,0.29
415718,0.4
415724,0.34
415729,0.47
415730,0.45
415731,0.33
415733,0.49
415736,0.37
415737,0.42
415738,0.39
415741,0.29
415742,0.4
415743,0.53
415744,0.34
415745,0.42
415746,0.37
415747,0.38
415749,0.4
415750,0.42
415751,0.51
415752,0.29
415753,0.33
415754,0.38
415755,0.34
415756,0.44
415757,0.42
415850,0.43
415874,0.37
415930,0.36
415962,0.37
415994,0.33
415995,0.4
416088,0.35
416129,0.4
416228,0.34
416229,0.36
416239,0.41
416243,0.36
416245,0.35
416253,0.4
416263,0.39
416264,0.43
416265,0.42
416269,0.44
416272,0.39
416273,0.39
416274,0.4
416275,0.41
416276,0.38
416277,0.33
416278,0.35
416280,0.41
416283,0.36
416287,0.51
416288,0.39
416291,0.33
416292,0.33
416294,0.49
416295,0.39
416296,0.42
416300,0.43
416301,0.31
416302,0.44
416303,0.61
416305,0.46
416306,0.3
416307,0.45
416309,0.29
416310,0.59
416311,0.41
416312,0.38
416313,0.49
416314,0.48
416315,0.42
416316,0.45
416426,0.36
416435,0.36
416444,0.36
416477,0.4
416484,0.49
416488,0.28
416502,0.45
416542,0.45
416582,0.33
416647,0.42
416658,0.36
416659,0.42
416675,0.34
416676,0.44
416696,0.54
416721,0.4
416729,0.27
416743,0.4
416744,0.45
416761,0.44
416793,0.41
416826,0.38
416848,0.36
416850,0.45
416860,0.47
416861,0.39
416862,0.55
416865,0.39
416870,0.44
416871,0.36
416872,0.33
416874,0.41
416877,0.4
416879,0.36
416881,0.48
416882,0.45
416883,0.32
416884,0.52
416885,0.31
416886,0.41
416887,0.48
416888,0.5
416890,0.44
416893,0.41
416894,0.37
416895,0.51
416896,0.3
416897,0.39
416899,0.46
416900,0.37
416901,0.31
416902,0.36
416903,0.29
417043,0.37
417159,0.35
417182,0.28
417183,0.4
417187,0.37
417209,0.26
417226,0.35
417228,0.52
417232,0.33
417234,0.35
417241,0.38
417245,0.46
417246,0.32
417247,0.39
417250,0.42
417251,0.38
417253,0.4
417254,0.43
417255,0.37
417256,0.4
417257,0.28
417258,0.48
417259,0.33
417260,0.42
417261,0.36
417263,0.44
417264,0.36
417265,0.36
417266,0.4
417267,0.31
417268,0.36
417338,0.38
417342,0.4
417349,0.37
417382,0.29
417388,0.44
417389,0.42
417393,0.42
417395,0.33
417397,0.39
417398,0.45
417401,0.36
417403,0.48
417406,0.25
417407,0.42
417408,0.43
417409,0.42
417411,0.35
417412,0.4
417414,0.4
417416,0.4
417417,0.32
417420,0.36
417421,0.46
417422,0.44
417423,0.32
417426,0.33
417427,0.38
417428,0.26
417429,0.38
417430,0.45
417431,0.36
417432,0.45
417433,0.31
417435,0.42
417436,0.36
417438,0.41
417439,0.36
417440,0.47
417441,0.35
417442,0.49
417443,0.4
417444,0.28
417445,0.4
417446,0.46
417447,0.42
417448,0.3
417449,0.41
417450,0.38
417451,0.45
417452,0.32
417453,0.47
417454,0.31
417455,0.48
417456,0.45
417457,0.36
417513,0.38
417544,0.46
417555,0.45
417567,0.29
417612,0.37
417625,0.4
417626,0.42
417627,0.4
417648,0.39
417735,0.35
417736,0.36
417749,0.45
417778,0.29
417863,0.36
417893,0.34
417895,0.37
417903,0.48
417910,0.33
417915,0.46
417925,0.31
417927,0.37
417940,0.39
417949,0.32
417950,0.28
417952,0.37
417956,0.35
417969,0.38
417970,0.35
417974,0.54
417975,0.35
417976,0.29
417980,0.36
417982,0.4
417983,0.25
417987,0.35
417988,0.32
417989,0.39
417990,0.43
417993,0.51
417994,0.4
417995,0.35
417996,0.37
417997,0.39
417998,0.47
417999,0.33
418000,0.45
418001,0.44
418002,0.41
418003,0.43
418004,0.4
418005,0.46
418006,0.34
418009,0.43
418011,0.35
418012,0.33
418013,0.34
418014,0.44
418015,0.44
418029,0.41
418030,0.37
418132,0.33
418217,0.55
418222,0.38
418237,0.39
418272,0.46
418343,0.39
418344,0.42
418345,0.47
418386,0.44
418387,0.43
418402,0.41
418436,0.33
418456,0.43
418458,0.35
418460,0.5
418487,0.41
418514,0.39
418519,0.41
418532,0.4
418539,0.39
418549,0.43
418555,0.35
418556,0.39
418558,0.46
418559,0.35
418562,0.34
418568,0.37
418576,0.38
418578,0.36
418580,0.43
418581,0.28
418582,0.41
418584,0.45
418585,0.29
418587,0.45
418591,0.37
418592,0.31
418593,0.42
418595,0.31
418596,0.37
418597,0.37
418598,0.49
418599,0.43
418600,0.33
418601,0.42
418602,0.42
418603,0.38
418604,0.4
418606,0.38
418607,0.35
418608,0.36
418609,0.5
418610,0.38
418611,0.5
418612,0.44
418613,0.4
418614,0.26
418615,0.42
418616,0.44
418618,0.37
418651,0.39
418652,0.44
418653,0.45
418658,0.39
418692,0.38
418749,0.44
418820,0.39
418843,0.44
418863,0.32
418915,0.48
418938,0.35
418957,0.41
419024,0.41
419061,0.43
419063,0.48
419076,0.39
419093,0.29
419131,0.41
419132,0.35
419138,0.34
419139,0.34
419141,0.27
419142,0.33
419143,0.4
419145,0.45
419149,0.39
419151,0.41
419152,0.34
419153,0.43
419154,0.48
419155,0.45
419156,0.29
419157,0.53
419158,0.51
419159,0.34
419162,0.36
419163,0.35
419165,0.5
419168,0.35
419169,0.41
419170,0.39
419171,0.44
419172,0.34
419173,0.41
419174,0.37
419175,0.47
419176,0.5
419177,0.43
419178,0.39
419270,0.45
419305,0.4
419330,0.45
419485,0.45
419491,0.47
419499,0.43
419513,0.44
419514,0.48
419535,0.27
419538,0.42
419582,0.39
419601,0.38
419611,0.37
419644,0.45
419648,0.37
419649,0.29
419656,0.28
419671,0.36
419677,0.36
419685,0.37
419688,0.36
419689,0.37
419690,0.41
419691,0.39
419698,0.37
419699,0.29
419701,0.48
419703,0.48
419704,0.45
419705,0.44
419746,0.36
419750,0.4
419767,0.32
419775,0.37
419783,0.46
419787,0.45
419788,0.52
419790,0.45
419791,0.34
419792,0.28
419794,0.38
419795,0.44
419797,0.38
419798,0.37
419799,0.35
419804,0.37
419805,0.39
419806,0.41
419808,0.43
419810,0.49
419811,0.33
419812,0.44
419815,0.47
419816,0.37
419817,0.38
419818,0.36
419820,0.31
419821,0.35
419824,0.32
419825,0.29
419826,0.46
419827,0.31
419828,0.43
419829,0.43
419830,0.39
419831,0.39
419832,0.35
419833,0.4
419834,0.39
419835,0.37
419836,0.4
419837,0.41
419838,0.46
419839,0.38
419840,0.47
419841,0.33
419842,0.42
419843,0.39
419913,0.46
419916,0.42
419955,0.42
419956,0.39
419992,0.43
420150,0.34
420160,0.28
420190,0.47
420195,0.29
420204,0.29
420207,0.47
420210,0.43
420214,0.43
420218,0.39
420219,0.4
420220,0.41
420242,0.37
420249,0.4
420254,0.4
420255,0.32
420258,0.43
420260,0.45
420263,0.52
420265,0.32
420271,0.45
420273,0.42
420274,0.39
420275,0.45
420277,0.39
420278,0.4
420279,0.3
420280,0.52
420281,0.4
420283,0.48
420284,0.4
420285,0.48
420286,0.31
420287,0.45
420288,0.43
420290,0.49
420291,0.37
420293,0.41
420294,0.38
420295,0.39
420296,0.36
420297,0.47
420298,0.3
420299,0.48
420300,0.38
420344,0.41
420345,0.38
420347,0.4
420348,0.54
420349,0.38
420350,0.42
420351,0.43
420352,0.31
420353,0.41
420354,0.43
420355,0.39
420356,0.5
420357,0.34
420358,0.42
420359,0.41
420360,0.31
420361,0.41
420362,0.43
420363,0.34
420364,0.38
420365,0.4
420366,0.43
420383,0.44
420436,0.51
420446,0.37
420554,0.43
420565,0.35
420569,0.43
420573,0.49
420574,0.33
420587,0.4
420589,0.38
420593,0.5
420594,0.32
420595,0.45
420598,0.39
420601,0.37
420602,0.52
420603,0.49
420607,0.46
420611,0.46
420613,0.33
420614,0.38
420615,0.48
420616,0.44
420617,0.35
420618,0.26
420619,0.35
420620,0.44
420621,0.4
420622,0.43
420623,0.46
420624,0.39
420625,0.42
420626,0.48
420627,0.4
420628,0.45
420629,0.34
420631,0.39
420633,0.38
420634,0.39
420635,0.49
420636,0.38
420637,0.49
420662,0.47
420727,0.35
420728,0.45
420733,0.42
420787,0.28
420789,0.38
420792,0.36
420797,0.46
420814,0.28
420833,0.43
420839,0.35
420841,0.44
420843,0.39
420844,0.43
420847,0.4
420849,0.35
420851,0.41
420853,0.43
420854,0.36
420855,0.49
420856,0.41
420857,0.4
420858,0.4
420859,0.33
420860,0.42
420861,0.41
420862,0.44
420863,0.37
420864,0.52
420866,0.39
420867,0.27
420868,0.39
420869,0.31
420870,0.4
420871,0.33
420872,0.53
420873,0.37
420874,0.39
420875,0.54
420876,0.45
420878,0.39
420879,0.41
420880,0.37
420881,0.47
420882,0.36
420883,0.46
420884,0.37
420885,0.27
420886,0.36
420887,0.49
420888,0.4
420905,0.32
421015,0.37
421200,0.41
421269,0.3
421272,0.36
421290,0.44
421323,0.45
421342,0.36
421349,0.35
421355,0.3
421356,0.36
421363,0.44
421365,0.44
421381,0.41
421383,0.39
421386,0.39
421394,0.38
421395,0.33
421399,0.39
421431,0.47
421467,0.47
421554,0.39
421557,0.3
421558,0.53
421562,0.54
421614,0.41
421690,0.39
421758,0.46
421776,0.45
421827,0.57
421828,0.4
421829,0.25
421848,0.5
421862,0.4
421863,0.46
421868,0.32
421884,0.47
421921,0.54
421924,0.52
421958,0.42
421961,0.44
421964,0.27
421968,0.4
421974,0.4
421975,0.34
421977,0.38
421978,0.42
421979,0.33
421980,0.4
421982,0.37
421985,0.48
421986,0.35
421987,0.31
421988,0.42
421989,0.31
421990,0.37
421991,0.41
421993,0.41
421994,0.32
421996,0.38
421997,0.45
421998,0.38
421999,0.46
422000,0.44
422001,0.32
422002,0.44
422004,0.38
422005,0.47
422007,0.39
422008,0.34
422010,0.36
422011,0.45
422012,0.38
422014,0.4
422015,0.41
422016,0.25
422017,0.43
422018,0.37
422019,0.3
422039,0.33
422041,0.37
422042,0.37
422043,0.37
422044,0.35
422045,0.3
422047,0.52
422048,0.49
422049,0.51
422050,0.47
422051,0.31
422053,0.54
422054,0.35
422055,0.29
422056,0.33
422057,0.44
422058,0.32
422059,0.42
422060,0.33
422063,0.4
422064,0.43
422065,0.45
422066,0.37
422067,0.45
422068,0.36
422069,0.38
422070,0.53
422071,0.37
422072,0.33
422074,0.38
422152,0.43
422210,0.41
422227,0.39
422308,0.47
422339,0.38
422368,0.49
422391,0.43
422407,0.44
422485,0.33
422491,0.41
422506,0.33
422508,0.4
422512,0.32
422513,0.41
422514,0.43
422518,0.39
422519,0.43
422523,0.41
422524,0.5
422525,0.38
422526,0.41
422527,0.3
422531,0.46
422533,0.36
422534,0.28
422536,0.38
422537,0.43
422538,0.4
422540,0.35
422541,0.32
422543,0.55
422544,0.39
422545,0.43
422546,0.36
422547,0.43
422548,0.39
422549,0.44
422550,0.38
422551,0.5
422552,0.37
422553,0.29
422554,0.4
422555,0.51
422556,0.36
422639,0.43
422667,0.4
422734,0.34
422748,0.33
422749,0.36
422796,0.38
422810,0.42
422839,0.36
422850,0.38
422891,0.3
422940,0.38
422962,0.36
422964,0.44
423009,0.43
423022,0.39
423041,0.38
423046,0.44
423052,0.35
423055,0.37
423061,0.38
423075,0.39
423076,0.37
423077,0.35
423081,0.36
423083,0.36
423087,0.38
423089,0.38
423091,0.31
423098,0.39
423105,0.47
423106,0.35
423107,0.49
423114,0.37
423116,0.45
423120,0.31
423121,0.4
423125,0.41
423132,0.35
423133,0.31
423134,0.42
423135,0.41
423137,0.34
423138,0.34
423139,0.38
423140,0.43
423141,0.46
423143,0.43
423144,0.35
423145,0.45
423146,0.41
423147,0.42
423148,0.27
423149,0.29
423150,0.37
423151,0.4
423152,0.45
423153,0.47
423154,0.33
423155,0.46
423156,0.35
423157,0.37
423158,0.45
423159,0.41
423228,0.4
423237,0.3
423386,0.42
423416,0.52
423417,0.46
423489,0.41
423503,0.42
423522,0.4
423571,0.53
423574,0.42
423580,0.34
423621,0.4
423622,0.38
423624,0.47
423629,0.41
423631,0.41
423648,0.32
423651,0.39
423652,0.42
423658,0.46
423663,0.37
423664,0.25
423665,0.48
423668,0.35
423670,0.4
423671,0.44
423672,0.41
423679,0.39
423681,0.43
423687,0.41
423688,0.44
423690,0.41
423691,0.44
423693,0.38
423696,0.42
423698,0.42
423699,0.44
423700,0.33
423701,0.47
423702,0.47
423703,0.44
423704,0.42
423706,0.45
423707,0.36
423708,0.35
423709,0.42
423710,0.38
423711,0.35
423712,0.27
423713,0.33
423714,0.51
423715,0.48
423717,0.33
423718,0.4
423719,0.36
423720,0.41
423721,0.42
423722,0.31
423723,0.38
423724,0.33
423726,0.36
423730,0.26
423734,0.35
423735,0.29
423736,0.54
423737,0.37
423738,0.5
423739,0.46
423740,0.34
423741,0.44
423742,0.35
423743,0.34
423746,0.42
423747,0.42
423748,0.32
423749,0.41
423750,0.39
423751,0.37
423752,0.39
423753,0.35
423754,0.47
423755,0.4
423756,0.45
423800,0.43
423894,0.39
423938,0.51
423939,0.44
423940,0.42
423947,0.46
423957,0.45
423959,0.37
423966,0.44
423968,0.28
423972,0.42
423978,0.39
423979,0.43
423982,0.44
423983,0.38
423986,0.34
423990,0.41
423993,0.34
423994,0.37
423996,0.46
423998,0.49
423999,0.38
424000,0.47
424001,0.4
424002,0.41
424003,0.44
424004,0.38
424005,0.31
424006,0.44
424007,0.24
424008,0.42
424009,0.44
424010,0.41
424011,0.43
424012,0.4
424013,0.39
424014,0.4
424015,0.36
424016,0.44
424161,0.43
424189,0.47
424192,0.3
424198,0.47
424202,0.43
424203,0.43
424207,0.45
424208,0.36
424211,0.37
424214,0.37
424215,0.34
424216,0.44
424220,0.35
424222,0.46
424223,0.44
424232,0.42
424234,0.39
424235,0.39
424236,0.41
424241,0.35
424244,0.34
424245,0.48
424246,0.46
424248,0.44
424249,0.34
424251,0.42
424252,0.31
424253,0.33
424254,0.39
424255,0.53
424256,0.33
424257,0.44
424258,0.39
424259,0.4
424260,0.37
424261,0.36
424262,0.39
424264,0.41
424265,0.41
424266,0.44
424267,0.39
424268,0.34
424270,0.43
424271,0.46
424272,0.46
424273,0.39
424274,0.46
424275,0.48
424320,0.43
424354,0.5
424359,0.32
424360,0.35
424361,0.37
424362,0.37
424363,0.44
424364,0.35
424365,0.43
424491,0.43
424576,0.46
424639,0.43
424640,0.48
424653,0.37
424672,0.41
424708,0.39
424724,0.39
424725,0.34
424734,0.44
424755,0.29
424758,0.4
424765,0.47
424770,0.41
424773,0.44
424780,0.42
424784,0.33
424791,0.44
424797,0.49
424800,0.4
424807,0.44
424809,0.34
424812,0.41
424813,0.35
424816,0.29
424817,0.43
424820,0.35
424822,0.27
424823,0.53
424825,0.38
424826,0.49
424827,0.45
424828,0.33
424830,0.31
424831,0.35
424832,0.44
424833,0.52
424834,0.56
424835,0.43
424836,0.34
424837,0.54
424838,0.4
424839,0.48
424840,0.39
424841,0.47
424843,0.33
424845,0.39
424846,0.41
424847,0.33
424848,0.37
424849,0.4
424850,0.45
424851,0.3
424852,0.37
424853,0.39
424854,0.42
424856,0.46
424857,0.33
424947,0.44
425037,0.47
425039,0.41
425096,0.44
425107,0.34
425156,0.35
425191,0.34
425192,0.41
425230,0.36
425231,0.38
425237,0.39
425281,0.46
425301,0.3
425306,0.34
425312,0.49
425313,0.33
425317,0.33
425326,0.43
425330,0.41
425336,0.43
425338,0.45
425343,0.43
425345,0.5
425360,0.34
425364,0.37
425368,0.46
425369,0.43
425371,0.38
425372,0.35
425373,0.49
425374,0.41
425376,0.36
425379,0.36
425380,0.28
425381,0.28
425382,0.37
425383,0.3
425384,0.34
425385,0.34
425388,0.45
425389,0.33
425390,0.35
425391,0.39
425392,0.38
425394,0.37
425395,0.35
425396,0.36
425397,0.4
425398,0.42
425399,0.32
425400,0.43
425403,0.34
425404,0.49
425405,0.46
425406,0.36
425407,0.4
425408,0.35
425409,0.43
425411,0.37
425412,0.37
425413,0.47
425414,0.28
425415,0.38
425416,0.36
425418,0.4
425419,0.37
425423,0.46
425424,0.4
425425,0.53
425426,0.37
425429,0.3
425430,0.39
425431,0.4
425432,0.42
425433,0.38
425434,0.38
425435,0.46
425437,0.45
425438,0.34
425439,0.42
425440,0.34
425441,0.41
425442,0.48
425444,0.44
425446,0.38
425447,0.45
425448,0.48
425449,0.4
425450,0.45
425451,0.45
425453,0.41
425454,0.36
425455,0.39
425456,0.44
425457,0.4
425458,0.34
425459,0.44
425460,0.33
425461,0.39
425462,0.41
425511,0.4
425601,0.38
425810,0.37
425824,0.34
425830,0.5
425835,0.46
425838,0.41
425865,0.42
425877,0.46
425904,0.36
425905,0.36
425906,0.51
425909,0.53
425911,0.43
425913,0.51
425923,0.41
425932,0.38
425938,0.31
425939,0.41
425943,0.39
425944,0.37
425945,0.32
425946,0.34
425948,0.41
425950,0.37
425952,0.45
425954,0.47
425955,0.5
425957,0.34
425958,0.35
425959,0.4
425960,0.32
425961,0.32
425962,0.37
425964,0.43
425965,0.42
425966,0.35
425967,0.43
425968,0.55
425969,0.47
425970,0.41
425971,0.44
425972,0.34
425976,0.39
426050,0.39
426051,0.46
426052,0.42
426053,0.41
426124,0.36
426132,0.21
426154,0.43
426192,0.36
426235,0.37
426297,0.39
426387,0.32
426396,0.45
426436,0.48
426437,0.36
426460,0.39
426466,0.43
426469,0.38
426510,0.28
426617,0.45
426630,0.38
426631,0.44
426650,0.38
426688,0.31
426691,0.29
426855,0.4
426873,0.47
426890,0.51
426891,0.44
426895,0.41
426928,0.46
426929,0.46
426955,0.36
426957,0.38
427007,0.3
427009,0.39
427021,0.45
427023,0.37
427032,0.37
427036,0.48
427040,0.33
427041,0.51
427042,0.38
427044,0.38
427048,0.31
427050,0.42
427054,0.36
427057,0.44
427058,0.38
427059,0.39
427060,0.39
427062,0.42
427063,0.45
427064,0.39
427065,0.4
427067,0.3
427069,0.49
427070,0.43
427071,0.42
427072,0.32
427073,0.42
427074,0.37
427075,0.36
427076,0.48
427077,0.33
427078,0.41
427079,0.42
427080,0.44
427081,0.36
427082,0.56
427088,0.39
427109,0.38
427110,0.32
427111,0.44
427114,0.49
427115,0.43
427120,0.39
427121,0.3
427122,0.48
427125,0.33
427126,0.37
427127,0.25
427128,0.33
427129,0.42
427130,0.43
427131,0.4
427132,0.37
427133,0.37
427134,0.4
427135,0.39
427137,0.33
427138,0.28
427139,0.44
427140,0.51
427142,0.39
427143,0.39
427144,0.32
427145,0.43
427146,0.35
427147,0.39
427148,0.39
427149,0.36
427150,0.38
427151,0.38
427152,0.37
427153,0.31
427154,0.43
427155,0.41
427156,0.36
427157,0.49
427158,0.32
427159,0.44
427160,0.44
427161,0.32
427162,0.44
427163,0.41
427164,0.43
427165,0.46
427254,0.38
427263,0.43
427324,0.46
427330,0.43
427379,0.36
427465,0.4
427485,0.36
427489,0.41
427505,0.38
427567,0.45
427575,0.37
427578,0.41
427589,0.45
427612,0.32
427615,0.4
427618,0.5
427620,0.46
427622,0.41
427627,0.34
427628,0.46
427632,0.48
427634,0.28
427635,0.44
427637,0.42
427639,0.33
427640,0.49
427641,0.37
427642,0.41
427643,0.39
427645,0.3
427646,0.37
427647,0.41
427649,0.37
427650,0.45
427652,0.44
427653,0.39
427654,0.39
427655,0.46
427656,0.48
427657,0.4
427658,0.46
427659,0.41
427660,0.34
427661,0.5
427662,0.41
427663,0.35
427664,0.4
427665,0.33
427666,0.28
427667,0.44
427668,0.37
427669,0.41
427671,0.42
427672,0.49
427673,0.48
427676,0.38
427677,0.41
427703,0.48
427738,0.46
427809,0.49
427881,0.39
427949,0.49
427985,0.5
428047,0.38
428054,0.49
428080,0.38
428143,0.31
428162,0.44
428166,0.35
428187,0.5
428188,0.33
428189,0.34
428195,0.39
428196,0.41
428198,0.33
428200,0.33
428201,0.4
428204,0.48
428206,0.38
428207,0.42
428208,0.45
428210,0.31
428211,0.36
428212,0.36
428213,0.47
428215,0.27
428217,0.4
428218,0.51
428219,0.47
428220,0.38
428222,0.46
428223,0.39
428224,0.39
428225,0.4
428227,0.37
428228,0.4
428229,0.41
428230,0.42
428231,0.34
428232,0.4
428233,0.37
428234,0.44
428235,0.41
428236,0.43
428237,0.4
428238,0.33
428240,0.39
428241,0.43
428242,0.35
428243,0.39
428244,0.49
428311,0.37
428312,0.36
428313,0.42
428314,0.51
428409,0.37
428416,0.38
428423,0.43
428424,0.38
428463,0.48
428485,0.43
428517,0.46
428518,0.45
428561,0.45
428565,0.28
428590,0.4
428597,0.33
428614,0.24
428616,0.44
428621,0.44
428626,0.39
428629,0.31
428636,0.5
428647,0.33
428654,0.4
428659,0.31
428686,0.38
428690,0.39
428701,0.45
428708,0.38
428714,0.35
428722,0.35
428729,0.4
428745,0.37
428751,0.43
428757,0.43
428764,0.46
428774,0.47
428778,0.35
428783,0.31
428789,0.34
428797,0.43
428799,0.29
428801,0.46
428804,0.36
428806,0.34
428813,0.41
428816,0.34
428821,0.35
428832,0.45
428839,0.39
428842,0.48
428850,0.36
428859,0.38
428871,0.37
428907,0.43
428913,0.46
428920,0.44
428924,0.55
428928,0.38
428930,0.48
428933,0.47
428938,0.29
428944,0.41
428948,0.41
428963,0.39
428975,0.41
428979,0.44
428982,0.45
428984,0.47
428987,0.33
429015,0.41
429018,0.4
429028,0.32
429035,0.41
429037,0.27
429042,0.39
429055,0.46
429066,0.39
429067,0.41
429069,0.4
429077,0.46
429078,0.39
429083,0.39
429091,0.37
429093,0.29
429094,0.36
429103,0.4
429109,0.37
429121,0.45
429129,0.37
429134,0.36
429138,0.42
429164,0.38
429173,0.36
429182,0.48
429190,0.33
429199,0.38
429219,0.4
429224,0.34
429226,0.39
429230,0.43
429239,0.37
429243,0.4
429256,0.42
429266,0.45
429269,0.43
429294,0.33
429295,0.43
429297,0.46
429299,0.37
429302,0.35
429305,0.35
429308,0.42
429314,0.41
429318,0.33
429348,0.38
429356,0.54
429359,0.35
429372,0.42
429373,0.51
429384,0.4
429385,0.41
429398,0.45
429405,0.33
429407,0.41
429408,0.38
429412,0.47
429414,0.4
429415,0.41
429421,0.47
429422,0.44
429430,0.56
429432,0.45
429440,0.38
429442,0.46
429451,0.48
429459,0.43
429469,0.43
429471,0.27
429482,0.42
429483,0.35
429491,0.43
429493,0.41
429496,0.38
429498,0.35
429501,0.42
429502,0.33
429508,0.52
429509,0.34
429511,0.5
429528,0.46
429531,0.39
429539,0.38
429549,0.43
429555,0.58
429557,0.38
429567,0.38
429570,0.4
429576,0.47
429590,0.5
429591,0.46
429597,0.38
429600,0.41
429602,0.37
429604,0.37
429623,0.36
429625,0.38
429626,0.34
429628,0.39
429634,0.42
429637,0.4
429666,0.39
429667,0.42
429670,0.37
429673,0.4
429678,0.39
429693,0.46
429702,0.49
429708,0.37
429737,0.4
429739,0.39
429740,0.42
429750,0.45
429770,0.38
429774,0.36
429777,0.39
429780,0.31
429809,0.52
429810,0.33
429831,0.4
429835,0.41
429838,0.39
429846,0.34
429851,0.32
429852,0.45
429856,0.41
429857,0.43
429866,0.32
429871,0.43
429873,0.57
429879,0.46
429882,0.36
429885,0.4
429890,0.4
429897,0.4
429933,0.46
429936,0.46
429948,0.36
429952,0.52
429967,0.33
429982,0.33
429989,0.45
430000,0.46
430003,0.42
430011,0.38
430019,0.49
430035,0.44
430042,0.51
430047,0.38
430048,0.41
430059,0.38
430060,0.41
430077,0.35
430080,0.37
430083,0.35
430086,0.37
430090,0.43
430103,0.48
430107,0.33
430114,0.31
430116,0.42
430124,0.38
430129,0.34
430132,0.34
430146,0.35
430155,0.46
430156,0.39
430160,0.49
430168,0.43
430170,0.33
430176,0.41
430177,0.38
430186,0.43
430187,0.38
430195,0.34
430198,0.43
430204,0.39
430210,0.34
430211,0.38
430213,0.38
430216,0.37
430217,0.42
430227,0.54
430253,0.34
430266,0.33
430274,0.41
430280,0.29
430300,0.43
430301,0.44
430309,0.48
430313,0.48
430316,0.44
430319,0.39
430332,0.49
430346,0.36
430357,0.42
430359,0.25
430368,0.41
430376,0.32
430383,0.35
430389,0.41
430393,0.47
430394,0.41
430404,0.38
430405,0.42
430407,0.48
430433,0.33
430445,0.32
430446,0.44
430451,0.37
430452,0.42
430459,0.42
430466,0.39
430467,0.32
430473,0.4
430477,0.43
430483,0.39
430512,0.33
430521,0.38
430524,0.35
430529,0.4
430533,0.42
430536,0.35
430538,0.36
430540,0.41
430548,0.36
430549,0.35
430550,0.33
430566,0.39
430574,0.46
430576,0.42
430582,0.4
430585,0.38
430625,0.41
430627,0.37
430629,0.36
430637,0.37
430639,0.37
430641,0.41
430656,0.38
430659,0.39
430661,0.41
430671,0.37
430672,0.38
430673,0.47
430674,0.37
430676,0.44
430691,0.44
430698,0.4
430699,0.38
430708,0.44
430719,0.41
430726,0.41
430728,0.45
430730,0.45
430731,0.38
430732,0.35
430738,0.41
430770,0.38
430782,0.37
430785,0.36
430786,0.34
430806,0.41
430818,0.42
430819,0.39
430820,0.46
430835,0.5
430836,0.39
430837,0.39
430838,0.46
430839,0.4
430847,0.35
430853,0.28
430856,0.34
430876,0.34
430886,0.48
430887,0.31
430889,0.38
430927,0.34
430931,0.43
430939,0.43
430942,0.39
430949,0.38
430957,0.44
430960,0.46
430961,0.35
430962,0.46
430973,0.34
430975,0.36
430976,0.32
430981,0.4
430992,0.48
431007,0.39
431010,0.38
431013,0.38
431023,0.36
431027,0.37
431044,0.29
431056,0.48
431058,0.45
431065,0.36
431077,0.33
431080,0.41
431082,0.34
431088,0.5
431095,0.41
431100,0.45
431106,0.49
431107,0.4
431110,0.49
431114,0.31
431138,0.38
431144,0.42
431162,0.4
431170,0.47
431171,0.33
431176,0.42
431203,0.41
431211,0.28
431212,0.29
431215,0.39
431238,0.48
431241,0.46
431244,0.49
431254,0.32
431263,0.42
431278,0.38
431285,0.38
431286,0.52
431298,0.45
431305,0.34
431315,0.46
431323,0.3
431325,0.38
431334,0.32
431358,0.44
431372,0.35
431373,0.37
431374,0.45
431377,0.4
431386,0.35
431388,0.41
431395,0.35
431396,0.42
431413,0.31
431416,0.45
431418,0.45
431431,0.37
431444,0.36
431449,0.37
431467,0.28
431469,0.24
431479,0.44
431480,0.39
431481,0.43
431488,0.4
431492,0.54
431496,0.45
431497,0.34
431508,0.41
431511,0.4
431517,0.46
431520,0.38
431538,0.41
431540,0.38
431543,0.47
431545,0.39
431560,0.39
431561,0.37
431584,0.44
431591,0.46
431593,0.37
431625,0.41
431630,0.37
431633,0.38
431635,0.41
431649,0.37
431650,0.45
431651,0.44
431652,0.39
431667,0.32
431668,0.4
431672,0.49
431675,0.44
431680,0.42
431682,0.45
431683,0.41
431693,0.37
431697,0.41
431726,0.56
431731,0.41
431732,0.3
431744,0.38
431750,0.38
431755,0.41
431756,0.39
431757,0.53
431765,0.38
431766,0.32
431768,0.5
431770,0.32
431773,0.35
431775,0.31
431777,0.4
431778,0.46
431801,0.48
431807,0.41
431810,0.34
431815,0.38
431816,0.44
431823,0.4
431831,0.41
431837,0.3
431841,0.33
431845,0.42
431854,0.43
431857,0.42
431865,0.34
431866,0.58
431867,0.31
431869,0.39
431889,0.36
431899,0.46
431903,0.56
431909,0.38
431914,0.38
431916,0.4
431918,0.45
431931,0.39
431940,0.29
431948,0.43
431962,0.42
431965,0.4
431974,0.44
431976,0.32
431987,0.42
431988,0.47
431995,0.45
431999,0.35
432003,0.44
432005,0.32
432009,0.52
432011,0.44
432022,0.44
432028,0.37
432030,0.36
432037,0.39
432065,0.44
432070,0.41
432075,0.33
432078,0.36
432080,0.43
432085,0.39
432092,0.44
432111,0.41
432112,0.32
432115,0.33
432117,0.39
432118,0.37
432129,0.43
432132,0.41
432133,0.33
432145,0.38
432146,0.44
432148,0.42
432156,0.33
432167,0.3
432169,0.38
432188,0.4
432192,0.45
432221,0.37
432226,0.42
432231,0.37
432247,0.4
432252,0.36
432254,0.38
432263,0.39
432265,0.37
432271,0.39
432280,0.42
432282,0.37
432284,0.43
432291,0.51
432296,0.28
432298,0.45
432301,0.42
432309,0.39
432312,0.44
432320,0.41
432324,0.38
432330,0.38
432339,0.32
432356,0.49
432357,0.42
432362,0.37
432365,0.36
432366,0.48
432370,0.28
432377,0.43
432384,0.35
432391,0.41
432405,0.42
432406,0.47
432414,0.46
432415,0.4
432417,0.38
432419,0.26
432424,0.44
432425,0.38
432432,0.41
432438,0.38
432441,0.49
432444,0.43
432446,0.42
432452,0.41
432454,0.48
432473,0.4
432482,0.35
432489,0.41
432492,0.36
432495,0.39
432501,0.49
432507,0.38
432509,0.37
432510,0.42
432522,0.37
432525,0.44
432526,0.46
432527,0.39
432532,0.4
432535,0.38
432544,0.37
432547,0.4
432551,0.4
432553,0.36
432555,0.42
432560,0.4
432569,0.45
432577,0.32
432585,0.42
432590,0.34
432591,0.41
432594,0.42
432607,0.37
432608,0.46
432609,0.47
432612,0.46
432613,0.33
432616,0.31
432618,0.4
432622,0.52
432626,0.26
432639,0.3
432640,0.46
432642,0.4
432648,0.36
432653,0.51
432661,0.39
432668,0.21
432682,0.45
432686,0.35
432693,0.45
432695,0.47
432696,0.38
432698,0.4
432699,0.36
432702,0.41
432707,0.39
432712,0.29
432719,0.34
432724,0.32
432728,0.4
432737,0.49
432745,0.44
432746,0.35
432749,0.35
432752,0.35
432758,0.53
432769,0.46
432770,0.25
432771,0.45
432788,0.36
432804,0.36
432807,0.48
432830,0.38
432831,0.37
432842,0.39
432849,0.51
432876,0.38
432886,0.43
432888,0.41
432897,0.4
432918,0.34
432919,0.39
432920,0.41
432921,0.44
432930,0.38
432932,0.41
432943,0.35
432944,0.35
432951,0.46
432952,0.47
432965,0.44
432969,0.36
432981,0.38
432985,0.36
432986,0.42
432988,0.38
432991,0.38
432992,0.39
433002,0.38
433018,0.38
433019,0.42
433021,0.34
433024,0.31
433031,0.36
433035,0.39
433047,0.46
433050,0.39
433051,0.42
433055,0.43
433058,0.36
433069,0.39
433079,0.43
433098,0.46
433099,0.44
433104,0.35
433112,0.4
433117,0.33
433119,0.37
433130,0.38
433132,0.52
433158,0.46
433159,0.33
433162,0.35
433166,0.36
433169,0.46
433173,0.38
433174,0.39
433183,0.43
433184,0.43
433198,0.45
433205,0.49
433221,0.41
433271,0.37
433274,0.31
433276,0.46
433281,0.43
433283,0.44
433296,0.33
433300,0.49
433304,0.41
433308,0.43
433312,0.43
433313,0.28
433319,0.35
433332,0.48
433342,0.29
433343,0.36
433344,0.44
433345,0.37
433347,0.42
433350,0.5
433355,0.42
433356,0.36
433359,0.42
433361,0.39
433363,0.4
433370,0.43
433371,0.34
433374,0.49
433384,0.37
433390,0.43
433392,0.36
433396,0.48
433403,0.34
433405,0.34
433408,0.36
433410,0.46
433411,0.43
433424,0.45
433431,0.39
433432,0.39
433440,0.5
433441,0.39
433451,0.4
433452,0.42
433459,0.43
433463,0.44
433464,0.49
433470,0.44
433480,0.48
433482,0.41
433485,0.4
433494,0.4
433495,0.37
433496,0.31
433505,0.36
433509,0.36
433515,0.33
433518,0.41
433519,0.51
433527,0.4
433532,0.45
433535,0.42
433539,0.45
433561,0.36
433564,0.52
433566,0.48
433574,0.39
433575,0.35
433584,0.44
433591,0.46
433596,0.46
433598,0.44
433602,0.35
433606,0.33
433611,0.38
433617,0.32
433620,0.46
433628,0.52
433631,0.35
433651,0.39
433653,0.41
433657,0.47
433661,0.42
433662,0.39
433663,0.42
433668,0.44
433670,0.48
433680,0.47
433686,0.37
433709,0.42
433725,0.37
433731,0.38
433735,0.38
433745,0.36
433748,0.32
433754,0.43
433762,0.34
433766,0.33
433767,0.31
433779,0.44
433783,0.33
433785,0.35
433789,0.39
433794,0.43
433799,0.36
433800,0.39
433804,0.34
433816,0.39
433820,0.39
433829,0.29
433837,0.46
433840,0.37
433842,0.37
433849,0.34
433853,0.39
433862,0.23
433872,0.41
433882,0.49
433892,0.33
433896,0.33
433906,0.36
433913,0.35
433914,0.31
433957,0.4
433958,0.33
433965,0.36
433976,0.46
433984,0.38
433995,0.37
433996,0.32
434006,0.4
434007,0.45
434009,0.45
434019,0.33
434024,0.42
434026,0.48
434027,0.34
434034,0.35
434036,0.37
434037,0.38
434046,0.47
434050,0.36
434051,0.34
434052,0.32
434055,0.34
434061,0.42
434064,0.39
434108,0.46
434109,0.44
434121,0.32
434122,0.42
434140,0.44
434151,0.47
434156,0.29
434157,0.34
434160,0.4
434164,0.31
434167,0.31
434169,0.41
434173,0.3
434176,0.38
434177,0.36
434179,0.38
434180,0.4
434183,0.38
434192,0.44
434205,0.46
434209,0.47
434212,0.41
434214,0.42
434216,0.36
434222,0.49
434223,0.52
434224,0.39
434259,0.41
434261,0.42
434263,0.42
434264,0.47
434282,0.4
434283,0.38
434293,0.39
434317,0.32
434322,0.41
434326,0.42
434327,0.4
434328,0.46
434336,0.54
434340,0.41
434342,0.39
434350,0.49
434355,0.36
434375,0.36
434387,0.48
434390,0.29
434391,0.39
434408,0.4
434410,0.37
434423,0.44
434439,0.39
434442,0.4
434445,0.38
434448,0.48
434460,0.39
434465,0.41
434467,0.48
434468,0.42
434501,0.5
434504,0.3
434505,0.33
434507,0.45
434514,0.42
434535,0.28
434538,0.5
434542,0.38
434545,0.41
434554,0.44
434556,0.4
434568,0.41
434569,0.41
434571,0.43
434574,0.39
434579,0.44
434599,0.49
434604,0.4
434606,0.39
434607,0.48
434608,0.33
434610,0.36
434615,0.37
434616,0.5
434619,0.47
434658,0.49
434669,0.3
434675,0.4
434678,0.41
434680,0.42
434690,0.43
434698,0.35
434702,0.42
434704,0.35
434722,0.33
434727,0.48
434730,0.4
434735,0.43
434739,0.44
434765,0.33
434767,0.4
434784,0.29
434787,0.48
434788,0.43
434789,0.37
434790,0.38
434791,0.43
434802,0.39
434806,0.45
434807,0.39
434808,0.45
434815,0.44
434816,0.34
434817,0.5
434818,0.5
434830,0.39
434918,0.41
434920,0.48
434921,0.4
434922,0.43
434937,0.38
434948,0.41
434949,0.37
434952,0.27
434954,0.43
434957,0.42
434968,0.45
434974,0.46
434982,0.35
434986,0.46
434993,0.28
434995,0.41
435005,0.52
435013,0.31
435027,0.32
435034,0.54
435056,0.4
435060,0.37
435062,0.37
435068,0.38
435069,0.28
435071,0.42
435079,0.37
435086,0.42
435092,0.37
435099,0.44
435100,0.49
435108,0.39
435118,0.34
435120,0.38
435129,0.37
435132,0.46
435138,0.35
435139,0.37
435142,0.51
435147,0.42
435148,0.41
435151,0.33
435153,0.36
435154,0.44
435164,0.39
435173,0.36
435174,0.4
435179,0.47
435199,0.34
435202,0.39
435203,0.39
435214,0.42
435217,0.44
435222,0.42
435229,0.52
435239,0.44
435248,0.36
435259,0.36
435260,0.35
435263,0.47
435264,0.33
435267,0.44
435274,0.48
435286,0.35
435296,0.33
435308,0.35
435328,0.49
435333,0.4
435363,0.47
435366,0.34
435375,0.4
435378,0.29
435400,0.4
435408,0.35
435409,0.33
435415,0.37
435419,0.42
435422,0.4
435428,0.41
435432,0.46
435434,0.41
435435,0.46
435440,0.32
435455,0.54
435464,0.44
435470,0.29
435475,0.45
435478,0.33
435480,0.35
435482,0.35
435490,0.39
435507,0.49
435509,0.44
435510,0.36
435519,0.34
435527,0.34
435533,0.37
435534,0.3
435535,0.5
435536,0.44
435540,0.31
435551,0.47
435562,0.45
435564,0.29
435585,0.42
435590,0.35
435609,0.33
435610,0.39
435611,0.24
435623,0.34
435681,0.36
435682,0.43
435683,0.41
435704,0.35
435711,0.44
435713,0.37
435714,0.36
435716,0.34
435717,0.43
435718,0.56
435719,0.51
435741,0.35
435765,0.47
435766,0.4
435767,0.44
435773,0.42
435802,0.41
435806,0.46
435807,0.31
435809,0.34
435811,0.39
435816,0.37
435823,0.42
435835,0.6
435848,0.28
435849,0.46
435858,0.42
435870,0.41
435874,0.31
435890,0.44
435892,0.39
435911,0.43
435915,0.46
435924,0.4
435937,0.36
435943,0.41
435958,0.39
435962,0.44
435965,0.35
435968,0.37
435997,0.35
435998,0.34
435999,0.42
436009,0.37
436021,0.36
436022,0.44
436026,0.29
436032,0.38
436037,0.55
436049,0.34
436058,0.38
436059,0.37
436062,0.43
436068,0.35
436079,0.44
436082,0.29
436083,0.43
436093,0.43
436098,0.47
436113,0.27
436127,0.49
436148,0.43
436152,0.45
436159,0.44
436165,0.34
436170,0.43
436174,0.34
436176,0.37
436183,0.35
436194,0.34
436196,0.5
436204,0.36
436207,0.43
436210,0.36
436219,0.37
436227,0.48
436230,0.4
436233,0.43
436235,0.39
436250,0.32
436260,0.33
436285,0.33
436291,0.41
436304,0.43
436307,0.46
436308,0.42
436311,0.41
436314,0.37
436322,0.48
436323,0.41
436339,0.41
436350,0.43
436358,0.52
436359,0.35
436363,0.43
436365,0.46
436369,0.39
436377,0.35
436378,0.36
436387,0.36
436394,0.47
436397,0.35
436399,0.43
436401,0.51
436404,0.38
436421,0.37
436422,0.45
436426,0.36
436430,0.36
436464,0.47
436471,0.35
436476,0.39
436478,0.52
436486,0.4
436497,0.42
436508,0.4
436509,0.4
436510,0.33
436511,0.47
436528,0.42
436531,0.31
436534,0.42
436535,0.39
436536,0.44
436537,0.32
436560,0.33
436562,0.44
436563,0.45
436564,0.38
436598,0.41
436599,0.38
436600,0.35
436637,0.36
436674,0.38
436706,0.35
436721,0.43
436722,0.35
436735,0.36
436747,0.4
436748,0.38
436750,0.38
436757,0.45
436767,0.5
436771,0.4
436781,0.43
436786,0.43
436799,0.43
436807,0.46
436812,0.41
436821,0.4
436835,0.4
436836,0.42
436846,0.4
436874,0.44
436880,0.39
436882,0.5
436885,0.33
436893,0.44
436894,0.36
436896,0.37
436902,0.39
436918,0.37
436921,0.4
436935,0.44
436955,0.34
436961,0.3
436963,0.29
436964,0.41
436970,0.31
436975,0.37
437005,0.4
437014,0.42
437020,0.32
437043,0.34
437045,0.31
437070,0.46
437078,0.36
437095,0.47
437097,0.41
437123,0.32
437127,0.44
437128,0.36
437130,0.37
437147,0.47
437156,0.34
437157,0.35
437160,0.43
437161,0.33
437169,0.37
437189,0.37
437196,0.28
437198,0.39
437200,0.4
437206,0.42
437211,0.37
437215,0.46
437218,0.35
437226,0.28
437229,0.49
437235,0.32
437244,0.35
437245,0.42
437246,0.45
437264,0.41
437266,0.35
437268,0.29
437269,0.44
437273,0.36
437275,0.49
437276,0.4
437302,0.41
437304,0.37
437305,0.36
437306,0.43
437334,0.35
437335,0.33
437336,0.45
437338,0.47
437343,0.48
437356,0.52
437357,0.35
437358,0.41
437359,0.36
437360,0.41
437393,0.37
437397,0.42
437403,0.34
437409,0.37
437426,0.36
437430,0.4
437446,0.41
437459,0.35
437461,0.3
437462,0.43
437463,0.39
437475,0.41
437478,0.38
437480,0.42
437482,0.46
437486,0.34
437491,0.37
437492,0.35
437493,0.4
437496,0.46
437510,0.36
437515,0.32
437516,0.34
437519,0.39
437522,0.28
437524,0.38
437532,0.37
437538,0.4
437546,0.33
437551,0.39
437553,0.44
437556,0.45
437573,0.48
437575,0.4
437584,0.39
437591,0.49
437592,0.46
437595,0.53
437602,0.32
437610,0.38
437611,0.3
437621,0.38
437622,0.42
437624,0.35
437630,0.5
437631,0.39
437636,0.41
437666,0.44
437672,0.45
437676,0.47
437687,0.44
437689,0.39
437706,0.39
437712,0.44
437735,0.39
437757,0.43
437763,0.45
437790,0.43
437791,0.44
437795,0.45
437803,0.28
437810,0.4
437811,0.42
437813,0.41
437820,0.4
437823,0.37
437832,0.38
437841,0.4
437852,0.4
437858,0.51
437862,0.43
437892,0.38
437896,0.34
437903,0.42
437905,0.42
437911,0.44
437913,0.34
437918,0.3
437922,0.44
437933,0.47
437936,0.36
437945,0.43
437966,0.37
437967,0.46
437972,0.41
437977,0.43
437984,0.44
437996,0.37
437997,0.36
437999,0.41
438001,0.36
438004,0.5
438007,0.42
438029,0.39
438031,0.45
438034,0.36
438038,0.45
438054,0.38
438058,0.39
438064,0.44
438065,0.42
438074,0.28
438084,0.44
438088,0.4
438089,0.39
438090,0.27
438117,0.38
438118,0.41
438151,0.44
438152,0.36
438153,0.4
438154,0.45
438167,0.36
438187,0.51
438192,0.44
438195,0.4
438196,0.31
438220,0.33
438223,0.36
438229,0.32
438256,0.47
438258,0.39
438260,0.34
438264,0.32
438273,0.36
438306,0.48
438307,0.36
438308,0.32
438309,0.36
438310,0.35
438341,0.46
438348,0.35
438349,0.34
438364,0.34
438368,0.34
438380,0.5
438382,0.34
438402,0.31
438404,0.37
438408,0.38
438410,0.41
438429,0.4
438434,0.4
438435,0.3
438437,0.38
438438,0.44
438444,0.34
438471,0.28
438506,0.36
438521,0.51
438524,0.42
438525,0.37
438534,0.31
438541,0.49
438546,0.45
438547,0.45
438564,0.34
438568,0.41
438570,0.38
438578,0.41
438582,0.38
438587,0.4
438604,0.48
438620,0.37
438621,0.37
438624,0.3
438634,0.49
438644,0.34
438645,0.42
438651,0.36
438659,0.33
438660,0.28
438662,0.41
438668,0.42
438673,0.49
438677,0.48
438683,0.42
438687,0.45
438700,0.41
438713,0.43
438714,0.36
438715,0.38
438717,0.39
438721,0.57
438738,0.3
438749,0.32
438750,0.37
438756,0.5
438771,0.34
438777,0.42
438781,0.38
438783,0.43
438786,0.43
438792,0.37
438802,0.38
438808,0.41
438814,0.44
438829,0.4
438846,0.34
438851,0.38
438856,0.46
438858,0.42
438861,0.31
438862,0.45
438876,0.39
438880,0.37
438891,0.39
438896,0.36
438898,0.41
438904,0.4
438908,0.41
438921,0.48
438923,0.44
438929,0.47
438942,0.45
438950,0.44
438979,0.42
438994,0.45
438995,0.45
438996,0.48
439002,0.46
439013,0.38
439015,0.37
439017,0.43
439029,0.45
439047,0.34
439048,0.36
439049,0.43
439050,0.54
439061,0.39
439065,0.35
439069,0.37
439070,0.45
439071,0.34
439072,0.42
439073,0.34
439076,0.36
439077,0.48
439078,0.34
439089,0.41
439095,0.43
439113,0.43
439122,0.37
439127,0.38
439153,0.33
439154,0.41
439157,0.39
439197,0.52
439205,0.5
439207,0.38
439209,0.43
439213,0.38
439218,0.43
439222,0.44
439229,0.3
439233,0.44
439235,0.4
439236,0.45
439239,0.41
439248,0.51
439255,0.49
439265,0.36
439266,0.46
439268,0.45
439270,0.39
439276,0.55
439285,0.34
439294,0.33
439296,0.49
439299,0.4
439310,0.35
439319,0.41
439320,0.34
439325,0.39
439327,0.47
439328,0.3
439334,0.38
439335,0.3
439339,0.38
439343,0.44
439353,0.34
439356,0.46
439374,0.33
439391,0.52
439400,0.42
439405,0.34
439413,0.42
439448,0.4
439451,0.39
439455,0.35
439468,0.35
439472,0.45
439473,0.34
439477,0.44
439483,0.39
439484,0.39
439501,0.39
439505,0.52
439512,0.36
439515,0.38
439525,0.37
439535,0.52
439539,0.31
439548,0.41
439549,0.43
439550,0.41
439551,0.33
439558,0.3
439562,0.38
439566,0.43
439571,0.5
439587,0.35
439591,0.43
439595,0.41
439611,0.35
439614,0.42
439618,0.37
439620,0.32
439626,0.39
439633,0.36
439657,0.44
439660,0.52
439661,0.29
439666,0.4
439673,0.33
439675,0.47
439705,0.38
439707,0.38
439720,0.54
439727,0.36
439733,0.49
439736,0.35
439737,0.41
439746,0.52
439755,0.55
439763,0.41
439765,0.29
439766,0.32
439768,0.41
439774,0.42
439779,0.42
439781,0.34
439784,0.45
439808,0.39
439816,0.4
439818,0.36
439820,0.41
439824,0.29
439830,0.37
439839,0.33
439841,0.48
439845,0.45
439874,0.36
439875,0.4
439879,0.38
439882,0.36
439883,0.4
439900,0.38
439901,0.33
439906,0.38
439909,0.38
439911,0.42
439914,0.38
439936,0.36
439937,0.46
439945,0.35
439950,0.36
439955,0.43
439956,0.43
439971,0.47
439977,0.43
439984,0.46
439985,0.52
439990,0.37
439994,0.37
440003,0.44
440030,0.36
440042,0.42
440048,0.35
440054,0.45
440073,0.45
440074,0.41
440080,0.31
440082,0.35
440085,0.4
440088,0.38
440091,0.32
440100,0.41
440103,0.41
440113,0.43
440119,0.36
440127,0.32
440130,0.4
440131,0.42
440135,0.46
440139,0.4
440147,0.34
440156,0.43
440158,0.39
440162,0.49
440163,0.39
440176,0.39
440181,0.37
440191,0.45
440192,0.46
440215,0.34
440219,0.39
440222,0.35
440238,0.39
440239,0.45
440244,0.49
440245,0.36
440252,0.36
440266,0.44
440267,0.37
440281,0.4
440283,0.42
440292,0.41
440307,0.44
440309,0.44
440313,0.31
440315,0.35
440320,0.39
440332,0.41
440336,0.43
440338,0.32
440342,0.39
440350,0.43
440352,0.4
440356,0.38
440359,0.44
440384,0.43
440395,0.35
440396,0.33
440397,0.35
440401,0.38
440408,0.43
440411,0.42
440425,0.36
440439,0.4
440451,0.46
440460,0.4
440463,0.35
440473,0.34
440479,0.4
440497,0.5
440506,0.42
440509,0.42
440518,0.35
440528,0.4
440536,0.42
440543,0.32
440561,0.47
440562,0.47
440566,0.39
440572,0.39
440574,0.32
440585,0.37
440592,0.33
440601,0.38
440606,0.38
440632,0.48
440643,0.46
440653,0.33
440669,0.41
440682,0.4
440691,0.32
440701,0.39
440706,0.37
440708,0.47
440714,0.55
440721,0.46
440723,0.4
440750,0.36
440759,0.45
440773,0.4
440792,0.44
440793,0.41
440798,0.4
440804,0.37
440819,0.38
440827,0.41
440851,0.35
440861,0.4
440862,0.36
440868,0.46
440874,0.48
440877,0.48
440883,0.34
440884,0.3
440886,0.41
440900,0.35
440902,0.35
440904,0.47
440910,0.48
440913,0.42
440915,0.43
440923,0.41
440924,0.45
440927,0.27
440936,0.38
440968,0.38
440973,0.31
440975,0.37
440979,0.45
440986,0.45
440987,0.36
440995,0.42
440998,0.44
441000,0.38
441004,0.38
441007,0.64
441014,0.37
441026,0.4
441032,0.45
441042,0.38
441051,0.39
441060,0.36
441061,0.41
441081,0.41
441082,0.35
441085,0.49
441087,0.45
441089,0.42
441091,0.31
441095,0.39
441114,0.38
441128,0.34
441138,0.47
441154,0.53
441156,0.52
441157,0.53
441175,0.46
441183,0.4
441189,0.43
441207,0.35
441209,0.42
441217,0.42
441228,0.46
441229,0.23
441239,0.42
441244,0.39
441256,0.44
441275,0.5
441278,0.4
441284,0.36
441288,0.44
441293,0.34
441294,0.43
441297,0.47
441298,0.39
441304,0.38
441316,0.48
441318,0.41
441351,0.39
441354,0.47
441363,0.38
441373,0.4
441375,0.35
441382,0.43
441385,0.35
441388,0.3
441392,0.44
441402,0.4
441413,0.4
441417,0.4
441427,0.46
441437,0.5
441453,0.4
441458,0.38
441459,0.4
441463,0.36
441466,0.38
441475,0.34
441479,0.34
441497,0.49
441501,0.4
441509,0.34
441513,0.36
441546,0.35
441547,0.35
441563,0.5
441565,0.39
441567,0.49
441576,0.38
441577,0.34
441578,0.42
441597,0.41
441607,0.37
441609,0.46
441611,0.32
441613,0.53
441622,0.43
441637,0.34
441638,0.37
441652,0.35
441660,0.5
441667,0.37
441671,0.36
441672,0.4
441675,0.43
441679,0.31
441700,0.33
441701,0.36
441711,0.33
441725,0.31
441732,0.39
441741,0.47
441743,0.36
441761,0.38
441763,0.38
441766,0.44
441778,0.45
441780,0.44
441782,0.54
441785,0.44
441796,0.4
441808,0.51
441809,0.52
441811,0.31
441825,0.39
441828,0.27
441835,0.43
441860,0.29
441865,0.51
441871,0.26
441874,0.34
441876,0.47
441885,0.39
441896,0.44
441908,0.38
441913,0.34
441921,0.42
441926,0.29
441936,0.52
441941,0.34
441947,0.38
441957,0.45
441961,0.42
441969,0.37
441979,0.47
441986,0.43
441987,0.37
441996,0.47
441997,0.38
441998,0.49
442001,0.38
442002,0.36
442003,0.5
442010,0.43
442013,0.38
442015,0.45
442026,0.36
442030,0.39
442032,0.42
442033,0.44
442039,0.3
442049,0.47
442054,0.29
442060,0.43
442065,0.4
442067,0.38
442074,0.43
442076,0.38
442080,0.46
442085,0.36
442093,0.51
442100,0.45
442123,0.47
442124,0.46
442128,0.51
442149,0.39
442151,0.42
442157,0.4
442158,0.36
442159,0.32
442161,0.45
442179,0.44
442187,0.48
442190,0.42
442195,0.44
442199,0.35
442233,0.45
442234,0.34
442235,0.42
442250,0.34
442256,0.29
442258,0.38
442264,0.36
442280,0.44
442288,0.41
442290,0.39
442293,0.44
442299,0.45
442303,0.39
442306,0.34
442308,0.29
442312,0.46
442315,0.39
442320,0.36
442321,0.41
442328,0.36
442331,0.45
442359,0.4
442361,0.36
442366,0.5
442368,0.37
442372,0.39
442378,0.41
442392,0.27
442393,0.47
442399,0.34
442401,0.41
442404,0.44
442405,0.45
442438,0.47
442442,0.38
442451,0.51
442452,0.44
442458,0.37
442461,0.37
442464,0.5
442468,0.36
442479,0.36
442484,0.52
442504,0.37
442505,0.33
442513,0.36
442520,0.29
442527,0.34
442539,0.37
442540,0.55
442541,0.46
442555,0.42
442577,0.49
442586,0.48
442588,0.38
442613,0.39
442616,0.42
442622,0.34
442626,0.33
442627,0.4
442641,0.28
442647,0.45
442653,0.38
442656,0.39
442662,0.38
442672,0.43
442682,0.42
442684,0.46
442685,0.51
442698,0.4
442709,0.39
442716,0.36
442718,0.51
442723,0.52
442724,0.4
442737,0.49
442742,0.32
442743,0.44
442746,0.47
442766,0.37
442767,0.4
442769,0.4
442792,0.31
442797,0.43
442799,0.3
442804,0.41
442807,0.38
442816,0.41
442819,0.39
442826,0.48
442831,0.49
442846,0.41
442854,0.36
442861,0.34
442862,0.54
442870,0.53
442875,0.41
442890,0.4
442891,0.35
442896,0.41
442897,0.39
442902,0.31
442903,0.47
442905,0.33
442915,0.4
442937,0.41
442947,0.39
442949,0.4
442954,0.37
442972,0.36
443012,0.5
443018,0.45
443029,0.38
443031,0.43
443033,0.37
443035,0.42
443039,0.4
443040,0.38
443051,0.46
443062,0.33
443069,0.49
443080,0.45
443081,0.39
443090,0.45
443092,0.28
443106,0.39
443119,0.45
443134,0.37
443161,0.36
443170,0.42
443177,0.38
443189,0.36
443193,0.36
443199,0.42
443212,0.35
443226,0.46
443230,0.32
443239,0.36
443241,0.31
443244,0.31
443249,0.41
443253,0.32
443262,0.47
443264,0.5
443266,0.34
443274,0.45
443283,0.33
443295,0.45
443304,0.48
443313,0.42
443317,0.38
443324,0.38
443339,0.41
443344,0.42
443345,0.39
443352,0.3
443355,0.32
443356,0.41
443360,0.47
443364,0.41
443368,0.38
443375,0.42
443380,0.37
443391,0.4
443392,0.44
443397,0.39
443403,0.38
443406,0.39
443420,0.41
443431,0.32
443441,0.48
443456,0.29
443457,0.39
443459,0.41
443460,0.38
443471,0.36
443474,0.33
443486,0.39
443487,0.36
443490,0.27
443492,0.42
443495,0.41
443505,0.45
443512,0.42
443555,0.29
443576,0.39
443582,0.34
443583,0.37
443585,0.38
443588,0.48
443592,0.33
443596,0.42
443597,0.41
443606,0.42
443607,0.39
443608,0.35
443611,0.33
443612,0.36
443618,0.47
443623,0.48
443632,0.41
443633,0.41
443634,0.42
443637,0.29
443638,0.4
443669,0.38
443672,0.44
443685,0.5
443686,0.36
443694,0.44
443695,0.29
443697,0.37
443700,0.51
443734,0.33
443738,0.47
443742,0.36
443759,0.32
443760,0.37
443770,0.4
443776,0.36
443788,0.36
443791,0.49
443792,0.43
443803,0.52
443808,0.45
443832,0.35
443842,0.37
443847,0.37
443853,0.38
443854,0.41
443868,0.33
443873,0.41
443879,0.39
443883,0.49
443891,0.44
443908,0.51
443910,0.44
443918,0.42
443927,0.37
443935,0.4
443965,0.43
443974,0.36
443984,0.29
443986,0.33
443991,0.42
443996,0.38
444008,0.33
444014,0.28
444015,0.35
444016,0.35
444018,0.34
444053,0.43
444058,0.32
444065,0.28
444069,0.41
444082,0.39
444087,0.39
444089,0.5
444093,0.45
444104,0.4
444113,0.33
444118,0.49
444122,0.36
444123,0.42
444128,0.42
444136,0.42
444152,0.45
444155,0.46
444182,0.31
444183,0.37
444185,0.45
444213,0.45
444229,0.41
444231,0.46
444234,0.48
444240,0.38
444249,0.38
444265,0.32
444268,0.45
444271,0.47
444278,0.44
444279,0.36
444283,0.47
444285,0.39
444291,0.49
444297,0.36
444313,0.39
444318,0.36
444322,0.37
444333,0.35
444334,0.43
444359,0.38
444367,0.54
444369,0.4
444370,0.43
444376,0.4
444384,0.33
444387,0.35
444406,0.37
444409,0.39
444412,0.32
444418,0.37
444420,0.37
444424,0.31
444429,0.39
444432,0.4
444434,0.3
444440,0.44
444444,0.37
444450,0.38
444456,0.4
444457,0.31
444461,0.45
444504,0.41
444515,0.39
444516,0.42
444517,0.37
444519,0.31
444540,0.34
444573,0.34
444581,0.33
444582,0.38
444602,0.45
444605,0.4
444611,0.37
444614,0.43
444622,0.51
444624,0.39
444625,0.39
444639,0.37
444658,0.42
444673,0.41
444696,0.44
444719,0.34
444729,0.4
444737,0.35
444743,0.39
444758,0.44
444764,0.41
444780,0.47
444789,0.48
444795,0.41
444811,0.39
444814,0.34
444825,0.34
444831,0.37
444832,0.4
444835,0.4
444840,0.52
444841,0.53
444842,0.5
444846,0.34
444849,0.46
444867,0.28
444876,0.39
444893,0.44
444896,0.4
444897,0.48
444907,0.45
444908,0.46
444932,0.38
444933,0.38
444936,0.39
444941,0.42
444942,0.48
444950,0.35
444956,0.34
444965,0.42
444966,0.33
444970,0.39
444971,0.47
444978,0.43
444982,0.39
444984,0.34
444986,0.25
445001,0.36
445016,0.39
445027,0.36
445029,0.35
445032,0.36
445037,0.42
445043,0.4
445044,0.42
445047,0.41
445052,0.45
445073,0.39
445075,0.27
445076,0.37
445092,0.32
445095,0.53
445106,0.41
445110,0.44
445123,0.32
445124,0.42
445141,0.43
445151,0.37
445160,0.28
445161,0.43
445164,0.39
445165,0.43
445169,0.48
445175,0.35
445178,0.35
445182,0.51
445183,0.44
445192,0.38
445193,0.48
445200,0.44
445202,0.42
445203,0.39
445207,0.39
445245,0.44
445256,0.4
445282,0.37
445294,0.35
445300,0.31
445316,0.4
445331,0.44
445332,0.34
445343,0.38
445345,0.36
445346,0.39
445354,0.46
445355,0.37
445356,0.44
445366,0.42
445369,0.42
445390,0.4
445392,0.36
445398,0.27
445401,0.38
445417,0.28
445427,0.41
445465,0.42
445469,0.38
445472,0.35
445475,0.39
445483,0.39
445484,0.39
445493,0.37
445496,0.39
445504,0.34
445505,0.39
445507,0.39
445531,0.49
445536,0.31
445544,0.42
445559,0.41
445580,0.41
445589,0.46
445591,0.29
445595,0.38
445601,0.44
445612,0.34
445639,0.37
445656,0.41
445666,0.4
445682,0.42
445686,0.36
445700,0.34
445713,0.46
445716,0.27
445725,0.42
445728,0.38
445731,0.31
445742,0.29
445743,0.49
445755,0.32
445766,0.52
445781,0.5
445798,0.43
445799,0.37
445801,0.52
445810,0.45
445813,0.44
445822,0.35
445824,0.48
445826,0.43
445828,0.37
445829,0.43
445838,0.47
445840,0.35
445845,0.48
445847,0.44
445849,0.42
445852,0.46
445853,0.43
445856,0.36
445863,0.45
445864,0.45
445871,0.35
445907,0.44
445908,0.39
445917,0.47
445919,0.37
445925,0.36
445930,0.31
445938,0.41
445943,0.42
445946,0.38
445948,0.4
445970,0.35
445972,0.2
445974,0.46
445976,0.39
445979,0.38
445993,0.32
446001,0.39
446004,0.5
446025,0.36
446026,0.39
446046,0.38
446048,0.39
446055,0.39
446064,0.38
446068,0.47
446078,0.49
446094,0.43
446096,0.47
446120,0.36
446131,0.4
446139,0.54
446157,0.41
446179,0.53
446180,0.49
446186,0.41
446189,0.51
446200,0.36
446208,0.43
446210,0.42
446214,0.36
446226,0.5
446229,0.37
446237,0.5
446247,0.29
446256,0.34
446273,0.45
446286,0.48
446296,0.37
446302,0.46
446310,0.39
446315,0.44
446319,0.43
446320,0.3
446322,0.38
446356,0.38
446374,0.47
446375,0.37
446406,0.37
446407,0.35
446426,0.4
446428,0.45
446431,0.46
446433,0.39
446437,0.43
446441,0.38
446452,0.43
446464,0.35
446466,0.32
446468,0.44
446469,0.37
446472,0.47
446476,0.5
446478,0.4
446485,0.48
446499,0.35
446503,0.24
446504,0.37
446509,0.4
446512,0.34
446525,0.35
446534,0.46
446535,0.38
446543,0.41
446546,0.35
446550,0.45
446555,0.46
446560,0.38
446564,0.34
446572,0.39
446593,0.39
446616,0.39
446617,0.42
446625,0.36
446626,0.42
446631,0.5
446643,0.43
446647,0.4
446652,0.37
446655,0.5
446657,0.48
446663,0.4
446665,0.38
446676,0.34
446684,0.39
446694,0.37
446699,0.36
446702,0.39
446713,0.51
446720,0.35
446724,0.45
446728,0.45
446730,0.36
446738,0.46
446742,0.36
446743,0.35
446744,0.42
446750,0.47
446759,0.33
446760,0.49
446772,0.33
446786,0.37
446799,0.37
446800,0.41
446803,0.4
446812,0.51
446813,0.44
446815,0.31
446816,0.32
446832,0.42
446845,0.38
446846,0.32
446847,0.42
446850,0.41
446851,0.39
446855,0.44
446856,0.37
446867,0.38
446877,0.37
446880,0.43
446885,0.47
446892,0.35
446905,0.53
446909,0.46
446924,0.39
446935,0.38
446944,0.38
446945,0.34
446949,0.36
446952,0.37
446957,0.34
446961,0.35
446979,0.34
446980,0.48
446987,0.47
446991,0.32
447001,0.35
447013,0.38
447014,0.27
447023,0.44
447062,0.42
447072,0.52
447082,0.44
447084,0.42
447087,0.41
447092,0.41
447106,0.37
447107,0.5
447112,0.35
447147,0.49
447160,0.4
447176,0.46
447184,0.52
447188,0.47
447190,0.42
447191,0.39
447198,0.39
447199,0.4
447200,0.43
447202,0.32
447209,0.42
447210,0.47
447228,0.42
447230,0.37
447235,0.43
447246,0.47
447248,0.39
447263,0.42
447265,0.33
447272,0.34
447285,0.35
447293,0.43
447305,0.49
447312,0.47
447326,0.43
447327,0.34
447361,0.37
447367,0.39
447381,0.43
447387,0.47
447390,0.48
447391,0.49
447416,0.45
447419,0.47
447420,0.35
447422,0.34
447425,0.37
447444,0.44
447458,0.35
447460,0.39
447467,0.35
447479,0.4
447482,0.4
447496,0.32
447504,0.35
447507,0.37
447519,0.41
447522,0.46
447528,0.41
447529,0.47
447532,0.33
447540,0.4
447543,0.46
447546,0.41
447554,0.41
447571,0.46
447575,0.3
447591,0.4
447599,0.34
447600,0.4
447601,0.39
447606,0.35
447607,0.41
447618,0.42
447621,0.34
447633,0.47
447638,0.41
447642,0.34
447644,0.42
447654,0.39
447670,0.4
447671,0.37
447672,0.44
447674,0.41
447676,0.42
447692,0.43
447696,0.39
447698,0.35
447704,0.39
447705,0.42
447708,0.38
447709,0.43
447715,0.4
447727,0.45
447736,0.42
447742,0.46
447743,0.47
447745,0.4
447748,0.43
447751,0.47
447752,0.41
447796,0.31
447810,0.39
447812,0.41
447814,0.49
447815,0.4
447816,0.45
447817,0.42
447835,0.32
447842,0.44
447844,0.37
447862,0.44
447865,0.46
447868,0.48
447873,0.32
447876,0.41
447881,0.39
447882,0.47
447883,0.49
447904,0.34
447907,0.54
447915,0.42
447931,0.38
447945,0.41
447947,0.37
447958,0.44
447967,0.42
447968,0.4
447972,0.35
447975,0.4
447976,0.36
447978,0.29
447983,0.33
447993,0.48
447998,0.37
448001,0.39
448005,0.39
448007,0.52
448011,0.41
448012,0.28
448016,0.42
448030,0.46
448039,0.41
448040,0.36
448045,0.39
448046,0.34
448051,0.38
448084,0.35
448091,0.46
448100,0.33
448125,0.38
448143,0.44
448146,0.44
448150,0.32
448160,0.47
448163,0.42
448165,0.36
448182,0.33
448185,0.4
448188,0.44
448189,0.35
448209,0.46
448210,0.3
448218,0.36
448224,0.37
448241,0.53
448243,0.4
448244,0.37
448245,0.34
448254,0.38
448278,0.45
448279,0.39
448282,0.4
448284,0.29
448285,0.53
448301,0.34
448302,0.44
448305,0.38
448317,0.35
448330,0.37
448335,0.49
448338,0.36
448340,0.37
448341,0.32
448347,0.45
448350,0.38
448353,0.51
448361,0.39
448370,0.36
448380,0.45
448400,0.42
448411,0.35
448412,0.43
448417,0.42
448420,0.36
448422,0.42
448424,0.41
448447,0.51
448459,0.43
448464,0.31
448470,0.4
448490,0.39
448494,0.41
448500,0.5
448515,0.33
448522,0.38
448526,0.38
448536,0.35
448548,0.35
448566,0.39
448573,0.39
448584,0.37
448585,0.4
448597,0.46
448599,0.39
448601,0.32
448604,0.42
448606,0.31
448610,0.4
448642,0.36
448660,0.36
448669,0.29
448674,0.5
448675,0.48
448678,0.33
448690,0.4
448693,0.41
448695,0.41
448700,0.45
448703,0.34
448704,0.4
448707,0.33
448720,0.41
448727,0.42
448728,0.39
448734,0.54
448746,0.37
448755,0.4
448760,0.4
448770,0.39
448778,0.46
448788,0.47
448790,0.43
448801,0.44
448805,0.4
448806,0.44
448812,0.38
448817,0.32
448834,0.37
448837,0.41
448838,0.3
448853,0.41
448856,0.3
448868,0.37
448876,0.4
448909,0.4
448917,0.44
448919,0.38
448922,0.39
448931,0.32
448935,0.45
448937,0.39
448940,0.4
448948,0.47
448958,0.34
448967,0.46
448968,0.37
448973,0.52
448993,0.36
449000,0.4
449011,0.41
449015,0.34
449030,0.45
449035,0.34
449040,0.38
449045,0.51
449060,0.36
449081,0.32
449082,0.42
449087,0.49
449095,0.51
449105,0.52
449110,0.47
449117,0.36
449126,0.37
449134,0.4
449141,0.42
449148,0.37
449155,0.35
449158,0.42
449160,0.32
449178,0.4
449180,0.36
449183,0.37
449186,0.41
449193,0.33
449196,0.42
449203,0.24
449213,0.46
449214,0.43
449215,0.43
449216,0.32
449224,0.45
449227,0.37
449230,0.38
449233,0.45
449253,0.39
449254,0.47
449264,0.4
449289,0.51
449302,0.45
449308,0.42
449314,0.38
449322,0.49
449323,0.32
449364,0.43
449368,0.37
449391,0.32
449403,0.44
449408,0.35
449409,0.32
449412,0.42
449424,0.41
449427,0.37
449462,0.37
449465,0.41
449469,0.37
449475,0.38
449476,0.36
449483,0.34
449484,0.37
449487,0.38
449492,0.39
449499,0.44
449502,0.36
449506,0.37
449508,0.43
449514,0.37
449517,0.42
449534,0.39
449540,0.38
449543,0.42
449545,0.38
449548,0.47
449555,0.35
449556,0.49
449558,0.37
449566,0.31
449574,0.29
449576,0.43
449578,0.33
449581,0.42
449586,0.42
449591,0.42
449594,0.37
449599,0.48
449606,0.44
449615,0.49
449616,0.42
449625,0.4
449633,0.46
449636,0.44
449637,0.48
449642,0.49
449683,0.38
449684,0.39
449711,0.32
449713,0.36
449716,0.32
449741,0.34
449745,0.38
449747,0.31
449756,0.37
449759,0.34
449760,0.44
449768,0.39
449773,0.47
449775,0.44
449780,0.41
449788,0.47
449792,0.41
449802,0.45
449812,0.54
449815,0.42
449818,0.35
449820,0.33
449821,0.38
449822,0.33
449831,0.32
449837,0.45
449855,0.51
449857,0.36
449865,0.42
449866,0.29
449871,0.37
449873,0.39
449874,0.28
449877,0.34
449881,0.35
449889,0.45
449893,0.32
449894,0.33
449897,0.36
449900,0.42
449910,0.45
449924,0.42
449928,0.43
449932,0.48
449942,0.53
449947,0.41
449955,0.35
449972,0.39
449984,0.43
450004,0.36
450027,0.35
450029,0.38
450035,0.38
450038,0.39
450042,0.36
450044,0.42
450060,0.48
450065,0.36
450076,0.43
450081,0.39
450083,0.38
450096,0.42
450102,0.44
450107,0.36
450109,0.43
450110,0.43
450111,0.45
450114,0.46
450117,0.3
450118,0.34
450124,0.38
450141,0.46
450145,0.34
450148,0.32
450169,0.54
450172,0.46
450173,0.46
450180,0.37
450182,0.33
450190,0.35
450200,0.32
450216,0.3
450221,0.35
450227,0.48
450229,0.35
450233,0.42
450244,0.54
450251,0.45
450260,0.44
450266,0.41
450267,0.39
450272,0.37
450280,0.33
450287,0.54
450290,0.49
450291,0.52
450303,0.35
450310,0.36
450311,0.38
450358,0.57
450373,0.46
450376,0.44
450383,0.34
450395,0.41
450398,0.43
450412,0.45
450415,0.37
450420,0.44
450421,0.44
450427,0.29
450428,0.38
450429,0.41
450433,0.32
450443,0.41
450453,0.36
450454,0.3
450458,0.46
450464,0.44
450469,0.37
450475,0.38
450478,0.39
450498,0.41
450501,0.44
450503,0.38
450513,0.5
450523,0.27
450530,0.47
450537,0.46
450543,0.35
450554,0.36
450555,0.49
450558,0.44
450568,0.36
450569,0.35
450580,0.5
450581,0.36
450588,0.44
450589,0.52
450602,0.49
450603,0.37
450621,0.39
450626,0.53
450640,0.44
450641,0.33
450644,0.43
450658,0.39
450672,0.42
450685,0.42
450687,0.36
450689,0.41
450690,0.27
450693,0.44
450699,0.34
450706,0.43
450708,0.41
450710,0.37
450716,0.45
450722,0.38
450752,0.43
450759,0.41
450763,0.43
450767,0.42
450768,0.36
450772,0.36
450778,0.39
450781,0.5
450788,0.4
450792,0.4
450817,0.36
450820,0.41
450835,0.41
450848,0.46
450853,0.38
450865,0.34
450878,0.37
450883,0.4
450885,0.46
450896,0.33
450897,0.43
450898,0.4
450904,0.37
450908,0.46
450917,0.32
450921,0.39
450923,0.32
450926,0.31
450929,0.45
450937,0.4
450963,0.32
450971,0.45
450973,0.42
450978,0.44
450982,0.27
450995,0.46
450997,0.47
451033,0.33
451035,0.37
451037,0.45
451039,0.5
451063,0.36
451079,0.41
451081,0.45
451083,0.43
451100,0.41
451101,0.42
451104,0.5
451109,0.36
451119,0.41
451124,0.43
451126,0.37
451146,0.46
451155,0.39
451156,0.39
451160,0.4
451163,0.33
451168,0.43
451175,0.38
451184,0.38
451189,0.43
451206,0.41
451208,0.4
451225,0.31
451226,0.37
451228,0.4
451230,0.5
451235,0.33
451239,0.37
451242,0.39
451247,0.36
451248,0.39
451255,0.39
451261,0.36
451270,0.31
451277,0.39
451278,0.41
451282,0.39
451283,0.55
451302,0.41
451310,0.39
451315,0.37
451328,0.39
451330,0.4
451331,0.46
451338,0.43
451342,0.4
451347,0.43
451350,0.41
451351,0.4
451354,0.47
451358,0.35
451370,0.35
451379,0.48
451383,0.48
451390,0.38
451391,0.34
451392,0.4
451412,0.35
451422,0.37
451429,0.43
451432,0.4
451437,0.53
451442,0.4
451455,0.39
451457,0.39
451464,0.47
451472,0.42
451474,0.44
451488,0.41
451512,0.46
451516,0.37
451519,0.39
451528,0.39
451531,0.46
451551,0.38
451564,0.39
451570,0.33
451571,0.47
451575,0.4
451576,0.41
451582,0.36
451586,0.34
451587,0.36
451594,0.43
451596,0.4
451600,0.37
451615,0.45
451616,0.49
451646,0.44
451648,0.44
451650,0.34
451651,0.4
451662,0.41
451675,0.37
451680,0.36
451682,0.39
451688,0.44
451691,0.43
451698,0.44
451703,0.41
451709,0.53
451714,0.34
451716,0.39
451719,0.42
451724,0.4
451726,0.43
451733,0.42
451743,0.49
451747,0.43
451756,0.34
451761,0.52
451762,0.45
451768,0.33
451785,0.4
451805,0.26
451811,0.47
451817,0.43
451823,0.44
451831,0.37
451840,0.35
451845,0.38
451852,0.32
451855,0.24
451856,0.37
451871,0.42
451873,0.42
451897,0.45
451907,0.43
451908,0.42
451919,0.4
451932,0.4
451934,0.3
451935,0.29
451936,0.41
451938,0.36
451954,0.42
451958,0.39
451976,0.49
451977,0.56
451983,0.41
452000,0.46
452023,0.32
452024,0.43
452028,0.32
452039,0.35
452043,0.37
452047,0.43
452067,0.46
452069,0.32
452071,0.41
452096,0.36
452101,0.47
452107,0.44
452108,0.32
452109,0.35
452123,0.4
452127,0.39
452131,0.37
452133,0.42
452136,0.32
452137,0.51
452142,0.38
452147,0.47
452158,0.49
452172,0.42
452190,0.49
452191,0.45
452192,0.31
452195,0.36
452209,0.42
452237,0.46
452239,0.4
452242,0.4
452246,0.46
452249,0.52
452263,0.39
452267,0.42
452273,0.42
452274,0.4
452291,0.62
452310,0.32
452319,0.33
452325,0.39
452328,0.4
452330,0.42
452332,0.39
452337,0.38
452353,0.39
452356,0.51
452368,0.34
452379,0.44
452380,0.44
452396,0.38
452398,0.43
452401,0.33
452408,0.43
452409,0.54
452414,0.43
452418,0.43
452422,0.43
452430,0.4
452432,0.46
452451,0.36
452455,0.36
452495,0.37
452497,0.44
452511,0.42
452514,0.42
452522,0.4
452529,0.32
452530,0.54
452542,0.35
452545,0.38
452558,0.28
452592,0.36
452604,0.36
452616,0.42
452619,0.46
452620,0.42
452630,0.36
452644,0.35
452658,0.36
452663,0.4
452668,0.32
452672,0.47
452679,0.42
452685,0.39
452690,0.46
452701,0.37
452702,0.39
452708,0.47
452714,0.33
452718,0.38
452731,0.46
452733,0.32
452741,0.34
452748,0.42
452750,0.39
452753,0.4
452759,0.37
452767,0.46
452768,0.57
452788,0.38
452802,0.34
452807,0.36
452819,0.36
452820,0.48
452821,0.4
452840,0.44
452851,0.41
452861,0.43
452865,0.53
452871,0.41
452882,0.21
452903,0.35
452906,0.37
452907,0.52
452914,0.33
452929,0.43
452931,0.29
452932,0.47
452948,0.42
452950,0.35
452963,0.42
452974,0.41
452982,0.36
452984,0.4
452994,0.44
452995,0.42
452998,0.41
453003,0.59
453021,0.42
453040,0.41
453042,0.52
453052,0.42
453056,0.44
453066,0.41
453067,0.39
453072,0.35
453085,0.41
453093,0.47
453094,0.33
453100,0.38
453101,0.47
453107,0.36
453110,0.41
453111,0.42
453113,0.35
453114,0.39
453124,0.36
453129,0.39
453142,0.42
453145,0.43
453152,0.44
453159,0.41
453168,0.33
453196,0.4
453212,0.41
453214,0.47
453215,0.46
453220,0.34
453230,0.48
453233,0.37
453235,0.42
453244,0.39
453248,0.37
453262,0.37
453268,0.42
453283,0.28
453284,0.5
453287,0.39
453299,0.37
453314,0.38
453322,0.43
453349,0.45
453354,0.49
453356,0.39
453359,0.41
453366,0.46
453367,0.37
453372,0.37
453378,0.46
453390,0.35
453397,0.42
453403,0.42
453406,0.42
453412,0.51
453415,0.43
453428,0.35
453431,0.45
453442,0.38
453449,0.39
453465,0.46
453473,0.37
453476,0.48
453479,0.41
453480,0.38
453481,0.38
453493,0.43
453494,0.43
453507,0.43
453509,0.36
453514,0.42
453524,0.36
453534,0.44
453538,0.46
453544,0.45
453549,0.43
453550,0.48
453551,0.45
453556,0.31
453560,0.39
453566,0.32
453569,0.33
453579,0.4
453582,0.35
453586,0.4
453618,0.32
453620,0.39
453655,0.41
453659,0.44
453668,0.3
453681,0.37
453686,0.5
453687,0.45
453704,0.38
453707,0.57
453708,0.39
453709,0.44
453715,0.49
453721,0.39
453725,0.31
453727,0.35
453747,0.41
453753,0.37
453755,0.43
453761,0.4
453763,0.34
453766,0.46
453774,0.39
453781,0.41
453790,0.32
453797,0.51
453808,0.44
453814,0.38
453836,0.4
453837,0.37
453843,0.31
453844,0.37
453871,0.44
453881,0.47
453892,0.48
453893,0.27
453894,0.5
453895,0.39
453903,0.42
453906,0.44
453918,0.37
453924,0.41
453930,0.42
453940,0.35
453944,0.37
453947,0.36
453949,0.42
453952,0.43
453959,0.44
453971,0.45
453986,0.42
453988,0.49
453989,0.49
453999,0.43
454007,0.41
454021,0.39
454023,0.37
454036,0.49
454046,0.43
454052,0.43
454066,0.38
454070,0.46
454071,0.48
454075,0.4
454080,0.35
454085,0.48
454097,0.41
454103,0.34
454105,0.41
454108,0.49
454109,0.39
454137,0.37
454150,0.31
454155,0.3
454164,0.45
454165,0.39
454170,0.35
454173,0.46
454181,0.4
454183,0.45
454188,0.49
454192,0.4
454198,0.35
454200,0.38
454209,0.41
454211,0.52
454212,0.42
454218,0.46
454220,0.37
454231,0.39
454242,0.35
454245,0.37
454261,0.35
454269,0.34
454271,0.5
454287,0.5
454293,0.45
454296,0.33
454304,0.31
454313,0.42
454315,0.43
454321,0.37
454333,0.5
454334,0.33
454345,0.4
454347,0.39
454361,0.47
454380,0.32
454382,0.5
454386,0.35
454390,0.45
454396,0.39
454398,0.42
454403,0.46
454405,0.41
454406,0.48
454412,0.4
454418,0.47
454436,0.35
454443,0.29
454449,0.33
454457,0.5
454466,0.38
454471,0.47
454476,0.37
454489,0.45
454493,0.45
454495,0.48
454497,0.36
454522,0.33
454554,0.41
454557,0.39
454560,0.41
454561,0.39
454563,0.56
454565,0.41
454566,0.36
454578,0.34
454605,0.46
454608,0.39
454612,0.37
454618,0.36
454622,0.35
454631,0.38
454638,0.41
454639,0.44
454640,0.37
454653,0.39
454663,0.4
454664,0.37
454674,0.51
454678,0.42
454680,0.44
454687,0.42
454690,0.41
454698,0.34
454700,0.37
454707,0.35
454714,0.34
454722,0.4
454723,0.46
454739,0.46
454745,0.35
454763,0.55
454765,0.33
454774,0.47
454778,0.33
454780,0.4
454781,0.42
454789,0.47
454801,0.5
454802,0.43
454835,0.44
454837,0.46
454841,0.34
454872,0.37
454878,0.32
454884,0.4
454891,0.41
454897,0.39
454908,0.36
454912,0.51
454922,0.4
454929,0.35
454935,0.34
454946,0.52
454959,0.37
454970,0.39
454991,0.38
455002,0.42
455005,0.4
455016,0.43
455021,0.41
455022,0.36
455024,0.46
455044,0.4
455050,0.48
455055,0.43
455056,0.35
455067,0.49
455069,0.39
455082,0.32
455087,0.43
455088,0.41
455112,0.33
455126,0.41
455132,0.3
455135,0.49
455148,0.43
455156,0.36
455161,0.37
455162,0.43
455164,0.44
455171,0.5
455174,0.36
455175,0.44
455184,0.28
455188,0.35
455200,0.39
455209,0.44
455212,0.44
455217,0.41
455222,0.3
455223,0.44
455228,0.42
455243,0.4
455246,0.36
455255,0.36
455262,0.58
455268,0.42
455277,0.45
455281,0.62
455296,0.41
455297,0.33
455322,0.42
455326,0.44
455327,0.55
455328,0.38
455368,0.33
455374,0.45
455377,0.42
455378,0.38
455379,0.53
455395,0.37
455424,0.45
455425,0.33
455429,0.36
455434,0.33
455436,0.42
455438,0.29
455439,0.43
455440,0.41
455441,0.29
455481,0.27
455482,0.39
455483,0.37
455484,0.42
455489,0.41
455490,0.49
455513,0.38
455515,0.34
455536,0.28
455537,0.3
455538,0.37
455539,0.28
455567,0.46
455583,0.35
455607,0.41
455636,0.43
455638,0.4
455640,0.41
455644,0.43
455645,0.37
455648,0.36
455650,0.27
455658,0.4
455694,0.4
455695,0.33
455696,0.36
455703,0.36
455742,0.38
455748,0.46
455749,0.4
455750,0.47
455751,0.36
455752,0.43
455787,0.5
455798,0.34
455802,0.39
455803,0.42
455804,0.35
455805,0.4
455829,0.43
455840,0.36
455849,0.35
455850,0.4
455852,0.32
455854,0.48
455863,0.43
455897,0.36
455902,0.4
455907,0.32
455908,0.48
455909,0.32
455940,0.4
455955,0.33
455958,0.38
455959,0.44
455960,0.38
455961,0.46
455962,0.39
455963,0.4
455965,0.35
456007,0.36
456008,0.4
456009,0.42
456010,0.36
456011,0.37
456013,0.44
456028,0.44
456058,0.44
456111,0.46
456114,0.37
456115,0.41
456116,0.46
456119,0.39
456120,0.36
456122,0.42
456123,0.46
456166,0.49
456167,0.5
456168,0.38
456169,0.36
456170,0.41
456189,0.37
456202,0.36
456221,0.5
456222,0.39
456223,0.41
456224,0.4
456250,0.45
