SK_ID_CURR,TARGET
100001,0.09
100005,0.15
100013,0.09
100028,0.07
100038,0.19
100042,0.24
100057,0.11
100065,0.17
100066,0.15
100067,0.19
100074,0.22
100090,0.1
100091,0.14
100092,0.24
100106,0.14
100107,0.21
100109,0.14
100117,0.27
100128,0.18
100141,0.16
100150,0.1
100168,0.13
100169,0.21
100170,0.08
100171,0.11
100172,0.19
100184,0.22
100187,0.15
100212,0.17
100222,0.17
100223,0.15
100232,0.14
100241,0.32
100245,0.11
100253,0.12
100256,0.24
100271,0.21
100278,0.32
100280,0.14
100306,0.2
100311,0.27
100312,0.23
100330,0.16
100331,0.1
100352,0.21
100358,0.15
100367,0.19
100382,0.22
100384,0.12
100385,0.25
100386,0.15
100399,0.13
100404,0.17
100416,0.17
100422,0.26
100426,0.09
100438,0.13
100444,0.33
100445,0.09
100446,0.21
100447,0.23
100450,0.33
100466,0.17
100483,0.12
100484,0.17
100494,0.18
100510,0.17
100512,0.21
100517,0.08
100548,0.21
100551,0.1
100552,0.19
100553,0.13
100561,0.23
100568,0.44
100569,0.12
100591,0.12
100592,0.12
100602,0.14
100607,0.16
100613,0.24
100617,0.17
100618,0.26
100622,0.2
100625,0.23
100677,0.16
100699,0.17
100702,0.39
100711,0.25
100729,0.15
100740,0.17
100744,0.28
100745,0.11
100747,0.2
100751,0.4
100752,0.23
100753,0.3
100754,0.23
100760,0.09
100762,0.11
100763,0.2
100765,0.15
100770,0.09
100772,0.12
100777,0.11
100791,0.05
100792,0.1
100797,0.1
100823,0.19
100826,0.08
100830,0.07
100836,0.25
100872,0.14
100910,0.17
100913,0.22
100918,0.17
100931,0.06
100952,0.12
100953,0.19
100965,0.36
100970,0.16
100982,0.21
100983,0.33
100984,0.13
100987,0.21
100997,0.08
100998,0.23
101002,0.15
101005,0.23
101008,0.16
101020,0.17
101021,0.08
101024,0.28
101025,0.23
101026,0.12
101031,0.15
101041,0.09
101051,0.11
101055,0.17
101056,0.4
101057,0.12
101064,0.18
101079,0.27
101087,0.13
101090,0.18
101092,0.2
101097,0.18
101099,0.05
101107,0.22
101118,0.19
101125,0.16
101126,0.07
101128,0.14
101136,0.25
101140,0.23
101149,0.21
101160,0.13
101169,0.3
101181,0.2
101186,0.09
101190,0.14
101193,0.22
101194,0.33
101198,0.19
101200,0.11
101204,0.08
101211,0.22
101213,0.21
101223,0.1
101225,0.21
101237,0.19
101243,0.24
101244,0.24
101258,0.2
101259,0.25
101268,0.19
101269,0.16
101271,0.29
101279,0.15
101281,0.31
101287,0.08
101292,0.13
101294,0.17
101296,0.18
101297,0.12
101299,0.12
101301,0.1
101305,0.24
101308,0.16
101318,0.16
101327,0.22
101329,0.13
101332,0.23
101337,0.18
101343,0.08
101345,0.1
101346,0.11
101353,0.07
101354,0.2
101355,0.15
101356,0.08
101362,0.16
101363,0.22
101365,0.11
101366,0.22
101367,0.25
101368,0.06
101374,0.22
101380,0.14
101383,0.18
101398,0.13
101399,0.29
101401,0.24
101412,0.14
101426,0.07
101427,0.46
101428,0.37
101429,0.24
101434,0.16
101440,0.17
101448,0.14
101449,0.11
101465,0.17
101467,0.1
101472,0.21
101478,0.24
101497,0.2
101504,0.24
101547,0.11
101548,0.16
101555,0.21
101570,0.11
101572,0.13
101578,0.15
101580,0.28
101588,0.36
101602,0.1
101610,0.32
101614,0.22
101616,0.17
101643,0.12
101644,0.17
101649,0.23
101650,0.11
101665,0.11
101667,0.25
101669,0.2
101674,0.16
101675,0.1
101678,0.17
101682,0.15
101686,0.09
101697,0.33
101700,0.27
101711,0.2
101714,0.1
101715,0.27
101728,0.18
101732,0.24
101757,0.15
101758,0.12
101759,0.14
101762,0.04
101764,0.15
101780,0.41
101784,0.14
101789,0.11
101816,0.26
101819,0.16
101827,0.08
101863,0.12
101867,0.13
101870,0.12
101873,0.35
101878,0.2
101879,0.19
101880,0.13
101887,0.11
101897,0.22
101901,0.15
101903,0.31
101920,0.13
101921,0.07
101922,0.21
101961,0.14
101962,0.16
101971,0.17
101976,0.27
102002,0.3
102005,0.13
102007,0.34
102017,0.11
102019,0.27
102029,0.1
102051,0.28
102052,0.08
102054,0.07
102062,0.12
102067,0.28
102068,0.17
102070,0.19
102090,0.28
102092,0.1
102099,0.15
102100,0.08
102112,0.19
102113,0.12
102122,0.3
102123,0.2
102125,0.11
102126,0.21
102146,0.11
102147,0.27
102151,0.08
102158,0.19
102159,0.09
102162,0.17
102165,0.16
102166,0.12
102174,0.09
102193,0.16
102198,0.24
102205,0.22
102206,0.13
102218,0.16
102221,0.18
102230,0.13
102238,0.21
102248,0.19
102252,0.38
102259,0.18
102262,0.15
102273,0.21
102286,0.27
102293,0.12
102294,0.07
102296,0.09
102298,0.09
102303,0.11
102309,0.11
102315,0.14
102340,0.17
102342,0.19
102344,0.22
102346,0.09
102347,0.19
102374,0.23
102380,0.14
102387,0.18
102393,0.16
102403,0.14
102413,0.06
102414,0.12
102415,0.09
102416,0.15
102439,0.23
102441,0.12
102443,0.06
102444,0.19
102445,0.25
102448,0.1
102449,0.09
102450,0.26
102456,0.08
102458,0.13
102459,0.15
102465,0.12
102470,0.23
102471,0.1
102475,0.17
102476,0.2
102506,0.16
102509,0.14
102519,0.2
102522,0.13
102545,0.12
102549,0.14
102562,0.11
102563,0.12
102568,0.17
102582,0.11
102592,0.12
102597,0.25
102605,0.07
102614,0.12
102617,0.22
102634,0.12
102652,0.09
102655,0.06
102671,0.17
102694,0.23
102701,0.13
102703,0.12
102704,0.13
102713,0.16
102720,0.25
102731,0.14
102733,0.08
102749,0.14
102755,0.2
102763,0.08
102770,0.19
102772,0.2
102799,0.3
102838,0.19
102854,0.16
102862,0.13
102863,0.05
102867,0.15
102868,0.07
102878,0.12
102887,0.14
102898,0.29
102904,0.18
102912,0.16
102919,0.15
102927,0.22
102932,0.17
102933,0.16
102935,0.16
102958,0.18
102969,0.16
102971,0.16
102975,0.11
102979,0.17
102982,0.13
102987,0.14
102989,0.12
102995,0.17
102996,0.12
103000,0.15
103001,0.18
103004,0.23
103010,0.1
103025,0.23
103029,0.15
103046,0.12
103056,0.12
103062,0.23
103078,0.09
103083,0.1
103092,0.14
103096,0.1
103097,0.27
103102,0.17
103112,0.24
103132,0.18
103144,0.09
103145,0.21
103146,0.08
103147,0.2
103158,0.11
103171,0.24
103173,0.16
103184,0.1
103195,0.27
103196,0.2
103206,0.12
103230,0.17
103231,0.21
103232,0.08
103239,0.22
103240,0.22
103243,0.13
103252,0.28
103258,0.15
103259,0.24
103279,0.13
103280,0.11
103286,0.09
103287,0.36
103290,0.09
103298,0.17
103315,0.19
103319,0.06
103334,0.14
103336,0.26
103345,0.09
103368,0.09
103371,0.25
103377,0.12
103398,0.06
103404,0.17
103408,0.23
103410,0.08
103418,0.1
103420,0.24
103432,0.17
103433,0.1
103436,0.17
103440,0.12
103453,0.19
103459,0.14
103460,0.3
103461,0.07
103462,0.18
103473,0.23
103474,0.11
103475,0.31
103478,0.17
103480,0.22
103484,0.1
103494,0.13
103513,0.15
103515,0.09
103516,0.26
103525,0.19
103541,0.26
103544,0.11
103562,0.2
103570,0.23
103572,0.24
103574,0.12
103575,0.14
103591,0.24
103594,0.22
103609,0.17
103613,0.26
103614,0.17
103615,0.16
103624,0.12
103625,0.39
103628,0.31
103629,0.15
103647,0.12
103648,0.16
103651,0.15
103658,0.09
103668,0.17
103669,0.14
103676,0.2
103682,0.1
103683,0.2
103689,0.08
103725,0.16
103733,0.2
103744,0.09
103762,0.18
103771,0.4
103773,0.09
103783,0.11
103784,0.12
103808,0.11
103812,0.14
103813,0.13
103814,0.09
103818,0.25
103824,0.14
103828,0.12
103830,0.26
103840,0.14
103842,0.21
103847,0.25
103848,0.17
103851,0.15
103854,0.21
103857,0.29
103861,0.11
103862,0.26
103865,0.29
103870,0.1
103876,0.07
103891,0.4
103908,0.1
103914,0.26
103918,0.13
103940,0.19
103963,0.19
103966,0.25
103971,0.15
103980,0.16
103984,0.24
103985,0.11
103998,0.32
104019,0.11
104026,0.17
104035,0.18
104044,0.18
104045,0.11
104047,0.34
104051,0.18
104058,0.2
104063,0.13
104066,0.22
104087,0.05
104089,0.15
104095,0.18
104098,0.29
104104,0.12
104110,0.24
104120,0.31
104122,0.06
104131,0.08
104132,0.24
104135,0.16
104136,0.09
104149,0.14
104150,0.11
104156,0.26
104165,0.2
104175,0.12
104179,0.16
104184,0.29
104206,0.19
104216,0.34
104230,0.17
104257,0.14
104272,0.08
104273,0.15
104278,0.15
104294,0.35
104295,0.13
104297,0.12
104298,0.15
104308,0.12
104318,0.09
104319,0.2
104320,0.21
104327,0.16
104334,0.12
104344,0.13
104350,0.16
104351,0.15
104354,0.12
104369,0.2
104376,0.14
104381,0.11
104384,0.16
104391,0.16
104394,0.12
104398,0.25
104402,0.09
104408,0.24
104409,0.13
104410,0.24
104412,0.25
104417,0.2
104424,0.2
104426,0.18
104435,0.18
104445,0.22
104458,0.11
104460,0.09
104466,0.18
104472,0.18
104473,0.14
104479,0.1
104480,0.13
104482,0.24
104499,0.18
104501,0.12
104502,0.12
104506,0.14
104510,0.12
104512,0.31
104520,0.16
104528,0.23
104529,0.15
104541,0.13
104578,0.11
104584,0.22
104588,0.16
104602,0.25
104610,0.23
104611,0.22
104618,0.16
104620,0.15
104622,0.07
104624,0.25
104625,0.09
104634,0.13
104639,0.14
104646,0.1
104647,0.14
104652,0.07
104670,0.3
104677,0.2
104685,0.22
104691,0.15
104696,0.2
104699,0.12
104712,0.18
104714,0.11
104717,0.25
104718,0.1
104740,0.14
104741,0.08
104743,0.15
104744,0.19
104747,0.21
104767,0.06
104772,0.27
104776,0.22
104779,0.19
104814,0.1
104815,0.1
104830,0.15
104831,0.2
104833,0.28
104839,0.11
104840,0.1
104860,0.23
104861,0.15
104866,0.11
104870,0.08
104877,0.16
104878,0.12
104879,0.15
104880,0.15
104899,0.11
104906,0.16
104907,0.12
104913,0.24
104916,0.19
104921,0.23
104930,0.1
104931,0.18
104936,0.1
104937,0.21
104942,0.13
104943,0.2
104969,0.22
104972,0.23
104988,0.14
105013,0.16
105015,0.08
105019,0.15
105027,0.24
105030,0.15
105035,0.3
105041,0.21
105051,0.23
105056,0.16
105067,0.35
105071,0.1
105072,0.08
105074,0.13
105091,0.13
105101,0.17
105103,0.08
105134,0.07
105139,0.1
105142,0.2
105146,0.08
105163,0.08
105168,0.11
105172,0.12
105176,0.4
105195,0.07
105196,0.18
105197,0.12
105203,0.13
105223,0.1
105227,0.31
105228,0.13
105230,0.34
105231,0.32
105239,0.12
105242,0.22
105244,0.25
105245,0.09
105248,0.1
105249,0.08
105266,0.14
105271,0.23
105276,0.09
105282,0.17
105292,0.14
105297,0.1
105332,0.1
105333,0.2
105343,0.22
105344,0.17
105345,0.14
105357,0.15
105359,0.1
105366,0.12
105367,0.13
105370,0.11
105377,0.12
105390,0.19
105399,0.15
105403,0.19
105404,0.11
105414,0.07
105417,0.14
105425,0.26
105452,0.19
105454,0.21
105456,0.13
105470,0.09
105471,0.12
105483,0.16
105493,0.21
105508,0.18
105514,0.21
105515,0.08
105528,0.42
105529,0.2
105531,0.22
105532,0.15
105558,0.17
105574,0.13
105578,0.1
105584,0.39
105595,0.23
105617,0.31
105618,0.14
105621,0.13
105625,0.17
105629,0.1
105630,0.07
105634,0.13
105635,0.08
105641,0.14
105647,0.09
105648,0.1
105655,0.19
105657,0.17
105672,0.09
105678,0.25
105682,0.13
105691,0.21
105692,0.13
105706,0.15
105712,0.12
105720,0.17
105734,0.1
105735,0.1
105736,0.22
105737,0.06
105738,0.19
105740,0.16
105744,0.07
105747,0.11
105749,0.24
105754,0.16
105758,0.18
105760,0.23
105767,0.25
105784,0.25
105791,0.13
105802,0.22
105807,0.24
105809,0.09
105816,0.12
105817,0.1
105824,0.3
105832,0.12
105856,0.09
105865,0.14
105899,0.3
105906,0.1
105916,0.19
105923,0.16
105937,0.08
105965,0.17
105966,0.14
105968,0.18
105973,0.13
105976,0.2
105978,0.18
105979,0.1
105991,0.14
105998,0.21
105999,0.16
106000,0.41
106001,0.13
106010,0.16
106011,0.15
106013,0.17
106015,0.11
106026,0.11
106032,0.17
106035,0.23
106040,0.06
106041,0.16
106044,0.13
106053,0.26
106054,0.1
106065,0.29
106081,0.15
106083,0.21
106087,0.09
106090,0.2
106101,0.24
106102,0.13
106109,0.11
106116,0.18
106150,0.14
106155,0.2
106166,0.11
106176,0.17
106189,0.11
106199,0.07
106205,0.06
106206,0.21
106211,0.2
106214,0.12
106216,0.15
106217,0.08
106225,0.08
106249,0.09
106256,0.18
106258,0.16
106261,0.13
106262,0.16
106264,0.11
106271,0.03
106276,0.09
106277,0.21
106286,0.14
106293,0.05
106295,0.06
106296,0.08
106297,0.18
106298,0.11
106311,0.06
106314,0.27
106320,0.13
106334,0.17
106346,0.25
106347,0.1
106349,0.14
106354,0.14
106360,0.12
106373,0.3
106377,0.2
106386,0.21
106387,0.08
106391,0.06
106401,0.25
106411,0.12
106413,0.18
106426,0.22
106427,0.12
106428,0.26
106434,0.13
106438,0.19
106440,0.19
106441,0.08
106452,0.19
106453,0.14
106454,0.13
106457,0.18
106484,0.18
106488,0.21
106491,0.24
106514,0.12
106527,0.16
106528,0.19
106529,0.05
106534,0.19
106550,0.24
106577,0.13
106585,0.14
106590,0.15
106607,0.18
106610,0.21
106611,0.08
106612,0.1
106624,0.19
106631,0.08
106647,0.36
106660,0.23
106674,0.14
106687,0.21
106712,0.13
106713,0.25
106717,0.05
106720,0.13
106721,0.2
106724,0.13
106735,0.2
106739,0.1
106740,0.27
106754,0.19
106760,0.24
106761,0.08
106784,0.18
106787,0.19
106797,0.12
106798,0.13
106802,0.32
106803,0.19
106804,0.22
106805,0.12
106810,0.11
106812,0.25
106813,0.21
106817,0.18
106822,0.17
106823,0.11
106827,0.16
106841,0.1
106851,0.22
106852,0.19
106853,0.24
106854,0.4
106861,0.15
106873,0.1
106877,0.1
106878,0.16
106881,0.16
106900,0.06
106906,0.21
106907,0.23
106914,0.17
106916,0.08
106924,0.11
106931,0.12
106936,0.24
106937,0.2
106938,0.07
106939,0.1
106943,0.23
106944,0.33
106967,0.12
106980,0.13
106986,0.15
106987,0.17
106990,0.06
107013,0.17
107023,0.1
107033,0.12
107037,0.18
107048,0.15
107071,0.13
107081,0.12
107113,0.23
107130,0.19
107131,0.12
107145,0.18
107156,0.18
107219,0.18
107222,0.12
107223,0.39
107232,0.18
107245,0.15
107246,0.1
107247,0.12
107256,0.11
107259,0.07
107260,0.1
107279,0.23
107280,0.15
107281,0.11
107285,0.09
107329,0.09
107337,0.21
107349,0.17
107350,0.11
107351,0.11
107359,0.11
107391,0.2
107394,0.12
107395,0.15
107406,0.15
107416,0.17
107417,0.17
107418,0.24
107419,0.18
107444,0.1
107445,0.15
107446,0.15
107460,0.3
107470,0.12
107475,0.25
107520,0.11
107526,0.2
107527,0.1
107530,0.12
107532,0.13
107534,0.18
107535,0.27
107554,0.26
107556,0.16
107559,0.15
107561,0.08
107564,0.15
107566,0.13
107571,0.09
107590,0.22
107602,0.17
107625,0.11
107626,0.3
107635,0.13
107636,0.2
107645,0.22
107652,0.25
107655,0.18
107668,0.2
107670,0.14
107677,0.14
107680,0.28
107683,0.35
107684,0.16
107691,0.12
107692,0.1
107703,0.05
107709,0.09
107710,0.2
107721,0.36
107725,0.17
107727,0.16
107739,0.09
107740,0.11
107741,0.23
107747,0.17
107765,0.34
107768,0.1
107775,0.16
107782,0.19
107790,0.14
107801,0.05
107807,0.08
107811,0.13
107817,0.14
107826,0.1
107838,0.27
107839,0.19
107843,0.21
107847,0.12
107849,0.12
107850,0.24
107867,0.2
107871,0.14
107908,0.1
107913,0.18
107927,0.1
107931,0.21
107955,0.1
107962,0.12
107977,0.14
107978,0.16
107993,0.09
108010,0.21
108016,0.1
108018,0.33
108027,0.18
108045,0.35
108069,0.19
108082,0.16
108089,0.2
108092,0.12
108106,0.13
108112,0.11
108120,0.18
108122,0.2
108135,0.19
108170,0.07
108171,0.23
108177,0.03
108180,0.12
108183,0.11
108184,0.07
108185,0.15
108192,0.11
108195,0.24
108196,0.17
108218,0.06
108219,0.24
108243,0.12
108249,0.05
108251,0.14
108274,0.15
108280,0.35
108289,0.1
108292,0.1
108295,0.1
108327,0.22
108332,0.18
108346,0.15
108349,0.18
108353,0.16
108362,0.2
108363,0.13
108377,0.29
108378,0.19
108381,0.06
108383,0.26
108390,0.12
108407,0.14
108408,0.16
108411,0.11
108412,0.13
108419,0.14
108436,0.31
108437,0.24
108438,0.17
108441,0.2
108448,0.08
108449,0.14
108466,0.14
108467,0.16
108473,0.21
108474,0.18
108476,0.17
108479,0.13
108486,0.19
108493,0.11
108501,0.06
108506,0.2
108510,0.16
108511,0.17
108514,0.12
108517,0.1
108519,0.14
108522,0.07
108548,0.26
108554,0.2
108555,0.21
108559,0.16
108562,0.1
108571,0.1
108572,0.08
108579,0.1
108583,0.07
108584,0.13
108592,0.15
108602,0.12
108609,0.14
108613,0.19
108616,0.13
108618,0.18
108620,0.14
108643,0.15
108649,0.1
108654,0.19
108655,0.14
108656,0.13
108667,0.16
108668,0.19
108682,0.22
108690,0.19
108691,0.13
108692,0.21
108695,0.19
108699,0.1
108710,0.27
108718,0.21
108739,0.25
108740,0.11
108741,0.1
108742,0.18
108763,0.13
108767,0.21
108769,0.28
108779,0.25
108788,0.12
108801,0.08
108802,0.07
108810,0.11
108811,0.14
108813,0.08
108814,0.15
108825,0.09
108826,0.21
108830,0.14
108834,0.09
108852,0.17
108887,0.15
108901,0.18
108908,0.11
108910,0.12
108920,0.18
108922,0.16
108929,0.24
108930,0.18
108937,0.29
108938,0.13
108943,0.29
108948,0.09
108953,0.1
108956,0.17
108965,0.16
108985,0.2
108986,0.2
108987,0.14
108990,0.08
108991,0.12
108993,0.22
109000,0.12
109001,0.17
109012,0.42
109014,0.12
109015,0.15
109021,0.12
109037,0.13
109042,0.19
109044,0.24
109046,0.4
109064,0.08
109084,0.16
109086,0.15
109092,0.11
109093,0.14
109100,0.18
109101,0.06
109110,0.19
109114,0.15
109126,0.18
109152,0.11
109162,0.15
109167,0.12
109168,0.17
109169,0.09
109179,0.17
109184,0.1
109191,0.13
109192,0.18
109193,0.13
109196,0.16
109206,0.15
109210,0.16
109244,0.14
109249,0.2
109273,0.18
109276,0.22
109281,0.09
109287,0.18
109297,0.19
109298,0.08
109306,0.18
109309,0.22
109321,0.21
109328,0.19
109336,0.2
109342,0.18
109346,0.11
109347,0.11
109348,0.24
109362,0.11
109363,0.1
109367,0.11
109370,0.05
109393,0.23
109405,0.11
109413,0.11
109414,0.46
109421,0.21
109427,0.14
109428,0.15
109429,0.23
109437,0.09
109443,0.1
109461,0.15
109468,0.1
109469,0.14
109471,0.17
109479,0.12
109484,0.07
109501,0.21
109505,0.11
109535,0.12
109539,0.12
109544,0.18
109545,0.05
109551,0.21
109553,0.18
109555,0.08
109561,0.15
109580,0.1
109583,0.22
109593,0.16
109604,0.2
109620,0.16
109635,0.09
109637,0.28
109638,0.14
109642,0.1
109649,0.1
109652,0.13
109656,0.15
109663,0.09
109696,0.26
109700,0.25
109709,0.18
109735,0.08
109740,0.06
109741,0.14
109749,0.16
109764,0.11
109771,0.19
109772,0.14
109773,0.2
109798,0.21
109802,0.21
109804,0.15
109813,0.21
109818,0.22
109848,0.26
109850,0.07
109851,0.21
109855,0.08
109871,0.28
109877,0.22
109883,0.07
109886,0.1
109905,0.07
109936,0.25
109950,0.21
109958,0.17
109959,0.18
109969,0.24
109971,0.1
109984,0.14
109985,0.26
109988,0.09
109992,0.12
110005,0.21
110009,0.15
110011,0.31
110014,0.19
110026,0.11
110042,0.12
110058,0.13
110069,0.28
110080,0.1
110087,0.26
110091,0.13
110094,0.16
110098,0.19
110105,0.23
110117,0.23
110136,0.1
110138,0.3
110149,0.19
110164,0.14
110202,0.23
110212,0.15
110226,0.06
110236,0.12
110249,0.12
110257,0.13
110258,0.19
110277,0.09
110282,0.15
110284,0.08
110286,0.14
110289,0.1
110304,0.11
110319,0.1
110324,0.16
110326,0.13
110335,0.09
110337,0.19
110338,0.12
110343,0.08
110345,0.05
110347,0.19
110355,0.17
110359,0.08
110360,0.16
110364,0.12
110371,0.21
110372,0.13
110376,0.2
110379,0.22
110380,0.19
110393,0.15
110401,0.25
110406,0.06
110411,0.11
110416,0.05
110420,0.13
110443,0.15
110465,0.11
110468,0.15
110469,0.19
110471,0.21
110487,0.24
110491,0.09
110504,0.12
110547,0.11
110550,0.15
110559,0.24
110578,0.24
110582,0.17
110590,0.12
110598,0.28
110601,0.28
110602,0.16
110604,0.26
110625,0.35
110626,0.2
110636,0.22
110637,0.17
110638,0.13
110646,0.11
110648,0.13
110652,0.04
110681,0.07
110682,0.13
110687,0.27
110691,0.07
110694,0.07
110695,0.04
110696,0.18
110708,0.09
110710,0.08
110717,0.14
110730,0.31
110740,0.13
110742,0.09
110747,0.11
110761,0.09
110766,0.08
110769,0.04
110774,0.11
110803,0.06
110805,0.07
110809,0.31
110827,0.22
110832,0.12
110839,0.15
110859,0.2
110861,0.14
110863,0.24
110865,0.23
110881,0.16
110889,0.15
110891,0.16
110894,0.12
110895,0.17
110907,0.23
110914,0.16
110933,0.08
110934,0.12
110937,0.17
110953,0.13
110954,0.13
110958,0.21
110970,0.17
110974,0.1
110977,0.16
110989,0.08
110993,0.41
110994,0.26
111018,0.07
111019,0.14
111030,0.22
111032,0.12
111041,0.21
111045,0.1
111048,0.19
111052,0.13
111070,0.35
111084,0.2
111091,0.13
111104,0.05
111108,0.15
111112,0.11
111127,0.11
111142,0.1
111146,0.28
111165,0.11
111168,0.14
111169,0.34
111172,0.08
111173,0.09
111174,0.2
111175,0.23
111176,0.09
111177,0.06
111180,0.13
111182,0.08
111192,0.15
111194,0.27
111196,0.2
111197,0.11
111198,0.12
111205,0.18
111207,0.09
111222,0.1
111228,0.07
111233,0.16
111256,0.1
111258,0.09
111262,0.13
111263,0.11
111267,0.03
111269,0.2
111276,0.13
111277,0.19
111279,0.16
111290,0.11
111294,0.12
111295,0.13
111315,0.28
111318,0.17
111327,0.13
111328,0.22
111332,0.16
111338,0.08
111343,0.26
111344,0.12
111345,0.38
111347,0.07
111356,0.14
111359,0.2
111367,0.12
111368,0.18
111391,0.23
111408,0.1
111412,0.12
111419,0.13
111422,0.15
111423,0.4
111439,0.19
111452,0.42
111456,0.22
111467,0.23
111478,0.11
111482,0.13
111488,0.14
111503,0.16
111510,0.07
111512,0.13
111518,0.17
111532,0.2
111537,0.14
111541,0.16
111544,0.18
111550,0.11
111554,0.25
111560,0.25
111566,0.16
111567,0.29
111592,0.15
111618,0.13
111620,0.17
111627,0.13
111641,0.19
111646,0.31
111652,0.12
111657,0.08
111664,0.18
111665,0.12
111669,0.14
111673,0.16
111687,0.14
111688,0.15
111689,0.2
111694,0.07
111695,0.14
111698,0.14
111703,0.12
111709,0.17
111712,0.09
111715,0.21
111724,0.1
111730,0.06
111747,0.1
111760,0.12
111761,0.04
111763,0.13
111776,0.15
111777,0.16
111781,0.09
111793,0.13
111804,0.34
111810,0.25
111816,0.06
111818,0.1
111830,0.1
111832,0.11
111841,0.07
111842,0.14
111843,0.19
111846,0.13
111848,0.28
111856,0.17
111857,0.14
111877,0.06
111882,0.16
111883,0.24
111891,0.1
111893,0.09
111901,0.06
111912,0.16
111913,0.09
111955,0.06
111958,0.15
111960,0.19
111967,0.11
112000,0.1
112003,0.21
112015,0.23
112019,0.32
112020,0.12
112028,0.1
112029,0.11
112031,0.09
112039,0.12
112042,0.15
112049,0.15
112052,0.18
112054,0.07
112055,0.09
112063,0.19
112070,0.17
112071,0.16
112080,0.18
112083,0.14
112085,0.08
112089,0.16
112098,0.28
112100,0.12
112105,0.09
112124,0.07
112126,0.14
112127,0.15
112128,0.11
112148,0.15
112149,0.11
112165,0.2
112170,0.16
112171,0.11
112176,0.18
112186,0.13
112199,0.18
112203,0.17
112214,0.08
112215,0.1
112216,0.23
112224,0.08
112225,0.16
112231,0.41
112234,0.16
112235,0.13
112236,0.2
112254,0.18
112265,0.21
112271,0.07
112284,0.13
112287,0.23
112295,0.22
112303,0.21
112307,0.22
112310,0.12
112312,0.1
112313,0.08
112326,0.11
112333,0.21
112334,0.11
112339,0.1
112347,0.13
112350,0.2
112356,0.23
112357,0.06
112359,0.21
112360,0.19
112371,0.19
112385,0.1
112392,0.15
112401,0.24
112405,0.19
112414,0.28
112429,0.15
112448,0.16
112467,0.12
112468,0.17
112469,0.19
112491,0.2
112500,0.19
112510,0.26
112535,0.19
112537,0.17
112551,0.2
112552,0.12
112556,0.16
112577,0.15
112590,0.15
112593,0.11
112596,0.26
112601,0.12
112604,0.19
112622,0.1
112655,0.09
112663,0.05
112667,0.11
112670,0.1
112676,0.18
112677,0.13
112679,0.08
112683,0.13
112688,0.16
112692,0.12
112696,0.21
112702,0.11
112709,0.07
112720,0.1
112735,0.15
112738,0.22
112742,0.17
112748,0.23
112749,0.14
112766,0.09
112767,0.12
112769,0.22
112771,0.14
112775,0.09
112794,0.26
112795,0.17
112796,0.15
112815,0.12
112817,0.14
112821,0.23
112822,0.15
112829,0.23
112831,0.28
112835,0.16
112838,0.14
112842,0.18
112844,0.21
112845,0.1
112846,0.1
112847,0.07
112867,0.14
112868,0.13
112874,0.15
112879,0.09
112882,0.14
112886,0.09
112895,0.21
112896,0.34
112902,0.1
112904,0.1
112917,0.35
112932,0.22
112944,0.11
112946,0.08
112947,0.18
112948,0.21
112966,0.18
112967,0.15
112971,0.16
112973,0.22
112974,0.19
112978,0.15
112988,0.19
112992,0.26
113003,0.15
113004,0.13
113007,0.26
113020,0.27
113025,0.24
113032,0.11
113042,0.22
113047,0.17
113066,0.11
113067,0.16
113071,0.06
113087,0.18
113108,0.05
113109,0.07
113123,0.06
113128,0.28
113134,0.22
113151,0.09
113175,0.41
113181,0.21
113188,0.29
113191,0.13
113193,0.32
113201,0.23
113209,0.09
113222,0.15
113248,0.23
113272,0.21
113276,0.12
113287,0.07
113302,0.17
113308,0.16
113316,0.22
113318,0.17
113320,0.15
113322,0.12
113325,0.23
113326,0.21
113332,0.11
113346,0.33
113352,0.1
113361,0.07
113362,0.08
113365,0.16
113366,0.11
113368,0.24
113382,0.08
113385,0.15
113390,0.22
113391,0.1
113393,0.14
113396,0.11
113397,0.16
113402,0.22
113403,0.07
113405,0.13
113406,0.1
113410,0.39
113413,0.06
113418,0.1
113419,0.27
113435,0.23
113438,0.31
113447,0.15
113458,0.25
113466,0.14
113475,0.12
113482,0.23
113490,0.21
113505,0.11
113508,0.14
113520,0.05
113532,0.11
113535,0.17
113549,0.16
113557,0.15
113558,0.09
113561,0.07
113566,0.05
113569,0.09
113574,0.11
113576,0.12
113577,0.05
113585,0.09
113587,0.25
113599,0.11
113601,0.08
113602,0.2
113605,0.13
113609,0.27
113611,0.16
113616,0.1
113627,0.43
113631,0.25
113643,0.16
113652,0.15
113657,0.1
113659,0.19
113672,0.19
113680,0.13
113692,0.25
113694,0.12
113695,0.29
113701,0.09
113733,0.09
113738,0.19
113740,0.18
113742,0.14
113777,0.13
113783,0.14
113788,0.22
113789,0.13
113791,0.32
113795,0.15
113799,0.15
113805,0.18
113820,0.09
113822,0.09
113824,0.11
113829,0.19
113832,0.09
113833,0.16
113841,0.13
113849,0.2
113862,0.21
113863,0.14
113864,0.14
113870,0.11
113875,0.17
113882,0.19
113887,0.11
113894,0.24
113909,0.11
113930,0.21
113936,0.13
113939,0.15
113942,0.12
113943,0.16
113945,0.18
113947,0.1
113950,0.14
113951,0.15
113957,0.14
113966,0.17
113967,0.2
113977,0.08
113984,0.23
113986,0.18
113992,0.1
113998,0.09
113999,0.25
114003,0.07
114010,0.13
114011,0.27
114032,0.09
114047,0.15
114055,0.11
114056,0.27
114064,0.18
114065,0.15
114067,0.17
114068,0.08
114075,0.2
114076,0.11
114077,0.06
114094,0.1
114095,0.16
114109,0.13
114114,0.14
114116,0.06
114127,0.06
114158,0.15
114168,0.14
114169,0.2
114171,0.17
114180,0.36
114193,0.17
114198,0.12
114201,0.08
114202,0.47
114207,0.18
114210,0.11
114221,0.12
114222,0.15
114227,0.09
114250,0.08
114253,0.13
114265,0.19
114267,0.22
114273,0.33
114280,0.23
114281,0.18
114283,0.37
114291,0.41
114310,0.27
114316,0.08
114326,0.08
114327,0.07
114339,0.1
114352,0.07
114359,0.26
114360,0.19
114382,0.12
114396,0.13
114397,0.12
114415,0.22
114425,0.11
114434,0.17
114456,0.25
114463,0.14
114469,0.08
114476,0.07
114480,0.1
114482,0.17
114492,0.13
114493,0.16
114501,0.2
114506,0.28
114510,0.09
114515,0.25
114524,0.32
114545,0.13
114546,0.11
114560,0.15
114562,0.14
114563,0.19
114566,0.1
114599,0.15
114601,0.08
114607,0.16
114612,0.11
114622,0.16
114625,0.31
114634,0.2
114635,0.11
114641,0.14
114644,0.21
114645,0.22
114651,0.06
114653,0.11
114654,0.16
114667,0.07
114668,0.17
114670,0.14
114686,0.18
114688,0.27
114690,0.25
114691,0.05
114700,0.09
114706,0.12
114740,0.14
114741,0.16
114755,0.09
114757,0.13
114767,0.18
114772,0.3
114780,0.18
114782,0.12
114791,0.09
114815,0.29
114823,0.24
114835,0.15
114838,0.15
114840,0.13
114842,0.22
114844,0.24
114850,0.39
114853,0.14
114856,0.23
114857,0.11
114858,0.19
114864,0.11
114871,0.04
114875,0.17
114879,0.17
114893,0.18
114912,0.1
114922,0.13
114930,0.08
114945,0.14
114951,0.14
114958,0.13
114962,0.19
114976,0.15
114978,0.23
114987,0.12
115002,0.17
115005,0.1
115023,0.14
115030,0.09
115033,0.19
115034,0.12
115038,0.1
115046,0.15
115049,0.14
115055,0.05
115059,0.14
115076,0.08
115078,0.08
115081,0.19
115085,0.05
115096,0.15
115101,0.13
115114,0.09
115119,0.14
115121,0.11
115122,0.16
115144,0.13
115147,0.33
115151,0.09
115172,0.23
115175,0.15
115183,0.14
115185,0.19
115197,0.16
115200,0.11
115207,0.11
115217,0.22
115230,0.21
115237,0.05
115246,0.15
115251,0.08
115269,0.12
115290,0.1
115299,0.17
115309,0.26
115310,0.08
115311,0.1
115312,0.18
115323,0.14
115324,0.14
115341,0.24
115342,0.16
115343,0.14
115350,0.21
115354,0.08
115360,0.09
115368,0.17
115373,0.11
115396,0.39
115400,0.17
115401,0.18
115404,0.11
115405,0.16
115406,0.08
115407,0.18
115412,0.2
115413,0.18
115415,0.07
115423,0.14
115427,0.13
115428,0.07
115439,0.12
115440,0.26
115447,0.17
115450,0.14
115457,0.08
115459,0.18
115463,0.26
115473,0.4
115477,0.1
115479,0.17
115480,0.21
115481,0.19
115485,0.22
115489,0.13
115495,0.03
115500,0.09
115521,0.19
115572,0.07
115580,0.07
115582,0.17
115586,0.12
115587,0.13
115588,0.17
115591,0.17
115592,0.17
115618,0.1
115619,0.19
115621,0.26
115632,0.19
115646,0.16
115658,0.15
115671,0.14
115680,0.15
115686,0.17
115688,0.09
115705,0.21
115707,0.06
115708,0.3
115726,0.19
115759,0.13
115773,0.11
115777,0.04
115778,0.13
115781,0.21
115801,0.24
115804,0.13
115810,0.14
115812,0.24
115820,0.16
115827,0.12
115831,0.1
115841,0.19
115846,0.23
115852,0.16
115857,0.08
115858,0.13
115860,0.16
115865,0.13
115867,0.13
115869,0.11
115877,0.16
115904,0.16
115913,0.12
115916,0.12
115928,0.14
115932,0.13
115933,0.1
115937,0.37
115938,0.13
115957,0.13
115958,0.12
115969,0.07
115980,0.25
115984,0.16
116006,0.12
116007,0.14
116008,0.08
116009,0.15
116011,0.12
116012,0.24
116015,0.32
116025,0.19
116047,0.14
116052,0.18
116068,0.08
116077,0.13
116084,0.06
116089,0.18
116093,0.07
116097,0.09
116102,0.17
116118,0.18
116119,0.08
116125,0.1
116128,0.09
116135,0.1
116140,0.31
116141,0.19
116142,0.12
116153,0.19
116156,0.11
116157,0.2
116167,0.12
116168,0.19
116175,0.14
116187,0.13
116189,0.18
116191,0.15
116201,0.19
116210,0.23
116213,0.15
116215,0.21
116223,0.18
116226,0.15
116228,0.1
116241,0.18
116247,0.22
116266,0.1
116276,0.32
116287,0.14
116289,0.1
116292,0.2
116306,0.13
116309,0.09
116312,0.08
116313,0.2
116335,0.05
116342,0.11
116348,0.18
116367,0.08
116380,0.22
116383,0.19
116389,0.11
116395,0.33
116397,0.15
116398,0.14
116402,0.15
116404,0.26
116406,0.11
116424,0.1
116428,0.06
116436,0.12
116440,0.14
116448,0.16
116458,0.15
116466,0.16
116469,0.12
116473,0.12
116474,0.11
116479,0.13
116480,0.05
116491,0.14
116493,0.15
116505,0.29
116511,0.12
116525,0.16
116535,0.11
116544,0.16
116546,0.07
116562,0.13
116565,0.18
116578,0.12
116579,0.06
116580,0.22
116582,0.06
116584,0.14
116586,0.14
116596,0.18
116597,0.2
116598,0.15
116604,0.21
116608,0.07
116609,0.18
116613,0.14
116614,0.14
116615,0.17
116633,0.13
116637,0.13
116643,0.09
116647,0.14
116656,0.18
116659,0.12
116662,0.09
116676,0.1
116680,0.12
116681,0.18
116683,0.22
116684,0.14
116712,0.08
116720,0.21
116726,0.13
116729,0.16
116737,0.14
116745,0.25
116747,0.13
116766,0.11
116781,0.2
116783,0.1
116787,0.14
116788,0.27
116789,0.12
116801,0.09
116803,0.17
116804,0.17
116806,0.14
116815,0.16
116817,0.13
116825,0.19
116828,0.17
116829,0.18
116853,0.09
116854,0.19
116859,0.05
116860,0.22
116865,0.09
116872,0.25
116880,0.11
116882,0.07
116893,0.16
116896,0.18
116906,0.13
116908,0.12
116925,0.13
116926,0.15
116948,0.19
116949,0.13
116955,0.08
116964,0.14
116974,0.13
116976,0.31
116990,0.1
116993,0.14
116994,0.18
116997,0.21
117003,0.08
117007,0.14
117011,0.21
117012,0.18
117019,0.16
117021,0.1
117030,0.16
117036,0.11
117043,0.14
117054,0.09
117070,0.13
117077,0.27
117087,0.1
117093,0.21
117105,0.16
117112,0.2
117129,0.28
117135,0.16
117138,0.22
117142,0.14
117148,0.18
117157,0.16
117170,0.11
117171,0.06
117172,0.23
117178,0.16
117186,0.09
117187,0.19
117193,0.35
117194,0.21
117199,0.06
117207,0.08
117211,0.1
117216,0.17
117217,0.16
117218,0.17
117219,0.09
117224,0.15
117225,0.07
117239,0.22
117242,0.08
117249,0.4
117255,0.11
117257,0.17
117272,0.19
117284,0.2
117287,0.11
117293,0.05
117298,0.35
117299,0.04
117307,0.13
117321,0.16
117323,0.23
117326,0.17
117327,0.3
117341,0.16
117350,0.1
117362,0.23
117375,0.11
117391,0.19
117392,0.1
117396,0.17
117399,0.07
117400,0.21
117402,0.09
117406,0.32
117417,0.36
117418,0.12
117425,0.14
117428,0.17
117443,0.08
117448,0.16
117449,0.18
117450,0.12
117463,0.09
117467,0.18
117478,0.18
117480,0.18
117483,0.36
117484,0.22
117495,0.17
117498,0.05
117501,0.08
117503,0.13
117520,0.22
117524,0.17
117525,0.23
117526,0.13
117527,0.25
117531,0.11
117545,0.12
117547,0.26
117557,0.21
117563,0.15
117564,0.15
117598,0.28
117599,0.12
117610,0.08
117614,0.09
117616,0.24
117623,0.09
117625,0.28
117633,0.08
117634,0.07
117639,0.34
117652,0.09
117653,0.26
117660,0.31
117661,0.07
117662,0.09
117676,0.18
117677,0.2
117681,0.11
117684,0.21
117707,0.16
117736,0.34
117737,0.09
117741,0.15
117746,0.23
117753,0.22
117755,0.08
117775,0.12
117784,0.16
117786,0.17
117791,0.22
117801,0.26
117805,0.14
117816,0.15
117824,0.17
117835,0.14
117837,0.18
117847,0.22
117853,0.19
117854,0.15
117886,0.21
117900,0.15
117920,0.34
117924,0.19
117925,0.35
117934,0.18
117957,0.11
117959,0.16
117967,0.23
117969,0.15
117981,0.13
117982,0.07
117996,0.26
118000,0.29
118018,0.11
118025,0.14
118026,0.22
118044,0.17
118045,0.29
118048,0.14
118055,0.18
118058,0.18
118060,0.15
118066,0.1
118071,0.25
118072,0.21
118082,0.09
118089,0.14
118106,0.11
118115,0.09
118127,0.2
118144,0.19
118150,0.14
118151,0.06
118157,0.35
118162,0.09
118163,0.16
118166,0.14
118181,0.16
118191,0.12
118202,0.31
118205,0.17
118214,0.07
118251,0.15
118264,0.23
118271,0.3
118272,0.1
118276,0.17
118287,0.33
118291,0.18
118292,0.14
118294,0.2
118305,0.15
118312,0.06
118319,0.12
118321,0.12
118326,0.28
118342,0.2
118343,0.09
118353,0.14
118354,0.14
118358,0.13
118359,0.21
118365,0.19
118367,0.16
118368,0.09
118371,0.07
118378,0.17
118379,0.26
118383,0.05
118386,0.14
118387,0.12
118400,0.16
118403,0.18
118428,0.19
118440,0.14
118459,0.1
118490,0.18
118491,0.22
118492,0.19
118498,0.19
118499,0.12
118509,0.13
118518,0.19
118531,0.26
118532,0.1
118546,0.1
118548,0.08
118558,0.17
118560,0.22
118561,0.07
118562,0.24
118564,0.15
118569,0.15
118578,0.16
118585,0.18
118591,0.09
118592,0.1
118594,0.14
118611,0.11
118614,0.16
118622,0.16
118641,0.12
118642,0.05
118650,0.1
118666,0.07
118696,0.09
118697,0.07
118710,0.17
118717,0.13
118720,0.14
118735,0.14
118747,0.13
118750,0.15
118789,0.13
118791,0.12
118803,0.18
118804,0.22
118806,0.31
118809,0.21
118823,0.13
118842,0.17
118871,0.3
118874,0.23
118876,0.06
118886,0.14
118888,0.22
118889,0.06
118894,0.18
118898,0.13
118905,0.19
118911,0.08
118915,0.24
118916,0.12
118925,0.18
118926,0.11
118929,0.24
118935,0.1
118947,0.16
118951,0.09
118953,0.13
118960,0.15
118973,0.2
119001,0.11
119003,0.18
119009,0.26
119011,0.12
119012,0.12
119014,0.25
119025,0.14
119047,0.13
119049,0.13
119057,0.22
119062,0.11
119064,0.13
119069,0.14
119079,0.08
119088,0.05
119091,0.36
119095,0.16
119104,0.18
119108,0.36
119109,0.21
119115,0.05
119125,0.11
119146,0.16
119148,0.15
119160,0.13
119164,0.25
119169,0.23
119179,0.17
119187,0.13
119191,0.13
119205,0.09
119207,0.28
119208,0.1
119217,0.08
119230,0.11
119232,0.21
119236,0.24
119238,0.17
119240,0.2
119250,0.12
119251,0.15
119252,0.2
119266,0.1
119267,0.2
119270,0.21
119272,0.26
119276,0.21
119281,0.12
119295,0.09
119313,0.24
119318,0.15
119321,0.26
119340,0.19
119341,0.04
119344,0.14
119348,0.12
119353,0.18
119361,0.16
119362,0.5
119376,0.27
119383,0.14
119391,0.18
119394,0.1
119395,0.16
119415,0.1
119430,0.13
119441,0.08
119454,0.11
119468,0.13
119474,0.26
119492,0.11
119496,0.19
119500,0.19
119501,0.28
119510,0.16
119518,0.1
119524,0.26
119533,0.15
119540,0.12
119553,0.09
119573,0.12
119593,0.18
119594,0.08
119595,0.22
119596,0.18
119607,0.29
119609,0.12
119616,0.15
119618,0.21
119619,0.31
119628,0.14
119630,0.14
119632,0.14
119648,0.39
119671,0.29
119675,0.12
119683,0.19
119689,0.22
119697,0.09
119698,0.29
119702,0.35
119709,0.12
119715,0.07
119718,0.12
119719,0.26
119731,0.23
119736,0.14
119745,0.16
119749,0.05
119751,0.16
119757,0.15
119761,0.24
119762,0.17
119771,0.14
119778,0.05
119784,0.09
119788,0.19
119802,0.07
119803,0.23
119806,0.13
119810,0.11
119811,0.24
119813,0.18
119820,0.15
119821,0.27
119842,0.12
119843,0.13
119844,0.09
119861,0.2
119866,0.11
119868,0.14
119875,0.08
119896,0.29
119898,0.12
119921,0.13
119922,0.26
119929,0.17
119934,0.21
119938,0.21
119947,0.13
119948,0.3
119967,0.14
119977,0.15
119980,0.1
119984,0.25
119989,0.12
119990,0.17
119994,0.22
119999,0.29
120004,0.09
120020,0.17
120030,0.16
120036,0.19
120050,0.22
120051,0.42
120053,0.16
120075,0.15
120076,0.09
120088,0.09
120099,0.18
120101,0.1
120102,0.14
120108,0.08
120145,0.24
120146,0.14
120154,0.15
120156,0.15
120165,0.2
120166,0.11
120176,0.05
120179,0.26
120182,0.09
120198,0.14
120205,0.27
120208,0.22
120214,0.07
120220,0.14
120227,0.07
120233,0.07
120240,0.08
120243,0.17
120266,0.15
120268,0.14
120280,0.2
120281,0.06
120284,0.11
120298,0.08
120304,0.1
120306,0.16
120320,0.16
120325,0.11
120326,0.13
120335,0.15
120341,0.1
120343,0.13
120388,0.27
120390,0.07
120404,0.07
120405,0.17
120408,0.2
120415,0.26
120421,0.32
120422,0.08
120433,0.18
120437,0.32
120440,0.17
120441,0.19
120449,0.16
120457,0.17
120459,0.08
120460,0.1
120463,0.19
120464,0.19
120470,0.19
120488,0.23
120535,0.07
120538,0.08
120539,0.3
120541,0.16
120562,0.12
120570,0.26
120580,0.16
120581,0.18
120591,0.43
120593,0.26
120598,0.11
120603,0.13
120607,0.29
120642,0.11
120647,0.08
120649,0.08
120664,0.07
120665,0.09
120671,0.14
120678,0.16
120679,0.08
120680,0.21
120681,0.11
120691,0.22
120696,0.13
120697,0.37
120713,0.08
120721,0.3
120725,0.18
120734,0.28
120740,0.24
120748,0.22
120755,0.1
120759,0.2
120761,0.08
120764,0.12
120770,0.09
120777,0.09
120796,0.15
120803,0.17
120809,0.14
120811,0.11
120826,0.11
120829,0.23
120832,0.08
120840,0.25
120857,0.15
120885,0.11
120891,0.06
120894,0.16
120905,0.18
120913,0.3
120914,0.07
120918,0.18
120921,0.13
120923,0.15
120927,0.29
120928,0.1
120934,0.24
120936,0.16
120942,0.18
120946,0.15
120947,0.09
120953,0.11
120955,0.14
120956,0.16
120977,0.19
120980,0.2
120981,0.08
120982,0.09
120991,0.25
121011,0.17
121013,0.2
121018,0.14
121020,0.08
121037,0.1
121038,0.08
121039,0.08
121045,0.16
121046,0.04
121059,0.25
121066,0.15
121078,0.27
121080,0.35
121081,0.22
121086,0.08
121099,0.22
121100,0.04
121107,0.18
121108,0.13
121111,0.17
121130,0.09
121131,0.22
121135,0.25
121152,0.12
121156,0.11
121160,0.14
121162,0.14
121175,0.2
121181,0.15
121186,0.12
121197,0.06
121201,0.25
121208,0.08
121215,0.16
121220,0.26
121225,0.23
121227,0.05
121228,0.24
121243,0.19
121258,0.28
121259,0.23
121265,0.08
121279,0.2
121280,0.13
121281,0.14
121283,0.06
121288,0.17
121296,0.08
121300,0.12
121308,0.1
121321,0.17
121323,0.14
121332,0.06
121334,0.17
121348,0.13
121350,0.1
121351,0.13
121363,0.11
121379,0.13
121380,0.18
121383,0.08
121387,0.22
121414,0.19
121416,0.05
121422,0.21
121423,0.09
121427,0.15
121431,0.09
121438,0.12
121460,0.07
121479,0.14
121482,0.15
121483,0.29
121488,0.13
121489,0.23
121492,0.11
121502,0.13
121503,0.13
121513,0.11
121544,0.13
121545,0.14
121546,0.14
121552,0.21
121553,0.14
121556,0.19
121557,0.07
121583,0.13
121588,0.14
121596,0.23
121597,0.17
121612,0.08
121618,0.09
121619,0.19
121621,0.12
121622,0.2
121626,0.16
121628,0.18
121630,0.37
121631,0.18
121632,0.24
121641,0.08
121695,0.11
121733,0.14
121754,0.2
121762,0.13
121765,0.07
121766,0.13
121771,0.07
121772,0.49
121778,0.15
121791,0.18
121792,0.12
121822,0.15
121825,0.26
121832,0.13
121841,0.14
121846,0.09
121850,0.22
121851,0.22
121853,0.34
121857,0.12
121862,0.2
121863,0.1
121875,0.09
121881,0.14
121896,0.22
121901,0.09
121908,0.18
121909,0.24
121916,0.16
121919,0.17
121921,0.15
121933,0.09
121947,0.15
121948,0.31
121963,0.13
121968,0.1
121970,0.17
121978,0.14
121991,0.2
121996,0.07
121997,0.41
122000,0.2
122015,0.2
122017,0.2
122027,0.23
122044,0.13
122047,0.09
122055,0.22
122065,0.18
122069,0.15
122074,0.1
122086,0.17
122089,0.07
122099,0.16
122102,0.2
122118,0.14
122124,0.14
122125,0.08
122129,0.12
122133,0.14
122135,0.28
122136,0.12
122142,0.12
122154,0.13
122158,0.14
122160,0.15
122165,0.21
122166,0.1
122170,0.13
122175,0.08
122192,0.23
122207,0.13
122210,0.19
122215,0.1
122222,0.1
122234,0.33
122235,0.1
122236,0.1
122248,0.22
122256,0.09
122257,0.08
122258,0.19
122259,0.14
122260,0.18
122264,0.15
122266,0.31
122268,0.1
122271,0.11
122283,0.15
122286,0.08
122288,0.1
122301,0.07
122313,0.21
122322,0.15
122323,0.12
122324,0.09
122336,0.09
122338,0.15
122349,0.06
122351,0.09
122354,0.14
122358,0.18
122376,0.32
122378,0.18
122387,0.06
122392,0.11
122405,0.33
122409,0.18
122411,0.12
122415,0.16
122416,0.15
122425,0.27
122452,0.23
122453,0.15
122456,0.13
122458,0.19
122465,0.09
122468,0.13
122477,0.11
122483,0.06
122517,0.23
122521,0.39
122537,0.12
122538,0.06
122552,0.23
122557,0.18
122561,0.06
122568,0.21
122573,0.19
122583,0.36
122590,0.26
122609,0.14
122617,0.18
122621,0.14
122635,0.07
122638,0.18
122639,0.16
122644,0.06
122675,0.09
122699,0.19
122703,0.11
122706,0.19
122712,0.15
122730,0.15
122731,0.07
122736,0.1
122741,0.17
122745,0.17
122751,0.23
122768,0.13
122785,0.16
122797,0.12
122812,0.14
122816,0.09
122817,0.12
122826,0.14
122838,0.17
122845,0.1
122848,0.12
122850,0.11
122856,0.11
122862,0.12
122869,0.19
122871,0.19
122874,0.32
122875,0.22
122885,0.1
122901,0.12
122902,0.08
122903,0.16
122904,0.08
122910,0.06
122921,0.15
122925,0.1
122964,0.2
122975,0.13
122977,0.2
122984,0.41
122999,0.09
123004,0.24
123009,0.17
123012,0.1
123018,0.11
123025,0.24
123037,0.19
123038,0.18
123039,0.1
123045,0.12
123046,0.14
123051,0.09
123052,0.1
123056,0.12
123061,0.22
123072,0.15
123074,0.17
123086,0.24
123087,0.19
123091,0.2
123094,0.21
123105,0.16
123110,0.07
123113,0.1
123114,0.28
123124,0.12
123131,0.04
123136,0.36
123146,0.08
123147,0.21
123155,0.31
123163,0.2
123182,0.15
123196,0.1
123200,0.07
123204,0.07
123207,0.08
123210,0.08
123215,0.21
123227,0.22
123234,0.12
123239,0.1
123249,0.12
123252,0.09
123255,0.1
123257,0.14
123260,0.1
123263,0.18
123274,0.16
123275,0.08
123276,0.09
123292,0.15
123308,0.11
123316,0.07
123328,0.06
123330,0.23
123331,0.16
123334,0.33
123343,0.04
123344,0.27
123345,0.14
123352,0.17
123356,0.15
123365,0.15
123368,0.12
123376,0.2
123381,0.13
123384,0.24
123389,0.17
123401,0.18
123419,0.1
123433,0.12
123438,0.2
123441,0.19
123456,0.17
123457,0.25
123476,0.2
123477,0.09
123489,0.23
123490,0.09
123496,0.2
123502,0.21
123503,0.29
123513,0.15
123515,0.15
123530,0.16
123532,0.1
123537,0.13
123539,0.2
123540,0.11
123546,0.1
123547,0.18
123554,0.19
123572,0.16
123574,0.22
123575,0.25
123576,0.17
123584,0.13
123586,0.27
123591,0.12
123606,0.08
123607,0.1
123615,0.12
123616,0.15
123619,0.15
123621,0.13
123622,0.06
123633,0.11
123635,0.17
123658,0.18
123659,0.12
123663,0.17
123666,0.12
123670,0.09
123678,0.11
123688,0.21
123707,0.12
123709,0.13
123720,0.06
123741,0.09
123751,0.21
123759,0.15
123765,0.18
123766,0.09
123793,0.27
123794,0.2
123809,0.13
123837,0.08
123839,0.16
123843,0.22
123851,0.18
123854,0.14
123860,0.09
123863,0.19
123879,0.07
123888,0.19
123891,0.09
123912,0.05
123942,0.11
123952,0.3
123953,0.09
123958,0.21
123966,0.13
123977,0.23
123981,0.17
124000,0.13
124023,0.13
124026,0.11
124027,0.08
124033,0.14
124053,0.09
124057,0.08
124065,0.22
124074,0.1
124079,0.14
124095,0.17
124110,0.13
124138,0.1
124167,0.2
124168,0.16
124175,0.14
124176,0.2
124181,0.21
124195,0.29
124197,0.06
124206,0.11
124225,0.11
124230,0.09
124231,0.19
124253,0.09
124257,0.19
124263,0.14
124277,0.07
124285,0.03
124289,0.06
124299,0.25
124303,0.16
124309,0.32
124316,0.15
124319,0.15
124335,0.27
124347,0.32
124359,0.14
124362,0.09
124363,0.14
124389,0.11
124390,0.16
124393,0.21
124401,0.38
124406,0.14
124407,0.11
124416,0.15
124423,0.15
124429,0.08
124431,0.13
124439,0.08
124441,0.11
124451,0.14
124454,0.11
124463,0.28
124492,0.17
124493,0.16
124503,0.08
124506,0.24
124514,0.09
124516,0.15
124519,0.17
124520,0.22
124539,0.16
124545,0.17
124546,0.28
124552,0.11
124553,0.3
124555,0.07
124575,0.15
124586,0.16
124587,0.12
124591,0.31
124595,0.13
124597,0.2
124625,0.2
124628,0.18
124647,0.21
124648,0.16
124654,0.18
124655,0.13
124656,0.14
124658,0.13
124674,0.2
124675,0.16
124686,0.19
124696,0.17
124698,0.11
124702,0.18
124704,0.26
124705,0.16
124719,0.09
124732,0.16
124734,0.23
124737,0.1
124742,0.17
124793,0.09
124816,0.32
124820,0.09
124823,0.26
124826,0.05
124829,0.07
124844,0.22
124850,0.13
124866,0.13
124868,0.14
124874,0.2
124875,0.14
124876,0.12
124887,0.15
124893,0.26
124901,0.1
124905,0.29
124906,0.21
124931,0.18
124938,0.16
124940,0.23
124947,0.13
124948,0.09
124949,0.09
124971,0.2
124974,0.08
124976,0.14
125004,0.19
125025,0.06
125029,0.19
125031,0.15
125037,0.18
125046,0.09
125052,0.17
125053,0.19
125090,0.23
125093,0.13
125100,0.1
125101,0.14
125104,0.19
125111,0.13
125133,0.05
125144,0.25
125145,0.11
125149,0.19
125157,0.14
125158,0.32
125164,0.25
125167,0.15
125170,0.13
125177,0.08
125185,0.14
125190,0.06
125196,0.05
125200,0.21
125203,0.22
125215,0.21
125221,0.17
125224,0.14
125227,0.13
125252,0.15
125256,0.14
125264,0.13
125266,0.14
125267,0.15
125268,0.35
125270,0.11
125271,0.07
125276,0.1
125290,0.09
125300,0.08
125311,0.12
125327,0.11
125338,0.06
125359,0.13
125360,0.09
125366,0.12
125373,0.2
125376,0.37
125384,0.15
125387,0.19
125388,0.16
125393,0.09
125394,0.23
125396,0.11
125397,0.14
125408,0.18
125409,0.25
125414,0.27
125423,0.08
125425,0.17
125436,0.17
125450,0.31
125465,0.12
125471,0.23
125488,0.17
125496,0.21
125500,0.23
125505,0.08
125507,0.17
125519,0.06
125521,0.29
125524,0.16
125531,0.29
125542,0.09
125552,0.1
125560,0.16
125573,0.16
125574,0.16
125576,0.16
125592,0.17
125604,0.12
125622,0.2
125628,0.09
125649,0.14
125668,0.15
125695,0.17
125698,0.25
125701,0.16
125705,0.25
125709,0.14
125713,0.15
125720,0.21
125727,0.26
125747,0.13
125752,0.12
125758,0.12
125772,0.18
125779,0.34
125798,0.26
125804,0.2
125814,0.14
125817,0.06
125835,0.03
125838,0.17
125842,0.08
125852,0.33
125878,0.1
125886,0.19
125896,0.3
125924,0.22
125930,0.14
125939,0.14
125957,0.29
125961,0.22
125972,0.14
125973,0.18
125975,0.07
125983,0.1
125984,0.36
125990,0.12
126016,0.19
126022,0.15
126028,0.22
126047,0.12
126048,0.07
126067,0.17
126068,0.11
126069,0.11
126088,0.16
126121,0.13
126123,0.11
126125,0.17
126136,0.16
126159,0.16
126162,0.13
126165,0.1
126172,0.17
126175,0.2
126178,0.11
126184,0.09
126198,0.16
126202,0.18
126203,0.1
126205,0.04
126214,0.15
126231,0.25
126238,0.15
126242,0.23
126252,0.11
126263,0.16
126265,0.27
126267,0.17
126274,0.11
126299,0.17
126307,0.14
126310,0.16
126329,0.1
126331,0.11
126340,0.19
126341,0.19
126348,0.29
126349,0.14
126351,0.15
126354,0.09
126366,0.1
126370,0.11
126398,0.16
126407,0.08
126409,0.21
126431,0.16
126438,0.09
126448,0.09
126462,0.09
126464,0.14
126468,0.14
126472,0.13
126473,0.15
126479,0.15
126484,0.17
126486,0.11
126488,0.16
126490,0.16
126494,0.14
126506,0.16
126510,0.13
126513,0.13
126526,0.23
126533,0.13
126538,0.18
126549,0.16
126553,0.24
126554,0.14
126555,0.12
126579,0.11
126584,0.09
126594,0.08
126595,0.15
126596,0.28
126602,0.14
126611,0.06
126614,0.13
126636,0.1
126638,0.22
126651,0.16
126658,0.12
126674,0.04
126685,0.07
126688,0.12
126689,0.16
126707,0.32
126715,0.16
126716,0.09
126721,0.34
126722,0.19
126732,0.09
126738,0.21
126743,0.1
126744,0.13
126752,0.09
126759,0.24
126763,0.32
126775,0.22
126778,0.19
126784,0.12
126791,0.09
126792,0.12
126804,0.26
126816,0.22
126817,0.08
126822,0.06
126832,0.11
126842,0.17
126849,0.21
126850,0.03
126861,0.1
126871,0.06
126872,0.14
126880,0.09
126888,0.15
126896,0.14
126913,0.14
126918,0.08
126954,0.05
126961,0.13
126963,0.12
126965,0.27
126968,0.25
126971,0.17
126981,0.24
126984,0.2
126985,0.21
126995,0.2
126999,0.14
127007,0.21
127015,0.12
127038,0.19
127054,0.15
127057,0.16
127062,0.43
127083,0.15
127098,0.12
127102,0.17
127110,0.15
127111,0.09
127116,0.09
127126,0.08
127135,0.06
127137,0.15
127142,0.05
127151,0.08
127155,0.12
127156,0.11
127160,0.21
127169,0.24
127174,0.06
127175,0.21
127177,0.12
127192,0.11
127193,0.12
127196,0.09
127197,0.14
127204,0.09
127207,0.2
127215,0.17
127226,0.2
127230,0.09
127244,0.12
127247,0.23
127249,0.14
127259,0.28
127299,0.13
127304,0.09
127308,0.13
127309,0.15
127313,0.1
127316,0.09
127317,0.2
127318,0.16
127333,0.21
127334,0.17
127336,0.07
127346,0.12
127370,0.05
127375,0.18
127390,0.1
127392,0.11
127398,0.14
127400,0.14
127402,0.14
127407,0.16
127412,0.16
127413,0.18
127415,0.13
127418,0.23
127425,0.11
127432,0.1
127436,0.19
127448,0.09
127449,0.22
127463,0.22
127464,0.27
127468,0.11
127481,0.1
127492,0.11
127495,0.1
127496,0.13
127501,0.12
127508,0.17
127531,0.13
127554,0.13
127562,0.14
127565,0.08
127567,0.18
127582,0.15
127593,0.12
127595,0.07
127614,0.1
127627,0.17
127630,0.18
127638,0.13
127639,0.18
127641,0.09
127643,0.25
127665,0.15
127674,0.1
127676,0.26
127693,0.11
127701,0.08
127702,0.19
127709,0.12
127720,0.18
127733,0.16
127739,0.21
127753,0.14
127756,0.17
127757,0.1
127777,0.21
127810,0.18
127811,0.1
127821,0.24
127835,0.2
127839,0.12
127870,0.23
127878,0.23
127887,0.2
127918,0.16
127919,0.13
127920,0.15
127932,0.18
127933,0.22
127953,0.19
127955,0.08
127957,0.12
127961,0.13
127967,0.2
127970,0.16
127975,0.14
127985,0.06
127991,0.14
127997,0.11
127999,0.11
128004,0.22
128005,0.2
128015,0.14
128018,0.17
128044,0.15
128046,0.18
128047,0.21
128048,0.27
128054,0.17
128066,0.2
128070,0.12
128071,0.12
128094,0.28
128095,0.2
128099,0.22
128116,0.07
128130,0.14
128132,0.09
128133,0.31
128140,0.16
128154,0.16
128156,0.27
128160,0.1
128165,0.3
128166,0.08
128169,0.18
128171,0.19
128177,0.11
128178,0.17
128182,0.08
128191,0.11
128199,0.12
128213,0.11
128214,0.13
128216,0.18
128217,0.14
128226,0.14
128229,0.06
128232,0.16
128246,0.08
128273,0.11
128274,0.08
128283,0.08
128284,0.12
128294,0.19
128295,0.15
128297,0.15
128300,0.16
128314,0.15
128317,0.15
128339,0.09
128340,0.14
128342,0.17
128343,0.08
128364,0.13
128368,0.27
128377,0.1
128380,0.15
128383,0.18
128407,0.18
128409,0.19
128423,0.14
128428,0.09
128433,0.17
128438,0.3
128439,0.15
128446,0.08
128447,0.12
128450,0.18
128455,0.24
128457,0.18
128464,0.1
128465,0.09
128471,0.09
128474,0.19
128483,0.22
128514,0.11
128516,0.14
128519,0.17
128528,0.14
128529,0.21
128536,0.16
128541,0.2
128542,0.11
128545,0.17
128557,0.07
128560,0.21
128568,0.13
128571,0.18
128578,0.1
128582,0.16
128588,0.16
128597,0.16
128610,0.14
128619,0.15
128630,0.21
128680,0.16
128684,0.11
128687,0.18
128699,0.31
128702,0.1
128704,0.16
128710,0.24
128720,0.22
128724,0.13
128727,0.17
128744,0.1
128745,0.04
128760,0.2
128766,0.28
128770,0.15
128782,0.12
128822,0.07
128830,0.26
128836,0.34
128845,0.19
128858,0.09
128859,0.18
128860,0.15
128874,0.1
128880,0.13
128882,0.13
128883,0.34
128884,0.16
128892,0.25
128905,0.3
128910,0.16
128912,0.13
128915,0.1
128917,0.18
128937,0.08
128942,0.11
128945,0.11
128957,0.09
128962,0.12
128970,0.03
128985,0.12
128986,0.13
128992,0.13
128994,0.09
129003,0.14
129005,0.1
129010,0.11
129024,0.14
129038,0.15
129042,0.16
129049,0.21
129062,0.21
129067,0.23
129070,0.16
129073,0.1
129074,0.22
129088,0.13
129090,0.15
129101,0.2
129102,0.17
129106,0.24
129108,0.24
129120,0.11
129122,0.08
129123,0.26
129135,0.21
129141,0.19
129152,0.06
129160,0.11
129168,0.16
129174,0.11
129178,0.14
129183,0.14
129187,0.11
129197,0.15
129200,0.1
129205,0.11
129222,0.06
129230,0.15
129235,0.1
129251,0.16
129274,0.06
129282,0.09
129284,0.12
129298,0.14
129299,0.1
129311,0.19
129312,0.12
129313,0.14
129314,0.16
129321,0.18
129329,0.15
129330,0.34
129332,0.1
129338,0.11
129345,0.08
129349,0.22
129353,0.15
129357,0.16
129358,0.2
129365,0.18
129376,0.2
129380,0.09
129382,0.13
129402,0.12
129403,0.09
129412,0.12
129441,0.24
129442,0.15
129448,0.17
129466,0.08
129475,0.19
129483,0.2
129484,0.13
129499,0.08
129501,0.2
129508,0.08
129510,0.21
129526,0.2
129527,0.25
129533,0.13
129535,0.25
129536,0.17
129545,0.14
129553,0.17
129557,0.19
129560,0.09
129576,0.11
129580,0.11
129585,0.16
129587,0.11
129597,0.1
129611,0.09
129619,0.17
129622,0.14
129631,0.11
129632,0.14
129640,0.24
129647,0.11
129658,0.09
129676,0.13
129683,0.14
129685,0.11
129701,0.13
129706,0.24
129707,0.14
129720,0.12
129727,0.26
129728,0.17
129768,0.09
129775,0.1
129790,0.08
129804,0.11
129805,0.15
129813,0.08
129816,0.11
129823,0.2
129826,0.39
129831,0.13
129833,0.22
129851,0.13
129857,0.19
129860,0.11
129914,0.11
129926,0.1
129933,0.11
129939,0.16
129949,0.14
129959,0.25
129962,0.39
129963,0.18
129964,0.15
129977,0.15
129985,0.07
129987,0.12
129992,0.14
130002,0.16
130016,0.08
130045,0.09
130048,0.15
130051,0.1
130053,0.12
130056,0.14
130061,0.1
130062,0.17
130065,0.2
130066,0.08
130070,0.22
130079,0.08
130080,0.09
130098,0.07
130109,0.06
130110,0.16
130116,0.16
130125,0.32
130134,0.37
130137,0.22
130138,0.19
130146,0.23
130148,0.15
130154,0.16
130156,0.12
130158,0.18
130159,0.13
130177,0.07
130186,0.32
130204,0.26
130205,0.23
130206,0.26
130211,0.15
130217,0.19
130218,0.13
130235,0.24
130236,0.28
130239,0.08
130256,0.15
130260,0.12
130261,0.22
130262,0.12
130263,0.17
130264,0.05
130266,0.26
130277,0.19
130278,0.15
130281,0.29
130297,0.16
130302,0.15
130320,0.09
130325,0.17
130329,0.13
130338,0.25
130339,0.18
130340,0.22
130344,0.17
130347,0.11
130353,0.15
130358,0.13
130366,0.1
130371,0.12
130374,0.11
130389,0.1
130390,0.09
130404,0.19
130426,0.17
130440,0.1
130449,0.29
130451,0.07
130452,0.19
130453,0.19
130463,0.15
130466,0.07
130467,0.1
130475,0.1
130489,0.16
130490,0.1
130495,0.11
130497,0.26
130499,0.09
130504,0.18
130513,0.12
130528,0.06
130533,0.21
130543,0.1
130567,0.22
130571,0.12
130572,0.19
130589,0.16
130592,0.2
130603,0.22
130623,0.16
130641,0.17
130687,0.21
130690,0.14
130698,0.13
130707,0.12
130709,0.19
130718,0.24
130722,0.16
130732,0.08
130735,0.21
130757,0.15
130760,0.13
130771,0.11
130772,0.08
130774,0.07
130779,0.09
130795,0.1
130828,0.17
130833,0.13
130843,0.04
130855,0.25
130871,0.13
130878,0.18
130885,0.16
130889,0.13
130894,0.18
130896,0.15
130905,0.18
130906,0.14
130930,0.06
130931,0.21
130943,0.22
130946,0.15
130947,0.24
130950,0.06
130954,0.15
130966,0.07
130983,0.09
131003,0.09
131005,0.07
131009,0.15
131013,0.2
131027,0.14
131030,0.23
131031,0.16
131033,0.1
131039,0.16
131045,0.24
131057,0.28
131072,0.07
131084,0.1
131088,0.06
131089,0.12
131091,0.1
131093,0.14
131114,0.27
131118,0.23
131123,0.08
131130,0.15
131144,0.15
131162,0.14
131163,0.14
131166,0.17
131179,0.32
131181,0.16
131183,0.27
131219,0.09
131227,0.19
131231,0.13
131235,0.25
131242,0.12
131251,0.18
131257,0.11
131263,0.12
131268,0.18
131271,0.07
131275,0.08
131286,0.15
131290,0.13
131300,0.13
131306,0.18
131316,0.16
131321,0.22
131322,0.09
131326,0.02
131333,0.11
131335,0.23
131352,0.04
131354,0.08
131366,0.08
131373,0.13
131388,0.06
131394,0.16
131404,0.21
131405,0.23
131411,0.11
131416,0.24
131421,0.06
131424,0.19
131426,0.16
131443,0.2
131470,0.22
131471,0.25
131476,0.11
131477,0.08
131479,0.36
131493,0.16
131495,0.21
131496,0.17
131498,0.22
131504,0.18
131525,0.33
131528,0.09
131548,0.09
131549,0.11
131550,0.27
131557,0.37
131564,0.15
131565,0.1
131576,0.21
131602,0.25
131628,0.13
131629,0.12
131641,0.11
131647,0.06
131664,0.08
131677,0.1
131681,0.2
131682,0.11
131688,0.25
131690,0.14
131691,0.18
131709,0.1
131713,0.16
131719,0.18
131733,0.27
131734,0.28
131743,0.24
131747,0.11
131748,0.2
131758,0.12
131759,0.22
131764,0.16
131771,0.21
131788,0.09
131791,0.2
131798,0.12
131810,0.24
131812,0.09
131815,0.16
131823,0.23
131824,0.16
131828,0.2
131844,0.13
131846,0.19
131848,0.16
131863,0.11
131864,0.16
131889,0.14
131890,0.17
131892,0.09
131895,0.09
131896,0.22
131897,0.04
131905,0.11
131906,0.16
131907,0.26
131914,0.17
131921,0.05
131922,0.13
131925,0.05
131936,0.12
131941,0.07
131950,0.12
131952,0.16
131959,0.19
131983,0.07
131987,0.08
131994,0.15
132004,0.28
132009,0.12
132012,0.18
132013,0.08
132014,0.39
132028,0.29
132054,0.08
132061,0.09
132062,0.16
132078,0.32
132082,0.19
132086,0.18
132089,0.06
132095,0.18
132109,0.11
132110,0.13
132121,0.1
132125,0.12
132127,0.12
132128,0.1
132134,0.15
132139,0.09
132141,0.09
132149,0.33
132150,0.11
132152,0.18
132153,0.3
132164,0.15
132179,0.23
132182,0.18
132189,0.19
132193,0.17
132194,0.13
132195,0.2
132208,0.26
132211,0.15
132212,0.25
132216,0.1
132219,0.08
132223,0.16
132238,0.07
132242,0.06
132268,0.11
132275,0.07
132276,0.21
132279,0.05
132289,0.23
132290,0.08
132300,0.31
132319,0.16
132340,0.16
132344,0.09
132345,0.05
132346,0.19
132352,0.2
132353,0.13
132358,0.25
132381,0.18
132382,0.08
132383,0.07
132410,0.06
132419,0.16
132423,0.18
132432,0.15
132434,0.23
132440,0.16
132441,0.12
132452,0.1
132453,0.05
132456,0.14
132459,0.14
132462,0.2
132463,0.18
132468,0.19
132485,0.34
132490,0.22
132500,0.11
132521,0.31
132555,0.13
132560,0.08
132562,0.14
132575,0.13
132587,0.04
132591,0.13
132611,0.19
132615,0.09
132617,0.29
132622,0.32
132629,0.1
132638,0.14
132642,0.13
132658,0.18
132664,0.18
132668,0.14
132676,0.14
132704,0.15
132707,0.21
132719,0.1
132723,0.26
132724,0.19
132732,0.12
132754,0.11
132756,0.17
132766,0.15
132767,0.12
132775,0.13
132776,0.23
132785,0.11
132787,0.11
132793,0.12
132807,0.08
132811,0.09
132818,0.09
132834,0.11
132846,0.13
132861,0.15
132870,0.16
132882,0.22
132884,0.11
132885,0.2
132888,0.08
132898,0.15
132912,0.09
132916,0.23
132917,0.09
132932,0.23
132940,0.15
132943,0.14
132962,0.19
132965,0.14
132969,0.11
132974,0.13
132977,0.1
132978,0.08
132982,0.11
132983,0.03
132996,0.08
133006,0.16
133007,0.17
133025,0.1
133027,0.18
133033,0.11
133038,0.13
133040,0.19
133041,0.13
133044,0.17
133053,0.07
133063,0.09
133065,0.07
133083,0.12
133084,0.22
133091,0.2
133092,0.12
133107,0.12
133111,0.14
133122,0.15
133132,0.12
133140,0.24
133147,0.13
133150,0.16
133168,0.14
133170,0.07
133184,0.06
133228,0.1
133229,0.22
133230,0.1
133232,0.27
133242,0.21
133246,0.16
133247,0.22
133253,0.14
133268,0.26
133271,0.17
133272,0.12
133296,0.2
133299,0.13
133302,0.31
133315,0.12
133330,0.11
133331,0.08
133332,0.15
133333,0.12
133334,0.36
133361,0.31
133363,0.26
133404,0.07
133412,0.23
133418,0.15
133422,0.29
133426,0.21
133450,0.14
133465,0.1
133468,0.13
133469,0.13
133474,0.06
133479,0.2
133490,0.25
133492,0.14
133495,0.1
133496,0.16
133501,0.25
133502,0.14
133511,0.21
133515,0.17
133528,0.18
133539,0.14
133551,0.15
133564,0.11
133569,0.16
133570,0.06
133578,0.13
133586,0.16
133587,0.25
133597,0.21
133608,0.14
133624,0.15
133626,0.18
133645,0.13
133655,0.1
133658,0.12
133659,0.14
133660,0.14
133664,0.17
133684,0.24
133685,0.1
133688,0.26
133706,0.09
133713,0.06
133723,0.12
133730,0.09
133733,0.14
133760,0.16
133762,0.18
133777,0.04
133793,0.09
133816,0.15
133818,0.08
133824,0.21
133841,0.22
133850,0.11
133877,0.1
133880,0.15
133887,0.15
133889,0.24
133896,0.11
133916,0.24
133920,0.13
133936,0.11
133939,0.07
133940,0.1
133942,0.18
133956,0.25
133957,0.22
133965,0.22
133972,0.15
133973,0.11
134008,0.12
134016,0.37
134039,0.16
134040,0.13
134045,0.23
134050,0.21
134056,0.31
134082,0.21
134085,0.2
134089,0.14
134102,0.26
134118,0.06
134131,0.17
134135,0.13
134137,0.07
134150,0.14
134159,0.16
134183,0.09
134186,0.17
134211,0.07
134216,0.09
134217,0.07
134218,0.13
134230,0.25
134233,0.21
134234,0.06
134236,0.21
134241,0.12
134242,0.14
134273,0.25
134277,0.04
134287,0.18
134293,0.05
134302,0.14
134306,0.21
134307,0.13
134325,0.11
134330,0.22
134334,0.14
134338,0.17
134339,0.08
134348,0.16
134355,0.12
134369,0.33
134387,0.1
134399,0.23
134400,0.03
134405,0.13
134407,0.16
134433,0.15
134448,0.14
134460,0.08
134463,0.18
134467,0.14
134485,0.05
134486,0.26
134490,0.24
134494,0.16
134501,0.17
134508,0.14
134512,0.12
134514,0.15
134519,0.09
134528,0.1
134536,0.19
134540,0.07
134546,0.13
134549,0.14
134558,0.2
134560,0.16
134588,0.21
134590,0.13
134591,0.14
134594,0.15
134622,0.14
134626,0.1
134639,0.09
134649,0.16
134654,0.17
134658,0.2
134683,0.16
134688,0.28
134689,0.41
134697,0.13
134698,0.21
134718,0.1
134742,0.14
134751,0.22
134760,0.14
134763,0.1
134764,0.14
134765,0.18
134773,0.16
134790,0.15
134794,0.16
134802,0.11
134805,0.09
134807,0.06
134812,0.1
134813,0.07
134823,0.28
134824,0.23
134838,0.27
134841,0.11
134857,0.12
134862,0.18
134865,0.14
134880,0.24
134883,0.17
134884,0.23
134916,0.06
134918,0.11
134919,0.14
134921,0.09
134928,0.35
134943,0.15
134950,0.11
134968,0.22
134971,0.31
134972,0.21
135011,0.17
135013,0.35
135016,0.08
135031,0.16
135036,0.06
135041,0.19
135052,0.2
135053,0.16
135054,0.18
135060,0.14
135072,0.09
135078,0.07
135079,0.07
135090,0.25
135113,0.11
135123,0.1
135128,0.2
135136,0.21
135152,0.15
135163,0.22
135166,0.05
135186,0.18
135188,0.15
135194,0.07
135214,0.12
135220,0.09
135235,0.11
135236,0.14
135241,0.18
135243,0.17
135253,0.22
135258,0.22
135264,0.1
135271,0.09
135274,0.08
135275,0.13
135288,0.2
135290,0.08
135299,0.22
135304,0.13
135309,0.12
135345,0.28
135359,0.07
135360,0.15
135361,0.15
135363,0.07
135365,0.13
135369,0.13
135380,0.12
135387,0.2
135389,0.09
135390,0.2
135393,0.11
135401,0.15
135409,0.22
135410,0.12
135412,0.14
135430,0.13
135434,0.19
135435,0.15
135445,0.31
135449,0.32
135460,0.1
135461,0.1
135491,0.18
135500,0.06
135504,0.16
135506,0.11
135521,0.24
135523,0.25
135527,0.08
135528,0.13
135530,0.24
135540,0.08
135541,0.38
135562,0.19
135578,0.09
135584,0.09
135589,0.16
135590,0.11
135591,0.15
135596,0.11
135607,0.06
135622,0.02
135626,0.16
135635,0.13
135636,0.2
135650,0.12
135656,0.19
135657,0.23
135672,0.24
135673,0.23
135678,0.13
135679,0.09
135684,0.22
135701,0.11
135704,0.13
135713,0.15
135716,0.26
135718,0.12
135723,0.1
135737,0.12
135738,0.1
135745,0.11
135746,0.2
135752,0.1
135755,0.1
135756,0.12
135765,0.18
135778,0.21
135779,0.21
135788,0.06
135803,0.22
135804,0.11
135809,0.09
135811,0.26
135812,0.16
135823,0.21
135834,0.19
135838,0.09
135843,0.1
135847,0.21
135857,0.38
135865,0.17
135872,0.08
135885,0.12
135888,0.11
135899,0.27
135910,0.04
135930,0.16
135941,0.33
135943,0.22
135949,0.16
135950,0.22
135951,0.21
135954,0.25
135966,0.24
135967,0.11
135971,0.1
135974,0.2
135975,0.1
135985,0.11
136004,0.12
136009,0.18
136033,0.12
136041,0.11
136051,0.12
136057,0.09
136070,0.24
136099,0.17
136103,0.15
136114,0.17
136116,0.13
136140,0.08
136160,0.08
136185,0.17
136201,0.18
136211,0.23
136213,0.25
136224,0.2
136234,0.05
136244,0.21
136255,0.15
136257,0.18
136260,0.12
136261,0.16
136263,0.22
136267,0.15
136277,0.09
136289,0.14
136293,0.12
136296,0.17
136302,0.16
136312,0.09
136317,0.25
136337,0.25
136355,0.09
136356,0.31
136383,0.17
136390,0.12
136406,0.21
136416,0.11
136417,0.12
136429,0.24
136440,0.16
136445,0.17
136449,0.15
136454,0.17
136457,0.1
136467,0.13
136474,0.2
136503,0.1
136505,0.09
136558,0.12
136578,0.22
136579,0.12
136582,0.13
136583,0.09
136588,0.18
136593,0.09
136605,0.19
136617,0.14
136620,0.14
136625,0.08
136640,0.19
136643,0.27
136653,0.24
136654,0.23
136660,0.1
136661,0.16
136663,0.15
136683,0.29
136711,0.18
136726,0.25
136730,0.2
136739,0.17
136740,0.3
136745,0.07
136751,0.2
136754,0.14
136758,0.18
136762,0.27
136763,0.16
136778,0.08
136782,0.08
136798,0.25
136808,0.3
136811,0.16
136829,0.12
136832,0.1
136838,0.17
136846,0.12
136848,0.13
136852,0.15
136854,0.26
136856,0.1
136862,0.32
136863,0.16
136885,0.12
136887,0.13
136902,0.11
136918,0.14
136922,0.11
136923,0.11
136929,0.35
136940,0.09
136967,0.2
136968,0.27
136972,0.22
136984,0.16
136993,0.12
136994,0.12
136995,0.11
136999,0.09
137013,0.11
137015,0.2
137023,0.12
137025,0.15
137032,0.11
137033,0.23
137045,0.24
137049,0.11
137051,0.15
137052,0.13
137101,0.17
137119,0.24
137142,0.19
137149,0.18
137166,0.05
137167,0.04
137192,0.12
137193,0.16
137194,0.13
137204,0.2
137214,0.1
137222,0.25
137223,0.14
137234,0.15
137254,0.1
137269,0.05
137284,0.16
137285,0.25
137286,0.33
137287,0.16
137300,0.15
137305,0.14
137313,0.19
137344,0.21
137346,0.13
137354,0.21
137356,0.31
137357,0.13
137364,0.18
137368,0.08
137380,0.15
137383,0.14
137395,0.15
137432,0.2
137433,0.19
137435,0.12
137444,0.12
137453,0.18
137454,0.1
137455,0.17
137456,0.08
137457,0.12
137465,0.09
137476,0.12
137515,0.11
137544,0.13
137549,0.21
137560,0.15
137577,0.26
137590,0.09
137591,0.14
137592,0.15
137595,0.1
137614,0.15
137624,0.16
137640,0.15
137651,0.21
137657,0.06
137658,0.35
137672,0.19
137673,0.11
137687,0.35
137688,0.13
137689,0.09
137700,0.25
137711,0.18
137715,0.22
137718,0.12
137721,0.1
137722,0.16
137726,0.23
137739,0.16
137741,0.08
137743,0.15
137747,0.05
137761,0.11
137796,0.16
137807,0.12
137809,0.11
137824,0.1
137827,0.14
137846,0.26
137862,0.1
137865,0.09
137868,0.13
137875,0.09
137878,0.08
137883,0.1
137888,0.19
137913,0.12
137915,0.09
137934,0.18
137936,0.23
137937,0.12
137942,0.14
137944,0.25
137947,0.13
137960,0.22
137977,0.18
138006,0.19
138007,0.11
138008,0.12
138019,0.14
138021,0.07
138022,0.11
138025,0.16
138044,0.17
138046,0.11
138050,0.19
138068,0.24
138084,0.11
138085,0.18
138086,0.11
138087,0.14
138089,0.22
138100,0.1
138105,0.1
138107,0.2
138127,0.13
138128,0.17
138129,0.08
138131,0.13
138132,0.1
138150,0.09
138156,0.06
138169,0.12
138174,0.16
138177,0.21
138187,0.15
138189,0.19
138193,0.21
138203,0.15
138209,0.11
138237,0.08
138243,0.13
138273,0.08
138274,0.14
138275,0.14
138277,0.14
138285,0.15
138289,0.18
138308,0.08
138313,0.11
138317,0.1
138326,0.23
138327,0.18
138338,0.12
138367,0.08
138377,0.21
138416,0.13
138417,0.11
138419,0.21
138425,0.23
138430,0.12
138454,0.13
138465,0.16
138470,0.16
138480,0.09
138481,0.33
138486,0.09
138492,0.13
138496,0.15
138519,0.26
138520,0.18
138522,0.16
138545,0.06
138556,0.27
138560,0.1
138564,0.2
138573,0.11
138581,0.22
138585,0.19
138591,0.09
138598,0.06
138600,0.09
138602,0.13
138613,0.21
138639,0.08
138651,0.13
138652,0.1
138661,0.28
138674,0.16
138678,0.31
138679,0.11
138686,0.13
138695,0.21
138711,0.12
138728,0.23
138731,0.12
138744,0.22
138752,0.26
138754,0.22
138756,0.18
138770,0.07
138771,0.21
138807,0.06
138818,0.14
138819,0.2
138820,0.16
138831,0.12
138843,0.07
138871,0.18
138873,0.04
138876,0.15
138880,0.21
138881,0.04
138882,0.05
138890,0.13
138892,0.12
138893,0.16
138917,0.1
138921,0.16
138922,0.17
138924,0.25
138926,0.05
138932,0.15
138946,0.1
138959,0.15
138961,0.17
138964,0.08
138968,0.11
138969,0.23
138980,0.17
138992,0.14
139002,0.32
139010,0.13
139011,0.17
139017,0.2
139030,0.06
139032,0.12
139034,0.26
139039,0.1
139049,0.14
139053,0.21
139058,0.19
139062,0.15
139067,0.34
139069,0.25
139070,0.35
139075,0.19
139082,0.15
139092,0.12
139098,0.1
139108,0.27
139127,0.17
139130,0.15
139145,0.09
139164,0.22
139174,0.15
139175,0.23
139178,0.11
139180,0.09
139181,0.17
139186,0.13
139189,0.05
139190,0.11
139191,0.14
139198,0.1
139201,0.12
139204,0.22
139208,0.09
139211,0.14
139215,0.25
139225,0.13
139226,0.09
139231,0.17
139246,0.2
139252,0.11
139256,0.12
139258,0.1
139268,0.09
139272,0.08
139283,0.16
139286,0.22
139289,0.06
139290,0.26
139291,0.1
139293,0.11
139303,0.21
139304,0.15
139307,0.22
139319,0.19
139321,0.14
139326,0.07
139327,0.12
139355,0.14
139363,0.22
139375,0.26
139397,0.21
139412,0.11
139413,0.21
139415,0.1
139416,0.11
139449,0.15
139461,0.18
139462,0.15
139463,0.31
139486,0.15
139493,0.11
139515,0.1
139516,0.2
139522,0.08
139532,0.09
139542,0.2
139545,0.19
139552,0.36
139553,0.22
139555,0.08
139559,0.21
139560,0.13
139564,0.2
139565,0.12
139567,0.12
139568,0.08
139572,0.15
139573,0.17
139592,0.13
139595,0.3
139597,0.15
139598,0.22
139607,0.09
139609,0.26
139628,0.13
139653,0.16
139656,0.41
139661,0.06
139673,0.09
139674,0.15
139683,0.11
139714,0.31
139724,0.05
139737,0.23
139749,0.18
139755,0.08
139756,0.27
139757,0.08
139763,0.18
139769,0.21
139774,0.26
139775,0.1
139777,0.13
139780,0.17
139788,0.16
139794,0.08
139831,0.26
139832,0.09
139834,0.22
139839,0.05
139843,0.21
139844,0.11
139858,0.16
139861,0.17
139864,0.17
139865,0.21
139874,0.17
139876,0.13
139895,0.2
139903,0.3
139917,0.12
139930,0.14
139934,0.13
139935,0.16
139946,0.12
139958,0.2
139977,0.2
139981,0.1
139989,0.18
139992,0.24
139995,0.24
139996,0.15
139997,0.18
140005,0.17
140010,0.21
140018,0.1
140026,0.2
140027,0.17
140031,0.09
140037,0.18
140039,0.08
140040,0.26
140042,0.11
140049,0.26
140084,0.14
140087,0.12
140096,0.17
140101,0.19
140114,0.09
140117,0.13
140129,0.31
140131,0.22
140132,0.08
140136,0.26
140144,0.11
140151,0.2
140172,0.21
140174,0.1
140190,0.19
140196,0.13
140200,0.13
140204,0.18
140223,0.24
140232,0.07
140234,0.1
140237,0.17
140245,0.25
140247,0.16
140248,0.1
140298,0.13
140305,0.24
140311,0.16
140312,0.26
140318,0.18
140325,0.13
140327,0.42
140334,0.15
140337,0.09
140338,0.09
140343,0.14
140376,0.09
140378,0.29
140381,0.12
140382,0.17
140384,0.12
140386,0.16
140390,0.12
140402,0.11
140406,0.05
140425,0.14
140426,0.13
140434,0.13
140435,0.08
140436,0.27
140451,0.17
140452,0.17
140454,0.12
140455,0.12
140483,0.2
140504,0.1
140512,0.2
140518,0.08
140534,0.12
140545,0.1
140546,0.26
140560,0.1
140563,0.09
140564,0.15
140569,0.15
140577,0.15
140638,0.14
140655,0.09
140664,0.19
140669,0.12
140672,0.27
140682,0.1
140693,0.14
140700,0.14
140701,0.08
140704,0.12
140705,0.1
140719,0.12
140749,0.36
140750,0.08
140751,0.16
140752,0.12
140762,0.17
140772,0.23
140778,0.32
140779,0.15
140780,0.15
140802,0.16
140804,0.14
140807,0.26
140813,0.13
140827,0.12
140840,0.14
140845,0.09
140847,0.16
140861,0.16
140862,0.16
140872,0.11
140879,0.12
140880,0.19
140886,0.08
140924,0.06
140938,0.1
140944,0.11
140945,0.21
140961,0.08
140963,0.09
140967,0.13
140982,0.26
140990,0.16
140993,0.07
140996,0.22
141004,0.27
141025,0.44
141030,0.05
141031,0.1
141032,0.18
141067,0.08
141072,0.21
141081,0.14
141084,0.14
141085,0.12
141089,0.17
141090,0.17
141093,0.18
141095,0.2
141110,0.18
141114,0.09
141119,0.23
141147,0.14
141150,0.2
141159,0.11
141160,0.18
141167,0.12
141206,0.11
141213,0.12
141215,0.2
141222,0.09
141255,0.17
141283,0.08
141298,0.24
141306,0.19
141310,0.24
141320,0.06
141323,0.19
141329,0.14
141333,0.1
141339,0.14
141340,0.19
141344,0.1
141345,0.13
141347,0.12
141350,0.11
141356,0.05
141358,0.1
141365,0.07
141368,0.11
141369,0.09
141376,0.13
141377,0.09
141385,0.13
141387,0.11
141388,0.2
141389,0.17
141390,0.23
141409,0.09
141410,0.13
141411,0.16
141414,0.1
141422,0.13
141426,0.27
141457,0.04
141470,0.04
141480,0.09
141481,0.16
141492,0.15
141493,0.2
141496,0.09
141497,0.17
141502,0.22
141503,0.17
141504,0.21
141507,0.18
141515,0.11
141524,0.34
141528,0.15
141540,0.06
141542,0.09
141551,0.38
141573,0.13
141580,0.09
141588,0.18
141596,0.18
141597,0.12
141602,0.14
141608,0.1
141611,0.2
141612,0.23
141618,0.1
141628,0.07
141632,0.13
141634,0.13
141637,0.15
141638,0.21
141639,0.08
141640,0.13
141644,0.22
141654,0.24
141656,0.1
141668,0.19
141717,0.12
141718,0.11
141723,0.24
141743,0.09
141744,0.15
141750,0.19
141753,0.19
141762,0.23
141809,0.08
141815,0.1
141826,0.1
141832,0.12
141840,0.1
141869,0.12
141870,0.11
141887,0.17
141915,0.09
141925,0.16
141945,0.35
141949,0.13
141958,0.16
141959,0.08
141963,0.17
141989,0.19
141995,0.14
141997,0.11
142005,0.11
142008,0.15
142012,0.11
142014,0.08
142025,0.19
142036,0.09
142037,0.06
142038,0.13
142039,0.09
142064,0.18
142065,0.32
142070,0.2
142074,0.15
142079,0.1
142084,0.24
142087,0.19
142102,0.09
142106,0.13
142115,0.15
142120,0.1
142132,0.14
142139,0.16
142142,0.13
142153,0.15
142160,0.14
142162,0.11
142163,0.07
142167,0.1
142168,0.12
142177,0.21
142180,0.23
142183,0.1
142186,0.15
142189,0.12
142195,0.18
142198,0.18
142210,0.09
142215,0.14
142222,0.14
142223,0.24
142224,0.08
142236,0.09
142237,0.14
142239,0.23
142242,0.13
142243,0.15
142244,0.1
142255,0.1
142273,0.2
142289,0.17
142294,0.17
142303,0.28
142305,0.09
142339,0.17
142359,0.19
142361,0.2
142364,0.11
142378,0.22
142380,0.19
142383,0.13
142387,0.14
142393,0.15
142396,0.27
142407,0.26
142409,0.13
142427,0.13
142429,0.36
142430,0.2
142431,0.14
142433,0.17
142439,0.28
142440,0.16
142446,0.03
142459,0.15
142478,0.17
142481,0.07
142491,0.17
142495,0.15
142497,0.07
142510,0.11
142513,0.35
142521,0.18
142529,0.19
142537,0.08
142542,0.25
142558,0.11
142574,0.15
142575,0.11
142579,0.11
142587,0.03
142590,0.28
142610,0.15
142614,0.06
142621,0.11
142641,0.15
142650,0.09
142653,0.16
142667,0.15
142671,0.22
142676,0.13
142680,0.1
142684,0.13
142685,0.08
142686,0.26
142689,0.21
142691,0.26
142704,0.14
142707,0.09
142724,0.07
142727,0.12
142728,0.19
142741,0.15
142747,0.05
142748,0.14
142752,0.11
142755,0.17
142756,0.11
142759,0.07
142762,0.09
142771,0.14
142778,0.09
142783,0.19
142789,0.19
142790,0.08
142791,0.26
142793,0.27
142795,0.08
142803,0.21
142819,0.09
142822,0.15
142825,0.22
142833,0.08
142871,0.11
142872,0.08
142883,0.08
142905,0.05
142906,0.19
142917,0.13
142921,0.18
142927,0.14
142932,0.02
142940,0.18
142962,0.12
142969,0.14
142976,0.19
142977,0.13
142982,0.21
142988,0.14
142990,0.13
142992,0.18
143012,0.15
143013,0.19
143016,0.12
143017,0.14
143033,0.12
143058,0.2
143059,0.09
143060,0.1
143065,0.23
143076,0.15
143081,0.25
143088,0.07
143089,0.27
143090,0.16
143094,0.09
143100,0.09
143115,0.17
143132,0.18
143135,0.11
143136,0.13
143149,0.22
143151,0.13
143152,0.12
143153,0.16
143162,0.14
143166,0.1
143167,0.1
143187,0.07
143188,0.19
143190,0.12
143191,0.1
143195,0.36
143207,0.19
143209,0.23
143227,0.18
143231,0.09
143232,0.15
143244,0.12
143263,0.14
143268,0.26
143275,0.15
143278,0.22
143302,0.11
143320,0.1
143328,0.22
143336,0.1
143339,0.24
143340,0.24
143353,0.1
143360,0.14
143361,0.23
143385,0.23
143388,0.13
143389,0.24
143390,0.16
143393,0.2
143396,0.16
143419,0.28
143421,0.12
143422,0.09
143431,0.06
143433,0.16
143440,0.23
143442,0.12
143463,0.13
143466,0.08
143475,0.15
143500,0.14
143510,0.17
143528,0.13
143532,0.09
143535,0.28
143538,0.13
143548,0.05
143550,0.09
143555,0.11
143576,0.27
143593,0.1
143595,0.18
143596,0.19
143597,0.06
143599,0.15
143601,0.06
143602,0.11
143605,0.09
143609,0.23
143611,0.13
143613,0.18
143618,0.15
143652,0.06
143667,0.11
143679,0.16
143680,0.13
143692,0.23
143703,0.19
143712,0.11
143714,0.13
143715,0.13
143729,0.2
143732,0.16
143738,0.18
143740,0.07
143743,0.17
143772,0.18
143773,0.13
143792,0.17
143802,0.19
143808,0.1
143819,0.14
143820,0.1
143825,0.11
143828,0.1
143831,0.24
143834,0.07
143835,0.1
143843,0.15
143860,0.09
143874,0.21
143889,0.11
143903,0.09
143921,0.24
143936,0.1
143944,0.11
143947,0.11
143948,0.12
143957,0.37
143964,0.32
143965,0.12
143971,0.17
143976,0.19
143977,0.21
143983,0.17
143991,0.09
144015,0.1
144032,0.14
144057,0.05
144065,0.05
144087,0.06
144090,0.11
144091,0.19
144092,0.19
144139,0.22
144150,0.05
144151,0.12
144153,0.11
144154,0.2
144159,0.22
144168,0.34
144169,0.15
144178,0.14
144179,0.23
144183,0.11
144186,0.18
144190,0.12
144191,0.18
144199,0.19
144226,0.13
144227,0.17
144229,0.12
144237,0.13
144247,0.1
144249,0.11
144259,0.13
144260,0.18
144282,0.23
144295,0.23
144304,0.19
144314,0.1
144318,0.22
144324,0.14
144325,0.11
144333,0.21
144334,0.09
144336,0.11
144350,0.23
144354,0.08
144357,0.14
144359,0.1
144365,0.18
144385,0.13
144386,0.04
144387,0.24
144390,0.12
144393,0.12
144398,0.09
144402,0.08
144416,0.1
144422,0.19
144446,0.19
144451,0.2
144461,0.08
144464,0.1
144483,0.11
144498,0.26
144499,0.04
144534,0.23
144549,0.12
144563,0.1
144570,0.31
144579,0.16
144580,0.19
144581,0.13
144582,0.18
144587,0.1
144588,0.06
144589,0.12
144590,0.13
144598,0.17
144601,0.14
144610,0.2
144611,0.22
144612,0.15
144613,0.09
144617,0.23
144635,0.27
144640,0.18
144644,0.08
144645,0.12
144654,0.12
144656,0.08
144657,0.25
144658,0.13
144659,0.15
144665,0.12
144667,0.07
144675,0.09
144677,0.22
144678,0.07
144690,0.13
144701,0.21
144702,0.33
144716,0.16
144721,0.09
144722,0.34
144729,0.1
144744,0.11
144753,0.18
144761,0.05
144764,0.34
144767,0.13
144780,0.08
144781,0.09
144784,0.16
144806,0.11
144810,0.17
144811,0.21
144824,0.12
144828,0.1
144829,0.14
144835,0.17
144849,0.12
144850,0.11
144870,0.18
144881,0.26
144891,0.13
144898,0.18
144904,0.11
144906,0.13
144909,0.14
144910,0.14
144912,0.27
144963,0.14
144965,0.27
144966,0.17
144979,0.23
144990,0.2
144991,0.12
144992,0.32
144999,0.1
145006,0.16
145007,0.08
145008,0.08
145009,0.16
145011,0.1
145014,0.16
145025,0.08
145036,0.25
145041,0.11
145058,0.15
145071,0.08
145106,0.11
145110,0.08
145142,0.15
145146,0.23
145147,0.1
145148,0.1
145149,0.13
145154,0.21
145157,0.16
145158,0.05
145167,0.12
145172,0.18
145174,0.18
145192,0.06
145195,0.07
145196,0.22
145199,0.03
145209,0.29
145242,0.16
145248,0.09
145249,0.08
145250,0.04
145281,0.2
145287,0.22
145288,0.13
145298,0.18
145303,0.09
145309,0.13
145333,0.13
145336,0.14
145339,0.19
145350,0.1
145353,0.1
145354,0.07
145358,0.17
145382,0.23
145383,0.38
145389,0.14
145390,0.14
145391,0.16
145392,0.25
145407,0.08
145410,0.15
145412,0.11
145415,0.11
145418,0.18
145419,0.2
145440,0.05
145451,0.24
145476,0.21
145481,0.14
145482,0.12
145484,0.19
145502,0.13
145512,0.08
145515,0.06
145521,0.17
145523,0.17
145554,0.09
145557,0.06
145560,0.14
145563,0.2
145569,0.11
145586,0.2
145601,0.1
145602,0.18
145615,0.19
145623,0.13
145638,0.17
145640,0.08
145645,0.21
145654,0.18
145664,0.14
145677,0.14
145679,0.13
145681,0.15
145698,0.2
145709,0.11
145713,0.14
145720,0.13
145780,0.08
145781,0.21
145798,0.17
145811,0.24
145819,0.16
145833,0.14
145834,0.12
145835,0.12
145844,0.18
145862,0.13
145869,0.19
145871,0.16
145872,0.1
145874,0.31
145888,0.1
145891,0.23
145907,0.14
145908,0.19
145919,0.15
145925,0.14
145940,0.2
145941,0.15
145943,0.12
145951,0.11
145954,0.08
145957,0.1
145962,0.11
145974,0.11
145976,0.18
145987,0.11
145988,0.27
145989,0.1
145990,0.22
145991,0.24
145993,0.11
146000,0.29
146001,0.09
146006,0.08
146011,0.2
146014,0.16
146020,0.11
146021,0.09
146022,0.08
146026,0.19
146028,0.21
146032,0.16
146033,0.18
146037,0.16
146059,0.12
146060,0.25
146063,0.15
146069,0.09
146086,0.1
146090,0.37
146092,0.08
146094,0.19
146097,0.17
146098,0.17
146106,0.11
146115,0.11
146121,0.14
146122,0.1
146140,0.28
146142,0.12
146146,0.16
146149,0.09
146153,0.15
146155,0.1
146156,0.25
146159,0.12
146172,0.27
146176,0.14
146184,0.14
146186,0.15
146191,0.05
146198,0.11
146199,0.09
146202,0.1
146206,0.18
146214,0.11
146221,0.12
146232,0.09
146239,0.17
146246,0.16
146247,0.08
146252,0.14
146255,0.19
146256,0.11
146262,0.25
146277,0.18
146292,0.18
146303,0.11
146305,0.09
146313,0.09
146317,0.2
146330,0.12
146344,0.31
146345,0.12
146347,0.23
146356,0.13
146369,0.09
146384,0.06
146385,0.14
146386,0.14
146388,0.07
146404,0.07
146409,0.32
146413,0.12
146421,0.25
146428,0.12
146451,0.24
146458,0.07
146466,0.06
146476,0.15
146485,0.09
146486,0.22
146487,0.11
146500,0.11
146502,0.13
146512,0.28
146514,0.13
146515,0.19
146516,0.09
146533,0.1
146535,0.04
146541,0.27
146557,0.15
146562,0.12
146565,0.07
146570,0.15
146571,0.11
146574,0.2
146587,0.13
146591,0.07
146597,0.15
146600,0.18
146614,0.23
146621,0.16
146623,0.22
146631,0.18
146644,0.16
146649,0.05
146651,0.09
146652,0.11
146663,0.1
146680,0.16
146683,0.25
146714,0.13
146724,0.13
146730,0.16
146732,0.24
146738,0.21
146752,0.13
146755,0.2
146756,0.13
146759,0.13
146760,0.17
146761,0.14
146765,0.13
146806,0.23
146809,0.14
146810,0.2
146811,0.12
146815,0.27
146820,0.31
146821,0.14
146824,0.17
146829,0.16
146842,0.15
146864,0.13
146891,0.28
146918,0.13
146955,0.06
146957,0.12
146972,0.21
146973,0.17
146979,0.18
146982,0.11
146984,0.07
146997,0.17
147001,0.19
147008,0.24
147014,0.08
147022,0.07
147038,0.05
147048,0.11
147060,0.17
147061,0.16
147077,0.17
147082,0.11
147083,0.14
147085,0.25
147086,0.13
147099,0.12
147127,0.11
147128,0.14
147133,0.1
147138,0.08
147139,0.11
147150,0.1
147155,0.15
147171,0.11
147172,0.17
147182,0.09
147195,0.1
147199,0.18
147216,0.18
147224,0.08
147225,0.14
147230,0.13
147240,0.16
147250,0.16
147253,0.04
147254,0.19
147264,0.2
147294,0.22
147308,0.1
147309,0.25
147315,0.27
147319,0.11
147329,0.07
147340,0.07
147345,0.29
147353,0.11
147354,0.26
147364,0.14
147366,0.12
147373,0.06
147382,0.14
147383,0.15
147390,0.19
147408,0.18
147411,0.09
147415,0.07
147416,0.17
147425,0.14
147427,0.13
147438,0.22
147439,0.17
147457,0.18
147459,0.16
147463,0.09
147469,0.18
147476,0.31
147483,0.09
147497,0.14
147502,0.23
147515,0.23
147523,0.16
147527,0.13
147541,0.21
147551,0.16
147552,0.17
147561,0.09
147571,0.15
147587,0.07
147657,0.17
147659,0.06
147670,0.09
147695,0.1
147696,0.08
147702,0.35
147710,0.3
147711,0.17
147712,0.17
147713,0.18
147720,0.16
147722,0.2
147742,0.09
147750,0.16
147761,0.15
147764,0.2
147770,0.09
147771,0.22
147774,0.28
147786,0.08
147787,0.25
147791,0.07
147792,0.18
147793,0.21
147794,0.12
147801,0.18
147824,0.06
147826,0.11
147840,0.08
147847,0.1
147862,0.29
147865,0.19
147882,0.19
147893,0.22
147925,0.12
147932,0.2
147942,0.11
147953,0.19
147955,0.29
147964,0.21
147966,0.28
147981,0.18
147982,0.2
147990,0.14
147998,0.2
148002,0.22
148013,0.19
148025,0.24
148026,0.21
148031,0.2
148035,0.13
148042,0.16
148047,0.05
148050,0.21
148063,0.23
148065,0.19
148069,0.26
148070,0.18
148075,0.14
148076,0.09
148087,0.09
148091,0.25
148102,0.19
148107,0.16
148108,0.18
148113,0.23
148131,0.2
148141,0.15
148149,0.17
148150,0.23
148163,0.13
148175,0.06
148185,0.23
148187,0.09
148198,0.17
148204,0.24
148205,0.07
148212,0.23
148216,0.34
148217,0.18
148223,0.15
148224,0.12
148235,0.22
148255,0.21
148276,0.07
148285,0.12
148289,0.07
148292,0.21
148294,0.1
148314,0.18
148319,0.04
148320,0.24
148322,0.14
148323,0.07
148325,0.1
148333,0.2
148339,0.08
148359,0.12
148361,0.21
148364,0.13
148380,0.12
148382,0.08
148386,0.22
148393,0.08
148394,0.19
148404,0.15
148419,0.1
148423,0.18
148437,0.25
148440,0.08
148448,0.09
148449,0.11
148450,0.2
148451,0.15
148458,0.17
148471,0.22
148475,0.17
148476,0.09
148497,0.17
148511,0.14
148512,0.17
148534,0.1
148545,0.21
148557,0.11
148564,0.12
148570,0.06
148586,0.14
148596,0.26
148600,0.17
148607,0.11
148609,0.12
148622,0.17
148623,0.08
148625,0.16
148626,0.08
148628,0.1
148632,0.13
148639,0.15
148643,0.11
148644,0.22
148680,0.06
148702,0.19
148716,0.1
148717,0.12
148726,0.25
148738,0.21
148746,0.1
148749,0.17
148750,0.17
148769,0.1
148791,0.14
148803,0.11
148804,0.15
148823,0.12
148831,0.1
148849,0.08
148850,0.13
148855,0.1
148893,0.11
148896,0.12
148899,0.12
148903,0.03
148910,0.07
148911,0.24
148912,0.27
148913,0.11
148933,0.24
148935,0.15
148937,0.13
148946,0.29
148955,0.19
148980,0.23
148996,0.16
149015,0.21
149025,0.12
149028,0.18
149029,0.11
149035,0.18
149050,0.1
149051,0.19
149052,0.16
149056,0.14
149062,0.12
149067,0.21
149076,0.23
149090,0.41
149106,0.17
149107,0.09
149118,0.24
149119,0.07
149130,0.15
149154,0.07
149157,0.12
149158,0.15
149160,0.17
149163,0.18
149164,0.17
149165,0.11
149166,0.2
149214,0.18
149231,0.33
149236,0.14
149237,0.16
149246,0.05
149247,0.08
149253,0.13
149254,0.16
149265,0.15
149266,0.17
149277,0.29
149283,0.12
149289,0.26
149310,0.15
149314,0.08
149318,0.11
149319,0.14
149320,0.15
149321,0.21
149333,0.06
149337,0.29
149338,0.12
149341,0.2
149342,0.07
149349,0.14
149351,0.24
149354,0.12
149360,0.11
149362,0.14
149366,0.17
149372,0.26
149376,0.19
149388,0.17
149393,0.14
149401,0.08
149405,0.21
149412,0.15
149415,0.1
149416,0.09
149430,0.23
149435,0.13
149436,0.09
149444,0.31
149456,0.12
149471,0.07
149480,0.13
149481,0.09
149490,0.1
149491,0.16
149503,0.13
149512,0.22
149524,0.12
149525,0.07
149532,0.16
149533,0.27
149536,0.42
149540,0.18
149548,0.12
149563,0.11
149568,0.14
149569,0.15
149570,0.11
149582,0.13
149584,0.09
149587,0.17
149592,0.12
149596,0.18
149599,0.08
149612,0.16
149643,0.14
149648,0.25
149665,0.07
149666,0.14
149671,0.11
149675,0.11
149676,0.17
149677,0.16
149680,0.24
149711,0.1
149723,0.08
149726,0.21
149727,0.08
149730,0.12
149733,0.19
149734,0.27
149736,0.26
149750,0.08
149752,0.36
149767,0.11
149791,0.09
149793,0.1
149810,0.12
149850,0.09
149857,0.12
149858,0.11
149860,0.19
149882,0.11
149889,0.06
149890,0.2
149918,0.21
149919,0.13
149927,0.12
149928,0.14
149940,0.16
149944,0.12
149947,0.22
149951,0.23
149956,0.13
149958,0.1
149969,0.07
149988,0.14
149996,0.23
150007,0.21
150018,0.15
150025,0.1
150054,0.13
150064,0.24
150070,0.12
150074,0.15
150078,0.09
150084,0.12
150106,0.14
150111,0.35
150115,0.1
150117,0.22
150120,0.14
150127,0.16
150128,0.16
150130,0.14
150132,0.14
150135,0.08
150145,0.15
150148,0.1
150153,0.11
150154,0.1
150173,0.11
150174,0.2
150176,0.13
150177,0.1
150178,0.17
150179,0.26
150187,0.07
150207,0.13
150223,0.12
150224,0.1
150229,0.1
150233,0.11
150245,0.13
150252,0.07
150257,0.15
150258,0.14
150267,0.09
150268,0.15
150272,0.32
150282,0.09
150289,0.17
150299,0.11
150307,0.24
150310,0.08
150311,0.15
150312,0.07
150313,0.18
150324,0.36
150335,0.11
150343,0.09
150354,0.17
150363,0.08
150365,0.13
150377,0.03
150381,0.13
150382,0.22
150414,0.13
150418,0.15
150431,0.11
150449,0.15
150450,0.15
150473,0.11
150475,0.15
150476,0.13
150478,0.24
150488,0.26
150499,0.17
150501,0.28
150503,0.08
150518,0.18
150529,0.12
150531,0.09
150532,0.15
150535,0.15
150543,0.23
150545,0.14
150548,0.1
150552,0.1
150558,0.12
150574,0.22
150576,0.17
150577,0.13
150594,0.18
150601,0.17
150604,0.07
150618,0.08
150626,0.11
150627,0.13
150635,0.34
150648,0.13
150649,0.16
150650,0.08
150651,0.24
150652,0.1
150657,0.17
150659,0.18
150666,0.18
150667,0.14
150680,0.07
150698,0.26
150700,0.4
150713,0.1
150715,0.16
150718,0.05
150724,0.13
150731,0.09
150734,0.12
150738,0.07
150744,0.1
150745,0.21
150746,0.17
150749,0.05
150750,0.22
150753,0.11
150759,0.21
150762,0.24
150764,0.12
150782,0.19
150784,0.17
150785,0.13
150786,0.08
150789,0.1
150802,0.05
150809,0.1
150810,0.17
150817,0.15
150820,0.2
150822,0.11
150845,0.12
150846,0.15
150854,0.16
150858,0.26
150866,0.24
150869,0.14
150874,0.14
150887,0.12
150889,0.12
150892,0.07
150896,0.07
150901,0.34
150914,0.23
150918,0.1
150919,0.18
150929,0.14
150935,0.16
150941,0.06
150949,0.09
150950,0.18
150951,0.06
150952,0.12
150980,0.19
150981,0.2
150986,0.41
150987,0.13
151004,0.1
151005,0.12
151010,0.12
151012,0.11
151016,0.09
151021,0.26
151022,0.13
151023,0.35
151024,0.26
151035,0.19
151036,0.08
151039,0.11
151041,0.17
151043,0.16
151052,0.25
151058,0.27
151065,0.08
151066,0.11
151067,0.21
151069,0.09
151070,0.14
151080,0.11
151090,0.2
151092,0.26
151100,0.07
151108,0.2
151113,0.27
151119,0.1
151131,0.06
151145,0.16
151147,0.22
151148,0.06
151149,0.22
151153,0.18
151158,0.13
151167,0.12
151169,0.2
151185,0.09
151186,0.14
151187,0.09
151203,0.11
151206,0.08
151213,0.25
151237,0.09
151254,0.09
151255,0.1
151264,0.15
151266,0.17
151267,0.11
151270,0.08
151286,0.08
151288,0.13
151289,0.14
151290,0.23
151303,0.09
151304,0.19
151308,0.07
151315,0.13
151324,0.1
151329,0.06
151335,0.08
151343,0.12
151347,0.26
151348,0.22
151357,0.18
151366,0.16
151372,0.14
151374,0.09
151394,0.14
151395,0.24
151403,0.16
151410,0.08
151412,0.21
151419,0.09
151443,0.15
151464,0.04
151466,0.19
151467,0.06
151476,0.23
151480,0.19
151481,0.17
151486,0.28
151487,0.12
151490,0.08
151498,0.08
151500,0.14
151504,0.11
151516,0.18
151519,0.12
151528,0.12
151529,0.22
151539,0.15
151540,0.09
151556,0.34
151558,0.1
151559,0.27
151581,0.08
151586,0.21
151589,0.26
151603,0.1
151604,0.11
151610,0.1
151637,0.12
151652,0.24
151654,0.07
151667,0.25
151668,0.22
151669,0.05
151678,0.11
151697,0.09
151706,0.17
151729,0.15
151730,0.17
151737,0.11
151744,0.1
151756,0.21
151785,0.07
151800,0.08
151801,0.07
151821,0.11
151822,0.18
151834,0.1
151845,0.19
151846,0.2
151847,0.1
151848,0.11
151859,0.1
151872,0.19
151875,0.24
151883,0.09
151888,0.13
151895,0.11
151896,0.15
151900,0.09
151913,0.09
151920,0.15
151928,0.11
151933,0.17
151934,0.14
151948,0.12
151951,0.09
151963,0.12
151964,0.08
151965,0.06
151966,0.2
151974,0.1
151975,0.39
151978,0.17
151982,0.11
151993,0.14
152002,0.15
152005,0.24
152017,0.09
152020,0.2
152039,0.17
152047,0.16
152064,0.18
152071,0.19
152076,0.15
152088,0.13
152091,0.14
152093,0.15
152100,0.23
152107,0.16
152115,0.13
152119,0.06
152123,0.06
152129,0.1
152140,0.29
152141,0.19
152142,0.07
152148,0.17
152170,0.1
152171,0.15
152176,0.04
152186,0.09
152192,0.25
152204,0.15
152215,0.15
152220,0.16
152230,0.07
152256,0.12
152265,0.12
152266,0.2
152268,0.06
152272,0.18
152286,0.09
152299,0.1
152305,0.11
152324,0.13
152329,0.14
152355,0.1
152356,0.08
152365,0.12
152369,0.18
152373,0.11
152374,0.19
152383,0.25
152395,0.17
152403,0.25
152404,0.11
152406,0.12
152425,0.11
152437,0.21
152438,0.15
152442,0.25
152460,0.14
152461,0.1
152462,0.25
152472,0.18
152473,0.16
152477,0.08
152506,0.14
152522,0.14
152530,0.14
152535,0.07
152543,0.11
152548,0.17
152556,0.07
152562,0.25
152563,0.13
152565,0.21
152591,0.13
152593,0.19
152612,0.21
152619,0.15
152627,0.18
152628,0.15
152632,0.18
152638,0.12
152646,0.2
152662,0.26
152679,0.15
152680,0.2
152699,0.17
152703,0.09
152717,0.32
152720,0.21
152721,0.14
152735,0.17
152736,0.09
152739,0.25
152755,0.18
152769,0.12
152785,0.2
152788,0.13
152791,0.09
152808,0.1
152815,0.1
152816,0.18
152817,0.14
152818,0.19
152819,0.19
152820,0.15
152823,0.14
152831,0.1
152832,0.18
152833,0.13
152835,0.14
152838,0.15
152846,0.09
152862,0.22
152864,0.1
152865,0.17
152871,0.1
152874,0.05
152875,0.12
152876,0.25
152877,0.2
152881,0.17
152892,0.11
152908,0.29
152909,0.28
152915,0.15
152916,0.3
152923,0.2
152932,0.08
152934,0.1
152936,0.11
152948,0.12
152951,0.08
152956,0.19
152963,0.11
152964,0.4
152978,0.23
152980,0.18
152986,0.22
153001,0.25
153002,0.17
153007,0.12
153009,0.16
153017,0.17
153018,0.23
153022,0.22
153027,0.26
153032,0.18
153033,0.15
153034,0.15
153037,0.12
153051,0.41
153052,0.12
153057,0.13
153067,0.21
153084,0.21
153088,0.23
153089,0.2
153093,0.11
153094,0.16
153095,0.22
153105,0.16
153108,0.18
153110,0.12
153119,0.17
153135,0.08
153139,0.09
153146,0.15
153154,0.09
153185,0.08
153195,0.15
153196,0.13
153198,0.16
153202,0.18
153203,0.14
153209,0.1
153223,0.17
153224,0.12
153227,0.08
153230,0.11
153233,0.13
153234,0.09
153235,0.26
153243,0.15
153263,0.23
153269,0.22
153272,0.13
153276,0.26
153279,0.09
153291,0.25
153311,0.14
153328,0.24
153330,0.19
153341,0.19
153345,0.11
153393,0.09
153394,0.1
153395,0.12
153420,0.32
153428,0.26
153432,0.13
153449,0.13
153458,0.3
153459,0.15
153472,0.2
153475,0.06
153479,0.31
153480,0.18
153490,0.16
153491,0.11
153501,0.16
153502,0.22
153507,0.15
153513,0.2
153514,0.1
153519,0.22
153520,0.05
153556,0.13
153577,0.09
153582,0.25
153594,0.19
153595,0.19
153598,0.24
153601,0.08
153625,0.13
153641,0.19
153654,0.09
153676,0.22
153681,0.08
153704,0.15
153706,0.07
153710,0.18
153720,0.17
153734,0.07
153738,0.12
153743,0.2
153748,0.13
153756,0.22
153757,0.11
153759,0.12
153764,0.19
153782,0.13
153796,0.27
153802,0.21
153809,0.27
153810,0.08
153817,0.32
153821,0.17
153823,0.14
153830,0.22
153834,0.12
153839,0.07
153842,0.16
153847,0.24
153855,0.11
153873,0.11
153875,0.15
153882,0.29
153884,0.08
153885,0.29
153886,0.11
153890,0.17
153892,0.12
153897,0.16
153898,0.12
153901,0.17
153924,0.21
153928,0.12
153929,0.16
153949,0.12
153979,0.09
153980,0.16
153981,0.17
154010,0.21
154015,0.11
154039,0.17
154043,0.06
154044,0.17
154046,0.16
154047,0.1
154058,0.11
154060,0.12
154065,0.23
154083,0.12
154100,0.26
154108,0.25
154120,0.19
154121,0.15
154122,0.12
154128,0.15
154137,0.15
154143,0.11
154151,0.16
154158,0.09
154176,0.07
154184,0.16
154191,0.16
154215,0.19
154216,0.15
154220,0.1
154222,0.13
154227,0.14
154241,0.11
154243,0.15
154244,0.25
154254,0.01
154264,0.06
154265,0.18
154268,0.14
154269,0.17
154299,0.05
154307,0.19
154315,0.22
154325,0.16
154327,0.14
154332,0.26
154346,0.07
154347,0.09
154353,0.34
154369,0.09
154376,0.14
154377,0.22
154379,0.14
154389,0.14
154402,0.19
154403,0.17
154416,0.1
154428,0.28
154430,0.08
154442,0.33
154447,0.22
154468,0.11
154470,0.06
154473,0.21
154480,0.1
154486,0.17
154500,0.11
154507,0.2
154529,0.05
154549,0.1
154557,0.06
154571,0.14
154578,0.13
154580,0.08
154591,0.14
154611,0.31
154623,0.11
154650,0.16
154655,0.24
154659,0.22
154680,0.24
154681,0.16
154690,0.13
154711,0.1
154712,0.14
154722,0.13
154731,0.21
154747,0.31
154749,0.11
154750,0.2
154760,0.16
154763,0.17
154786,0.23
154788,0.08
154792,0.16
154807,0.22
154812,0.1
154818,0.21
154819,0.2
154824,0.11
154839,0.21
154840,0.18
154843,0.12
154847,0.12
154849,0.13
154850,0.2
154851,0.17
154853,0.14
154858,0.14
154868,0.26
154871,0.06
154877,0.15
154916,0.09
154920,0.1
154922,0.28
154924,0.16
154933,0.18
154942,0.31
154955,0.07
154957,0.21
154966,0.16
154971,0.08
154972,0.1
154973,0.19
154974,0.12
154979,0.13
154982,0.09
154990,0.24
154991,0.09
154994,0.13
154995,0.15
155009,0.09
155014,0.08
155017,0.12
155018,0.17
155019,0.11
155020,0.07
155027,0.13
155034,0.1
155047,0.12
155049,0.21
155052,0.17
155053,0.13
155059,0.08
155060,0.14
155069,0.11
155077,0.15
155078,0.1
155086,0.11
155088,0.1
155094,0.12
155099,0.06
155100,0.16
155116,0.12
155117,0.13
155119,0.18
155120,0.11
155133,0.17
155135,0.27
155141,0.22
155144,0.08
155145,0.13
155174,0.12
155194,0.12
155196,0.11
155204,0.17
155232,0.16
155240,0.16
155246,0.17
155254,0.16
155267,0.09
155273,0.13
155274,0.18
155283,0.15
155296,0.29
155312,0.16
155318,0.09
155322,0.17
155323,0.11
155329,0.14
155342,0.09
155346,0.29
155366,0.13
155369,0.16
155372,0.18
155378,0.17
155382,0.08
155390,0.11
155401,0.28
155428,0.18
155443,0.12
155445,0.08
155450,0.21
155452,0.08
155453,0.15
155480,0.2
155482,0.02
155484,0.22
155485,0.27
155496,0.26
155497,0.13
155531,0.15
155541,0.11
155547,0.25
155550,0.29
155551,0.12
155565,0.21
155567,0.08
155569,0.18
155573,0.12
155575,0.11
155581,0.09
155591,0.17
155593,0.22
155594,0.18
155610,0.29
155623,0.11
155624,0.18
155629,0.05
155638,0.16
155650,0.19
155652,0.07
155687,0.13
155697,0.17
155715,0.12
155718,0.17
155719,0.16
155723,0.2
155730,0.19
155731,0.2
155737,0.23
155738,0.15
155740,0.2
155742,0.13
155755,0.12
155766,0.25
155768,0.11
155771,0.14
155803,0.11
155808,0.14
155809,0.18
155812,0.09
155820,0.25
155832,0.28
155841,0.13
155847,0.25
155848,0.16
155855,0.18
155886,0.21
155893,0.16
155905,0.1
155910,0.1
155912,0.13
155919,0.19
155921,0.17
155937,0.16
155939,0.22
155950,0.1
155987,0.21
155988,0.11
156005,0.2
156006,0.13
156010,0.1
156018,0.12
156021,0.25
156026,0.1
156030,0.11
156033,0.09
156038,0.12
156041,0.08
156049,0.2
156050,0.1
156068,0.1
156069,0.16
156087,0.06
156088,0.21
156095,0.15
156104,0.13
156107,0.18
156108,0.11
156111,0.14
156119,0.08
156123,0.14
156140,0.22
156149,0.14
156161,0.12
156180,0.22
156186,0.24
156189,0.19
156194,0.13
156200,0.14
156213,0.49
156214,0.19
156228,0.07
156234,0.13
156236,0.17
156243,0.23
156256,0.13
156268,0.13
156269,0.08
156270,0.06
156274,0.1
156290,0.09
156291,0.22
156292,0.15
156298,0.11
156301,0.09
156302,0.17
156309,0.23
156355,0.14
156365,0.08
156367,0.15
156372,0.11
156376,0.09
156377,0.15
156389,0.18
156400,0.14
156404,0.1
156405,0.1
156426,0.12
156427,0.22
156429,0.13
156430,0.19
156431,0.08
156432,0.16
156449,0.13
156463,0.1
156464,0.18
156478,0.06
156492,0.23
156508,0.2
156509,0.15
156517,0.12
156526,0.18
156527,0.07
156538,0.13
156542,0.08
156543,0.19
156555,0.21
156556,0.13
156561,0.14
156563,0.13
156564,0.12
156567,0.21
156570,0.07
156581,0.12
156594,0.07
156597,0.1
156600,0.19
156601,0.06
156627,0.09
156629,0.21
156642,0.15
156644,0.09
156663,0.17
156674,0.09
156688,0.13
156696,0.07
156707,0.14
156723,0.1
156728,0.12
156731,0.17
156732,0.11
156733,0.2
156768,0.23
156773,0.13
156782,0.21
156815,0.05
156837,0.15
156854,0.11
156861,0.23
156862,0.15
156878,0.16
156903,0.12
156910,0.13
156925,0.14
156933,0.16
156952,0.2
156953,0.11
156963,0.19
156965,0.23
156989,0.21
156994,0.12
156996,0.07
157005,0.1
157011,0.08
157046,0.13
157058,0.13
157061,0.23
157065,0.09
157066,0.13
157067,0.19
157090,0.16
157091,0.12
157096,0.11
157101,0.31
157104,0.14
157109,0.08
157116,0.23
157120,0.17
157121,0.21
157124,0.12
157125,0.14
157132,0.27
157153,0.2
157157,0.3
157159,0.23
157168,0.1
157189,0.18
157195,0.11
157203,0.1
157210,0.13
157212,0.19
157220,0.08
157239,0.14
157241,0.11
157246,0.13
157247,0.21
157252,0.11
157253,0.27
157265,0.13
157291,0.08
157292,0.11
157301,0.09
157306,0.14
157312,0.35
157314,0.1
157332,0.21
157333,0.19
157337,0.12
157345,0.2
157347,0.23
157363,0.32
157376,0.07
157382,0.19
157397,0.15
157409,0.1
157411,0.1
157422,0.14
157428,0.16
157434,0.16
157442,0.08
157446,0.17
157456,0.11
157465,0.15
157469,0.2
157482,0.02
157497,0.07
157507,0.1
157510,0.19
157515,0.12
157529,0.15
157530,0.34
157541,0.16
157546,0.3
157553,0.26
157554,0.16
157562,0.2
157565,0.17
157566,0.12
157571,0.07
157572,0.09
157574,0.08
157575,0.06
157581,0.25
157590,0.28
157604,0.11
157611,0.1
157617,0.24
157620,0.14
157623,0.19
157651,0.11
157653,0.13
157664,0.21
157690,0.1
157704,0.14
157712,0.14
157722,0.17
157727,0.12
157764,0.13
157765,0.25
157775,0.12
157777,0.21
157789,0.27
157802,0.23
157803,0.19
157804,0.24
157805,0.17
157822,0.18
157823,0.09
157827,0.16
157836,0.18
157839,0.12
157847,0.08
157859,0.1
157864,0.08
157866,0.33
157877,0.16
157886,0.17
157892,0.14
157903,0.14
157913,0.11
157919,0.13
157920,0.18
157923,0.22
157926,0.13
157927,0.14
157948,0.1
157949,0.11
157952,0.13
157955,0.22
157958,0.24
157960,0.14
157966,0.09
157970,0.14
157979,0.09
157980,0.26
157985,0.11
157997,0.34
157998,0.22
158002,0.11
158004,0.13
158005,0.07
158007,0.11
158008,0.08
158015,0.12
158033,0.21
158036,0.11
158041,0.1
158044,0.09
158049,0.12
158061,0.18
158078,0.11
158099,0.09
158100,0.12
158102,0.14
158107,0.06
158114,0.08
158127,0.18
158128,0.27
158142,0.15
158145,0.17
158146,0.13
158167,0.13
158176,0.12
158184,0.1
158197,0.18
158201,0.13
158202,0.15
158205,0.1
158208,0.14
158211,0.16
158215,0.21
158218,0.13
158221,0.28
158223,0.11
158230,0.14
158234,0.07
158235,0.19
158245,0.16
158254,0.24
158267,0.19
158277,0.1
158283,0.14
158289,0.24
158290,0.13
158298,0.14
158307,0.08
158332,0.12
158336,0.1
158342,0.08
158344,0.08
158347,0.24
158352,0.07
158354,0.13
158355,0.11
158357,0.11
158365,0.07
158366,0.1
158367,0.14
158368,0.29
158384,0.18
158388,0.11
158395,0.15
158413,0.12
158425,0.09
158426,0.08
158432,0.07
158444,0.24
158453,0.15
158454,0.1
158459,0.14
158462,0.11
158468,0.17
158469,0.18
158470,0.16
158483,0.15
158485,0.12
158490,0.24
158494,0.1
158500,0.05
158503,0.11
158504,0.16
158519,0.18
158523,0.12
158527,0.1
158533,0.1
158535,0.16
158539,0.14
158544,0.2
158547,0.07
158551,0.18
158552,0.07
158560,0.13
158616,0.21
158638,0.09
158642,0.05
158651,0.13
158653,0.1
158677,0.12
158683,0.06
158687,0.19
158693,0.12
158700,0.06
158703,0.14
158705,0.17
158706,0.1
158708,0.09
158712,0.17
158714,0.17
158715,0.08
158752,0.09
158753,0.15
158763,0.23
158764,0.33
158767,0.15
158770,0.15
158781,0.09
158789,0.06
158790,0.06
158791,0.12
158795,0.23
158796,0.16
158800,0.11
158806,0.11
158807,0.29
158815,0.16
158824,0.09
158828,0.21
158831,0.26
158840,0.11
158841,0.07
158847,0.14
158856,0.12
158858,0.19
158884,0.13
158885,0.12
158891,0.19
158898,0.13
158911,0.17
158913,0.14
158918,0.14
158926,0.12
158929,0.12
158939,0.18
158940,0.16
158952,0.1
158963,0.14
158973,0.17
158977,0.3
158988,0.15
159013,0.2
159016,0.15
159018,0.13
159024,0.35
159034,0.1
159035,0.13
159039,0.22
159049,0.15
159056,0.19
159068,0.1
159078,0.2
159099,0.2
159103,0.19
159106,0.28
159113,0.08
159117,0.07
159124,0.31
159132,0.16
159139,0.1
159142,0.1
159145,0.15
159147,0.14
159174,0.12
159201,0.15
159203,0.2
159212,0.29
159214,0.22
159221,0.08
159240,0.16
159241,0.05
159242,0.12
159244,0.19
159250,0.1
159275,0.08
159284,0.15
159293,0.11
159295,0.14
159301,0.21
159310,0.18
159314,0.07
159318,0.19
159333,0.07
159334,0.16
159335,0.17
159337,0.42
159338,0.24
159340,0.22
159361,0.09
159384,0.18
159402,0.23
159421,0.09
159424,0.15
159425,0.14
159426,0.1
159439,0.07
159445,0.1
159449,0.13
159460,0.35
159475,0.21
159481,0.13
159483,0.12
159494,0.1
159504,0.09
159512,0.24
159522,0.2
159524,0.23
159526,0.17
159528,0.15
159547,0.2
159555,0.1
159562,0.15
159563,0.11
159565,0.28
159569,0.12
159578,0.12
159579,0.12
159581,0.12
159594,0.08
159598,0.14
159604,0.16
159605,0.12
159620,0.13
159631,0.22
159633,0.17
159659,0.14
159661,0.31
159667,0.15
159669,0.15
159682,0.14
159683,0.17
159693,0.15
159698,0.1
159702,0.21
159703,0.14
159707,0.13
159716,0.15
159732,0.19
159734,0.05
159740,0.19
159748,0.16
159751,0.21
159756,0.12
159758,0.22
159767,0.09
159769,0.21
159775,0.17
159802,0.14
159804,0.13
159817,0.13
159818,0.18
159824,0.08
159837,0.15
159840,0.14
159842,0.26
159851,0.07
159865,0.27
159866,0.13
159872,0.14
159874,0.14
159879,0.05
159883,0.09
159884,0.2
159898,0.32
159903,0.07
159906,0.3
159914,0.08
159915,0.2
159917,0.15
159929,0.17
159949,0.15
159951,0.26
159953,0.2
159957,0.24
159968,0.15
159972,0.09
159973,0.19
159993,0.09
160008,0.23
160011,0.25
160013,0.2
160015,0.16
160017,0.14
160023,0.17
160028,0.2
160035,0.14
160074,0.12
160076,0.17
160077,0.17
160080,0.25
160084,0.2
160089,0.21
160094,0.17
160101,0.14
160103,0.11
160111,0.1
160114,0.21
160116,0.16
160119,0.12
160123,0.08
160141,0.19
160147,0.1
160151,0.12
160172,0.21
160173,0.09
160177,0.23
160178,0.12
160180,0.08
160181,0.17
160188,0.09
160189,0.1
160193,0.06
160205,0.14
160214,0.19
160215,0.12
160217,0.26
160262,0.11
160263,0.1
160273,0.16
160282,0.35
160295,0.3
160297,0.16
160303,0.09
160305,0.11
160309,0.15
160324,0.07
160338,0.23
160366,0.11
160375,0.15
160381,0.12
160398,0.17
160400,0.05
160406,0.19
160410,0.11
160411,0.13
160418,0.06
160440,0.09
160441,0.1
160450,0.4
160465,0.17
160470,0.14
160471,0.16
160472,0.24
160479,0.13
160490,0.12
160500,0.17
160503,0.07
160504,0.1
160515,0.18
160541,0.2
160545,0.18
160562,0.17
160589,0.14
160594,0.15
160595,0.06
160598,0.18
160601,0.05
160605,0.2
160606,0.15
160607,0.11
160608,0.16
160610,0.12
160614,0.1
160615,0.05
160626,0.11
160634,0.1
160656,0.09
160660,0.09
160666,0.22
160672,0.12
160673,0.25
160674,0.16
160681,0.08
160683,0.16
160694,0.15
160710,0.15
160715,0.08
160719,0.11
160732,0.14
160734,0.13
160737,0.39
160742,0.16
160747,0.09
160749,0.18
160753,0.17
160756,0.18
160757,0.18
160763,0.08
160782,0.14
160789,0.18
160804,0.13
160805,0.12
160813,0.08
160815,0.12
160819,0.12
160820,0.17
160822,0.1
160823,0.17
160837,0.11
160841,0.08
160847,0.13
160861,0.12
160886,0.17
160891,0.11
160897,0.09
160914,0.29
160915,0.28
160929,0.15
160930,0.04
160931,0.16
160935,0.21
160939,0.19
160953,0.11
160954,0.18
160962,0.17
160966,0.09
160982,0.16
160983,0.08
160991,0.1
160998,0.14
161009,0.2
161014,0.12
161017,0.27
161021,0.11
161023,0.12
161027,0.08
161028,0.26
161030,0.39
161031,0.11
161033,0.12
161050,0.09
161053,0.11
161054,0.08
161055,0.12
161059,0.16
161061,0.17
161065,0.14
161069,0.1
161072,0.09
161073,0.06
161080,0.1
161083,0.15
161104,0.07
161111,0.17
161139,0.27
161149,0.17
161158,0.22
161171,0.16
161175,0.25
161201,0.24
161202,0.15
161205,0.14
161228,0.15
161233,0.1
161234,0.22
161237,0.02
161238,0.21
161250,0.32
161251,0.08
161253,0.12
161254,0.12
161283,0.24
161291,0.07
161297,0.12
161300,0.12
161314,0.13
161315,0.12
161336,0.14
161341,0.26
161343,0.12
161351,0.29
161352,0.12
161353,0.13
161361,0.15
161366,0.15
161368,0.19
161378,0.12
161379,0.25
161380,0.18
161398,0.25
161408,0.08
161432,0.13
161439,0.24
161461,0.07
161467,0.31
161468,0.08
161471,0.14
161477,0.19
161503,0.11
161514,0.11
161524,0.23
161527,0.12
161528,0.11
161531,0.26
161536,0.09
161537,0.1
161548,0.11
161558,0.08
161572,0.11
161586,0.11
161605,0.12
161606,0.15
161607,0.18
161618,0.09
161640,0.2
161658,0.12
161660,0.13
161661,0.14
161662,0.33
161677,0.21
161681,0.11
161682,0.05
161683,0.27
161685,0.12
161686,0.04
161687,0.16
161691,0.13
161701,0.16
161707,0.17
161709,0.16
161710,0.15
161711,0.08
161714,0.25
161742,0.13
161751,0.14
161764,0.13
161771,0.18
161781,0.24
161782,0.14
161800,0.05
161810,0.17
161812,0.19
161813,0.12
161816,0.1
161838,0.17
161841,0.14
161845,0.09
161871,0.12
161877,0.26
161882,0.13
161885,0.15
161886,0.17
161895,0.22
161897,0.19
161914,0.16
161921,0.15
161922,0.12
161927,0.29
161946,0.1
161952,0.15
161954,0.17
161955,0.08
161961,0.14
161977,0.2
161980,0.14
161989,0.29
161993,0.27
162002,0.14
162011,0.17
162012,0.08
162015,0.11
162016,0.07
162019,0.13
162021,0.17
162022,0.15
162023,0.19
162025,0.11
162028,0.12
162029,0.16
162030,0.1
162031,0.28
162033,0.14
162037,0.11
162044,0.15
162071,0.2
162093,0.12
162094,0.22
162100,0.1
162102,0.22
162105,0.11
162109,0.16
162116,0.13
162117,0.18
162118,0.18
162120,0.13
162125,0.11
162128,0.18
162131,0.28
162133,0.26
162135,0.23
162156,0.09
162157,0.11
162165,0.16
162166,0.06
162170,0.14
162201,0.12
162202,0.1
162206,0.15
162211,0.07
162227,0.09
162232,0.11
162235,0.14
162237,0.19
162248,0.09
162261,0.12
162262,0.08
162280,0.14
162282,0.07
162284,0.13
162287,0.22
162305,0.12
162308,0.07
162309,0.17
162312,0.31
162313,0.14
162316,0.13
162324,0.15
162325,0.23
162333,0.11
162334,0.2
162337,0.05
162340,0.13
162344,0.16
162347,0.16
162350,0.21
162351,0.16
162365,0.19
162368,0.11
162379,0.1
162383,0.14
162392,0.06
162393,0.16
162397,0.19
162398,0.16
162406,0.19
162410,0.2
162418,0.13
162420,0.18
162424,0.14
162425,0.08
162438,0.14
162442,0.11
162462,0.09
162476,0.11
162477,0.15
162480,0.14
162491,0.11
162493,0.16
162503,0.11
162504,0.06
162513,0.1
162516,0.23
162517,0.12
162522,0.16
162523,0.2
162542,0.13
162584,0.22
162586,0.12
162589,0.17
162594,0.11
162616,0.19
162630,0.14
162637,0.17
162652,0.17
162659,0.29
162668,0.08
162674,0.08
162680,0.06
162685,0.13
162689,0.15
162711,0.12
162714,0.2
162732,0.14
162741,0.17
162758,0.15
162759,0.12
162775,0.2
162776,0.09
162777,0.12
162782,0.06
162786,0.07
162794,0.07
162799,0.09
162801,0.2
162802,0.18
162807,0.15
162820,0.12
162827,0.07
162833,0.12
162837,0.13
162844,0.18
162860,0.15
162862,0.15
162864,0.16
162868,0.18
162880,0.08
162895,0.29
162898,0.14
162918,0.22
162924,0.27
162931,0.16
162936,0.11
162978,0.19
162979,0.13
162988,0.1
162989,0.21
163013,0.2
163014,0.16
163021,0.15
163024,0.11
163027,0.1
163030,0.08
163031,0.06
163032,0.11
163039,0.09
163042,0.07
163048,0.25
163049,0.07
163068,0.14
163071,0.14
163074,0.2
163079,0.13
163080,0.07
163085,0.14
163093,0.11
163094,0.14
163109,0.29
163116,0.13
163117,0.2
163118,0.12
163119,0.22
163121,0.08
163131,0.14
163132,0.09
163133,0.27
163182,0.11
163187,0.15
163188,0.23
163195,0.2
163197,0.11
163200,0.1
163206,0.16
163207,0.11
163214,0.17
163222,0.07
163224,0.13
163226,0.19
163235,0.16
163240,0.13
163258,0.16
163263,0.19
163264,0.18
163265,0.18
163266,0.14
163268,0.22
163272,0.04
163273,0.21
163278,0.21
163288,0.13
163299,0.26
163302,0.07
163307,0.16
163321,0.15
163349,0.07
163352,0.19
163353,0.09
163357,0.12
163362,0.08
163375,0.12
163385,0.1
163386,0.16
163390,0.15
163408,0.15
163423,0.09
163426,0.21
163437,0.33
163452,0.1
163472,0.21
163473,0.2
163479,0.09
163480,0.17
163487,0.15
163492,0.24
163493,0.11
163523,0.15
163524,0.16
163527,0.25
163528,0.12
163531,0.09
163538,0.14
163556,0.12
163563,0.26
163566,0.19
163570,0.09
163571,0.08
163574,0.17
163578,0.08
163580,0.21
163597,0.21
163601,0.13
163604,0.11
163609,0.08
163618,0.13
163634,0.19
163647,0.17
163660,0.17
163661,0.13
163666,0.11
163667,0.21
163669,0.2
163676,0.09
163681,0.17
163682,0.09
163684,0.13
163714,0.21
163724,0.17
163728,0.1
163729,0.15
163738,0.12
163742,0.21
163743,0.23
163748,0.18
163759,0.25
163782,0.04
163793,0.15
163800,0.16
163801,0.12
163802,0.21
163814,0.12
163820,0.17
163821,0.25
163848,0.08
163852,0.14
163854,0.16
163855,0.21
163882,0.14
163895,0.2
163900,0.31
163907,0.24
163915,0.17
163926,0.07
163929,0.12
163934,0.11
163940,0.18
163943,0.17
163944,0.1
163949,0.05
163951,0.14
163952,0.18
163965,0.23
163970,0.09
163980,0.14
163981,0.14
163988,0.17
163989,0.14
163991,0.11
164015,0.23
164028,0.08
164030,0.09
164031,0.13
164037,0.1
164049,0.12
164052,0.12
164059,0.13
164083,0.16
164095,0.17
164106,0.36
164116,0.12
164117,0.32
164119,0.09
164133,0.18
164134,0.09
164142,0.11
164143,0.18
164147,0.12
164148,0.25
164150,0.29
164152,0.15
164156,0.06
164157,0.15
164158,0.09
164166,0.2
164191,0.08
164194,0.28
164198,0.13
164201,0.08
164202,0.15
164207,0.31
164228,0.12
164240,0.13
164241,0.08
164244,0.12
164256,0.17
164262,0.23
164269,0.11
164276,0.13
164281,0.21
164290,0.11
164300,0.22
164305,0.18
164307,0.1
164308,0.18
164309,0.16
164314,0.13
164319,0.12
164331,0.15
164332,0.08
164343,0.23
164349,0.12
164363,0.12
164373,0.12
164410,0.3
164417,0.17
164436,0.1
164438,0.06
164441,0.16
164445,0.2
164451,0.1
164452,0.15
164502,0.27
164513,0.2
164526,0.33
164527,0.07
164528,0.23
164530,0.18
164537,0.14
164542,0.22
164546,0.09
164555,0.27
164556,0.06
164568,0.16
164571,0.15
164572,0.19
164574,0.09
164580,0.18
164597,0.1
164601,0.04
164619,0.09
164633,0.04
164642,0.06
164652,0.19
164676,0.11
164682,0.13
164685,0.18
164691,0.1
164696,0.2
164708,0.13
164711,0.1
164712,0.08
164717,0.16
164721,0.06
164740,0.1
164746,0.19
164755,0.2
164761,0.09
164764,0.08
164766,0.56
164776,0.31
164777,0.06
164783,0.15
164786,0.06
164799,0.1
164808,0.17
164812,0.16
164815,0.16
164816,0.17
164817,0.24
164818,0.24
164819,0.19
164821,0.24
164822,0.07
164825,0.09
164834,0.09
164841,0.13
164842,0.14
164853,0.18
164855,0.2
164856,0.09
164878,0.06
164883,0.14
164887,0.14
164888,0.13
164889,0.21
164891,0.29
164892,0.13
164922,0.09
164924,0.05
164933,0.19
164938,0.08
164939,0.21
164949,0.15
164950,0.11
164957,0.25
164961,0.19
164963,0.15
164972,0.06
164980,0.06
164981,0.12
165020,0.18
165027,0.24
165046,0.13
165048,0.18
165049,0.19
165058,0.13
165065,0.1
165081,0.08
165082,0.18
165090,0.11
165107,0.18
165131,0.17
165133,0.17
165137,0.06
165140,0.19
165142,0.09
165143,0.13
165152,0.22
165154,0.11
165158,0.11
165166,0.09
165168,0.13
165171,0.15
165175,0.17
165182,0.12
165188,0.25
165190,0.17
165199,0.16
165202,0.18
165203,0.23
165204,0.18
165208,0.16
165221,0.15
165243,0.05
165283,0.2
165300,0.04
165302,0.15
165304,0.15
165313,0.07
165336,0.21
165339,0.31
165363,0.29
165376,0.15
165380,0.24
165385,0.1
165386,0.07
165410,0.09
165422,0.18
165426,0.09
165428,0.12
165445,0.2
165452,0.21
165454,0.06
165455,0.15
165462,0.2
165465,0.16
165466,0.13
165467,0.24
165476,0.07
165477,0.1
165478,0.34
165497,0.1
165500,0.23
165511,0.13
165513,0.12
165515,0.2
165521,0.06
165522,0.1
165523,0.16
165530,0.15
165537,0.14
165538,0.12
165539,0.15
165545,0.1
165550,0.2
165551,0.14
165552,0.27
165557,0.14
165558,0.1
165560,0.1
165574,0.11
165576,0.21
165587,0.15
165601,0.1
165605,0.09
165606,0.06
165607,0.18
165624,0.28
165632,0.08
165633,0.13
165634,0.17
165646,0.13
165649,0.14
165651,0.16
165661,0.09
165666,0.26
165669,0.14
165674,0.12
165685,0.25
165687,0.14
165692,0.21
165721,0.24
165726,0.21
165748,0.12
165749,0.17
165752,0.1
165755,0.12
165758,0.12
165761,0.11
165762,0.24
165780,0.15
165781,0.2
165789,0.22
165802,0.05
165806,0.08
165817,0.12
165822,0.25
165837,0.1
165840,0.19
165846,0.05
165853,0.08
165864,0.24
165865,0.11
165868,0.09
165869,0.1
165871,0.2
165880,0.14
165887,0.27
165904,0.23
165907,0.08
165910,0.24
165915,0.21
165917,0.08
165918,0.16
165919,0.09
165923,0.2
165931,0.12
165932,0.07
165934,0.34
165939,0.22
165944,0.27
165951,0.25
165955,0.16
165959,0.26
165966,0.25
165970,0.14
165975,0.16
165977,0.09
165990,0.25
165997,0.15
166003,0.13
166008,0.08
166020,0.15
166025,0.12
166033,0.16
166038,0.23
166042,0.14
166049,0.11
166071,0.12
166091,0.14
166093,0.22
166095,0.13
166104,0.12
166107,0.12
166108,0.14
166110,0.16
166112,0.17
166135,0.19
166136,0.07
166138,0.22
166153,0.26
166155,0.21
166158,0.18
166164,0.16
166186,0.23
166191,0.06
166196,0.1
166197,0.12
166202,0.08
166215,0.16
166230,0.07
166243,0.16
166244,0.07
166255,0.08
166258,0.18
166263,0.27
166271,0.15
166283,0.09
166286,0.17
166291,0.1
166294,0.2
166303,0.11
166306,0.22
166309,0.12
166316,0.13
166317,0.1
166321,0.23
166331,0.1
166349,0.16
166374,0.04
166387,0.1
166393,0.12
166400,0.09
166420,0.08
166446,0.16
166449,0.12
166452,0.06
166495,0.09
166501,0.11
166514,0.16
166515,0.24
166521,0.16
166525,0.1
166529,0.19
166536,0.26
166542,0.08
166543,0.19
166545,0.08
166550,0.12
166560,0.07
166567,0.03
166570,0.07
166573,0.07
166582,0.25
166583,0.15
166590,0.08
166594,0.21
166618,0.4
166623,0.2
166626,0.09
166641,0.16
166654,0.06
166682,0.23
166685,0.17
166688,0.21
166692,0.1
166701,0.11
166702,0.18
166705,0.12
166713,0.07
166733,0.08
166734,0.1
166738,0.2
166739,0.08
166740,0.12
166755,0.26
166761,0.21
166764,0.13
166773,0.15
166774,0.14
166814,0.12
166819,0.13
166834,0.21
166841,0.28
166848,0.23
166857,0.14
166858,0.15
166873,0.18
166889,0.26
166890,0.09
166891,0.18
166902,0.11
166908,0.14
166916,0.2
166920,0.11
166922,0.11
166926,0.14
166928,0.19
166930,0.18
166931,0.11
166932,0.11
166937,0.12
166941,0.12
166944,0.18
166960,0.21
166972,0.13
166973,0.08
166978,0.09
166984,0.18
166994,0.14
166995,0.07
166996,0.09
167001,0.12
167006,0.15
167007,0.18
167037,0.22
167041,0.21
167051,0.19
167052,0.18
167054,0.06
167057,0.19
167058,0.13
167059,0.13
167060,0.09
167066,0.15
167077,0.13
167078,0.14
167080,0.11
167089,0.2
167090,0.14
167091,0.18
167096,0.17
167105,0.16
167121,0.08
167128,0.24
167131,0.18
167139,0.37
167140,0.17
167149,0.17
167152,0.17
167153,0.22
167163,0.13
167167,0.14
167171,0.15
167178,0.16
167179,0.12
167182,0.2
167187,0.19
167192,0.12
167208,0.09
167212,0.16
167217,0.15
167230,0.16
167236,0.07
167238,0.27
167239,0.16
167257,0.25
167260,0.16
167264,0.09
167271,0.12
167273,0.1
167276,0.15
167283,0.09
167295,0.13
167296,0.2
167299,0.24
167310,0.11
167313,0.16
167323,0.1
167328,0.21
167329,0.14
167333,0.09
167349,0.15
167351,0.13
167359,0.08
167363,0.11
167371,0.08
167384,0.16
167387,0.06
167389,0.14
167393,0.17
167401,0.18
167427,0.14
167428,0.16
167433,0.2
167434,0.1
167437,0.12
167438,0.12
167454,0.12
167475,0.08
167480,0.09
167491,0.16
167494,0.21
167495,0.1
167503,0.11
167521,0.23
167529,0.18
167530,0.13
167550,0.12
167554,0.22
167557,0.24
167562,0.11
167566,0.11
167572,0.3
167573,0.16
167578,0.18
167592,0.24
167597,0.17
167621,0.19
167622,0.22
167631,0.3
167637,0.26
167638,0.17
167645,0.11
167648,0.31
167697,0.19
167698,0.09
167701,0.14
167708,0.12
167714,0.19
167717,0.1
167727,0.15
167737,0.09
167746,0.15
167751,0.24
167753,0.15
167755,0.12
167771,0.14
167805,0.13
167811,0.22
167815,0.14
167829,0.07
167830,0.09
167834,0.13
167841,0.12
167846,0.06
167851,0.27
167871,0.1
167890,0.13
167898,0.14
167901,0.07
167902,0.14
167907,0.26
167911,0.14
167912,0.09
167916,0.13
167917,0.07
167928,0.15
167940,0.11
167947,0.12
167948,0.15
167953,0.16
167957,0.14
167958,0.12
167968,0.15
167970,0.16
167977,0.1
167980,0.06
167993,0.14
167994,0.15
167998,0.09
168000,0.11
168006,0.15
168011,0.2
168012,0.09
168013,0.21
168022,0.1
168026,0.2
168032,0.14
168046,0.21
168054,0.15
168071,0.18
168078,0.25
168092,0.1
168093,0.19
168097,0.04
168105,0.23
168107,0.12
168108,0.16
168115,0.3
168127,0.12
168133,0.21
168135,0.1
168162,0.07
168163,0.11
168165,0.27
168169,0.1
168171,0.14
168174,0.26
168175,0.25
168186,0.13
168202,0.22
168204,0.07
168208,0.15
168229,0.28
168239,0.15
168245,0.12
168276,0.13
168309,0.17
168313,0.19
168322,0.13
168323,0.02
168326,0.23
168331,0.11
168349,0.23
168384,0.13
168398,0.11
168403,0.1
168405,0.14
168416,0.05
168418,0.19
168420,0.22
168422,0.08
168436,0.16
168438,0.13
168443,0.13
168444,0.09
168446,0.11
168454,0.1
168459,0.1
168462,0.19
168472,0.28
168485,0.07
168496,0.14
168503,0.09
168515,0.11
168516,0.15
168520,0.29
168521,0.25
168531,0.09
168542,0.07
168548,0.16
168551,0.16
168575,0.1
168580,0.11
168588,0.17
168593,0.18
168614,0.06
168615,0.17
168622,0.12
168623,0.1
168634,0.09
168645,0.19
168651,0.2
168683,0.14
168691,0.19
168708,0.17
168716,0.23
168718,0.12
168720,0.1
168722,0.31
168731,0.2
168736,0.16
168738,0.17
168747,0.1
168751,0.28
168752,0.15
168753,0.14
168774,0.25
168782,0.09
168788,0.09
168790,0.16
168791,0.2
168793,0.21
168796,0.1
168802,0.16
168803,0.06
168810,0.35
168817,0.11
168820,0.21
168823,0.11
168827,0.13
168828,0.27
168831,0.23
168842,0.21
168845,0.16
168855,0.12
168856,0.2
168861,0.19
168876,0.07
168897,0.15
168899,0.15
168913,0.16
168915,0.06
168916,0.08
168929,0.21
168930,0.05
168933,0.25
168954,0.07
168957,0.18
168959,0.16
168960,0.1
168961,0.12
168968,0.2
168969,0.09
168994,0.18
168995,0.17
169003,0.16
169004,0.42
169008,0.13
169009,0.21
169014,0.19
169030,0.19
169048,0.11
169061,0.17
169070,0.21
169092,0.02
169117,0.17
169118,0.27
169121,0.14
169123,0.13
169124,0.2
169137,0.2
169138,0.14
169143,0.18
169165,0.23
169166,0.17
169167,0.22
169168,0.14
169175,0.09
169184,0.14
169195,0.11
169196,0.16
169197,0.21
169202,0.31
169204,0.27
169212,0.13
169214,0.15
169218,0.18
169239,0.07
169248,0.04
169252,0.11
169254,0.15
169257,0.12
169264,0.3
169267,0.12
169269,0.28
169278,0.09
169297,0.11
169299,0.16
169301,0.04
169306,0.1
169323,0.19
169328,0.18
169330,0.14
169331,0.09
169346,0.13
169348,0.16
169350,0.16
169353,0.2
169355,0.3
169364,0.24
169365,0.09
169367,0.08
169370,0.12
169378,0.18
169385,0.12
169387,0.26
169389,0.11
169395,0.27
169412,0.16
169426,0.15
169427,0.27
169432,0.16
169436,0.1
169453,0.15
169455,0.4
169457,0.13
169458,0.14
169461,0.14
169467,0.15
169470,0.16
169477,0.05
169481,0.09
169483,0.21
169490,0.23
169491,0.08
169495,0.07
169504,0.22
169514,0.1
169517,0.15
169523,0.04
169528,0.16
169534,0.12
169535,0.06
169537,0.11
169541,0.23
169546,0.08
169549,0.12
169554,0.23
169561,0.11
169571,0.17
169580,0.15
169597,0.14
169598,0.06
169625,0.36
169626,0.2
169627,0.21
169628,0.18
169629,0.13
169658,0.13
169659,0.22
169668,0.08
169669,0.18
169673,0.16
169674,0.12
169676,0.26
169677,0.21
169678,0.12
169680,0.09
169695,0.21
169698,0.36
169710,0.24
169719,0.11
169720,0.05
169722,0.16
169735,0.18
169745,0.14
169749,0.21
169754,0.12
169760,0.18
169772,0.09
169773,0.09
169780,0.12
169788,0.1
169793,0.14
169809,0.27
169810,0.16
169824,0.13
169831,0.19
169833,0.13
169836,0.14
169859,0.1
169864,0.28
169872,0.15
169895,0.17
169911,0.06
169914,0.15
169960,0.19
169961,0.28
169964,0.17
169974,0.11
169988,0.1
169989,0.07
169995,0.07
170007,0.11
170026,0.21
170030,0.27
170033,0.22
170041,0.12
170043,0.08
170048,0.17
170050,0.13
170051,0.17
170056,0.18
170072,0.33
170076,0.13
170080,0.22
170101,0.09
170102,0.19
170107,0.25
170115,0.27
170119,0.11
170128,0.18
170129,0.07
170134,0.26
170136,0.15
170139,0.11
170140,0.07
170143,0.26
170148,0.35
170159,0.23
170163,0.13
170164,0.3
170173,0.09
170178,0.1
170179,0.09
170199,0.16
170203,0.12
170207,0.25
170211,0.11
170217,0.11
170224,0.09
170225,0.27
170255,0.2
170258,0.13
170259,0.09
170262,0.16
170278,0.2
170284,0.1
170285,0.21
170292,0.17
170293,0.15
170301,0.14
170302,0.33
170305,0.22
170309,0.1
170310,0.17
170326,0.19
170327,0.13
170328,0.2
170329,0.11
170330,0.11
170331,0.16
170337,0.09
170340,0.1
170341,0.08
170343,0.17
170361,0.18
170366,0.13
170376,0.17
170382,0.21
170396,0.1
170400,0.11
170403,0.09
170409,0.16
170410,0.12
170421,0.13
170425,0.06
170427,0.07
170428,0.07
170435,0.14
170438,0.16
170442,0.15
170446,0.14
170461,0.09
170473,0.3
170477,0.07
170516,0.05
170517,0.16
170522,0.2
170523,0.16
170534,0.17
170535,0.19
170538,0.29
170549,0.17
170556,0.14
170563,0.11
170570,0.16
170580,0.2
170582,0.15
170584,0.2
170585,0.07
170587,0.25
170590,0.21
170598,0.14
170599,0.16
170601,0.2
170612,0.22
170617,0.1
170620,0.16
170629,0.11
170647,0.16
170651,0.19
170654,0.18
170657,0.26
170662,0.09
170707,0.13
170719,0.1
170722,0.09
170723,0.12
170731,0.23
170735,0.13
170750,0.13
170769,0.14
170770,0.12
170776,0.22
170783,0.08
170789,0.17
170800,0.16
170809,0.23
170810,0.13
170811,0.22
170827,0.08
170842,0.12
170854,0.12
170857,0.23
170865,0.14
170867,0.03
170869,0.16
170870,0.09
170878,0.17
170881,0.12
170910,0.2
170913,0.28
170919,0.2
170932,0.08
170939,0.22
170947,0.21
170950,0.16
170953,0.32
170954,0.09
170970,0.17
170972,0.17
170973,0.17
170980,0.21
170981,0.17
170983,0.24
170998,0.16
171001,0.19
171004,0.1
171020,0.13
171023,0.11
171026,0.1
171060,0.3
171061,0.06
171065,0.13
171077,0.17
171081,0.15
171103,0.23
171110,0.06
171114,0.11
171118,0.12
171119,0.16
171120,0.15
171137,0.17
171147,0.17
171153,0.35
171156,0.25
171158,0.08
171163,0.21
171169,0.14
171170,0.21
171172,0.11
171173,0.15
171176,0.12
171181,0.16
171182,0.27
171191,0.1
171193,0.16
171195,0.15
171198,0.07
171205,0.12
171212,0.12
171237,0.12
171241,0.05
171262,0.11
171263,0.05
171266,0.12
171274,0.12
171290,0.2
171291,0.23
171297,0.1
171307,0.16
171311,0.24
171320,0.16
171322,0.06
171328,0.22
171337,0.17
171346,0.07
171348,0.18
171354,0.22
171358,0.07
171359,0.12
171360,0.1
171369,0.12
171379,0.15
171384,0.1
171388,0.14
171390,0.18
171394,0.14
171395,0.17
171399,0.18
171403,0.18
171422,0.14
171423,0.11
171469,0.13
171480,0.14
171487,0.1
171497,0.13
171502,0.21
171503,0.12
171506,0.13
171521,0.12
171530,0.19
171540,0.2
171541,0.17
171544,0.18
171551,0.16
171582,0.26
171587,0.1
171597,0.16
171603,0.15
171610,0.13
171614,0.1
171619,0.26
171621,0.07
171625,0.16
171626,0.12
171638,0.07
171642,0.2
171658,0.11
171674,0.34
171677,0.2
171684,0.09
171685,0.28
171686,0.15
171695,0.09
171702,0.15
171703,0.18
171704,0.08
171705,0.09
171706,0.07
171709,0.16
171712,0.11
171716,0.12
171730,0.21
171748,0.23
171757,0.15
171767,0.09
171768,0.22
171771,0.2
171775,0.07
171778,0.25
171780,0.17
171781,0.07
171785,0.11
171786,0.23
171789,0.11
171802,0.03
171803,0.17
171812,0.19
171862,0.07
171864,0.18
171891,0.47
171892,0.18
171913,0.07
171914,0.27
171922,0.17
171927,0.14
171933,0.13
171934,0.15
171943,0.13
171945,0.26
171960,0.19
171964,0.11
171975,0.18
171994,0.18
171996,0.13
171997,0.07
172000,0.18
172029,0.1
172038,0.13
172039,0.12
172043,0.17
172046,0.08
172048,0.1
172049,0.15
172053,0.3
172054,0.12
172058,0.08
172060,0.09
172061,0.08
172067,0.15
172072,0.09
172073,0.09
172098,0.12
172100,0.12
172101,0.26
172113,0.17
172144,0.14
172147,0.07
172149,0.14
172168,0.14
172169,0.17
172175,0.16
172197,0.1
172200,0.29
172205,0.3
172207,0.12
172210,0.1
172261,0.14
172279,0.1
172294,0.16
172300,0.09
172301,0.19
172310,0.11
172351,0.12
172353,0.13
172358,0.06
172374,0.19
172380,0.15
172384,0.11
172400,0.1
172403,0.14
172408,0.2
172411,0.15
172420,0.1
172426,0.35
172433,0.16
172434,0.09
172442,0.17
172443,0.36
172452,0.25
172454,0.22
172456,0.3
172460,0.17
172470,0.16
172479,0.12
172481,0.12
172483,0.05
172484,0.33
172485,0.16
172486,0.11
172493,0.13
172494,0.2
172497,0.18
172504,0.17
172518,0.28
172523,0.14
172527,0.18
172533,0.2
172536,0.16
172540,0.1
172541,0.15
172543,0.13
172545,0.17
172547,0.17
172551,0.1
172556,0.07
172562,0.1
172570,0.13
172574,0.07
172575,0.15
172599,0.07
172611,0.23
172612,0.07
172616,0.09
172623,0.16
172627,0.18
172635,0.22
172643,0.1
172644,0.12
172652,0.13
172656,0.14
172661,0.18
172664,0.14
172672,0.08
172678,0.1
172680,0.12
172683,0.19
172684,0.13
172690,0.07
172695,0.13
172696,0.1
172701,0.08
172713,0.19
172714,0.19
172731,0.09
172738,0.08
172761,0.16
172767,0.08
172770,0.2
172771,0.12
172799,0.07
172800,0.1
172804,0.16
172805,0.09
172820,0.07
172829,0.28
172831,0.22
172833,0.11
172843,0.16
172853,0.08
172855,0.23
172856,0.18
172857,0.06
172863,0.12
172877,0.14
172881,0.21
172895,0.16
172896,0.17
172910,0.13
172922,0.12
172939,0.11
172942,0.21
172945,0.08
172948,0.05
172949,0.16
172953,0.08
172967,0.2
172993,0.14
172995,0.11
172996,0.29
172997,0.17
172998,0.19
172999,0.07
173004,0.12
173006,0.26
173007,0.21
173013,0.18
173016,0.09
173020,0.11
173030,0.1
173048,0.2
173056,0.04
173066,0.11
173079,0.22
173107,0.16
173109,0.07
173127,0.1
173128,0.12
173130,0.14
173137,0.21
173157,0.08
173160,0.15
173168,0.12
173193,0.17
173197,0.25
173215,0.08
173216,0.19
173227,0.1
173236,0.13
173237,0.2
173247,0.21
173250,0.29
173259,0.1
173277,0.17
173285,0.11
173286,0.14
173299,0.13
173310,0.37
173312,0.18
173313,0.08
173320,0.11
173330,0.29
173333,0.12
173351,0.15
173370,0.25
173372,0.14
173381,0.1
173386,0.08
173387,0.19
173388,0.2
173393,0.12
173394,0.18
173403,0.06
173467,0.05
173469,0.25
173475,0.15
173476,0.18
173477,0.06
173484,0.25
173485,0.08
173488,0.25
173491,0.11
173520,0.1
173522,0.25
173535,0.17
173539,0.16
173549,0.11
173552,0.13
173565,0.15
173586,0.1
173587,0.05
173588,0.09
173595,0.13
173606,0.29
173620,0.09
173623,0.11
173629,0.14
173647,0.21
173649,0.18
173650,0.25
173652,0.11
173654,0.15
173665,0.17
173667,0.26
173685,0.12
173710,0.24
173711,0.08
173713,0.19
173718,0.14
173743,0.18
173744,0.11
173762,0.21
173768,0.14
173769,0.32
173770,0.09
173773,0.13
173779,0.18
173780,0.07
173781,0.25
173783,0.2
173795,0.13
173800,0.29
173812,0.12
173823,0.15
173834,0.28
173874,0.14
173891,0.09
173904,0.14
173909,0.16
173925,0.14
173941,0.12
173942,0.15
173944,0.09
173955,0.19
173959,0.11
174000,0.08
174004,0.18
174006,0.18
174008,0.18
174012,0.05
174017,0.11
174020,0.19
174044,0.11
174051,0.15
174052,0.04
174059,0.17
174060,0.08
174061,0.16
174063,0.21
174068,0.23
174069,0.1
174072,0.07
174074,0.09
174091,0.11
174092,0.18
174098,0.21
174105,0.26
174107,0.22
174110,0.09
174121,0.08
174126,0.18
174153,0.03
174156,0.18
174160,0.12
174173,0.12
174183,0.15
174185,0.07
174188,0.35
174198,0.14
174206,0.16
174207,0.12
174211,0.18
174239,0.22
174260,0.19
174261,0.07
174262,0.23
174264,0.1
174271,0.11
174275,0.35
174277,0.11
174286,0.12
174301,0.12
174312,0.25
174314,0.08
174322,0.13
174323,0.17
174325,0.15
174326,0.13
174327,0.13
174334,0.15
174360,0.09
174362,0.19
174367,0.13
174371,0.11
174372,0.14
174384,0.12
174390,0.06
174391,0.09
174396,0.1
174412,0.11
174423,0.18
174428,0.17
174429,0.16
174438,0.13
174481,0.15
174483,0.11
174484,0.05
174485,0.2
174488,0.12
174497,0.13
174509,0.3
174513,0.13
174514,0.17
174520,0.14
174526,0.15
174532,0.06
174536,0.14
174537,0.16
174538,0.2
174539,0.2
174540,0.04
174549,0.09
174551,0.19
174563,0.24
174574,0.15
174575,0.2
174586,0.06
174590,0.12
174606,0.16
174607,0.09
174609,0.08
174610,0.21
174630,0.2
174631,0.17
174661,0.11
174665,0.1
174666,0.12
174677,0.14
174690,0.16
174700,0.12
174702,0.18
174703,0.11
174713,0.1
174721,0.13
174726,0.13
174729,0.13
174741,0.11
174742,0.15
174754,0.14
174757,0.15
174782,0.38
174795,0.11
174805,0.14
174806,0.11
174809,0.26
174810,0.15
174829,0.12
174830,0.22
174832,0.14
174836,0.18
174839,0.11
174843,0.07
174854,0.21
174861,0.16
174863,0.14
174867,0.14
174871,0.15
174887,0.13
174890,0.11
174897,0.06
174901,0.18
174903,0.13
174912,0.13
174913,0.22
174920,0.11
174922,0.39
174924,0.07
174925,0.16
174928,0.13
174938,0.12
174939,0.1
174943,0.08
174950,0.15
174954,0.09
174955,0.19
174957,0.2
174965,0.12
174966,0.15
174967,0.15
174977,0.12
174983,0.15
174986,0.12
174987,0.19
175012,0.27
175015,0.11
175025,0.21
175027,0.28
175029,0.17
175056,0.37
175075,0.19
175081,0.11
175097,0.18
175128,0.11
175129,0.19
175138,0.15
175169,0.19
175183,0.11
175211,0.14
175212,0.24
175215,0.04
175223,0.17
175225,0.13
175233,0.11
175250,0.12
175253,0.13
175257,0.07
175260,0.13
175261,0.17
175264,0.16
175284,0.25
175288,0.1
175295,0.05
175309,0.17
175310,0.12
175313,0.15
175334,0.19
175337,0.21
175346,0.15
175347,0.09
175349,0.13
175350,0.16
175351,0.12
175367,0.25
175369,0.19
175371,0.14
175372,0.11
175392,0.15
175400,0.11
175402,0.07
175403,0.18
175407,0.36
175408,0.18
175414,0.19
175431,0.14
175435,0.09
175442,0.08
175454,0.11
175456,0.13
175457,0.05
175464,0.15
175465,0.15
175477,0.13
175488,0.12
175495,0.1
175499,0.15
175500,0.18
175515,0.17
175519,0.19
175520,0.15
175531,0.16
175534,0.12
175543,0.23
175566,0.15
175568,0.07
175573,0.12
175574,0.23
175576,0.15
175591,0.15
175593,0.16
175605,0.32
175609,0.11
175617,0.1
175624,0.25
175629,0.08
175633,0.09
175645,0.09
175649,0.15
175650,0.05
175653,0.14
175659,0.18
175660,0.09
175661,0.2
175664,0.09
175665,0.22
175677,0.14
175682,0.25
175684,0.29
175687,0.09
175690,0.09
175706,0.09
175722,0.15
175724,0.15
175730,0.22
175731,0.08
175737,0.18
175743,0.11
175745,0.25
175758,0.08
175768,0.14
175769,0.2
175773,0.11
175775,0.11
175794,0.04
175798,0.15
175809,0.16
175818,0.13
175830,0.07
175835,0.1
175840,0.16
175864,0.1
175875,0.21
175890,0.06
175892,0.11
175914,0.23
175930,0.24
175935,0.06
175955,0.09
175958,0.1
175959,0.15
175960,0.16
175964,0.12
175968,0.09
175986,0.25
175987,0.21
175997,0.1
175998,0.17
176003,0.16
176004,0.19
176021,0.11
176034,0.17
176035,0.23
176043,0.2
176045,0.18
176051,0.1
176052,0.05
176059,0.2
176067,0.15
176073,0.21
176076,0.06
176077,0.13
176085,0.11
176088,0.16
176095,0.15
176118,0.27
176129,0.14
176177,0.15
176183,0.16
176206,0.2
176218,0.1
176240,0.18
176253,0.16
176260,0.14
176275,0.19
176285,0.07
176288,0.19
176289,0.17
176290,0.14
176297,0.19
176300,0.23
176301,0.18
176319,0.2
176322,0.16
176337,0.11
176346,0.07
176347,0.23
176352,0.19
176358,0.05
176359,0.17
176365,0.09
176371,0.15
176403,0.18
176419,0.12
176428,0.17
176429,0.24
176430,0.19
176432,0.2
176437,0.17
176440,0.08
176441,0.2
176450,0.06
176454,0.05
176459,0.2
176460,0.18
176467,0.15
176472,0.35
176482,0.1
176483,0.48
176486,0.1
176487,0.19
176494,0.06
176497,0.07
176500,0.13
176509,0.3
176511,0.08
176512,0.09
176522,0.2
176525,0.17
176526,0.23
176537,0.08
176538,0.15
176572,0.13
176573,0.2
176574,0.24
176579,0.14
176580,0.14
176592,0.26
176601,0.06
176603,0.26
176605,0.12
176606,0.12
176615,0.14
176620,0.09
176634,0.11
176635,0.17
176638,0.14
176639,0.08
176641,0.25
176661,0.09
176668,0.1
176669,0.25
176683,0.19
176688,0.12
176700,0.16
176702,0.16
176705,0.13
176709,0.19
176710,0.15
176720,0.18
176726,0.11
176731,0.16
176732,0.18
176733,0.13
176734,0.08
176736,0.21
176741,0.09
176756,0.13
176785,0.13
176790,0.1
176793,0.21
176820,0.25
176827,0.21
176828,0.14
176839,0.11
176848,0.17
176850,0.11
176853,0.13
176866,0.15
176867,0.17
176875,0.1
176883,0.15
176888,0.21
176890,0.14
176898,0.15
176917,0.1
176925,0.09
176929,0.11
176934,0.13
176938,0.18
176953,0.16
176957,0.16
176970,0.12
176997,0.1
177029,0.26
177030,0.18
177031,0.16
177032,0.13
177047,0.11
177048,0.12
177051,0.09
177055,0.14
177060,0.25
177064,0.2
177065,0.2
177069,0.18
177076,0.17
177085,0.12
177087,0.2
177105,0.13
177126,0.3
177133,0.11
177141,0.22
177146,0.09
177156,0.17
177179,0.12
177187,0.31
177192,0.25
177203,0.11
177228,0.22
177229,0.22
177249,0.19
177250,0.22
177253,0.15
177260,0.22
177262,0.13
177270,0.19
177275,0.15
177284,0.19
177285,0.21
177314,0.23
177319,0.26
177325,0.05
177327,0.17
177339,0.18
177344,0.22
177378,0.1
177384,0.16
177385,0.12
177386,0.11
177387,0.17
177405,0.1
177423,0.1
177424,0.17
177425,0.04
177430,0.24
177435,0.19
177447,0.16
177448,0.1
177449,0.11
177451,0.2
177460,0.25
177479,0.13
177489,0.17
177504,0.14
177505,0.13
177511,0.29
177524,0.07
177526,0.16
177535,0.08
177558,0.12
177562,0.35
177569,0.09
177579,0.15
177580,0.21
177583,0.08
177584,0.18
177585,0.14
177605,0.18
177606,0.1
177618,0.16
177639,0.2
177649,0.11
177656,0.13
177657,0.11
177661,0.21
177665,0.09
177669,0.1
177680,0.26
177688,0.33
177689,0.18
177694,0.09
177696,0.15
177700,0.13
177705,0.13
177710,0.17
177720,0.08
177728,0.13
177729,0.21
177731,0.18
177733,0.22
177749,0.15
177751,0.11
177767,0.17
177776,0.14
177780,0.25
177783,0.16
177785,0.17
177791,0.1
177797,0.12
177798,0.16
177799,0.09
177802,0.09
177803,0.18
177805,0.1
177820,0.08
177824,0.08
177825,0.14
177829,0.11
177839,0.17
177861,0.13
177865,0.18
177867,0.11
177875,0.21
177876,0.29
177878,0.15
177883,0.27
177886,0.15
177891,0.21
177892,0.24
177902,0.13
177904,0.16
177931,0.17
177939,0.08
177944,0.29
177946,0.14
177959,0.14
177977,0.16
177992,0.16
177993,0.17
178005,0.17
178008,0.12
178009,0.09
178012,0.22
178015,0.21
178018,0.15
178037,0.21
178050,0.12
178058,0.19
178060,0.12
178064,0.25
178074,0.11
178077,0.25
178094,0.32
178095,0.14
178096,0.16
178107,0.11
178117,0.16
178146,0.14
178154,0.11
178160,0.21
178164,0.18
178172,0.1
178174,0.19
178182,0.29
178184,0.17
178196,0.2
178223,0.12
178225,0.16
178226,0.06
178240,0.26
178242,0.13
178250,0.15
178268,0.13
178282,0.11
178285,0.22
178288,0.12
178290,0.11
178295,0.15
178312,0.07
178317,0.06
178342,0.23
178343,0.15
178344,0.21
178346,0.19
178353,0.24
178356,0.28
178358,0.08
178359,0.15
178362,0.15
178380,0.21
178387,0.08
178391,0.23
178395,0.22
178408,0.1
178415,0.08
178421,0.15
178424,0.32
178428,0.18
178432,0.05
178433,0.14
178436,0.14
178442,0.19
178453,0.14
178459,0.31
178467,0.13
178472,0.21
178491,0.01
178499,0.11
178504,0.2
178506,0.11
178509,0.13
178517,0.19
178525,0.2
178530,0.22
178531,0.18
178537,0.11
178553,0.15
178557,0.11
178565,0.14
178566,0.24
178579,0.17
178586,0.1
178589,0.1
178592,0.12
178610,0.09
178620,0.13
178621,0.08
178622,0.18
178643,0.1
178665,0.2
178671,0.14
178675,0.13
178692,0.09
178722,0.14
178723,0.11
178726,0.17
178731,0.26
178737,0.19
178739,0.03
178745,0.08
178766,0.14
178771,0.16
178775,0.12
178785,0.16
178789,0.07
178790,0.14
178792,0.08
178804,0.11
178817,0.15
178821,0.23
178825,0.15
178830,0.19
178831,0.32
178832,0.23
178847,0.14
178853,0.09
178856,0.16
178867,0.14
178868,0.17
178881,0.13
178887,0.12
178888,0.28
178908,0.19
178909,0.23
178942,0.18
178943,0.22
178946,0.19
178947,0.36
178950,0.2
178958,0.18
178976,0.11
178986,0.16
178989,0.11
178995,0.21
178996,0.12
179006,0.16
179025,0.17
179034,0.19
179038,0.57
179043,0.16
179050,0.14
179051,0.11
179076,0.27
179077,0.08
179091,0.17
179092,0.17
179111,0.19
179128,0.16
179132,0.28
179137,0.1
179138,0.16
179146,0.21
179148,0.25
179149,0.21
179150,0.15
179155,0.12
179164,0.06
179177,0.15
179178,0.13
179182,0.14
179184,0.06
179186,0.16
179191,0.19
179194,0.11
179201,0.2
179210,0.09
179211,0.17
179212,0.1
179216,0.18
179229,0.1
179235,0.11
179236,0.15
179241,0.21
179244,0.15
179249,0.22
179256,0.2
179260,0.15
179262,0.15
179264,0.22
179268,0.15
179272,0.22
179280,0.06
179287,0.11
179288,0.09
179290,0.1
179295,0.12
179298,0.16
179306,0.18
179307,0.1
179310,0.26
179314,0.12
179317,0.11
179319,0.21
179327,0.07
179336,0.21
179342,0.19
179344,0.39
179347,0.11
179357,0.03
179368,0.16
179413,0.13
179425,0.18
179435,0.15
179447,0.09
179449,0.12
179458,0.06
179460,0.07
179475,0.14
179486,0.1
179493,0.1
179499,0.08
179501,0.24
179508,0.15
179511,0.11
179513,0.19
179519,0.2
179537,0.09
179550,0.14
179559,0.1
179560,0.12
179578,0.11
179583,0.08
179590,0.1
179597,0.14
179599,0.09
179602,0.2
179609,0.11
179621,0.24
179624,0.09
179625,0.17
179630,0.07
179640,0.1
179641,0.1
179644,0.12
179649,0.09
179650,0.27
179652,0.09
179653,0.3
179660,0.15
179662,0.1
179673,0.13
179678,0.12
179679,0.14
179686,0.2
179721,0.08
179733,0.19
179736,0.17
179737,0.1
179748,0.17
179750,0.18
179751,0.1
179752,0.2
179753,0.12
179765,0.11
179768,0.12
179798,0.06
179827,0.07
179837,0.11
179838,0.15
179851,0.15
179868,0.31
179875,0.12
179876,0.13
179882,0.05
179883,0.11
179894,0.15
179905,0.18
179907,0.2
179919,0.13
179926,0.14
179936,0.08
179941,0.12
179945,0.14
179951,0.1
179960,0.05
179967,0.12
179980,0.3
179985,0.37
179997,0.23
180001,0.13
180007,0.13
180011,0.14
180017,0.14
180027,0.14
180033,0.1
180036,0.29
180037,0.16
180041,0.2
180042,0.29
180050,0.37
180059,0.08
180066,0.07
180067,0.15
180085,0.1
180092,0.09
180099,0.06
180101,0.17
180115,0.2
180122,0.19
180126,0.11
180127,0.11
180140,0.11
180141,0.23
180158,0.2
180163,0.2
180178,0.1
180189,0.11
180198,0.08
180201,0.33
180202,0.2
180209,0.21
180239,0.22
180244,0.13
180270,0.12
180271,0.17
180286,0.11
180287,0.14
180291,0.06
180293,0.09
180296,0.14
180297,0.13
180305,0.13
180318,0.17
180319,0.25
180322,0.11
180323,0.11
180331,0.15
180365,0.13
180368,0.23
180369,0.11
180382,0.2
180387,0.12
180388,0.3
180389,0.06
180398,0.08
180399,0.17
180402,0.31
180406,0.19
180407,0.13
180408,0.14
180413,0.13
180416,0.17
180420,0.12
180429,0.29
180430,0.51
180431,0.13
180438,0.08
180441,0.14
180448,0.08
180453,0.19
180478,0.36
180480,0.1
180510,0.15
180524,0.16
180534,0.22
180537,0.42
180545,0.19
180550,0.16
180559,0.18
180583,0.06
180587,0.04
180594,0.16
180597,0.12
180598,0.24
180599,0.22
180601,0.21
180624,0.3
180625,0.25
180634,0.12
180647,0.14
180652,0.21
180656,0.23
180664,0.15
180666,0.23
180674,0.18
180679,0.07
180685,0.25
180692,0.07
180698,0.12
180699,0.08
180700,0.09
180702,0.12
180710,0.1
180736,0.11
180739,0.12
180741,0.1
180743,0.33
180747,0.12
180754,0.27
180755,0.19
180756,0.09
180768,0.16
180773,0.09
180775,0.08
180784,0.14
180787,0.05
180795,0.1
180796,0.14
180799,0.08
180811,0.06
180813,0.1
180827,0.23
180828,0.07
180833,0.14
180834,0.21
180847,0.14
180852,0.27
180853,0.21
180854,0.19
180855,0.15
180856,0.09
180858,0.08
180859,0.3
180867,0.1
180868,0.12
180872,0.11
180873,0.22
180874,0.23
180875,0.14
180878,0.05
180888,0.22
180889,0.11
180891,0.1
180902,0.1
180907,0.23
180913,0.09
180916,0.13
180954,0.15
180962,0.1
180963,0.06
180967,0.08
180971,0.23
180975,0.11
180985,0.08
180991,0.05
181009,0.13
181012,0.06
181015,0.15
181034,0.11
181064,0.2
181071,0.19
181083,0.15
181084,0.14
181085,0.06
181088,0.13
181098,0.18
181110,0.11
181111,0.07
181112,0.06
181114,0.17
181117,0.3
181157,0.1
181160,0.13
181161,0.08
181165,0.12
181179,0.24
181186,0.11
181196,0.14
181197,0.24
181204,0.11
181213,0.13
181214,0.29
181221,0.21
181224,0.14
181226,0.16
181236,0.26
181256,0.27
181257,0.13
181279,0.16
181282,0.1
181285,0.12
181288,0.21
181289,0.1
181290,0.09
181298,0.09
181299,0.13
181307,0.15
181312,0.25
181318,0.12
181322,0.2
181338,0.13
181340,0.13
181342,0.11
181344,0.14
181350,0.09
181373,0.15
181374,0.17
181375,0.21
181379,0.25
181381,0.1
181385,0.32
181388,0.18
181392,0.14
181393,0.15
181425,0.13
181465,0.1
181481,0.15
181484,0.11
181494,0.1
181501,0.14
181507,0.16
181521,0.13
181524,0.18
181538,0.31
181540,0.08
181547,0.2
181551,0.15
181555,0.2
181561,0.13
181564,0.12
181567,0.19
181599,0.13
181602,0.25
181612,0.13
181613,0.16
181615,0.17
181621,0.15
181622,0.11
181629,0.19
181630,0.19
181633,0.14
181635,0.18
181641,0.12
181643,0.16
181644,0.15
181649,0.05
181659,0.1
181660,0.09
181665,0.27
181666,0.21
181672,0.12
181682,0.12
181693,0.18
181697,0.21
181703,0.04
181704,0.21
181720,0.19
181722,0.15
181732,0.12
181733,0.1
181736,0.07
181737,0.1
181747,0.1
181758,0.18
181764,0.15
181770,0.16
181774,0.21
181783,0.18
181788,0.14
181789,0.15
181804,0.18
181809,0.14
181821,0.4
181836,0.16
181863,0.12
181867,0.14
181868,0.16
181871,0.1
181904,0.24
181931,0.15
181932,0.19
181941,0.15
181944,0.21
181958,0.2
181971,0.17
181986,0.16
182002,0.1
182007,0.12
182012,0.13
182022,0.15
182031,0.25
182050,0.28
182053,0.16
182071,0.13
182072,0.15
182073,0.12
182102,0.12
182106,0.17
182116,0.1
182117,0.2
182118,0.12
182124,0.24
182125,0.11
182145,0.14
182150,0.23
182154,0.16
182167,0.08
182179,0.16
182181,0.17
182183,0.12
182218,0.2
182225,0.08
182226,0.16
182266,0.22
182272,0.14
182275,0.14
182295,0.29
182305,0.1
182312,0.12
182313,0.09
182327,0.1
182337,0.05
182340,0.09
182341,0.19
182342,0.12
182345,0.12
182353,0.05
182355,0.09
182371,0.13
182376,0.08
182381,0.12
182382,0.12
182384,0.1
182387,0.24
182412,0.12
182419,0.13
182432,0.14
182438,0.12
182448,0.34
182450,0.27
182465,0.05
182468,0.11
182474,0.08
182483,0.18
182484,0.24
182485,0.12
182486,0.16
182489,0.17
182500,0.15
182501,0.25
182504,0.24
182514,0.11
182524,0.22
182525,0.2
182533,0.13
182536,0.11
182539,0.16
182550,0.06
182553,0.13
182568,0.13
182571,0.08
182573,0.07
182580,0.15
182615,0.12
182618,0.12
182624,0.21
182644,0.1
182686,0.3
182687,0.14
182695,0.27
182718,0.19
182726,0.11
182735,0.12
182742,0.15
182747,0.1
182748,0.1
182752,0.1
182761,0.14
182800,0.14
182802,0.18
182807,0.23
182816,0.1
182818,0.15
182826,0.11
182836,0.16
182840,0.3
182841,0.17
182846,0.12
182862,0.13
182864,0.17
182871,0.22
182878,0.17
182880,0.25
182885,0.21
182893,0.14
182894,0.21
182895,0.13
182901,0.2
182907,0.25
182921,0.1
182952,0.18
182964,0.33
182966,0.26
182980,0.11
182985,0.42
182989,0.13
182994,0.15
183035,0.36
183037,0.22
183042,0.13
183049,0.13
183050,0.12
183051,0.14
183062,0.07
183063,0.19
183064,0.13
183076,0.09
183078,0.25
183086,0.12
183089,0.2
183091,0.27
183097,0.13
183104,0.05
183118,0.14
183119,0.12
183134,0.11
183142,0.2
183157,0.09
183162,0.06
183180,0.22
183193,0.18
183213,0.17
183216,0.26
183223,0.18
183226,0.11
183264,0.11
183273,0.13
183278,0.1
183282,0.1
183283,0.23
183286,0.16
183288,0.2
183299,0.07
183310,0.08
183315,0.14
183332,0.14
183336,0.09
183341,0.17
183342,0.18
183345,0.13
183347,0.16
183360,0.1
183362,0.17
183370,0.09
183379,0.11
183386,0.08
183410,0.12
183417,0.07
183419,0.1
183421,0.22
183425,0.19
183427,0.14
183433,0.29
183434,0.15
183438,0.13
183439,0.14
183440,0.16
183450,0.14
183451,0.16
183453,0.07
183454,0.12
183455,0.14
183457,0.19
183463,0.09
183475,0.14
183478,0.17
183480,0.12
183490,0.1
183494,0.36
183503,0.16
183512,0.14
183517,0.14
183530,0.17
183532,0.11
183533,0.07
183536,0.05
183545,0.13
183549,0.13
183550,0.06
183551,0.09
183555,0.16
183560,0.09
183585,0.13
183591,0.16
183592,0.09
183603,0.28
183610,0.13
183628,0.15
183644,0.09
183646,0.25
183649,0.2
183656,0.14
183658,0.34
183688,0.16
183690,0.05
183691,0.19
183697,0.18
183709,0.14
183711,0.12
183714,0.27
183725,0.14
183736,0.13
183742,0.12
183772,0.19
183776,0.12
183787,0.09
183792,0.21
183793,0.21
183799,0.28
183816,0.1
183818,0.25
183832,0.13
183836,0.04
183839,0.09
183840,0.13
183855,0.08
183857,0.21
183863,0.19
183866,0.11
183876,0.16
183878,0.18
183897,0.08
183902,0.14
183915,0.08
183925,0.21
183936,0.12
183939,0.15
183951,0.12
183956,0.21
183957,0.17
183974,0.11
183982,0.22
183994,0.13
184008,0.21
184013,0.12
184016,0.16
184019,0.16
184024,0.07
184025,0.15
184038,0.09
184045,0.13
184056,0.22
184060,0.31
184071,0.16
184073,0.09
184074,0.12
184077,0.06
184105,0.2
184106,0.18
184133,0.12
184154,0.32
184163,0.11
184165,0.18
184193,0.2
184194,0.23
184195,0.16
184202,0.26
184226,0.38
184230,0.19
184231,0.2
184234,0.17
184238,0.18
184248,0.15
184257,0.1
184268,0.12
184282,0.12
184291,0.16
184294,0.17
184295,0.36
184304,0.12
184309,0.09
184318,0.3
184325,0.2
184329,0.14
184330,0.07
184333,0.21
184337,0.05
184338,0.11
184340,0.15
184341,0.18
184347,0.23
184354,0.09
184355,0.09
184372,0.11
184384,0.1
184385,0.15
184386,0.13
184389,0.23
184401,0.07
184405,0.18
184431,0.23
184450,0.07
184453,0.25
184470,0.08
184471,0.11
184486,0.17
184488,0.17
184489,0.14
184497,0.06
184508,0.2
184509,0.11
184516,0.1
184525,0.24
184526,0.15
184531,0.06
184557,0.06
184576,0.19
184589,0.12
184605,0.06
184613,0.28
184630,0.11
184635,0.14
184636,0.09
184643,0.16
184645,0.19
184653,0.25
184655,0.2
184656,0.12
184660,0.11
184716,0.17
184736,0.14
184758,0.24
184767,0.16
184770,0.26
184773,0.1
184776,0.17
184792,0.07
184812,0.1
184820,0.17
184829,0.09
184831,0.22
184832,0.16
184834,0.15
184847,0.24
184848,0.1
184858,0.08
184866,0.16
184869,0.14
184870,0.22
184873,0.06
184874,0.12
184876,0.24
184879,0.17
184880,0.1
184885,0.11
184896,0.11
184916,0.22
184918,0.22
184919,0.13
184921,0.12
184936,0.13
184944,0.27
184956,0.17
184963,0.12
184964,0.12
184965,0.23
184972,0.22
184977,0.17
184982,0.11
184988,0.32
184992,0.18
184994,0.15
184998,0.21
185017,0.1
185024,0.2
185032,0.24
185037,0.06
185040,0.09
185043,0.19
185048,0.18
185059,0.14
185076,0.22
185083,0.13
185090,0.16
185099,0.18
185101,0.1
185106,0.21
185121,0.19
185125,0.21
185126,0.17
185127,0.1
185153,0.19
185167,0.15
185171,0.13
185178,0.09
185180,0.12
185181,0.02
185183,0.13
185186,0.21
185187,0.14
185188,0.12
185189,0.16
185194,0.22
185207,0.15
185209,0.08
185210,0.09
185212,0.1
185220,0.19
185221,0.17
185230,0.14
185231,0.25
185245,0.2
185249,0.23
185262,0.12
185285,0.21
185286,0.17
185288,0.11
185296,0.17
185298,0.29
185299,0.08
185308,0.09
185311,0.1
185313,0.09
185314,0.25
185332,0.24
185337,0.12
185338,0.14
185339,0.13
185341,0.16
185342,0.08
185344,0.09
185349,0.19
185362,0.09
185363,0.13
185394,0.16
185410,0.23
185418,0.1
185423,0.2
185428,0.19
185442,0.15
185447,0.09
185450,0.09
185454,0.12
185475,0.27
185481,0.22
185483,0.17
185485,0.22
185496,0.08
185504,0.15
185505,0.03
185512,0.1
185515,0.11
185534,0.15
185536,0.14
185538,0.13
185552,0.1
185569,0.2
185576,0.12
185578,0.23
185581,0.22
185584,0.08
185585,0.1
185586,0.21
185592,0.11
185604,0.04
185606,0.13
185607,0.14
185618,0.16
185622,0.13
185628,0.24
185629,0.11
185634,0.13
185637,0.34
185638,0.08
185640,0.15
185641,0.21
185645,0.09
185646,0.28
185647,0.14
185662,0.17
185669,0.25
185675,0.06
185687,0.09
185688,0.06
185689,0.11
185690,0.19
185697,0.2
185710,0.15
185733,0.12
185740,0.16
185806,0.16
185812,0.26
185824,0.15
185825,0.2
185826,0.13
185827,0.34
185828,0.26
185837,0.08
185859,0.13
185861,0.09
185872,0.16
185874,0.13
185891,0.2
185893,0.12
185897,0.08
185900,0.15
185910,0.13
185919,0.16
185932,0.14
185937,0.11
185939,0.14
185965,0.15
185968,0.11
185971,0.09
185978,0.17
185980,0.09
185981,0.06
185982,0.21
185991,0.07
185997,0.19
185998,0.13
186014,0.11
186021,0.11
186025,0.16
186034,0.14
186054,0.1
186061,0.12
186065,0.19
186066,0.28
186070,0.13
186080,0.1
186085,0.2
186094,0.25
186110,0.25
186113,0.05
186116,0.19
186127,0.08
186129,0.14
186135,0.12
186139,0.21
186151,0.09
186153,0.13
186156,0.09
186158,0.15
186159,0.18
186166,0.17
186168,0.14
186169,0.16
186170,0.1
186179,0.13
186188,0.05
186210,0.07
186227,0.13
186229,0.08
186230,0.18
186249,0.16
186254,0.07
186264,0.11
186265,0.13
186273,0.2
186276,0.06
186289,0.17
186296,0.25
186308,0.07
186309,0.15
186310,0.15
186316,0.05
186321,0.08
186333,0.17
186346,0.21
186391,0.13
186398,0.15
186407,0.12
186411,0.14
186415,0.2
186426,0.19
186444,0.18
186448,0.23
186453,0.2
186456,0.09
186460,0.11
186461,0.13
186473,0.17
186489,0.3
186490,0.21
186491,0.06
186492,0.11
186493,0.14
186503,0.14
186505,0.2
186506,0.1
186508,0.07
186524,0.23
186526,0.1
186536,0.15
186539,0.16
186543,0.07
186558,0.26
186568,0.07
186573,0.17
186587,0.15
186599,0.14
186609,0.13
186610,0.1
186612,0.12
186632,0.2
186634,0.18
186649,0.19
186652,0.19
186660,0.13
186668,0.18
186674,0.1
186675,0.12
186679,0.15
186682,0.07
186683,0.06
186695,0.38
186696,0.13
186704,0.13
186709,0.26
186714,0.13
186723,0.1
186726,0.31
186728,0.14
186729,0.15
186731,0.18
186737,0.22
186742,0.07
186743,0.08
186745,0.26
186747,0.07
186750,0.07
186769,0.17
186771,0.25
186787,0.15
186796,0.19
186802,0.21
186811,0.17
186812,0.29
186815,0.15
186840,0.12
186842,0.33
186853,0.15
186859,0.16
186878,0.05
186885,0.16
186890,0.15
186906,0.24
186916,0.1
186927,0.09
186928,0.13
186931,0.19
186934,0.13
186938,0.25
186943,0.23
186944,0.12
186945,0.17
186947,0.11
186952,0.11
186953,0.17
186960,0.16
186962,0.18
186991,0.06
187001,0.35
187017,0.13
187019,0.14
187024,0.11
187035,0.1
187037,0.18
187056,0.19
187057,0.16
187058,0.24
187065,0.18
187066,0.14
187069,0.13
187070,0.19
187074,0.13
187085,0.16
187087,0.19
187100,0.17
187117,0.12
187158,0.14
187159,0.14
187162,0.28
187164,0.13
187167,0.11
187168,0.1
187171,0.12
187184,0.19
187194,0.14
187208,0.1
187211,0.21
187220,0.15
187224,0.13
187242,0.09
187259,0.19
187260,0.07
187267,0.16
187280,0.3
187287,0.11
187291,0.12
187296,0.15
187301,0.31
187315,0.3
187319,0.15
187326,0.27
187328,0.16
187329,0.09
187330,0.1
187335,0.12
187339,0.12
187340,0.14
187353,0.12
187356,0.21
187367,0.21
187383,0.12
187388,0.16
187401,0.09
187415,0.11
187422,0.12
187439,0.2
187440,0.24
187442,0.29
187447,0.11
187448,0.13
187451,0.09
187468,0.12
187475,0.07
187477,0.11
187480,0.08
187498,0.17
187499,0.14
187516,0.09
187524,0.07
187534,0.11
187552,0.1
187577,0.21
187584,0.1
187585,0.08
187603,0.15
187608,0.08
187625,0.15
187637,0.14
187639,0.31
187641,0.11
187652,0.16
187684,0.15
187689,0.12
187698,0.22
187708,0.06
187716,0.19
187717,0.1
187719,0.17
187720,0.26
187743,0.13
187749,0.19
187762,0.16
187763,0.19
187772,0.25
187786,0.2
187787,0.13
187809,0.19
187826,0.17
187828,0.18
187829,0.22
187833,0.08
187847,0.14
187852,0.09
187862,0.07
187867,0.13
187868,0.15
187870,0.15
187871,0.11
187879,0.2
187894,0.2
187895,0.25
187899,0.12
187903,0.18
187915,0.13
187919,0.17
187941,0.07
187942,0.17
187944,0.16
187947,0.23
187949,0.35
187950,0.18
187952,0.12
187964,0.12
187967,0.17
187977,0.14
187983,0.09
187987,0.12
187988,0.1
187990,0.09
187991,0.24
187998,0.2
188014,0.16
188017,0.13
188021,0.19
188032,0.1
188039,0.08
188040,0.11
188044,0.11
188045,0.1
188054,0.1
188069,0.1
188070,0.23
188081,0.08
188092,0.29
188106,0.15
188108,0.16
188117,0.12
188120,0.13
188130,0.12
188133,0.16
188136,0.12
188151,0.18
188153,0.15
188158,0.11
188171,0.14
188175,0.06
188192,0.22
188194,0.09
188198,0.14
188199,0.15
188228,0.18
188232,0.15
188233,0.2
188234,0.06
188245,0.12
188248,0.12
188254,0.15
188261,0.23
188262,0.15
188267,0.17
188276,0.1
188281,0.28
188282,0.12
188295,0.11
188309,0.09
188313,0.25
188324,0.15
188327,0.24
188328,0.13
188329,0.15
188336,0.21
188337,0.17
188350,0.1
188389,0.08
188399,0.08
188413,0.1
188415,0.04
188421,0.15
188438,0.22
188449,0.3
188466,0.16
188470,0.05
188486,0.19
188492,0.17
188507,0.11
188511,0.08
188521,0.26
188540,0.16
188542,0.13
188551,0.23
188557,0.15
188558,0.11
188561,0.21
188563,0.13
188565,0.08
188577,0.22
188586,0.17
188591,0.19
188594,0.19
188614,0.13
188622,0.18
188626,0.13
188632,0.18
188635,0.1
188639,0.12
188645,0.22
188646,0.09
188647,0.13
188653,0.06
188659,0.13
188677,0.26
188694,0.09
188695,0.09
188696,0.17
188707,0.14
188714,0.12
188715,0.1
188722,0.12
188724,0.05
188729,0.09
188734,0.07
188739,0.26
188746,0.16
188747,0.1
188768,0.17
188770,0.12
188772,0.07
188787,0.08
188792,0.23
188793,0.12
188808,0.1
188828,0.13
188848,0.16
188851,0.08
188856,0.18
188862,0.08
188875,0.3
188876,0.26
188878,0.11
188880,0.06
188890,0.1
188900,0.13
188914,0.11
188928,0.19
188936,0.15
188946,0.1
188947,0.11
188948,0.09
188949,0.12
188950,0.1
188980,0.08
188982,0.23
188988,0.24
188990,0.11
188992,0.13
188993,0.12
188994,0.08
188997,0.09
188998,0.29
189009,0.13
189018,0.13
189022,0.12
189034,0.14
189045,0.11
189059,0.15
189062,0.1
189075,0.18
189086,0.21
189087,0.06
189107,0.05
189113,0.17
189144,0.12
189148,0.13
189199,0.11
189201,0.14
189202,0.11
189207,0.19
189213,0.2
189214,0.18
189224,0.1
189230,0.04
189251,0.11
189252,0.05
189255,0.05
189256,0.07
189257,0.19
189260,0.11
189261,0.18
189262,0.13
189263,0.1
189272,0.2
189282,0.1
189284,0.17
189294,0.08
189304,0.24
189314,0.13
189317,0.21
189333,0.11
189337,0.18
189347,0.05
189355,0.14
189357,0.17
189366,0.16
189374,0.18
189379,0.1
189388,0.12
189397,0.07
189418,0.12
189453,0.12
189458,0.09
189460,0.1
189481,0.14
189482,0.21
189483,0.19
189490,0.2
189491,0.19
189492,0.16
189511,0.13
189512,0.2
189518,0.1
189519,0.14
189531,0.16
189541,0.37
189550,0.13
189551,0.17
189559,0.15
189564,0.12
189573,0.14
189585,0.11
189587,0.18
189605,0.13
189612,0.14
189633,0.17
189640,0.14
189641,0.24
189643,0.11
189650,0.12
189652,0.08
189656,0.18
189661,0.23
189663,0.3
189684,0.13
189688,0.11
189711,0.14
189729,0.15
189747,0.18
189761,0.14
189773,0.13
189774,0.15
189779,0.14
189780,0.14
189796,0.15
189799,0.14
189800,0.14
189807,0.16
189808,0.2
189826,0.21
189836,0.14
189843,0.11
189845,0.16
189852,0.23
189853,0.36
189855,0.12
189866,0.11
189886,0.13
189888,0.22
189902,0.2
189907,0.29
189910,0.13
189922,0.05
189924,0.09
189933,0.12
189935,0.12
189939,0.1
189951,0.26
189965,0.17
189966,0.18
189977,0.11
189989,0.14
189990,0.2
190002,0.14
190006,0.21
190008,0.11
190009,0.13
190021,0.15
190058,0.16
190061,0.08
190069,0.12
190072,0.23
190078,0.25
190109,0.15
190112,0.2
190117,0.27
190132,0.09
190133,0.14
190153,0.18
190164,0.09
190167,0.1
190169,0.27
190179,0.34
190184,0.13
190188,0.06
190199,0.15
190200,0.16
190201,0.1
190227,0.18
190229,0.09
190245,0.11
190272,0.2
190274,0.18
190281,0.09
190282,0.2
190290,0.16
190299,0.27
190301,0.09
190304,0.15
190306,0.11
190311,0.27
190341,0.09
190354,0.08
190364,0.13
190368,0.23
190375,0.2
190383,0.08
190384,0.18
190387,0.1
190388,0.19
190392,0.16
190394,0.26
190405,0.23
190406,0.15
190412,0.16
190413,0.23
190431,0.06
190452,0.09
190454,0.19
190461,0.15
190475,0.14
190489,0.19
190507,0.13
190513,0.07
190515,0.22
190516,0.15
190522,0.07
190523,0.22
190526,0.22
190533,0.12
190537,0.12
190542,0.11
190545,0.14
190548,0.09
190555,0.15
190561,0.09
190562,0.1
190566,0.1
190581,0.19
190590,0.1
190591,0.14
190593,0.13
190612,0.11
190617,0.26
190618,0.12
190619,0.14
190643,0.17
190647,0.1
190663,0.09
190664,0.09
190678,0.11
190691,0.06
190697,0.17
190698,0.19
190701,0.45
190702,0.17
190713,0.09
190739,0.13
190744,0.29
190756,0.15
190767,0.35
190777,0.2
190808,0.11
190825,0.25
190830,0.21
190844,0.23
190855,0.17
190860,0.08
190861,0.08
190865,0.05
190884,0.17
190886,0.23
190887,0.07
190893,0.17
190899,0.15
190900,0.07
190901,0.11
190903,0.03
190909,0.19
190911,0.27
190916,0.27
190922,0.13
190926,0.19
190927,0.22
190929,0.05
190931,0.15
190948,0.07
190954,0.12
190957,0.05
190965,0.12
190978,0.11
190986,0.08
190990,0.15
190993,0.11
190998,0.06
190999,0.12
191028,0.21
191033,0.09
191042,0.22
191076,0.03
191114,0.18
191137,0.23
191138,0.1
191140,0.17
191141,0.1
191143,0.19
191145,0.25
191161,0.2
191167,0.13
191192,0.1
191199,0.23
191200,0.08
191205,0.11
191206,0.13
191214,0.12
191217,0.07
191222,0.06
191224,0.08
191232,0.24
191238,0.11
191243,0.12
191247,0.23
191250,0.1
191266,0.15
191278,0.16
191279,0.08
191282,0.11
191287,0.22
191290,0.09
191291,0.19
191296,0.22
191301,0.25
191304,0.03
191305,0.15
191306,0.23
191324,0.13
191359,0.07
191360,0.15
191362,0.1
191371,0.16
191379,0.23
191394,0.14
191413,0.2
191430,0.12
191435,0.12
191449,0.12
191452,0.08
191464,0.12
191465,0.06
191466,0.13
191469,0.17
191490,0.15
191494,0.16
191498,0.28
191506,0.23
191508,0.09
191509,0.15
191515,0.19
191524,0.11
191548,0.13
191562,0.14
191568,0.15
191596,0.19
191609,0.17
191619,0.1
191624,0.19
191628,0.14
191630,0.28
191648,0.21
191649,0.19
191654,0.21
191655,0.06
191659,0.17
191674,0.13
191675,0.2
191680,0.17
191681,0.11
191684,0.07
191686,0.11
191721,0.1
191722,0.14
191726,0.23
191727,0.16
191732,0.15
191735,0.08
191738,0.31
191745,0.13
191746,0.15
191751,0.23
191761,0.11
191772,0.06
191785,0.16
191794,0.12
191799,0.23
191806,0.24
191807,0.09
191809,0.28
191824,0.16
191826,0.1
191834,0.17
191837,0.04
191841,0.18
191845,0.22
191847,0.23
191850,0.14
191869,0.19
191873,0.17
191876,0.14
191878,0.23
191880,0.19
191881,0.12
191883,0.19
191898,0.17
191907,0.24
191910,0.14
191918,0.15
191920,0.17
191923,0.09
191942,0.12
191943,0.14
191951,0.17
191952,0.16
191958,0.16
191963,0.26
191971,0.31
191992,0.13
192000,0.16
192001,0.09
192008,0.08
192018,0.11
192029,0.16
192030,0.06
192031,0.14
192043,0.21
192045,0.11
192052,0.22
192056,0.1
192071,0.13
192082,0.21
192088,0.06
192103,0.11
192105,0.2
192119,0.12
192144,0.1
192151,0.12
192158,0.08
192163,0.11
192172,0.21
192176,0.09
192177,0.06
192212,0.17
192221,0.21
192223,0.13
192224,0.11
192238,0.16
192239,0.07
192252,0.32
192259,0.17
192268,0.08
192274,0.16
192276,0.22
192277,0.14
192289,0.1
192296,0.15
192308,0.16
192309,0.1
192315,0.11
192322,0.2
192324,0.14
192343,0.19
192345,0.19
192367,0.07
192375,0.14
192382,0.25
192389,0.16
192390,0.23
192391,0.14
192423,0.17
192427,0.11
192431,0.15
192433,0.08
192451,0.21
192453,0.18
192455,0.11
192468,0.14
192469,0.16
192474,0.13
192481,0.17
192482,0.07
192483,0.13
192486,0.14
192490,0.19
192491,0.12
192494,0.22
192507,0.14
192508,0.09
192509,0.21
192525,0.14
192526,0.25
192528,0.16
192535,0.25
192545,0.17
192548,0.16
192572,0.23
192594,0.13
192607,0.18
192625,0.22
192626,0.17
192631,0.18
192632,0.15
192636,0.13
192637,0.06
192655,0.14
192657,0.11
192674,0.17
192675,0.08
192680,0.27
192682,0.19
192686,0.12
192698,0.22
192703,0.13
192705,0.14
192717,0.09
192720,0.14
192721,0.18
192722,0.14
192728,0.09
192734,0.18
192739,0.27
192740,0.12
192752,0.15
192761,0.15
192770,0.05
192780,0.12
192782,0.05
192783,0.29
192789,0.25
192796,0.09
192800,0.16
192802,0.11
192811,0.1
192812,0.15
192815,0.17
192838,0.24
192861,0.14
192868,0.1
192872,0.13
192876,0.15
192877,0.22
192897,0.23
192898,0.11
192903,0.13
192904,0.18
192905,0.11
192911,0.21
192920,0.13
192921,0.15
192922,0.09
192942,0.15
192946,0.31
192963,0.1
192978,0.25
192979,0.25
192981,0.19
192991,0.13
192995,0.18
192998,0.18
193019,0.14
193027,0.1
193028,0.15
193032,0.14
193036,0.13
193044,0.12
193046,0.08
193049,0.12
193050,0.1
193054,0.13
193057,0.18
193060,0.23
193075,0.13
193088,0.09
193091,0.22
193112,0.1
193122,0.1
193123,0.17
193128,0.08
193133,0.18
193143,0.07
193150,0.16
193151,0.08
193160,0.27
193180,0.18
193198,0.15
193204,0.21
193207,0.14
193210,0.37
193225,0.11
193232,0.17
193248,0.18
193249,0.23
193262,0.14
193270,0.12
193273,0.06
193275,0.14
193286,0.05
193289,0.24
193290,0.13
193311,0.26
193321,0.07
193322,0.03
193340,0.16
193349,0.13
193368,0.13
193369,0.15
193375,0.17
193385,0.25
193389,0.08
193394,0.15
193396,0.08
193398,0.1
193402,0.17
193409,0.23
193421,0.13
193426,0.12
193430,0.19
193436,0.16
193437,0.17
193440,0.19
193441,0.2
193449,0.11
193462,0.17
193464,0.11
193468,0.12
193474,0.12
193475,0.23
193479,0.2
193484,0.28
193488,0.29
193496,0.06
193507,0.15
193510,0.12
193512,0.08
193514,0.05
193515,0.1
193516,0.11
193520,0.14
193522,0.12
193541,0.08
193545,0.11
193549,0.08
193554,0.14
193558,0.15
193568,0.21
193569,0.35
193579,0.13
193587,0.26
193589,0.13
193613,0.1
193642,0.12
193643,0.1
193647,0.1
193648,0.19
193663,0.13
193664,0.24
193665,0.18
193672,0.09
193675,0.13
193686,0.26
193692,0.09
193706,0.09
193725,0.18
193726,0.19
193727,0.21
193733,0.16
193738,0.24
193739,0.17
193745,0.25
193759,0.12
193767,0.03
193774,0.22
193776,0.08
193777,0.46
193787,0.36
193789,0.16
193793,0.13
193805,0.06
193808,0.18
193816,0.08
193817,0.11
193821,0.19
193831,0.2
193832,0.15
193874,0.12
193879,0.16
193882,0.2
193910,0.08
193915,0.17
193916,0.16
193921,0.27
193924,0.16
193926,0.08
193927,0.1
193949,0.1
193954,0.27
193966,0.17
193970,0.08
193971,0.09
193975,0.18
193980,0.17
193982,0.25
193983,0.22
193987,0.1
193997,0.08
194000,0.13
194013,0.12
194014,0.3
194026,0.15
194039,0.16
194042,0.13
194054,0.14
194057,0.13
194058,0.17
194068,0.13
194071,0.26
194073,0.19
194075,0.2
194093,0.13
194098,0.18
194105,0.19
194106,0.2
194110,0.11
194128,0.13
194137,0.13
194149,0.15
194150,0.16
194155,0.18
194157,0.18
194158,0.23
194164,0.21
194165,0.16
194166,0.07
194170,0.17
194171,0.14
194177,0.09
194187,0.18
194188,0.08
194213,0.07
194229,0.33
194230,0.21
194241,0.09
194243,0.07
194244,0.12
194276,0.11
194279,0.06
194280,0.07
194281,0.15
194291,0.24
194293,0.3
194306,0.12
194307,0.08
194308,0.08
194310,0.12
194314,0.08
194326,0.16
194330,0.07
194338,0.18
194366,0.13
194370,0.13
194371,0.09
194379,0.09
194382,0.24
194383,0.19
194395,0.25
194402,0.13
194406,0.12
194408,0.38
194413,0.14
194414,0.09
194419,0.21
194423,0.23
194424,0.15
194429,0.2
194436,0.17
194468,0.14
194469,0.06
194478,0.11
194480,0.25
194484,0.12
194505,0.1
194514,0.11
194516,0.12
194523,0.19
194526,0.14
194533,0.09
194534,0.13
194536,0.12
194548,0.1
194552,0.18
194558,0.17
194561,0.11
194563,0.15
194569,0.17
194581,0.27
194586,0.06
194590,0.1
194598,0.12
194600,0.13
194603,0.12
194604,0.17
194605,0.13
194607,0.1
194610,0.19
194620,0.13
194627,0.19
194650,0.16
194652,0.11
194659,0.07
194660,0.27
194662,0.11
194665,0.14
194675,0.23
194677,0.09
194679,0.12
194691,0.45
194696,0.13
194713,0.12
194716,0.13
194717,0.2
194725,0.14
194732,0.14
194737,0.23
194738,0.22
194769,0.17
194791,0.12
194802,0.14
194806,0.18
194810,0.09
194812,0.13
194813,0.17
194816,0.1
194827,0.08
194844,0.12
194856,0.18
194860,0.09
194866,0.06
194867,0.14
194877,0.2
194879,0.17
194880,0.1
194881,0.1
194887,0.09
194900,0.15
194906,0.11
194907,0.15
194908,0.19
194914,0.16
194934,0.25
194955,0.13
194956,0.22
194965,0.12
194966,0.23
194980,0.14
194985,0.19
194986,0.1
194995,0.18
194999,0.06
195000,0.17
195010,0.27
195013,0.15
195044,0.12
195048,0.15
195050,0.36
195051,0.17
195055,0.19
195070,0.04
195074,0.33
195075,0.16
195077,0.3
195081,0.18
195088,0.17
195089,0.06
195091,0.1
195096,0.3
195100,0.09
195103,0.22
195116,0.14
195117,0.18
195129,0.2
195151,0.13
195158,0.14
195164,0.1
195176,0.16
195186,0.25
195187,0.13
195198,0.09
195201,0.1
195207,0.12
195214,0.13
195215,0.08
195234,0.04
195235,0.14
195239,0.16
195240,0.22
195253,0.23
195255,0.16
195280,0.18
195291,0.13
195293,0.11
195300,0.14
195306,0.13
195307,0.14
195322,0.15
195326,0.18
195330,0.15
195341,0.22
195343,0.13
195367,0.1
195369,0.12
195371,0.14
195372,0.17
195389,0.12
195415,0.08
195435,0.2
195439,0.22
195440,0.11
195444,0.05
195447,0.17
195450,0.06
195451,0.1
195456,0.1
195457,0.17
195461,0.16
195462,0.27
195463,0.13
195466,0.21
195468,0.19
195469,0.16
195489,0.09
195495,0.2
195496,0.16
195504,0.09
195505,0.21
195506,0.21
195511,0.16
195518,0.19
195519,0.11
195529,0.12
195531,0.07
195546,0.16
195547,0.1
195552,0.15
195577,0.19
195579,0.1
195588,0.11
195597,0.17
195607,0.08
195617,0.11
195626,0.14
195632,0.21
195634,0.31
195635,0.12
195645,0.12
195648,0.12
195674,0.29
195691,0.13
195695,0.26
195703,0.19
195710,0.17
195711,0.13
195727,0.13
195729,0.07
195734,0.12
195739,0.1
195740,0.12
195746,0.24
195750,0.28
195769,0.21
195772,0.24
195785,0.08
195789,0.22
195793,0.15
195801,0.11
195803,0.15
195810,0.19
195818,0.18
195819,0.41
195823,0.12
195828,0.2
195836,0.08
195843,0.11
195858,0.15
195876,0.11
195890,0.14
195891,0.09
195900,0.09
195905,0.14
195910,0.14
195911,0.18
195912,0.16
195917,0.2
195918,0.2
195923,0.24
195937,0.14
195940,0.24
195945,0.06
195946,0.05
195948,0.13
195955,0.03
195957,0.18
195958,0.09
195959,0.37
195970,0.07
195974,0.11
195979,0.18
195990,0.12
196004,0.09
196007,0.27
196012,0.22
196019,0.12
196029,0.21
196034,0.06
196042,0.15
196066,0.27
196067,0.11
196071,0.08
196074,0.19
196075,0.14
196079,0.09
196080,0.27
196082,0.12
196083,0.17
196085,0.22
196115,0.18
196118,0.22
196128,0.14
196149,0.15
196150,0.1
196162,0.24
196194,0.19
196198,0.14
196204,0.08
196206,0.12
196210,0.24
196220,0.22
196221,0.07
196230,0.05
196236,0.21
196242,0.19
196256,0.27
196261,0.31
196274,0.18
196281,0.22
196303,0.08
196305,0.21
196322,0.07
196343,0.12
196346,0.11
196354,0.09
196357,0.09
196359,0.06
196360,0.19
196361,0.14
196364,0.24
196371,0.14
196375,0.11
196377,0.09
196378,0.1
196381,0.03
196384,0.12
196385,0.24
196388,0.19
196394,0.26
196400,0.25
196401,0.2
196404,0.2
196411,0.27
196436,0.14
196443,0.11
196444,0.24
196446,0.14
196475,0.17
196476,0.3
196486,0.14
196489,0.17
196492,0.1
196498,0.23
196500,0.08
196505,0.23
196507,0.12
196510,0.12
196514,0.09
196530,0.09
196544,0.13
196551,0.12
196578,0.08
196585,0.24
196587,0.12
196588,0.32
196594,0.22
196598,0.06
196605,0.05
196618,0.13
196619,0.19
196623,0.1
196624,0.1
196643,0.16
196649,0.17
196650,0.05
196656,0.07
196663,0.35
196667,0.22
196669,0.13
196681,0.18
196717,0.14
196726,0.19
196728,0.1
196729,0.16
196731,0.07
196736,0.11
196738,0.08
196745,0.09
196747,0.1
196748,0.07
196753,0.06
196757,0.15
196760,0.14
196777,0.29
196788,0.13
196799,0.13
196808,0.18
196819,0.14
196825,0.09
196826,0.18
196834,0.24
196841,0.3
196847,0.1
196849,0.14
196851,0.05
196867,0.09
196884,0.07
196889,0.21
196898,0.09
196901,0.09
196917,0.08
196930,0.17
196936,0.13
196956,0.12
196959,0.13
196962,0.19
196963,0.17
196971,0.17
196972,0.27
196977,0.13
196984,0.1
196985,0.32
197010,0.27
197029,0.18
197040,0.24
197058,0.24
197060,0.09
197064,0.34
197075,0.07
197083,0.27
197102,0.23
197103,0.23
197107,0.25
197129,0.24
197135,0.14
197140,0.12
197150,0.15
197152,0.11
197153,0.19
197154,0.17
197156,0.18
197166,0.14
197167,0.21
197177,0.15
197178,0.1
197187,0.16
197191,0.14
197205,0.22
197206,0.22
197219,0.19
197224,0.09
197245,0.15
197246,0.13
197273,0.31
197275,0.09
197278,0.19
197288,0.17
197290,0.15
197294,0.16
197295,0.18
197311,0.15
197314,0.26
197320,0.18
197321,0.26
197324,0.18
197327,0.19
197332,0.13
197333,0.32
197335,0.04
197348,0.09
197362,0.14
197363,0.23
197368,0.06
197378,0.17
197381,0.14
197384,0.07
197386,0.13
197393,0.23
197396,0.15
197400,0.15
197408,0.16
197412,0.08
197413,0.18
197415,0.1
197418,0.23
197427,0.08
197443,0.24
197448,0.13
197449,0.15
197470,0.09
197478,0.25
197482,0.23
197488,0.17
197491,0.13
197495,0.14
197498,0.23
197502,0.17
197507,0.21
197509,0.2
197510,0.19
197512,0.12
197513,0.11
197524,0.22
197525,0.2
197529,0.29
197533,0.09
197534,0.2
197540,0.22
197541,0.15
197559,0.09
197566,0.18
197582,0.08
197585,0.17
197587,0.19
197595,0.04
197598,0.17
197601,0.13
197603,0.15
197607,0.13
197611,0.05
197625,0.12
197631,0.14
197633,0.17
197638,0.25
197640,0.13
197644,0.12
197645,0.19
197646,0.11
197650,0.07
197657,0.17
197664,0.12
197668,0.11
197681,0.18
197682,0.2
197693,0.08
197695,0.11
197699,0.15
197709,0.1
197711,0.1
197715,0.15
197716,0.21
197722,0.17
197728,0.2
197729,0.14
197730,0.21
197744,0.04
197768,0.09
197770,0.15
197775,0.23
197788,0.03
197795,0.1
197806,0.21
197808,0.13
197812,0.28
197813,0.13
197822,0.14
197827,0.15
197828,0.17
197836,0.34
197857,0.06
197862,0.23
197872,0.13
197892,0.17
197903,0.09
197907,0.14
197908,0.2
197916,0.08
197921,0.11
197924,0.06
197930,0.2
197934,0.16
197942,0.11
197945,0.32
197958,0.15
197959,0.09
197967,0.09
197969,0.17
197978,0.2
197999,0.12
198001,0.17
198004,0.09
198007,0.1
198019,0.11
198020,0.12
198024,0.15
198026,0.24
198038,0.12
198044,0.14
198050,0.26
198054,0.38
198055,0.15
198082,0.14
198094,0.19
198095,0.06
198099,0.12
198101,0.22
198102,0.14
198114,0.24
198125,0.18
198127,0.03
198128,0.07
198137,0.12
198141,0.11
198142,0.16
198155,0.19
198179,0.21
198181,0.14
198184,0.16
198185,0.16
198186,0.25
198187,0.18
198193,0.11
198197,0.1
198209,0.05
198221,0.09
198225,0.16
198229,0.29
198237,0.28
198239,0.23
198247,0.15
198253,0.18
198272,0.07
198279,0.08
198282,0.09
198284,0.07
198285,0.09
198287,0.18
198294,0.16
198309,0.1
198312,0.11
198315,0.12
198323,0.16
198331,0.08
198333,0.21
198359,0.13
198370,0.14
198378,0.21
198379,0.14
198381,0.12
198383,0.09
198384,0.13
198385,0.08
198420,0.1
198421,0.22
198425,0.23
198427,0.16
198429,0.1
198437,0.09
198445,0.05
198452,0.12
198454,0.11
198487,0.12
198523,0.17
198528,0.19
198530,0.27
198539,0.13
198540,0.15
198547,0.15
198566,0.11
198568,0.04
198569,0.13
198595,0.1
198600,0.12
198614,0.11
198617,0.18
198619,0.26
198627,0.15
198640,0.11
198655,0.16
198664,0.16
198665,0.11
198666,0.26
198670,0.15
198673,0.38
198680,0.18
198689,0.12
198690,0.27
198702,0.1
198703,0.08
198704,0.35
198714,0.19
198715,0.21
198717,0.13
198718,0.11
198720,0.28
198721,0.12
198730,0.1
198739,0.14
198754,0.05
198761,0.06
198772,0.09
198774,0.15
198775,0.2
198779,0.17
198783,0.12
198790,0.26
198794,0.22
198798,0.18
198799,0.14
198802,0.25
198806,0.08
198847,0.08
198854,0.18
198858,0.18
198859,0.28
198865,0.18
198872,0.12
198874,0.24
198878,0.13
198883,0.21
198884,0.09
198891,0.1
198899,0.16
198907,0.21
198916,0.15
198917,0.34
198934,0.14
198937,0.26
198938,0.1
198941,0.23
198957,0.1
198966,0.15
198984,0.12
198997,0.05
199001,0.1
199003,0.14
199009,0.15
199011,0.07
199013,0.1
199015,0.12
199024,0.09
199026,0.25
199027,0.32
199029,0.18
199030,0.2
199041,0.1
199048,0.2
199057,0.15
199058,0.1
199062,0.06
199067,0.05
199070,0.08
199075,0.1
199076,0.19
199092,0.25
199096,0.08
199104,0.08
199114,0.12
199115,0.08
199117,0.35
199126,0.13
199131,0.21
199141,0.1
199145,0.09
199150,0.09
199151,0.09
199153,0.07
199166,0.05
199167,0.2
199177,0.19
199182,0.13
199183,0.21
199185,0.11
199212,0.12
199213,0.23
199222,0.11
199229,0.14
199230,0.1
199242,0.37
199243,0.09
199246,0.17
199247,0.16
199249,0.16
199262,0.15
199263,0.15
199275,0.07
199276,0.09
199287,0.13
199298,0.18
199304,0.26
199307,0.14
199311,0.17
199316,0.14
199320,0.35
199321,0.22
199325,0.14
199326,0.26
199327,0.15
199334,0.05
199344,0.27
199345,0.19
199352,0.17
199364,0.18
199378,0.07
199379,0.14
199387,0.11
199405,0.15
199418,0.14
199424,0.19
199425,0.08
199432,0.1
199433,0.21
199442,0.17
199446,0.11
199457,0.12
199458,0.12
199477,0.16
199522,0.19
199525,0.23
199533,0.2
199536,0.12
199537,0.14
199550,0.12
199560,0.1
199564,0.33
199575,0.17
199580,0.07
199586,0.05
199597,0.17
199598,0.15
199604,0.15
199608,0.28
199609,0.19
199616,0.07
199625,0.23
199648,0.26
199650,0.15
199655,0.11
199663,0.13
199670,0.13
199673,0.16
199685,0.2
199696,0.18
199703,0.13
199704,0.14
199706,0.16
199727,0.14
199740,0.27
199746,0.16
199764,0.27
199766,0.26
199785,0.02
199786,0.08
199795,0.19
199797,0.2
199803,0.23
199804,0.24
199810,0.15
199815,0.1
199822,0.08
199824,0.12
199828,0.17
199833,0.15
199840,0.13
199844,0.19
199846,0.11
199858,0.29
199862,0.13
199865,0.32
199866,0.21
199869,0.11
199870,0.1
199871,0.15
199878,0.13
199889,0.06
199891,0.08
199898,0.12
199903,0.2
199904,0.13
199924,0.16
199950,0.14
199954,0.13
199956,0.11
199962,0.27
199965,0.16
199971,0.22
199972,0.05
199988,0.3
199995,0.12
199997,0.05
199998,0.09
199999,0.17
200011,0.14
200012,0.11
200016,0.13
200019,0.1
200030,0.15
200031,0.28
200032,0.1
200038,0.18
200043,0.18
200044,0.23
200045,0.19
200053,0.22
200057,0.1
200061,0.09
200064,0.14
200071,0.25
200084,0.18
200085,0.06
200086,0.13
200093,0.17
200095,0.15
200105,0.08
200111,0.14
200116,0.48
200125,0.31
200126,0.14
200157,0.12
200173,0.23
200181,0.22
200185,0.1
200187,0.12
200193,0.24
200200,0.11
200202,0.12
200206,0.19
200207,0.1
200216,0.11
200229,0.25
200234,0.05
200241,0.23
200244,0.1
200258,0.12
200262,0.09
200268,0.3
200277,0.27
200286,0.16
200293,0.14
200299,0.18
200306,0.11
200335,0.12
200358,0.17
200366,0.1
200367,0.06
200370,0.03
200373,0.28
200374,0.17
200383,0.08
200387,0.1
200390,0.2
200391,0.11
200421,0.17
200437,0.22
200442,0.12
200447,0.13
200460,0.14
200463,0.09
200467,0.16
200487,0.2
200488,0.17
200490,0.13
200493,0.2
200494,0.08
200501,0.14
200506,0.14
200516,0.22
200518,0.18
200520,0.19
200523,0.14
200524,0.08
200525,0.15
200534,0.13
200538,0.08
200552,0.12
200556,0.1
200557,0.23
200567,0.07
200568,0.17
200570,0.08
200572,0.19
200576,0.07
200585,0.27
200587,0.1
200588,0.2
200593,0.11
200594,0.17
200595,0.17
200603,0.28
200615,0.11
200624,0.18
200631,0.44
200632,0.15
200636,0.09
200638,0.08
200641,0.19
200650,0.14
200653,0.19
200657,0.08
200668,0.12
200669,0.12
200670,0.16
200676,0.14
200697,0.09
200710,0.22
200720,0.18
200729,0.07
200749,0.24
200753,0.26
200755,0.21
200756,0.21
200757,0.21
200768,0.31
200776,0.17
200799,0.2
200801,0.15
200810,0.15
200823,0.09
200832,0.18
200836,0.12
200838,0.1
200864,0.18
200867,0.12
200869,0.15
200873,0.2
200876,0.15
200881,0.2
200883,0.05
200890,0.16
200895,0.14
200897,0.1
200899,0.1
200900,0.13
200907,0.1
200912,0.09
200926,0.13
200930,0.28
200971,0.08
200974,0.13
200979,0.16
200998,0.11
201008,0.16
201018,0.18
201026,0.1
201043,0.2
201049,0.11
201050,0.21
201061,0.15
201062,0.08
201072,0.18
201076,0.21
201077,0.12
201081,0.14
201084,0.14
201089,0.16
201092,0.08
201109,0.22
201110,0.13
201116,0.18
201122,0.21
201135,0.19
201143,0.11
201153,0.14
201159,0.18
201165,0.13
201187,0.15
201197,0.11
201218,0.17
201219,0.21
201231,0.11
201234,0.08
201243,0.1
201246,0.08
201254,0.24
201256,0.13
201262,0.35
201263,0.07
201272,0.21
201273,0.08
201281,0.1
201290,0.18
201294,0.15
201296,0.07
201320,0.07
201332,0.23
201342,0.15
201343,0.05
201347,0.09
201350,0.14
201351,0.27
201362,0.4
201363,0.15
201368,0.16
201373,0.09
201375,0.11
201378,0.2
201386,0.3
201387,0.09
201390,0.17
201393,0.23
201409,0.06
201442,0.16
201444,0.08
201447,0.22
201451,0.07
201474,0.16
201481,0.08
201491,0.18
201498,0.14
201499,0.17
201501,0.15
201502,0.11
201516,0.08
201517,0.18
201524,0.19
201526,0.26
201528,0.08
201532,0.09
201543,0.24
201544,0.28
201546,0.19
201552,0.11
201554,0.18
201556,0.11
201557,0.2
201559,0.22
201575,0.08
201592,0.13
201593,0.24
201600,0.13
201630,0.22
201631,0.14
201635,0.09
201638,0.18
201642,0.12
201645,0.09
201660,0.1
201663,0.15
201665,0.1
201674,0.12
201675,0.12
201677,0.13
201688,0.09
201698,0.14
201706,0.14
201709,0.1
201710,0.15
201718,0.07
201720,0.27
201727,0.13
201730,0.06
201732,0.1
201733,0.14
201736,0.17
201738,0.05
201744,0.17
201747,0.11
201751,0.21
201766,0.18
201777,0.27
201778,0.15
201785,0.26
201804,0.17
201808,0.16
201813,0.2
201815,0.06
201820,0.11
201825,0.15
201830,0.08
201838,0.17
201839,0.14
201845,0.15
201849,0.11
201850,0.06
201853,0.16
201856,0.15
201873,0.15
201875,0.14
201906,0.11
201907,0.12
201908,0.16
201909,0.14
201911,0.16
201927,0.17
201928,0.06
201937,0.1
201943,0.11
201946,0.08
201948,0.11
201949,0.15
201955,0.05
201962,0.1
201977,0.12
201996,0.16
201997,0.21
202004,0.16
202005,0.1
202006,0.13
202010,0.1
202020,0.15
202029,0.33
202033,0.07
202034,0.06
202040,0.2
202045,0.22
202048,0.11
202055,0.09
202058,0.06
202062,0.08
202073,0.12
202078,0.13
202079,0.16
202080,0.22
202085,0.2
202090,0.08
202092,0.27
202114,0.1
202124,0.13
202133,0.21
202136,0.15
202150,0.11
202156,0.14
202159,0.13
202165,0.09
202167,0.2
202168,0.09
202169,0.09
202170,0.13
202204,0.07
202209,0.12
202216,0.19
202220,0.08
202228,0.14
202229,0.11
202231,0.18
202232,0.15
202234,0.2
202252,0.12
202253,0.11
202272,0.04
202273,0.18
202292,0.06
202300,0.26
202302,0.22
202311,0.1
202316,0.11
202318,0.18
202324,0.08
202343,0.12
202344,0.11
202349,0.13
202351,0.23
202355,0.16
202379,0.21
202407,0.1
202409,0.16
202410,0.15
202422,0.18
202423,0.18
202435,0.15
202437,0.16
202438,0.13
202439,0.15
202441,0.18
202444,0.1
202446,0.16
202450,0.13
202455,0.15
202457,0.19
202461,0.16
202463,0.23
202473,0.1
202478,0.15
202484,0.28
202490,0.06
202491,0.15
202492,0.19
202497,0.19
202508,0.31
202509,0.13
202510,0.09
202511,0.12
202514,0.14
202524,0.09
202527,0.12
202547,0.07
202554,0.12
202557,0.22
202568,0.22
202573,0.18
202587,0.17
202599,0.12
202610,0.16
202613,0.13
202618,0.18
202621,0.07
202645,0.07
202646,0.16
202649,0.11
202653,0.13
202655,0.14
202656,0.1
202659,0.18
202661,0.12
202681,0.08
202688,0.11
202691,0.11
202692,0.03
202697,0.39
202698,0.15
202717,0.12
202720,0.15
202724,0.21
202725,0.2
202734,0.25
202740,0.1
202743,0.12
202746,0.07
202760,0.13
202761,0.17
202765,0.31
202769,0.14
202785,0.08
202793,0.22
202796,0.18
202805,0.08
202816,0.17
202823,0.2
202825,0.14
202829,0.1
202830,0.2
202848,0.16
202861,0.14
202862,0.15
202863,0.18
202879,0.2
202889,0.07
202894,0.15
202895,0.15
202897,0.12
202899,0.1
202900,0.18
202907,0.1
202927,0.12
202945,0.2
202951,0.12
202955,0.13
202960,0.21
202967,0.18
202972,0.14
202982,0.18
202993,0.11
202996,0.12
202998,0.12
203008,0.07
203026,0.17
203038,0.16
203044,0.13
203054,0.15
203070,0.31
203075,0.15
203082,0.1
203089,0.12
203090,0.07
203098,0.18
203108,0.26
203109,0.14
203113,0.14
203123,0.22
203124,0.18
203128,0.08
203129,0.28
203131,0.26
203142,0.08
203154,0.18
203175,0.15
203176,0.13
203183,0.18
203185,0.08
203195,0.14
203201,0.11
203205,0.21
203218,0.19
203241,0.15
203244,0.16
203245,0.13
203253,0.48
203259,0.13
203264,0.2
203276,0.1
203283,0.09
203286,0.08
203288,0.14
203290,0.17
203298,0.17
203300,0.11
203312,0.26
203318,0.15
203331,0.12
203337,0.04
203339,0.14
203344,0.11
203348,0.11
203349,0.19
203350,0.05
203358,0.15
203366,0.19
203371,0.07
203377,0.17
203399,0.16
203402,0.2
203407,0.2
203410,0.1
203421,0.11
203428,0.17
203431,0.18
203433,0.22
203459,0.1
203460,0.17
203462,0.15
203470,0.16
203475,0.19
203476,0.08
203496,0.22
203518,0.11
203547,0.23
203549,0.06
203550,0.15
203552,0.16
203561,0.12
203564,0.18
203567,0.03
203575,0.2
203590,0.1
203591,0.1
203605,0.18
203606,0.11
203640,0.1
203643,0.31
203647,0.16
203648,0.08
203669,0.14
203671,0.16
203692,0.17
203695,0.21
203706,0.19
203713,0.11
203730,0.13
203736,0.09
203745,0.13
203751,0.16
203753,0.09
203755,0.12
203762,0.17
203769,0.17
203774,0.12
203796,0.08
203799,0.09
203806,0.14
203807,0.1
203810,0.16
203816,0.16
203821,0.37
203822,0.15
203850,0.15
203854,0.04
203862,0.24
203868,0.08
203869,0.11
203870,0.1
203876,0.2
203878,0.16
203889,0.11
203897,0.1
203905,0.2
203914,0.08
203915,0.27
203950,0.17
203956,0.2
203957,0.07
203973,0.28
203975,0.14
203980,0.13
203997,0.19
204001,0.29
204008,0.1
204017,0.18
204020,0.19
204021,0.25
204026,0.21
204027,0.08
204043,0.09
204047,0.16
204055,0.14
204059,0.2
204060,0.25
204061,0.08
204073,0.09
204076,0.11
204086,0.09
204088,0.1
204102,0.18
204116,0.15
204117,0.08
204121,0.24
204129,0.15
204139,0.16
204148,0.1
204149,0.09
204175,0.15
204181,0.27
204183,0.13
204187,0.21
204193,0.26
204194,0.14
204195,0.06
204196,0.14
204202,0.13
204206,0.1
204207,0.13
204214,0.13
204222,0.13
204226,0.04
204227,0.09
204228,0.16
204231,0.16
204232,0.11
204235,0.22
204237,0.08
204239,0.11
204242,0.07
204254,0.12
204255,0.08
204259,0.13
204268,0.08
204280,0.11
204282,0.21
204307,0.07
204314,0.12
204318,0.13
204321,0.09
204330,0.1
204335,0.2
204339,0.25
204344,0.1
204350,0.1
204371,0.08
204372,0.15
204374,0.23
204383,0.1
204392,0.26
204403,0.07
204409,0.13
204416,0.14
204417,0.17
204437,0.17
204440,0.11
204445,0.15
204446,0.22
204449,0.21
204468,0.15
204504,0.08
204506,0.09
204536,0.15
204539,0.22
204601,0.09
204614,0.17
204616,0.19
204618,0.16
204623,0.1
204630,0.22
204636,0.1
204639,0.09
204642,0.18
204644,0.12
204648,0.07
204662,0.25
204673,0.11
204674,0.2
204681,0.1
204682,0.1
204683,0.11
204689,0.18
204690,0.19
204707,0.14
204728,0.15
204736,0.24
204740,0.08
204749,0.14
204756,0.08
204771,0.1
204778,0.08
204808,0.15
204822,0.14
204827,0.24
204831,0.14
204836,0.13
204837,0.19
204843,0.13
204846,0.12
204847,0.14
204850,0.24
204852,0.11
204854,0.19
204856,0.23
204857,0.21
204863,0.33
204870,0.07
204885,0.14
204895,0.18
204905,0.1
204911,0.09
204927,0.16
204929,0.15
204941,0.1
204959,0.23
204962,0.15
204965,0.36
204970,0.28
204971,0.12
204972,0.2
205000,0.19
205011,0.07
205013,0.11
205014,0.48
205019,0.05
205043,0.08
205045,0.18
205054,0.08
205066,0.12
205069,0.2
205070,0.13
205071,0.07
205073,0.13
205077,0.16
205078,0.12
205088,0.05
205104,0.17
205107,0.12
205117,0.06
205118,0.08
205128,0.39
205134,0.09
205140,0.12
205141,0.22
205142,0.19
205153,0.26
205158,0.15
205169,0.1
205170,0.26
205183,0.13
205184,0.12
205197,0.16
205199,0.15
205204,0.02
205208,0.07
205209,0.13
205210,0.18
205216,0.14
205219,0.17
205222,0.18
205225,0.09
205235,0.14
205236,0.15
205241,0.19
205244,0.14
205251,0.14
205252,0.21
205258,0.11
205262,0.16
205264,0.09
205274,0.13
205277,0.14
205281,0.09
205306,0.07
205307,0.16
205323,0.13
205336,0.27
205337,0.23
205360,0.31
205363,0.18
205365,0.09
205367,0.24
205368,0.13
205375,0.13
205403,0.13
205411,0.13
205415,0.2
205429,0.13
205434,0.22
205445,0.2
205463,0.06
205471,0.16
205472,0.16
205479,0.24
205480,0.13
205493,0.11
205503,0.15
205508,0.11
205524,0.15
205525,0.21
205526,0.11
205533,0.14
205542,0.1
205545,0.24
205552,0.12
205561,0.16
205563,0.06
205564,0.22
205565,0.16
205566,0.03
205569,0.13
205579,0.22
205585,0.26
205587,0.08
205588,0.16
205591,0.08
205594,0.18
205600,0.12
205608,0.13
205613,0.08
205618,0.1
205619,0.06
205623,0.06
205627,0.31
205628,0.23
205635,0.18
205638,0.12
205640,0.15
205641,0.3
205642,0.23
205643,0.14
205646,0.17
205655,0.23
205672,0.13
205678,0.13
205681,0.08
205682,0.03
205690,0.12
205693,0.14
205695,0.18
205724,0.06
205738,0.03
205741,0.13
205744,0.12
205750,0.08
205751,0.23
205752,0.12
205766,0.09
205773,0.13
205775,0.15
205776,0.13
205789,0.22
205793,0.13
205797,0.12
205798,0.1
205802,0.12
205806,0.15
205807,0.21
205815,0.24
205819,0.2
205821,0.22
205822,0.13
205831,0.08
205832,0.18
205836,0.1
205843,0.21
205862,0.2
205863,0.13
205866,0.21
205873,0.17
205877,0.09
205879,0.2
205880,0.04
205886,0.12
205898,0.1
205903,0.18
205907,0.12
205908,0.15
205909,0.05
205930,0.14
205931,0.1
205932,0.06
205951,0.15
205957,0.39
205960,0.19
205987,0.1
205994,0.25
205995,0.11
206006,0.1
206007,0.12
206013,0.13
206020,0.12
206030,0.16
206035,0.09
206038,0.07
206039,0.13
206061,0.12
206066,0.12
206068,0.2
206071,0.2
206076,0.16
206077,0.14
206091,0.15
206097,0.18
206101,0.21
206145,0.25
206147,0.15
206163,0.13
206171,0.09
206173,0.16
206174,0.13
206197,0.11
206198,0.22
206209,0.11
206211,0.21
206213,0.09
206246,0.33
206252,0.17
206253,0.16
206254,0.1
206257,0.14
206270,0.08
206283,0.1
206290,0.14
206291,0.07
206292,0.33
206307,0.1
206315,0.04
206319,0.2
206324,0.07
206326,0.14
206338,0.11
206339,0.12
206354,0.08
206359,0.15
206374,0.26
206377,0.11
206395,0.24
206403,0.1
206410,0.28
206413,0.13
206414,0.17
206418,0.13
206424,0.08
206427,0.14
206428,0.21
206429,0.1
206430,0.21
206447,0.21
206451,0.16
206465,0.12
206477,0.29
206484,0.06
206497,0.08
206517,0.17
206533,0.08
206542,0.19
206557,0.16
206563,0.1
206564,0.17
206565,0.08
206582,0.13
206593,0.25
206605,0.25
206606,0.11
206621,0.12
206639,0.22
206640,0.17
206641,0.19
206645,0.18
206656,0.12
206666,0.11
206679,0.17
206681,0.08
206684,0.16
206686,0.2
206687,0.18
206697,0.13
206700,0.05
206702,0.2
206703,0.09
206708,0.17
206710,0.1
206721,0.14
206723,0.19
206735,0.13
206739,0.13
206742,0.16
206744,0.21
206747,0.34
206752,0.15
206774,0.12
206776,0.19
206792,0.13
206799,0.27
206805,0.12
206806,0.25
206809,0.18
206812,0.23
206814,0.08
206830,0.2
206831,0.15
206878,0.17
206905,0.17
206908,0.12
206910,0.09
206917,0.15
206920,0.28
206927,0.08
206933,0.11
206945,0.18
206968,0.16
206987,0.13
206989,0.06
207017,0.25
207027,0.11
207029,0.05
207030,0.12
207035,0.15
207040,0.1
207043,0.15
207054,0.1
207055,0.08
207059,0.06
207060,0.13
207062,0.22
207071,0.22
207073,0.25
207079,0.12
207100,0.12
207107,0.19
207129,0.18
207132,0.11
207139,0.14
207148,0.13
207153,0.07
207163,0.34
207164,0.1
207168,0.07
207171,0.1
207173,0.17
207174,0.07
207181,0.11
207182,0.11
207198,0.14
207201,0.07
207213,0.13
207234,0.12
207238,0.15
207256,0.22
207257,0.16
207264,0.25
207268,0.35
207275,0.13
207291,0.07
207296,0.14
207304,0.19
207308,0.22
207314,0.09
207324,0.12
207332,0.18
207333,0.25
207339,0.16
207349,0.11
207351,0.21
207359,0.25
207361,0.14
207365,0.13
207369,0.11
207372,0.07
207377,0.12
207380,0.2
207394,0.07
207412,0.24
207423,0.24
207426,0.06
207427,0.29
207428,0.1
207430,0.26
207437,0.13
207440,0.2
207455,0.07
207456,0.15
207471,0.14
207476,0.08
207483,0.1
207497,0.11
207506,0.11
207515,0.2
207529,0.22
207533,0.15
207534,0.05
207541,0.15
207560,0.14
207561,0.19
207570,0.11
207600,0.18
207630,0.23
207633,0.19
207634,0.04
207635,0.14
207660,0.15
207682,0.13
207684,0.17
207687,0.25
207706,0.21
207708,0.2
207713,0.12
207714,0.09
207718,0.09
207721,0.11
207724,0.12
207727,0.12
207731,0.17
207732,0.21
207734,0.18
207739,0.15
207744,0.13
207787,0.21
207792,0.11
207801,0.16
207811,0.23
207817,0.19
207818,0.15
207819,0.12
207830,0.11
207834,0.11
207841,0.3
207844,0.15
207849,0.15
207856,0.12
207865,0.05
207867,0.13
207873,0.17
207882,0.15
207887,0.1
207888,0.12
207889,0.03
207907,0.09
207921,0.21
207922,0.08
207928,0.07
207930,0.2
207940,0.07
207941,0.18
207956,0.08
207960,0.1
207961,0.23
207968,0.16
207971,0.12
207972,0.22
207975,0.08
207976,0.09
207979,0.22
207997,0.12
207999,0.28
208008,0.25
208027,0.19
208030,0.16
208033,0.19
208035,0.2
208040,0.16
208052,0.19
208067,0.14
208090,0.05
208100,0.15
208102,0.17
208110,0.16
208117,0.19
208119,0.18
208123,0.12
208127,0.38
208136,0.15
208139,0.09
208140,0.13
208144,0.26
208149,0.16
208156,0.19
208166,0.21
208168,0.11
208170,0.22
208172,0.21
208178,0.26
208193,0.06
208195,0.1
208211,0.11
208213,0.15
208229,0.11
208231,0.23
208235,0.09
208238,0.16
208240,0.12
208249,0.08
208262,0.13
208263,0.2
208270,0.11
208288,0.15
208292,0.14
208302,0.11
208303,0.21
208312,0.11
208317,0.07
208322,0.17
208331,0.2
208336,0.1
208337,0.13
208339,0.2
208346,0.16
208353,0.05
208358,0.06
208359,0.15
208360,0.12
208370,0.11
208373,0.09
208390,0.09
208391,0.14
208394,0.12
208396,0.08
208397,0.15
208398,0.23
208400,0.14
208410,0.13
208420,0.12
208421,0.25
208431,0.16
208450,0.12
208451,0.24
208455,0.18
208478,0.16
208479,0.15
208482,0.16
208502,0.29
208516,0.15
208518,0.15
208534,0.27
208550,0.1
208551,0.09
208566,0.19
208567,0.19
208575,0.09
208576,0.16
208588,0.15
208590,0.22
208595,0.12
208619,0.2
208620,0.13
208627,0.23
208629,0.16
208642,0.2
208645,0.09
208661,0.16
208662,0.2
208679,0.13
208681,0.13
208689,0.2
208696,0.11
208701,0.07
208707,0.21
208719,0.08
208720,0.16
208730,0.08
208748,0.2
208753,0.13
208755,0.11
208769,0.13
208775,0.12
208785,0.17
208796,0.16
208806,0.21
208815,0.2
208830,0.09
208833,0.06
208837,0.09
208842,0.06
208860,0.1
208874,0.08
208886,0.25
208897,0.13
208898,0.24
208905,0.22
208907,0.14
208924,0.18
208925,0.2
208933,0.12
208941,0.17
208948,0.1
208960,0.14
208962,0.18
208963,0.1
208965,0.17
208973,0.11
208974,0.21
208986,0.16
208992,0.11
208995,0.13
209001,0.13
209006,0.18
209012,0.14
209022,0.1
209055,0.37
209056,0.18
209057,0.12
209060,0.15
209067,0.18
209071,0.1
209078,0.17
209080,0.15
209094,0.15
209097,0.1
209098,0.16
209101,0.12
209108,0.19
209109,0.16
209111,0.14
209116,0.15
209117,0.38
209121,0.18
209126,0.13
209127,0.13
209141,0.15
209142,0.13
209159,0.11
209164,0.32
209168,0.26
209177,0.18
209197,0.26
209202,0.16
209209,0.06
209211,0.09
209233,0.2
209234,0.08
209253,0.19
209260,0.12
209263,0.12
209268,0.09
209275,0.14
209288,0.28
209298,0.24
209305,0.08
209326,0.13
209340,0.07
209352,0.2
209362,0.19
209367,0.18
209369,0.12
209377,0.15
209387,0.12
209392,0.19
209393,0.18
209420,0.14
209423,0.18
209457,0.07
209458,0.17
209470,0.23
209479,0.14
209483,0.2
209488,0.32
209489,0.12
209497,0.08
209504,0.18
209510,0.24
209513,0.04
209547,0.1
209549,0.09
209556,0.14
209561,0.19
209565,0.13
209591,0.12
209595,0.09
209596,0.2
209608,0.18
209628,0.14
209643,0.12
209645,0.1
209651,0.1
209659,0.11
209660,0.05
209661,0.18
209665,0.19
209682,0.1
209687,0.17
209689,0.11
209699,0.11
209705,0.13
209707,0.08
209713,0.12
209717,0.13
209718,0.18
209723,0.17
209727,0.11
209729,0.08
209739,0.19
209741,0.25
209744,0.28
209748,0.16
209749,0.12
209758,0.11
209761,0.11
209764,0.19
209772,0.06
209773,0.22
209794,0.05
209795,0.19
209814,0.13
209828,0.28
209838,0.16
209839,0.19
209845,0.24
209855,0.09
209862,0.13
209869,0.04
209872,0.14
209879,0.15
209881,0.11
209882,0.18
209893,0.22
209913,0.08
209918,0.17
209920,0.28
209921,0.13
209929,0.12
209943,0.26
209957,0.11
209960,0.12
209962,0.15
209969,0.11
209980,0.28
209986,0.11
209989,0.17
209990,0.13
209991,0.11
210007,0.1
210016,0.19
210018,0.05
210019,0.11
210020,0.13
210036,0.19
210050,0.09
210080,0.13
210084,0.08
210089,0.21
210104,0.14
210129,0.15
210135,0.12
210137,0.25
210140,0.26
210145,0.17
210146,0.23
210147,0.06
210152,0.06
210157,0.15
210158,0.16
210164,0.22
210170,0.12
210171,0.12
210173,0.28
210174,0.14
210176,0.1
210190,0.08
210191,0.13
210195,0.29
210196,0.15
210201,0.15
210211,0.16
210231,0.09
210239,0.19
210241,0.13
210242,0.16
210255,0.23
210278,0.18
210283,0.15
210284,0.12
210304,0.13
210307,0.15
210330,0.2
210332,0.08
210350,0.21
210379,0.13
210385,0.22
210401,0.05
210405,0.14
210413,0.34
210414,0.21
210415,0.14
210419,0.17
210429,0.11
210467,0.25
210481,0.18
210482,0.08
210492,0.09
210502,0.22
210523,0.15
210525,0.19
210529,0.21
210538,0.05
210543,0.13
210549,0.09
210551,0.14
210555,0.24
210558,0.29
210591,0.1
210597,0.16
210599,0.08
210610,0.13
210616,0.1
210618,0.17
210622,0.24
210639,0.2
210645,0.13
210650,0.05
210672,0.21
210676,0.15
210683,0.17
210697,0.18
210701,0.08
210706,0.24
210712,0.12
210717,0.18
210728,0.16
210729,0.09
210730,0.17
210731,0.1
210733,0.23
210735,0.08
210742,0.14
210748,0.09
210749,0.28
210758,0.11
210767,0.21
210769,0.08
210777,0.18
210789,0.14
210791,0.13
210794,0.19
210811,0.09
210814,0.09
210821,0.14
210833,0.13
210835,0.12
210859,0.18
210862,0.09
210870,0.09
210886,0.06
210893,0.11
210901,0.11
210906,0.2
210913,0.17
210953,0.07
210961,0.09
210962,0.14
210966,0.11
210983,0.27
211000,0.11
211025,0.22
211036,0.1
211043,0.11
211062,0.24
211076,0.1
211085,0.22
211096,0.12
211097,0.28
211098,0.14
211103,0.09
211108,0.19
211131,0.23
211135,0.19
211139,0.1
211146,0.22
211150,0.15
211158,0.1
211170,0.25
211177,0.11
211183,0.18
211187,0.23
211191,0.06
211194,0.15
211196,0.17
211203,0.11
211209,0.19
211210,0.19
211211,0.19
211232,0.13
211244,0.18
211263,0.12
211264,0.16
211270,0.15
211278,0.08
211292,0.08
211293,0.18
211295,0.11
211296,0.12
211308,0.16
211310,0.12
211312,0.26
211325,0.15
211326,0.1
211330,0.19
211333,0.04
211341,0.2
211342,0.11
211350,0.14
211355,0.19
211357,0.23
211358,0.1
211362,0.12
211377,0.08
211378,0.19
211379,0.26
211384,0.18
211395,0.24
211398,0.19
211399,0.11
211417,0.13
211419,0.23
211420,0.11
211439,0.19
211442,0.16
211451,0.06
211457,0.17
211469,0.11
211483,0.13
211505,0.13
211508,0.1
211509,0.11
211510,0.22
211526,0.13
211547,0.12
211548,0.19
211550,0.07
211551,0.18
211553,0.19
211562,0.15
211563,0.09
211564,0.22
211565,0.13
211571,0.35
211572,0.3
211577,0.09
211580,0.09
211609,0.15
211625,0.15
211635,0.21
211646,0.22
211660,0.12
211670,0.15
211672,0.15
211688,0.21
211694,0.11
211696,0.09
211711,0.32
211718,0.16
211732,0.17
211735,0.09
211736,0.15
211740,0.17
211741,0.08
211746,0.1
211751,0.2
211754,0.16
211770,0.13
211771,0.13
211787,0.31
211788,0.07
211802,0.05
211804,0.13
211810,0.14
211832,0.23
211839,0.06
211860,0.14
211863,0.17
211866,0.12
211869,0.1
211872,0.13
211894,0.15
211901,0.14
211902,0.26
211903,0.11
211946,0.13
211950,0.1
211959,0.17
211964,0.09
211965,0.19
211979,0.18
211983,0.22
211986,0.14
211987,0.12
211988,0.17
211999,0.12
212002,0.09
212004,0.18
212009,0.1
212015,0.2
212023,0.07
212048,0.05
212055,0.09
212067,0.05
212079,0.16
212080,0.08
212083,0.09
212085,0.21
212088,0.08
212089,0.13
212092,0.07
212097,0.09
212124,0.15
212132,0.1
212136,0.28
212144,0.14
212145,0.2
212167,0.13
212174,0.24
212175,0.16
212187,0.25
212191,0.09
212194,0.22
212238,0.19
212242,0.11
212245,0.15
212258,0.15
212262,0.17
212277,0.06
212283,0.06
212287,0.1
212288,0.09
212289,0.13
212293,0.17
212296,0.23
212300,0.29
212303,0.18
212326,0.18
212327,0.15
212328,0.11
212329,0.07
212339,0.15
212340,0.09
212343,0.09
212360,0.18
212389,0.11
212401,0.11
212407,0.12
212409,0.09
212422,0.11
212424,0.16
212440,0.11
212441,0.22
212443,0.1
212448,0.09
212472,0.24
212478,0.19
212481,0.06
212493,0.15
212508,0.08
212511,0.1
212525,0.12
212531,0.15
212533,0.07
212555,0.12
212592,0.19
212610,0.05
212621,0.18
212629,0.16
212635,0.11
212636,0.2
212637,0.08
212643,0.11
212648,0.12
212654,0.21
212655,0.18
212660,0.09
212661,0.21
212664,0.09
212669,0.19
212670,0.08
212674,0.22
212676,0.11
212690,0.07
212691,0.07
212696,0.1
212710,0.19
212712,0.1
212716,0.06
212718,0.17
212720,0.09
212723,0.11
212730,0.11
212740,0.09
212747,0.1
212763,0.1
212773,0.14
212775,0.11
212776,0.12
212777,0.22
212781,0.22
212782,0.21
212785,0.17
212786,0.13
212795,0.14
212800,0.15
212818,0.28
212834,0.19
212837,0.19
212841,0.06
212842,0.14
212847,0.25
212848,0.08
212851,0.18
212865,0.15
212866,0.15
212874,0.15
212880,0.11
212894,0.11
212897,0.15
212912,0.11
212913,0.09
212916,0.12
212917,0.08
212933,0.14
212935,0.15
212936,0.1
212950,0.21
212957,0.09
212958,0.16
212961,0.18
212962,0.1
212963,0.16
212964,0.31
212968,0.09
212969,0.13
212976,0.2
212978,0.13
212983,0.23
212993,0.26
213004,0.17
213008,0.19
213014,0.12
213018,0.17
213021,0.12
213024,0.13
213045,0.1
213054,0.11
213059,0.26
213076,0.22
213095,0.13
213096,0.19
213100,0.08
213101,0.18
213109,0.18
213111,0.17
213116,0.06
213133,0.19
213140,0.15
213141,0.08
213143,0.28
213150,0.06
213152,0.1
213158,0.09
213159,0.06
213166,0.14
213167,0.33
213170,0.2
213178,0.19
213179,0.12
213189,0.08
213196,0.15
213201,0.07
213203,0.19
213204,0.09
213205,0.13
213206,0.05
213207,0.14
213208,0.08
213212,0.14
213214,0.17
213220,0.13
213240,0.11
213244,0.18
213263,0.3
213264,0.18
213265,0.07
213270,0.13
213283,0.16
213287,0.14
213292,0.13
213295,0.17
213299,0.16
213303,0.09
213307,0.1
213308,0.1
213312,0.25
213313,0.13
213316,0.11
213317,0.17
213338,0.17
213357,0.16
213368,0.2
213374,0.19
213375,0.14
213386,0.18
213390,0.12
213393,0.12
213401,0.16
213423,0.1
213430,0.12
213431,0.19
213447,0.1
213465,0.1
213468,0.12
213473,0.14
213475,0.13
213476,0.08
213482,0.09
213493,0.18
213531,0.15
213534,0.07
213542,0.12
213546,0.09
213569,0.21
213570,0.19
213588,0.09
213591,0.12
213595,0.11
213597,0.1
213598,0.17
213604,0.14
213622,0.1
213623,0.19
213633,0.05
213639,0.21
213641,0.1
213649,0.2
213671,0.08
213675,0.15
213679,0.15
213680,0.09
213684,0.15
213685,0.04
213689,0.1
213691,0.25
213693,0.11
213712,0.11
213717,0.1
213734,0.19
213739,0.29
213765,0.16
213775,0.09
213776,0.17
213804,0.26
213808,0.11
213818,0.31
213821,0.05
213829,0.1
213836,0.18
213838,0.15
213843,0.15
213854,0.18
213859,0.16
213862,0.35
213874,0.11
213878,0.3
213886,0.1
213888,0.08
213892,0.13
213910,0.12
213921,0.2
213926,0.1
213928,0.07
213935,0.14
213949,0.18
213957,0.17
213959,0.22
213967,0.18
213974,0.15
213975,0.15
213983,0.12
213984,0.07
213998,0.17
214004,0.16
214006,0.15
214008,0.11
214014,0.11
214015,0.22
214034,0.15
214059,0.17
214067,0.18
214077,0.16
214078,0.13
214079,0.08
214085,0.19
214088,0.22
214099,0.06
214138,0.07
214141,0.11
214152,0.21
214154,0.11
214155,0.07
214177,0.21
214188,0.1
214192,0.23
214207,0.07
214217,0.09
214219,0.2
214228,0.29
214229,0.24
214233,0.09
214236,0.27
214242,0.03
214249,0.12
214263,0.13
214264,0.12
214265,0.08
214268,0.22
214281,0.08
214282,0.16
214295,0.22
214311,0.16
214315,0.1
214325,0.12
214334,0.13
214336,0.14
214337,0.2
214342,0.3
214344,0.19
214349,0.11
214355,0.08
214356,0.09
214358,0.13
214363,0.12
214364,0.1
214371,0.13
214377,0.29
214379,0.11
214383,0.19
214406,0.11
214407,0.07
214411,0.11
214415,0.27
214418,0.22
214419,0.16
214421,0.14
214430,0.1
214436,0.05
214463,0.23
214472,0.26
214474,0.14
214476,0.09
214478,0.1
214481,0.12
214484,0.12
214488,0.12
214491,0.18
214505,0.1
214507,0.14
214510,0.13
214518,0.16
214523,0.21
214539,0.1
214542,0.11
214544,0.13
214553,0.09
214554,0.12
214561,0.18
214563,0.08
214566,0.08
214581,0.09
214587,0.09
214588,0.17
214589,0.17
214593,0.23
214620,0.16
214630,0.21
214643,0.12
214644,0.14
214647,0.18
214654,0.14
214657,0.16
214658,0.15
214662,0.14
214666,0.15
214680,0.16
214685,0.11
214693,0.19
214701,0.1
214705,0.09
214706,0.15
214719,0.09
214721,0.42
214724,0.1
214741,0.13
214769,0.25
214777,0.08
214780,0.12
214786,0.21
214789,0.1
214797,0.17
214804,0.1
214808,0.2
214810,0.18
214828,0.34
214830,0.16
214835,0.19
214844,0.05
214859,0.33
214861,0.14
214863,0.05
214887,0.13
214898,0.1
214906,0.13
214913,0.05
214915,0.16
214937,0.14
214944,0.11
214948,0.21
214970,0.14
214976,0.17
214999,0.15
215000,0.28
215016,0.15
215024,0.11
215029,0.28
215033,0.32
215037,0.28
215054,0.17
215057,0.14
215064,0.11
215074,0.16
215077,0.13
215082,0.13
215096,0.14
215101,0.18
215103,0.11
215109,0.1
215124,0.16
215142,0.16
215143,0.09
215145,0.11
215157,0.09
215159,0.11
215161,0.17
215166,0.24
215177,0.12
215186,0.21
215194,0.25
215196,0.16
215204,0.17
215211,0.14
215230,0.26
215241,0.08
215256,0.2
215257,0.16
215266,0.14
215267,0.08
215268,0.18
215278,0.21
215280,0.23
215318,0.15
215326,0.15
215331,0.17
215337,0.13
215344,0.17
215346,0.15
215348,0.15
215351,0.06
215358,0.11
215360,0.15
215367,0.14
215369,0.08
215383,0.06
215395,0.19
215407,0.16
215408,0.2
215412,0.17
215433,0.1
215454,0.19
215463,0.09
215488,0.1
215508,0.21
215512,0.14
215516,0.11
215525,0.26
215531,0.17
215534,0.27
215537,0.14
215539,0.15
215548,0.16
215554,0.05
215556,0.06
215559,0.2
215560,0.14
215563,0.17
215564,0.09
215569,0.18
215574,0.34
215586,0.19
215594,0.12
215608,0.09
215614,0.11
215623,0.12
215628,0.22
215637,0.19
215638,0.21
215649,0.17
215651,0.13
215653,0.12
215678,0.15
215708,0.11
215711,0.12
215733,0.11
215739,0.05
215742,0.1
215756,0.12
215772,0.16
215775,0.16
215791,0.12
215796,0.18
215803,0.17
215805,0.07
215807,0.12
215829,0.08
215855,0.06
215856,0.19
215860,0.11
215861,0.08
215877,0.11
215883,0.04
215889,0.18
215897,0.07
215898,0.15
215901,0.15
215908,0.17
215910,0.35
215911,0.12
215923,0.06
215928,0.26
215934,0.26
215936,0.16
215947,0.16
215951,0.08
215958,0.14
215959,0.07
215963,0.1
215968,0.18
215972,0.21
215976,0.23
215978,0.13
215981,0.16
215999,0.09
216001,0.28
216012,0.15
216020,0.22
216035,0.07
216038,0.26
216041,0.07
216049,0.17
216065,0.1
216096,0.28
216110,0.12
216115,0.05
216121,0.28
216122,0.38
216129,0.13
216131,0.17
216138,0.13
216142,0.24
216143,0.11
216150,0.11
216180,0.27
216184,0.19
216189,0.15
216190,0.24
216197,0.12
216218,0.3
216219,0.11
216221,0.17
216231,0.16
216240,0.18
216272,0.16
216281,0.13
216284,0.11
216290,0.16
216297,0.09
216305,0.17
216306,0.17
216317,0.19
216333,0.16
216338,0.22
216339,0.15
216346,0.06
216349,0.12
216350,0.12
216351,0.19
216353,0.13
216355,0.16
216364,0.23
216387,0.13
216392,0.07
216393,0.14
216399,0.08
216416,0.09
216433,0.18
216435,0.1
216442,0.19
216458,0.07
216461,0.16
216468,0.15
216469,0.18
216471,0.2
216473,0.23
216475,0.17
216496,0.22
216510,0.19
216511,0.15
216515,0.14
216516,0.13
216521,0.16
216532,0.12
216548,0.09
216551,0.15
216560,0.11
216562,0.18
216563,0.13
216565,0.12
216582,0.1
216587,0.11
216589,0.08
216597,0.12
216606,0.16
216607,0.15
216608,0.27
216621,0.08
216622,0.13
216627,0.17
216636,0.1
216647,0.07
216655,0.17
216659,0.19
216666,0.19
216676,0.17
216677,0.16
216679,0.11
216681,0.1
216686,0.09
216687,0.15
216694,0.16
216697,0.08
216714,0.08
216719,0.07
216720,0.09
216721,0.1
216723,0.1
216740,0.15
216746,0.19
216747,0.07
216751,0.17
216758,0.17
216768,0.07
216778,0.21
216786,0.18
216801,0.13
216802,0.27
216807,0.17
216808,0.18
216810,0.18
216818,0.08
216823,0.09
216826,0.15
216827,0.14
216828,0.12
216840,0.3
216844,0.12
216845,0.22
216851,0.26
216857,0.07
216858,0.09
216862,0.15
216874,0.07
216880,0.15
216900,0.16
216902,0.09
216903,0.11
216904,0.19
216931,0.1
216936,0.15
216938,0.32
216952,0.18
216954,0.09
216955,0.12
216961,0.18
216981,0.23
216985,0.11
216992,0.1
216995,0.14
216997,0.09
216998,0.18
216999,0.12
217022,0.18
217034,0.14
217038,0.11
217050,0.12
217055,0.11
217064,0.12
217071,0.11
217078,0.17
217083,0.19
217084,0.09
217086,0.3
217096,0.2
217101,0.32
217109,0.11
217118,0.21
217121,0.21
217125,0.07
217130,0.21
217136,0.26
217137,0.13
217143,0.16
217148,0.1
217155,0.25
217162,0.1
217172,0.06
217174,0.13
217175,0.19
217177,0.08
217178,0.29
217192,0.13
217220,0.09
217221,0.16
217223,0.1
217232,0.17
217243,0.16
217248,0.19
217250,0.07
217271,0.15
217283,0.07
217297,0.28
217323,0.24
217326,0.1
217334,0.13
217338,0.05
217341,0.2
217342,0.16
217355,0.07
217362,0.18
217366,0.19
217367,0.15
217371,0.15
217383,0.17
217401,0.17
217404,0.18
217419,0.24
217422,0.21
217423,0.09
217427,0.12
217429,0.13
217430,0.05
217441,0.1
217444,0.11
217465,0.15
217471,0.08
217488,0.16
217493,0.08
217509,0.27
217510,0.13
217511,0.2
217519,0.18
217522,0.18
217562,0.1
217574,0.12
217577,0.1
217579,0.16
217596,0.13
217602,0.09
217612,0.18
217632,0.21
217635,0.19
217636,0.13
217638,0.27
217639,0.22
217651,0.11
217652,0.11
217663,0.42
217669,0.07
217686,0.2
217699,0.09
217700,0.18
217703,0.11
217706,0.12
217714,0.12
217732,0.15
217736,0.23
217749,0.35
217763,0.14
217770,0.12
217771,0.13
217772,0.19
217776,0.1
217777,0.12
217778,0.18
217782,0.11
217790,0.26
217792,0.05
217793,0.18
217795,0.19
217796,0.06
217800,0.06
217804,0.07
217807,0.12
217846,0.14
217847,0.22
217853,0.16
217856,0.13
217864,0.08
217867,0.13
217868,0.25
217885,0.14
217887,0.22
217889,0.11
217900,0.15
217903,0.13
217905,0.21
217909,0.15
217913,0.1
217944,0.12
217946,0.2
217954,0.14
217956,0.26
217957,0.09
217961,0.31
217962,0.15
217976,0.08
217980,0.2
217981,0.15
218006,0.12
218009,0.21
218032,0.33
218049,0.07
218053,0.15
218078,0.13
218080,0.13
218081,0.05
218094,0.16
218098,0.25
218099,0.18
218100,0.05
218113,0.16
218117,0.2
218118,0.2
218119,0.16
218125,0.14
218133,0.06
218153,0.13
218165,0.18
218166,0.13
218177,0.09
218178,0.07
218202,0.15
218203,0.25
218207,0.12
218209,0.12
218236,0.05
218244,0.12
218247,0.19
218250,0.16
218266,0.13
218275,0.18
218276,0.07
218287,0.16
218292,0.09
218298,0.21
218300,0.15
218320,0.14
218321,0.17
218333,0.06
218347,0.18
218353,0.17
218366,0.14
218368,0.13
218369,0.18
218372,0.17
218376,0.18
218378,0.17
218403,0.16
218413,0.14
218418,0.12
218449,0.26
218450,0.22
218458,0.21
218464,0.08
218475,0.13
218476,0.17
218478,0.07
218515,0.11
218517,0.16
218518,0.16
218538,0.11
218539,0.24
218550,0.17
218551,0.1
218565,0.21
218580,0.11
218591,0.21
218598,0.15
218600,0.07
218602,0.19
218607,0.13
218651,0.18
218652,0.05
218656,0.36
218658,0.13
218669,0.12
218670,0.17
218671,0.19
218677,0.19
218680,0.11
218685,0.09
218686,0.27
218692,0.19
218693,0.15
218699,0.35
218709,0.06
218729,0.21
218734,0.11
218742,0.08
218743,0.17
218756,0.11
218772,0.19
218782,0.2
218786,0.12
218788,0.19
218796,0.13
218801,0.13
218812,0.19
218832,0.15
218834,0.16
218846,0.19
218847,0.2
218848,0.06
218853,0.2
218865,0.22
218870,0.12
218873,0.12
218884,0.1
218893,0.16
218898,0.14
218911,0.19
218933,0.18
218934,0.2
218939,0.16
218948,0.08
218957,0.16
218962,0.21
218973,0.1
218975,0.16
219000,0.05
219001,0.05
219006,0.11
219027,0.07
219036,0.22
219043,0.15
219047,0.11
219057,0.07
219059,0.35
219062,0.15
219074,0.1
219085,0.1
219087,0.09
219095,0.13
219114,0.1
219115,0.1
219119,0.11
219140,0.2
219147,0.17
219170,0.19
219171,0.18
219174,0.13
219177,0.15
219180,0.09
219195,0.12
219203,0.13
219207,0.08
219223,0.15
219229,0.12
219236,0.2
219238,0.2
219243,0.26
219245,0.13
219247,0.23
219273,0.2
219278,0.13
219279,0.17
219284,0.08
219319,0.1
219326,0.13
219336,0.21
219344,0.14
219359,0.14
219360,0.12
219364,0.16
219368,0.15
219376,0.18
219382,0.11
219388,0.15
219396,0.14
219398,0.11
219403,0.05
219405,0.2
219406,0.33
219410,0.32
219424,0.1
219446,0.18
219450,0.11
219451,0.17
219464,0.12
219465,0.1
219469,0.26
219472,0.26
219482,0.08
219506,0.14
219507,0.18
219516,0.14
219521,0.19
219564,0.23
219565,0.09
219568,0.12
219570,0.1
219578,0.11
219579,0.24
219588,0.13
219593,0.14
219594,0.05
219601,0.07
219608,0.12
219616,0.13
219620,0.16
219621,0.1
219628,0.09
219632,0.24
219637,0.05
219670,0.18
219688,0.07
219704,0.23
219717,0.13
219723,0.28
219741,0.19
219772,0.13
219774,0.15
219775,0.08
219778,0.12
219787,0.11
219788,0.17
219806,0.19
219811,0.08
219815,0.07
219817,0.09
219835,0.17
219845,0.07
219848,0.15
219864,0.16
219866,0.14
219868,0.17
219870,0.13
219886,0.07
219908,0.17
219910,0.2
219914,0.17
219925,0.25
219935,0.2
219940,0.15
219959,0.18
219962,0.23
219975,0.1
219981,0.17
219998,0.14
219999,0.11
220006,0.09
220010,0.32
220012,0.08
220014,0.12
220018,0.12
220019,0.23
220021,0.12
220058,0.09
220060,0.16
220061,0.1
220063,0.24
220066,0.21
220070,0.21
220071,0.21
220082,0.14
220094,0.11
220107,0.12
220114,0.14
220120,0.14
220126,0.23
220143,0.11
220147,0.08
220157,0.17
220160,0.29
220169,0.14
220177,0.1
220181,0.06
220186,0.13
220189,0.18
220206,0.24
220221,0.15
220227,0.18
220228,0.14
220248,0.08
220277,0.18
220304,0.22
220311,0.11
220315,0.27
220316,0.12
220323,0.17
220325,0.15
220358,0.13
220363,0.09
220369,0.14
220370,0.15
220380,0.14
220386,0.2
220387,0.16
220393,0.15
220394,0.18
220412,0.17
220415,0.12
220416,0.3
220417,0.19
220418,0.18
220422,0.12
220431,0.12
220439,0.25
220456,0.07
220458,0.17
220468,0.2
220474,0.09
220479,0.1
220494,0.15
220501,0.33
220503,0.16
220511,0.08
220514,0.13
220516,0.34
220521,0.2
220530,0.06
220562,0.15
220565,0.13
220582,0.2
220594,0.23
220600,0.36
220614,0.12
220621,0.14
220624,0.14
220629,0.12
220632,0.05
220639,0.15
220655,0.11
220664,0.11
220670,0.11
220686,0.11
220699,0.12
220714,0.13
220729,0.14
220732,0.35
220733,0.1
220735,0.09
220740,0.13
220741,0.12
220747,0.18
220748,0.13
220749,0.14
220755,0.12
220764,0.1
220767,0.15
220772,0.07
220779,0.06
220781,0.12
220790,0.12
220806,0.19
220811,0.09
220816,0.12
220822,0.15
220827,0.13
220828,0.1
220829,0.2
220832,0.1
220833,0.13
220841,0.2
220842,0.2
220856,0.11
220874,0.16
220881,0.18
220882,0.08
220887,0.02
220893,0.07
220909,0.06
220916,0.13
220917,0.31
220918,0.16
220924,0.16
220931,0.18
220932,0.16
220949,0.16
220950,0.22
220956,0.1
220972,0.08
220994,0.09
221004,0.17
221008,0.28
221011,0.15
221030,0.08
221032,0.05
221035,0.1
221058,0.19
221059,0.13
221075,0.14
221079,0.11
221080,0.24
221107,0.14
221116,0.36
221129,0.17
221148,0.17
221158,0.13
221165,0.13
221169,0.15
221171,0.06
221198,0.15
221202,0.11
221205,0.22
221223,0.17
221227,0.09
221228,0.09
221234,0.13
221242,0.23
221252,0.26
221256,0.1
221260,0.15
221261,0.12
221264,0.06
221267,0.11
221272,0.18
221284,0.11
221292,0.16
221311,0.2
221322,0.12
221327,0.16
221339,0.14
221371,0.16
221372,0.15
221404,0.15
221411,0.1
221438,0.18
221451,0.2
221465,0.25
221477,0.12
221483,0.11
221493,0.15
221495,0.04
221498,0.13
221500,0.17
221506,0.13
221513,0.21
221523,0.12
221528,0.1
221529,0.17
221530,0.12
221531,0.09
221549,0.23
221550,0.08
221565,0.24
221570,0.14
221573,0.08
221575,0.16
221576,0.25
221604,0.15
221615,0.18
221626,0.14
221629,0.16
221630,0.19
221636,0.15
221656,0.12
221659,0.12
221663,0.17
221665,0.17
221675,0.16
221676,0.19
221677,0.16
221679,0.12
221707,0.13
221712,0.11
221717,0.13
221725,0.12
221733,0.15
221741,0.07
221747,0.1
221762,0.12
221763,0.11
221770,0.19
221771,0.11
221787,0.11
221793,0.17
221804,0.15
221805,0.08
221825,0.12
221827,0.18
221828,0.17
221829,0.09
221845,0.12
221859,0.11
221860,0.12
221867,0.22
221868,0.19
221870,0.18
221876,0.25
221884,0.18
221895,0.09
221911,0.14
221921,0.14
221931,0.26
221935,0.19
221955,0.2
221959,0.15
221966,0.15
221974,0.11
221981,0.08
222002,0.27
222010,0.06
222012,0.23
222013,0.17
222023,0.22
222034,0.13
222048,0.16
222052,0.24
222059,0.09
222060,0.13
222061,0.08
222067,0.07
222076,0.19
222081,0.2
222120,0.19
222121,0.07
222133,0.15
222149,0.16
222150,0.13
222153,0.15
222154,0.06
222159,0.12
222165,0.15
222167,0.21
222170,0.16
222178,0.28
222179,0.12
222188,0.18
222189,0.14
222195,0.07
222198,0.23
222224,0.09
222234,0.1
222254,0.14
222256,0.15
222264,0.17
222281,0.1
222296,0.23
222303,0.18
222309,0.08
222310,0.15
222313,0.24
222321,0.16
222322,0.1
222328,0.19
222333,0.21
222334,0.15
222338,0.06
222347,0.11
222349,0.24
222351,0.17
222352,0.24
222357,0.08
222362,0.04
222381,0.21
222392,0.12
222401,0.13
222413,0.13
222422,0.15
222423,0.12
222430,0.07
222432,0.18
222452,0.16
222459,0.17
222473,0.22
222475,0.08
222481,0.19
222482,0.13
222489,0.09
222496,0.1
222505,0.19
222516,0.26
222537,0.12
222555,0.12
222566,0.21
222572,0.07
222577,0.13
222618,0.07
222619,0.09
222624,0.13
222625,0.09
222626,0.18
222629,0.17
222634,0.1
222636,0.25
222637,0.1
222641,0.19
222646,0.18
222648,0.16
222659,0.12
222663,0.12
222665,0.15
222671,0.19
222674,0.12
222675,0.09
222707,0.12
222709,0.17
222711,0.14
222717,0.13
222728,0.16
222752,0.23
222753,0.19
222755,0.08
222765,0.08
222768,0.22
222769,0.25
222783,0.23
222799,0.11
222821,0.19
222825,0.16
222837,0.31
222862,0.2
222863,0.19
222869,0.2
222876,0.12
222892,0.21
222898,0.08
222912,0.2
222920,0.17
222926,0.11
222934,0.12
222938,0.13
222945,0.11
222947,0.12
222966,0.23
222971,0.09
222994,0.15
223008,0.16
223019,0.1
223040,0.18
223042,0.16
223049,0.09
223051,0.1
223056,0.1
223058,0.23
223064,0.14
223067,0.14
223073,0.19
223075,0.09
223078,0.1
223079,0.16
223082,0.25
223098,0.24
223112,0.15
223116,0.15
223121,0.14
223128,0.22
223135,0.13
223136,0.16
223144,0.12
223151,0.19
223157,0.15
223181,0.13
223190,0.21
223197,0.13
223205,0.07
223209,0.08
223221,0.2
223235,0.15
223238,0.17
223244,0.2
223258,0.1
223262,0.13
223272,0.17
223288,0.15
223298,0.13
223310,0.22
223320,0.09
223357,0.29
223365,0.18
223369,0.13
223375,0.28
223384,0.13
223393,0.18
223412,0.12
223428,0.07
223440,0.23
223456,0.28
223470,0.1
223471,0.19
223484,0.16
223488,0.25
223489,0.1
223490,0.12
223492,0.16
223496,0.2
223503,0.08
223507,0.1
223518,0.29
223519,0.11
223521,0.12
223524,0.04
223526,0.09
223527,0.32
223529,0.18
223534,0.1
223538,0.29
223547,0.07
223549,0.12
223551,0.22
223552,0.15
223567,0.16
223571,0.24
223582,0.11
223584,0.13
223585,0.16
223586,0.11
223588,0.1
223592,0.12
223594,0.13
223607,0.29
223608,0.12
223609,0.22
223610,0.09
223611,0.15
223635,0.14
223636,0.1
223638,0.19
223649,0.1
223670,0.18
223688,0.14
223698,0.11
223699,0.21
223716,0.18
223718,0.19
223720,0.11
223727,0.12
223729,0.05
223739,0.1
223740,0.1
223741,0.18
223750,0.06
223752,0.1
223764,0.13
223781,0.05
223783,0.24
223794,0.12
223808,0.12
223810,0.35
223814,0.24
223817,0.26
223830,0.21
223839,0.1
223849,0.18
223851,0.32
223854,0.17
223888,0.35
223914,0.1
223923,0.1
223925,0.12
223939,0.1
223949,0.1
223951,0.22
223952,0.12
223967,0.05
223971,0.33
223974,0.14
223978,0.09
223991,0.08
224008,0.08
224016,0.18
224024,0.13
224039,0.1
224040,0.18
224044,0.21
224047,0.08
224055,0.04
224061,0.17
224065,0.2
224079,0.09
224080,0.08
224089,0.19
224094,0.13
224095,0.21
224109,0.2
224111,0.11
224112,0.09
224134,0.28
224135,0.18
224138,0.12
224139,0.05
224158,0.08
224161,0.25
224171,0.27
224182,0.19
224191,0.06
224194,0.14
224195,0.19
224205,0.11
224206,0.26
224211,0.07
224213,0.08
224214,0.11
224236,0.15
224239,0.19
224241,0.17
224251,0.13
224259,0.21
224262,0.2
224263,0.07
224268,0.16
224270,0.11
224282,0.2
224300,0.12
224315,0.24
224319,0.09
224325,0.09
224337,0.13
224339,0.27
224343,0.12
224344,0.19
224347,0.13
224353,0.18
224363,0.18
224370,0.11
224379,0.15
224380,0.08
224393,0.17
224395,0.12
224407,0.14
224408,0.09
224426,0.11
224427,0.16
224428,0.07
224437,0.36
224444,0.07
224445,0.1
224459,0.09
224473,0.27
224488,0.4
224490,0.31
224493,0.15
224494,0.22
224495,0.17
224499,0.05
224524,0.1
224528,0.16
224538,0.35
224553,0.12
224554,0.09
224575,0.12
224586,0.12
224593,0.16
224599,0.18
224614,0.07
224625,0.11
224626,0.1
224627,0.25
224628,0.19
224631,0.1
224651,0.25
224658,0.14
224664,0.21
224668,0.07
224673,0.1
224674,0.19
224683,0.16
224708,0.18
224748,0.24
224756,0.14
224757,0.15
224760,0.16
224771,0.25
224772,0.14
224797,0.13
224823,0.17
224831,0.23
224841,0.09
224843,0.15
224844,0.19
224849,0.16
224855,0.19
224856,0.12
224864,0.13
224871,0.08
224876,0.13
224889,0.18
224896,0.18
224899,0.09
224912,0.1
224916,0.17
224918,0.15
224925,0.09
224929,0.16
224934,0.13
224950,0.19
224953,0.1
224956,0.14
224958,0.1
224960,0.13
224971,0.22
224975,0.08
224978,0.14
224986,0.13
224987,0.1
224990,0.09
225010,0.12
225041,0.04
225044,0.16
225045,0.2
225048,0.19
225053,0.29
225058,0.12
225075,0.12
225085,0.02
225103,0.17
225107,0.15
225114,0.14
225122,0.15
225130,0.13
225131,0.28
225132,0.15
225134,0.16
225136,0.07
225141,0.11
225145,0.12
225146,0.13
225156,0.1
225158,0.3
225165,0.13
225185,0.06
225194,0.1
225195,0.1
225223,0.2
225224,0.19
225231,0.16
225233,0.17
225246,0.21
225281,0.12
225286,0.11
225301,0.19
225302,0.2
225336,0.19
225347,0.16
225351,0.13
225362,0.12
225363,0.12
225364,0.18
225370,0.1
225374,0.11
225375,0.11
225380,0.12
225381,0.13
225382,0.16
225392,0.13
225410,0.14
225425,0.15
225431,0.07
225456,0.11
225460,0.2
225475,0.21
225478,0.15
225483,0.12
225499,0.25
225514,0.25
225517,0.15
225524,0.2
225532,0.14
225545,0.27
225546,0.15
225550,0.09
225580,0.23
225581,0.17
225582,0.08
225585,0.22
225601,0.15
225612,0.23
225621,0.14
225636,0.27
225639,0.24
225650,0.1
225654,0.17
225664,0.13
225665,0.22
225666,0.13
225686,0.13
225689,0.21
225691,0.12
225721,0.15
225733,0.18
225739,0.15
225741,0.13
225766,0.14
225776,0.17
225788,0.11
225792,0.08
225803,0.07
225804,0.15
225805,0.27
225808,0.17
225819,0.08
225826,0.05
225832,0.09
225850,0.15
225851,0.09
225854,0.16
225858,0.13
225875,0.15
225884,0.09
225890,0.07
225906,0.12
225908,0.24
225910,0.18
225920,0.25
225950,0.2
225990,0.12
225991,0.1
226010,0.12
226011,0.14
226018,0.06
226029,0.21
226030,0.19
226041,0.15
226044,0.16
226051,0.21
226054,0.07
226085,0.22
226105,0.11
226116,0.36
226130,0.25
226131,0.09
226170,0.09
226171,0.18
226176,0.15
226177,0.15
226183,0.1
226187,0.19
226188,0.14
226190,0.27
226206,0.11
226213,0.22
226214,0.27
226226,0.14
226244,0.17
226245,0.14
226251,0.14
226258,0.07
226259,0.19
226265,0.05
226291,0.32
226294,0.1
226299,0.16
226300,0.17
226301,0.14
226302,0.2
226308,0.06
226309,0.18
226318,0.12
226319,0.23
226320,0.11
226325,0.24
226334,0.13
226337,0.2
226348,0.17
226353,0.06
226361,0.13
226387,0.09
226395,0.1
226413,0.16
226416,0.11
226427,0.08
226433,0.17
226447,0.12
226487,0.09
226495,0.2
226496,0.09
226499,0.15
226501,0.19
226505,0.15
226506,0.07
226507,0.13
226516,0.03
226523,0.09
226527,0.16
226533,0.19
226537,0.22
226539,0.1
226551,0.16
226556,0.17
226557,0.13
226561,0.25
226565,0.13
226567,0.1
226590,0.2
226599,0.14
226639,0.23
226654,0.2
226664,0.11
226668,0.11
226677,0.11
226682,0.22
226689,0.1
226691,0.15
226698,0.21
226713,0.07
226720,0.16
226734,0.08
226735,0.16
226738,0.14
226742,0.13
226763,0.07
226766,0.19
226772,0.14
226779,0.15
226780,0.17
226787,0.41
226790,0.37
226792,0.16
226797,0.08
226803,0.12
226807,0.22
226827,0.13
226828,0.09
226836,0.1
226837,0.09
226838,0.13
226847,0.17
226881,0.24
226882,0.07
226884,0.14
226917,0.16
226921,0.15
226933,0.25
226938,0.28
226948,0.13
226952,0.2
226954,0.22
226965,0.17
226970,0.1
226977,0.16
226986,0.2
227005,0.06
227009,0.17
227010,0.11
227013,0.14
227019,0.11
227025,0.13
227026,0.14
227027,0.07
227029,0.09
227049,0.08
227053,0.09
227054,0.14
227058,0.11
227074,0.16
227099,0.1
227100,0.16
227109,0.06
227111,0.18
227112,0.08
227125,0.19
227145,0.2
227148,0.15
227151,0.13
227160,0.13
227165,0.08
227200,0.17
227210,0.14
227213,0.19
227235,0.16
227242,0.1
227245,0.15
227246,0.18
227248,0.2
227251,0.19
227252,0.12
227258,0.15
227264,0.15
227270,0.17
227272,0.08
227274,0.15
227281,0.11
227290,0.12
227293,0.12
227299,0.09
227306,0.13
227323,0.08
227325,0.12
227326,0.09
227332,0.19
227336,0.22
227343,0.14
227344,0.11
227345,0.15
227348,0.22
227360,0.12
227376,0.04
227386,0.17
227392,0.11
227393,0.15
227401,0.09
227404,0.24
227413,0.12
227420,0.18
227459,0.12
227460,0.09
227462,0.11
227463,0.2
227481,0.07
227482,0.12
227485,0.24
227486,0.15
227493,0.08
227500,0.12
227501,0.07
227502,0.07
227506,0.13
227523,0.14
227525,0.29
227531,0.06
227532,0.3
227535,0.1
227542,0.12
227545,0.21
227566,0.15
227578,0.14
227585,0.24
227586,0.1
227587,0.15
227590,0.16
227595,0.16
227596,0.07
227597,0.17
227600,0.18
227621,0.29
227637,0.12
227640,0.26
227649,0.23
227653,0.1
227674,0.14
227675,0.11
227680,0.17
227696,0.13
227701,0.29
227707,0.17
227713,0.11
227715,0.21
227728,0.16
227730,0.11
227731,0.1
227732,0.1
227736,0.07
227739,0.13
227740,0.45
227741,0.22
227742,0.34
227745,0.23
227749,0.31
227752,0.08
227756,0.25
227769,0.22
227779,0.11
227783,0.16
227799,0.11
227803,0.09
227818,0.12
227822,0.11
227823,0.1
227824,0.1
227825,0.12
227826,0.15
227833,0.12
227834,0.16
227837,0.1
227839,0.11
227856,0.17
227872,0.12
227876,0.16
227905,0.1
227908,0.31
227909,0.24
227912,0.11
227917,0.08
227931,0.08
227936,0.23
227939,0.15
227941,0.12
227942,0.12
227944,0.12
227945,0.25
227952,0.13
227954,0.14
227968,0.05
227975,0.08
227989,0.19
227992,0.13
227993,0.18
227996,0.09
227997,0.05
227998,0.14
228040,0.15
228044,0.17
228045,0.08
228046,0.13
228051,0.19
228052,0.12
228053,0.2
228059,0.11
228062,0.13
228070,0.08
228074,0.12
228077,0.08
228078,0.24
228097,0.18
228099,0.16
228100,0.17
228102,0.24
228103,0.1
228104,0.24
228107,0.15
228117,0.1
228123,0.15
228125,0.09
228130,0.09
228134,0.09
228141,0.16
228153,0.27
228163,0.19
228164,0.04
228166,0.17
228168,0.3
228169,0.1
228183,0.2
228198,0.11
228199,0.16
228201,0.14
228207,0.2
228209,0.14
228219,0.14
228239,0.09
228248,0.08
228260,0.13
228268,0.25
228280,0.12
228282,0.14
228288,0.11
228289,0.11
228295,0.1
228296,0.15
228297,0.12
228298,0.14
228299,0.13
228301,0.06
228322,0.15
228324,0.09
228332,0.09
228334,0.16
228342,0.15
228351,0.17
228354,0.1
228355,0.05
228362,0.06
228375,0.09
228383,0.19
228389,0.17
228392,0.14
228411,0.13
228414,0.15
228420,0.15
228424,0.19
228426,0.16
228429,0.05
228447,0.19
228455,0.22
228458,0.19
228467,0.24
228472,0.14
228479,0.11
228482,0.17
228488,0.06
228489,0.19
228499,0.1
228501,0.14
228502,0.09
228503,0.16
228509,0.11
228512,0.11
228514,0.08
228519,0.13
228530,0.09
228534,0.14
228536,0.13
228537,0.15
228538,0.15
228539,0.21
228557,0.19
228591,0.17
228592,0.12
228608,0.25
228609,0.13
228636,0.15
228647,0.3
228656,0.2
228657,0.09
228661,0.17
228663,0.09
228671,0.06
228682,0.11
228697,0.12
228698,0.08
228712,0.08
228713,0.17
228729,0.16
228730,0.13
228737,0.22
228744,0.09
228752,0.09
228761,0.36
228763,0.36
228764,0.12
228770,0.13
228774,0.11
228781,0.2
228792,0.16
228794,0.22
228796,0.1
228799,0.2
228808,0.27
228809,0.16
228810,0.15
228813,0.1
228821,0.26
228826,0.12
228830,0.12
228831,0.15
228835,0.24
228854,0.1
228855,0.13
228863,0.12
228869,0.18
228872,0.16
228885,0.22
228888,0.19
228889,0.25
228890,0.12
228891,0.14
228894,0.23
228902,0.16
228907,0.11
228915,0.15
228918,0.38
228919,0.16
228933,0.17
228946,0.11
228947,0.24
228954,0.17
228956,0.11
228958,0.15
228969,0.11
228973,0.12
228978,0.08
228979,0.26
228988,0.1
228995,0.15
229019,0.24
229037,0.09
229041,0.13
229042,0.22
229046,0.13
229048,0.17
229053,0.15
229064,0.25
229073,0.13
229074,0.15
229077,0.21
229095,0.23
229100,0.18
229103,0.22
229104,0.07
229105,0.11
229107,0.15
229115,0.16
229117,0.18
229118,0.1
229124,0.22
229125,0.18
229130,0.2
229157,0.05
229162,0.07
229185,0.23
229195,0.16
229201,0.1
229202,0.1
229219,0.1
229220,0.12
229223,0.17
229224,0.27
229229,0.13
229233,0.09
229255,0.05
229261,0.15
229262,0.22
229271,0.14
229276,0.09
229277,0.12
229278,0.1
229280,0.15
229298,0.08
229301,0.14
229316,0.17
229325,0.16
229329,0.1
229334,0.07
229336,0.13
229337,0.21
229342,0.13
229349,0.07
229357,0.18
229369,0.18
229374,0.12
229402,0.14
229427,0.11
229452,0.32
229455,0.14
229459,0.23
229462,0.04
229482,0.16
229488,0.05
229496,0.25
229507,0.1
229508,0.13
229531,0.19
229576,0.13
229595,0.15
229602,0.21
229609,0.21
229610,0.29
229614,0.29
229615,0.18
229631,0.12
229632,0.18
229638,0.1
229647,0.08
229651,0.06
229659,0.08
229663,0.21
229671,0.13
229672,0.12
229675,0.12
229684,0.15
229687,0.11
229705,0.08
229711,0.15
229713,0.15
229714,0.12
229731,0.11
229738,0.13
229742,0.11
229745,0.07
229746,0.15
229749,0.16
229765,0.16
229767,0.05
229779,0.12
229782,0.11
229802,0.25
229805,0.14
229810,0.39
229816,0.13
229828,0.2
229838,0.26
229850,0.18
229858,0.13
229860,0.1
229877,0.18
229888,0.16
229894,0.14
229898,0.21
229905,0.16
229912,0.32
229913,0.16
229921,0.33
229923,0.1
229930,0.12
229962,0.15
229963,0.15
229977,0.13
229984,0.24
229998,0.23
230012,0.11
230016,0.18
230020,0.19
230024,0.31
230037,0.05
230038,0.14
230040,0.11
230042,0.16
230044,0.25
230050,0.16
230056,0.17
230067,0.13
230076,0.07
230077,0.29
230084,0.17
230098,0.12
230107,0.17
230116,0.06
230119,0.13
230121,0.18
230122,0.1
230135,0.24
230139,0.11
230179,0.17
230180,0.17
230185,0.12
230192,0.15
230203,0.12
230216,0.21
230226,0.21
230260,0.28
230268,0.17
230289,0.21
230296,0.1
230317,0.15
230328,0.28
230329,0.41
230330,0.05
230332,0.07
230338,0.18
230343,0.13
230344,0.14
230349,0.11
230369,0.09
230379,0.25
230391,0.18
230393,0.23
230394,0.14
230402,0.13
230404,0.24
230416,0.09
230417,0.2
230423,0.25
230427,0.1
230448,0.22
230449,0.09
230451,0.09
230453,0.17
230454,0.14
230457,0.14
230458,0.27
230459,0.25
230461,0.15
230464,0.18
230494,0.11
230517,0.07
230520,0.2
230521,0.26
230534,0.09
230553,0.12
230581,0.15
230585,0.09
230590,0.13
230592,0.11
230605,0.09
230610,0.1
230623,0.11
230628,0.11
230629,0.12
230640,0.15
230641,0.1
230642,0.09
230655,0.14
230656,0.15
230662,0.12
230675,0.11
230677,0.15
230688,0.04
230709,0.2
230716,0.05
230742,0.14
230748,0.1
230763,0.14
230779,0.23
230780,0.16
230781,0.26
230783,0.18
230788,0.16
230789,0.15
230792,0.05
230817,0.1
230820,0.12
230827,0.12
230828,0.18
230860,0.09
230864,0.16
230875,0.14
230878,0.11
230880,0.31
230929,0.18
230931,0.14
230934,0.16
230939,0.05
230940,0.13
230941,0.12
230942,0.31
230982,0.09
231028,0.16
231031,0.15
231039,0.31
231048,0.12
231065,0.14
231076,0.14
231079,0.08
231082,0.08
231086,0.19
231107,0.12
231118,0.18
231127,0.11
231134,0.08
231136,0.14
231137,0.18
231156,0.1
231160,0.2
231175,0.18
231177,0.02
231189,0.16
231191,0.12
231194,0.16
231198,0.07
231203,0.12
231211,0.15
231226,0.24
231245,0.19
231257,0.17
231268,0.11
231279,0.13
231290,0.19
231298,0.09
231299,0.21
231301,0.12
231306,0.07
231312,0.13
231314,0.14
231326,0.44
231343,0.18
231353,0.09
231359,0.12
231364,0.08
231387,0.15
231392,0.12
231409,0.22
231423,0.14
231427,0.08
231429,0.31
231433,0.1
231437,0.18
231448,0.08
231454,0.37
231460,0.05
231480,0.07
231496,0.09
231504,0.26
231513,0.14
231516,0.09
231523,0.15
231529,0.16
231532,0.1
231533,0.22
231542,0.07
231546,0.13
231554,0.09
231556,0.25
231561,0.08
231562,0.18
231563,0.14
231568,0.17
231589,0.11
231598,0.24
231616,0.06
231628,0.19
231637,0.15
231641,0.13
231656,0.26
231679,0.19
231682,0.22
231689,0.18
231690,0.03
231713,0.17
231716,0.09
231726,0.12
231734,0.15
231736,0.1
231742,0.14
231754,0.18
231757,0.21
231758,0.15
231761,0.15
231771,0.17
231773,0.11
231782,0.15
231785,0.26
231786,0.18
231789,0.07
231790,0.14
231791,0.14
231804,0.19
231835,0.08
231837,0.14
231840,0.18
231845,0.22
231863,0.26
231867,0.28
231874,0.24
231877,0.21
231887,0.17
231892,0.1
231899,0.17
231912,0.38
231914,0.18
231924,0.16
231927,0.23
231935,0.15
231938,0.22
231940,0.22
231947,0.11
231954,0.12
231955,0.16
231956,0.2
231969,0.13
231982,0.14
231983,0.12
231984,0.09
231987,0.1
232006,0.08
232012,0.15
232022,0.13
232023,0.19
232028,0.14
232034,0.07
232047,0.18
232050,0.08
232054,0.18
232063,0.24
232066,0.09
232081,0.2
232083,0.09
232094,0.14
232103,0.09
232108,0.09
232110,0.11
232122,0.15
232123,0.1
232132,0.07
232148,0.25
232149,0.06
232152,0.21
232157,0.37
232164,0.19
232170,0.17
232172,0.18
232174,0.13
232177,0.16
232227,0.05
232228,0.12
232237,0.09
232256,0.31
232275,0.09
232278,0.12
232279,0.21
232282,0.18
232285,0.13
232288,0.12
232301,0.15
232303,0.09
232309,0.21
232325,0.15
232329,0.11
232331,0.09
232335,0.18
232370,0.18
232371,0.12
232372,0.07
232390,0.29
232391,0.14
232392,0.09
232410,0.11
232423,0.08
232426,0.09
232428,0.24
232450,0.14
232466,0.13
232478,0.19
232493,0.11
232506,0.19
232516,0.21
232518,0.06
232530,0.17
232534,0.1
232535,0.13
232541,0.08
232547,0.06
232552,0.16
232558,0.15
232559,0.13
232560,0.04
232566,0.14
232570,0.05
232575,0.1
232578,0.12
232590,0.08
232615,0.23
232640,0.35
232643,0.17
232664,0.19
232676,0.08
232699,0.23
232702,0.15
232720,0.1
232733,0.17
232736,0.07
232738,0.15
232752,0.05
232758,0.11
232779,0.05
232784,0.26
232790,0.09
232799,0.21
232823,0.08
232824,0.08
232842,0.1
232849,0.15
232853,0.2
232859,0.13
232862,0.14
232864,0.1
232866,0.15
232869,0.06
232871,0.11
232876,0.28
232881,0.13
232898,0.17
232899,0.3
232914,0.13
232917,0.18
232923,0.13
232925,0.17
232942,0.24
232943,0.17
232965,0.2
232968,0.15
232972,0.12
232980,0.2
232999,0.03
233013,0.22
233021,0.37
233022,0.1
233054,0.19
233059,0.29
233065,0.15
233071,0.13
233074,0.16
233093,0.07
233095,0.17
233102,0.08
233104,0.09
233107,0.1
233108,0.13
233109,0.31
233112,0.18
233113,0.1
233122,0.12
233125,0.13
233126,0.17
233170,0.13
233171,0.15
233172,0.26
233175,0.1
233179,0.15
233189,0.26
233223,0.2
233224,0.11
233228,0.1
233247,0.18
233249,0.23
233263,0.16
233271,0.19
233273,0.17
233301,0.19
233305,0.18
233310,0.13
233311,0.19
233312,0.16
233324,0.14
233326,0.26
233327,0.15
233335,0.17
233349,0.06
233352,0.23
233362,0.12
233373,0.16
233390,0.28
233393,0.2
233400,0.12
233401,0.2
233404,0.14
233405,0.08
233406,0.22
233411,0.19
233421,0.14
233423,0.22
233424,0.15
233427,0.25
233429,0.27
233431,0.11
233432,0.22
233438,0.1
233448,0.17
233450,0.14
233451,0.07
233453,0.21
233480,0.04
233482,0.12
233483,0.23
233489,0.32
233490,0.18
233496,0.32
233497,0.14
233508,0.26
233509,0.27
233512,0.1
233517,0.15
233526,0.21
233528,0.09
233544,0.11
233554,0.21
233566,0.18
233572,0.21
233575,0.19
233578,0.1
233582,0.42
233583,0.12
233589,0.21
233594,0.14
233603,0.17
233627,0.06
233632,0.14
233639,0.11
233651,0.16
233652,0.21
233658,0.15
233675,0.09
233677,0.17
233682,0.18
233688,0.32
233689,0.31
233692,0.07
233697,0.13
233704,0.16
233709,0.26
233711,0.21
233721,0.1
233729,0.18
233734,0.11
233744,0.15
233764,0.13
233775,0.22
233783,0.28
233792,0.15
233796,0.11
233797,0.14
233798,0.2
233810,0.18
233818,0.05
233819,0.12
233830,0.11
233831,0.11
233838,0.12
233852,0.17
233854,0.13
233856,0.1
233858,0.15
233883,0.09
233888,0.2
233889,0.06
233892,0.06
233893,0.05
233894,0.1
233895,0.21
233901,0.15
233927,0.11
233928,0.11
233929,0.19
233960,0.13
233965,0.11
233970,0.14
233975,0.09
233981,0.17
233991,0.26
234012,0.09
234016,0.11
234024,0.08
234025,0.14
234027,0.27
234034,0.1
234035,0.17
234048,0.12
234069,0.12
234077,0.11
234086,0.13
234103,0.08
234110,0.11
234115,0.19
234126,0.12
234135,0.19
234136,0.13
234147,0.11
234151,0.14
234159,0.07
234163,0.12
234174,0.1
234186,0.12
234187,0.2
234192,0.16
234198,0.08
234205,0.13
234215,0.14
234220,0.19
234225,0.21
234227,0.14
234228,0.17
234231,0.11
234232,0.26
234236,0.22
234239,0.1
234240,0.15
234242,0.09
234262,0.15
234267,0.23
234283,0.07
234284,0.16
234286,0.14
234291,0.13
234302,0.12
234303,0.16
234308,0.05
234320,0.16
234326,0.08
234336,0.11
234340,0.19
234362,0.07
234365,0.12
234371,0.12
234373,0.12
234395,0.16
234400,0.21
234404,0.1
234412,0.13
234431,0.22
234433,0.28
234440,0.12
234453,0.11
234454,0.06
234460,0.12
234470,0.27
234473,0.1
234502,0.13
234503,0.1
234507,0.22
234529,0.16
234531,0.17
234543,0.1
234550,0.24
234556,0.07
234560,0.12
234567,0.09
234580,0.22
234582,0.12
234594,0.18
234599,0.12
234604,0.15
234605,0.1
234611,0.17
234617,0.19
234648,0.19
234660,0.1
234661,0.11
234663,0.14
234664,0.11
234670,0.05
234671,0.11
234673,0.15
234687,0.14
234688,0.12
234690,0.17
234694,0.16
234695,0.07
234704,0.17
234705,0.13
234710,0.1
234718,0.05
234719,0.12
234732,0.17
234739,0.15
234755,0.23
234760,0.14
234778,0.08
234781,0.23
234786,0.16
234788,0.18
234789,0.13
234802,0.1
234809,0.34
234814,0.24
234823,0.2
234825,0.16
234829,0.2
234838,0.24
234847,0.21
234876,0.11
234908,0.18
234914,0.14
234917,0.21
234935,0.14
234936,0.11
234941,0.27
234942,0.19
234943,0.22
234946,0.16
234947,0.14
234960,0.14
234967,0.08
234980,0.24
234990,0.3
234996,0.09
234999,0.11
235002,0.15
235021,0.13
235025,0.19
235034,0.13
235037,0.13
235046,0.14
235051,0.19
235052,0.11
235054,0.08
235061,0.12
235066,0.19
235076,0.13
235087,0.09
235089,0.19
235091,0.14
235107,0.04
235118,0.1
235123,0.2
235134,0.14
235137,0.23
235146,0.12
235147,0.11
235153,0.14
235166,0.25
235168,0.1
235183,0.09
235187,0.18
235189,0.09
235202,0.2
235214,0.17
235215,0.15
235216,0.41
235219,0.11
235223,0.25
235231,0.17
235240,0.13
235252,0.07
235253,0.15
235254,0.16
235259,0.24
235270,0.08
235275,0.14
235283,0.15
235291,0.06
235306,0.09
235327,0.11
235337,0.26
235342,0.15
235356,0.19
235357,0.08
235372,0.19
235378,0.19
235386,0.06
235401,0.1
235403,0.12
235423,0.04
235424,0.15
235434,0.17
235435,0.07
235438,0.13
235451,0.04
235452,0.08
235454,0.24
235456,0.23
235459,0.13
235460,0.09
235463,0.2
235491,0.14
235492,0.28
235501,0.1
235505,0.13
235512,0.19
235519,0.22
235549,0.15
235592,0.1
235597,0.1
235601,0.2
235602,0.11
235612,0.08
235617,0.15
235622,0.13
235636,0.07
235641,0.06
235644,0.13
235645,0.13
235651,0.1
235664,0.1
235668,0.25
235677,0.13
235692,0.05
235693,0.1
235698,0.16
235722,0.18
235741,0.17
235743,0.3
235752,0.13
235757,0.1
235766,0.16
235768,0.04
235769,0.13
235775,0.12
235778,0.29
235782,0.14
235791,0.25
235792,0.15
235796,0.12
235797,0.17
235799,0.26
235803,0.17
235804,0.24
235809,0.11
235811,0.19
235812,0.13
235827,0.13
235837,0.08
235839,0.11
235850,0.35
235852,0.12
235854,0.21
235860,0.1
235862,0.17
235869,0.2
235877,0.11
235889,0.16
235890,0.19
235891,0.09
235893,0.17
235900,0.09
235901,0.09
235914,0.06
235915,0.14
235924,0.23
235950,0.22
235968,0.07
235977,0.11
235978,0.16
235980,0.17
235990,0.15
235999,0.1
236002,0.15
236022,0.12
236033,0.12
236034,0.14
236037,0.33
236038,0.18
236039,0.17
236040,0.08
236053,0.24
236064,0.12
236068,0.08
236069,0.19
236094,0.12
236107,0.17
236123,0.1
236143,0.07
236214,0.11
236215,0.07
236221,0.25
236229,0.18
236234,0.18
236236,0.18
236237,0.11
236239,0.11
236266,0.35
236271,0.06
236283,0.09
236286,0.1
236287,0.32
236289,0.16
236293,0.06
236302,0.19
236303,0.24
236313,0.17
236324,0.15
236330,0.11
236332,0.14
236345,0.32
236350,0.13
236352,0.12
236359,0.13
236362,0.17
236373,0.18
236378,0.24
236391,0.14
236395,0.28
236412,0.24
236418,0.09
236421,0.07
236451,0.22
236454,0.06
236457,0.09
236463,0.17
236469,0.13
236476,0.14
236485,0.25
236508,0.18
236509,0.15
236525,0.17
236527,0.21
236529,0.15
236555,0.24
236562,0.28
236568,0.23
236569,0.14
236580,0.12
236581,0.14
236583,0.2
236586,0.09
236594,0.09
236631,0.14
236632,0.23
236634,0.1
236638,0.1
236643,0.21
236648,0.1
236655,0.18
236656,0.21
236657,0.08
236663,0.09
236681,0.12
236683,0.05
236691,0.15
236698,0.2
236713,0.2
236727,0.24
236732,0.14
236733,0.23
236735,0.18
236737,0.07
236749,0.1
236750,0.1
236752,0.17
236765,0.13
236766,0.17
236769,0.15
236771,0.21
236774,0.1
236775,0.09
236790,0.24
236793,0.22
236797,0.19
236798,0.11
236809,0.25
236821,0.19
236831,0.19
236836,0.1
236838,0.16
236849,0.09
236852,0.15
236860,0.19
236862,0.28
236865,0.12
236873,0.13
236885,0.06
236891,0.22
236894,0.08
236904,0.32
236905,0.12
236911,0.05
236939,0.19
236948,0.17
236950,0.09
236957,0.08
236965,0.15
236974,0.07
236975,0.08
236981,0.08
236985,0.1
236995,0.14
237023,0.13
237025,0.05
237038,0.12
237058,0.09
237060,0.12
237078,0.22
237079,0.13
237080,0.23
237084,0.16
237086,0.14
237087,0.12
237091,0.18
237092,0.04
237093,0.14
237094,0.13
237103,0.15
237116,0.08
237118,0.16
237126,0.17
237136,0.07
237144,0.13
237149,0.26
237150,0.17
237157,0.15
237158,0.13
237170,0.15
237171,0.07
237193,0.05
237196,0.21
237200,0.1
237248,0.13
237254,0.25
237256,0.1
237257,0.06
237267,0.11
237268,0.1
237269,0.15
237271,0.17
237280,0.17
237301,0.09
237304,0.24
237308,0.04
237311,0.17
237334,0.23
237338,0.25
237344,0.13
237361,0.12
237362,0.14
237368,0.13
237369,0.16
237371,0.12
237373,0.15
237377,0.11
237378,0.16
237383,0.07
237386,0.11
237392,0.12
237399,0.11
237408,0.09
237411,0.08
237414,0.1
237417,0.13
237424,0.24
237439,0.09
237457,0.18
237458,0.16
237459,0.08
237471,0.18
237474,0.11
237475,0.22
237476,0.08
237490,0.08
237491,0.1
237495,0.2
237501,0.14
237512,0.16
237516,0.07
237518,0.05
237528,0.16
237529,0.14
237537,0.24
237543,0.15
237547,0.19
237552,0.2
237563,0.08
237585,0.15
237598,0.19
237606,0.08
237624,0.17
237632,0.07
237635,0.16
237640,0.12
237642,0.15
237647,0.08
237648,0.11
237651,0.25
237657,0.16
237663,0.07
237692,0.17
237701,0.14
237715,0.15
237726,0.12
237728,0.32
237731,0.13
237732,0.19
237746,0.08
237759,0.16
237768,0.1
237772,0.44
237780,0.17
237787,0.17
237792,0.12
237804,0.14
237812,0.1
237815,0.15
237821,0.19
237827,0.08
237845,0.15
237862,0.26
237869,0.1
237872,0.19
237900,0.26
237909,0.04
237917,0.1
237921,0.11
237951,0.12
237952,0.19
237957,0.12
237960,0.07
237963,0.11
237973,0.12
237984,0.09
237990,0.15
237997,0.19
237998,0.13
238025,0.18
238027,0.08
238052,0.1
238053,0.13
238054,0.24
238065,0.15
238066,0.11
238075,0.24
238082,0.08
238087,0.08
238114,0.13
238117,0.27
238127,0.17
238129,0.18
238133,0.13
238135,0.14
238152,0.16
238157,0.18
238163,0.07
238170,0.1
238176,0.06
238180,0.16
238195,0.18
238198,0.11
238199,0.11
238206,0.3
238218,0.15
238219,0.14
238222,0.18
238224,0.1
238230,0.1
238237,0.1
238238,0.14
238247,0.09
238254,0.15
238256,0.08
238257,0.12
238270,0.25
238278,0.12
238279,0.32
238282,0.12
238286,0.19
238293,0.17
238298,0.07
238299,0.17
238306,0.28
238307,0.07
238308,0.12
238322,0.06
238327,0.29
238328,0.26
238330,0.12
238335,0.14
238347,0.17
238355,0.17
238356,0.27
238361,0.2
238367,0.07
238377,0.1
238413,0.1
238419,0.14
238436,0.14
238437,0.16
238443,0.14
238450,0.13
238452,0.14
238453,0.25
238454,0.21
238457,0.06
238467,0.2
238469,0.11
238470,0.09
238474,0.24
238478,0.21
238480,0.17
238492,0.07
238496,0.08
238500,0.17
238508,0.3
238512,0.04
238520,0.2
238540,0.15
238548,0.11
238549,0.14
238550,0.11
238563,0.11
238586,0.11
238607,0.1
238608,0.13
238615,0.17
238623,0.08
238627,0.09
238630,0.3
238635,0.08
238638,0.09
238642,0.11
238646,0.16
238656,0.1
238665,0.12
238674,0.19
238687,0.12
238702,0.19
238703,0.12
238705,0.14
238712,0.23
238716,0.17
238717,0.2
238718,0.11
238747,0.09
238754,0.21
238767,0.12
238793,0.07
238794,0.24
238796,0.15
238806,0.13
238832,0.1
238833,0.14
238840,0.14
238850,0.17
238853,0.13
238855,0.09
238858,0.09
238867,0.3
238868,0.12
238869,0.29
238873,0.06
238879,0.19
238893,0.17
238903,0.13
238904,0.32
238906,0.14
238928,0.11
238933,0.14
238941,0.12
238945,0.15
238947,0.12
238954,0.17
238963,0.07
238986,0.19
239003,0.22
239018,0.11
239019,0.21
239020,0.16
239021,0.19
239031,0.12
239042,0.12
239051,0.08
239056,0.15
239058,0.1
239075,0.17
239078,0.12
239079,0.11
239081,0.06
239082,0.08
239085,0.19
239100,0.09
239104,0.15
239120,0.15
239123,0.16
239140,0.26
239144,0.12
239145,0.15
239146,0.07
239153,0.07
239155,0.07
239161,0.2
239168,0.15
239177,0.2
239180,0.14
239193,0.11
239199,0.11
239206,0.16
239207,0.17
239209,0.12
239221,0.07
239225,0.1
239227,0.14
239237,0.11
239249,0.13
239273,0.31
239282,0.12
239290,0.15
239298,0.07
239302,0.14
239307,0.27
239309,0.14
239314,0.16
239319,0.28
239328,0.13
239334,0.08
239343,0.15
239344,0.17
239356,0.22
239357,0.19
239428,0.1
239429,0.21
239453,0.13
239471,0.27
239479,0.11
239480,0.15
239485,0.09
239489,0.14
239518,0.3
239522,0.14
239525,0.14
239540,0.22
239567,0.15
239573,0.14
239574,0.11
239578,0.16
239587,0.11
239588,0.17
239597,0.21
239603,0.09
239612,0.15
239616,0.21
239617,0.13
239618,0.24
239631,0.21
239639,0.29
239644,0.05
239672,0.11
239680,0.28
239685,0.05
239687,0.13
239715,0.13
239722,0.09
239733,0.1
239746,0.16
239748,0.1
239760,0.29
239765,0.23
239766,0.25
239774,0.18
239775,0.16
239788,0.19
239795,0.16
239796,0.06
239801,0.19
239808,0.09
239816,0.07
239819,0.05
239825,0.11
239832,0.16
239840,0.13
239845,0.07
239853,0.07
239862,0.1
239867,0.09
239873,0.13
239884,0.25
239920,0.1
239924,0.13
239937,0.05
239938,0.05
239948,0.24
239951,0.12
239952,0.2
239996,0.05
239998,0.24
240013,0.13
240027,0.1
240028,0.06
240036,0.19
240041,0.22
240046,0.14
240063,0.09
240076,0.1
240082,0.28
240086,0.13
240087,0.1
240089,0.27
240090,0.1
240093,0.11
240110,0.13
240111,0.18
240113,0.1
240117,0.07
240118,0.17
240120,0.13
240125,0.21
240130,0.11
240131,0.36
240133,0.09
240138,0.16
240149,0.18
240161,0.18
240177,0.24
240188,0.21
240197,0.15
240204,0.32
240215,0.12
240257,0.11
240266,0.11
240284,0.19
240296,0.15
240300,0.22
240312,0.11
240314,0.32
240320,0.09
240321,0.22
240337,0.17
240339,0.15
240341,0.2
240342,0.15
240346,0.17
240348,0.18
240364,0.13
240378,0.15
240382,0.15
240387,0.12
240404,0.1
240409,0.22
240412,0.13
240413,0.19
240414,0.13
240415,0.11
240416,0.12
240427,0.12
240428,0.11
240438,0.19
240447,0.13
240489,0.19
240494,0.15
240495,0.16
240507,0.15
240526,0.16
240530,0.12
240531,0.22
240554,0.2
240559,0.08
240561,0.11
240577,0.18
240578,0.11
240585,0.13
240587,0.06
240594,0.1
240603,0.09
240615,0.16
240629,0.1
240631,0.09
240637,0.06
240646,0.22
240649,0.12
240657,0.12
240664,0.16
240665,0.29
240668,0.11
240670,0.14
240685,0.12
240689,0.12
240702,0.12
240707,0.23
240709,0.22
240712,0.26
240716,0.15
240717,0.11
240725,0.08
240733,0.17
240742,0.29
240744,0.09
240819,0.21
240820,0.14
240826,0.12
240836,0.29
240839,0.07
240847,0.1
240859,0.29
240866,0.24
240868,0.08
240875,0.07
240878,0.16
240888,0.15
240896,0.22
240897,0.29
240898,0.24
240899,0.23
240900,0.17
240901,0.26
240902,0.08
240903,0.13
240904,0.09
240910,0.09
240916,0.12
240921,0.09
240923,0.16
240929,0.1
240930,0.12
240931,0.07
240932,0.18
240938,0.09
240943,0.14
240948,0.11
240954,0.09
240972,0.12
240992,0.09
240993,0.15
240994,0.15
241018,0.07
241026,0.13
241031,0.13
241052,0.11
241060,0.13
241076,0.18
241113,0.14
241116,0.25
241118,0.12
241121,0.12
241130,0.07
241142,0.14
241146,0.16
241159,0.08
241160,0.07
241161,0.16
241163,0.35
241176,0.18
241187,0.11
241188,0.19
241191,0.09
241192,0.09
241198,0.39
241208,0.24
241210,0.12
241226,0.1
241244,0.15
241252,0.11
241254,0.11
241256,0.15
241264,0.14
241266,0.24
241267,0.13
241274,0.14
241279,0.1
241281,0.18
241284,0.11
241293,0.11
241330,0.12
241333,0.08
241344,0.22
241348,0.22
241359,0.15
241362,0.28
241372,0.07
241377,0.08
241381,0.14
241390,0.15
241395,0.06
241397,0.13
241401,0.1
241402,0.15
241415,0.17
241417,0.12
241426,0.23
241432,0.13
241436,0.09
241444,0.08
241447,0.25
241456,0.12
241457,0.09
241464,0.09
241465,0.12
241469,0.1
241479,0.17
241482,0.17
241488,0.2
241489,0.12
241507,0.23
241509,0.13
241511,0.12
241520,0.23
241523,0.12
241536,0.21
241545,0.18
241574,0.07
241577,0.26
241599,0.26
241608,0.1
241627,0.1
241631,0.07
241640,0.12
241642,0.07
241645,0.19
241647,0.12
241649,0.14
241654,0.2
241655,0.07
241657,0.2
241665,0.14
241671,0.2
241678,0.14
241683,0.13
241686,0.12
241699,0.26
241704,0.25
241706,0.19
241709,0.21
241718,0.08
241723,0.15
241729,0.12
241739,0.27
241741,0.07
241752,0.11
241756,0.2
241763,0.08
241779,0.13
241793,0.11
241797,0.13
241804,0.17
241813,0.15
241816,0.07
241817,0.13
241821,0.1
241838,0.28
241839,0.16
241855,0.13
241857,0.17
241887,0.15
241888,0.11
241899,0.27
241903,0.22
241908,0.26
241914,0.17
241919,0.13
241933,0.14
241943,0.15
241947,0.12
241957,0.17
241960,0.14
241961,0.11
241965,0.1
241971,0.07
241982,0.12
241990,0.15
242011,0.15
242022,0.1
242023,0.15
242025,0.18
242035,0.07
242037,0.05
242043,0.05
242067,0.14
242075,0.2
242077,0.13
242088,0.22
242103,0.11
242125,0.13
242134,0.23
242143,0.17
242144,0.13
242148,0.15
242155,0.04
242163,0.12
242171,0.19
242182,0.12
242185,0.11
242188,0.34
242201,0.25
242203,0.14
242204,0.08
242208,0.19
242210,0.11
242217,0.14
242219,0.09
242222,0.2
242224,0.36
242229,0.17
242231,0.42
242236,0.14
242256,0.18
242264,0.11
242269,0.07
242280,0.15
242281,0.13
242285,0.13
242295,0.09
242302,0.18
242314,0.17
242319,0.12
242332,0.2
242338,0.11
242342,0.28
242343,0.14
242345,0.11
242354,0.22
242361,0.18
242365,0.2
242373,0.13
242378,0.12
242383,0.19
242385,0.23
242389,0.13
242397,0.32
242404,0.28
242406,0.16
242410,0.15
242436,0.13
242439,0.13
242440,0.23
242444,0.17
242445,0.21
242455,0.07
242477,0.1
242479,0.29
242484,0.08
242491,0.21
242492,0.15
242497,0.07
242498,0.1
242499,0.24
242500,0.13
242501,0.08
242502,0.13
242516,0.12
242518,0.09
242523,0.2
242525,0.18
242537,0.12
242549,0.18
242550,0.11
242553,0.03
242554,0.15
242561,0.1
242566,0.28
242567,0.14
242587,0.08
242598,0.15
242609,0.26
242611,0.22
242614,0.3
242617,0.34
242622,0.16
242623,0.33
242629,0.07
242633,0.1
242636,0.28
242637,0.18
242642,0.14
242651,0.15
242655,0.1
242667,0.16
242668,0.11
242670,0.08
242681,0.11
242689,0.07
242690,0.23
242692,0.1
242693,0.15
242699,0.18
242706,0.08
242712,0.22
242714,0.21
242715,0.09
242721,0.22
242725,0.15
242728,0.14
242740,0.15
242741,0.08
242762,0.13
242766,0.11
242772,0.08
242779,0.18
242782,0.15
242795,0.26
242796,0.1
242800,0.12
242810,0.26
242816,0.25
242824,0.12
242829,0.29
242833,0.06
242837,0.18
242851,0.16
242857,0.17
242858,0.32
242860,0.13
242874,0.2
242876,0.09
242877,0.08
242879,0.08
242890,0.12
242897,0.08
242898,0.15
242904,0.06
242916,0.1
242920,0.19
242924,0.18
242930,0.21
242936,0.12
242938,0.18
242951,0.14
242952,0.09
242956,0.1
242970,0.28
242972,0.1
242973,0.18
242975,0.14
242979,0.22
242985,0.07
242989,0.06
242994,0.24
242996,0.24
243004,0.04
243013,0.05
243015,0.12
243017,0.1
243022,0.05
243075,0.36
243077,0.19
243089,0.19
243096,0.07
243099,0.11
243109,0.18
243110,0.09
243111,0.13
243112,0.19
243114,0.19
243124,0.23
243128,0.26
243136,0.08
243143,0.14
243148,0.22
243151,0.09
243152,0.17
243163,0.11
243170,0.1
243173,0.12
243184,0.19
243187,0.16
243193,0.21
243206,0.23
243208,0.15
243236,0.17
243237,0.2
243241,0.09
243244,0.15
243251,0.13
243256,0.16
243257,0.11
243263,0.11
243265,0.16
243276,0.14
243283,0.12
243287,0.09
243289,0.21
243291,0.08
243294,0.11
243299,0.17
243301,0.24
243302,0.09
243310,0.2
243313,0.19
243334,0.17
243335,0.09
243345,0.2
243353,0.07
243369,0.09
243371,0.19
243375,0.09
243383,0.24
243387,0.09
243390,0.26
243398,0.1
243399,0.15
243401,0.08
243412,0.11
243430,0.2
243433,0.13
243440,0.17
243445,0.2
243475,0.14
243481,0.13
243501,0.28
243518,0.1
243528,0.12
243544,0.14
243550,0.1
243555,0.11
243558,0.13
243559,0.25
243569,0.25
243580,0.18
243581,0.1
243590,0.07
243611,0.11
243619,0.19
243643,0.12
243659,0.2
243664,0.07
243665,0.26
243679,0.13
243680,0.21
243681,0.14
243689,0.13
243699,0.13
243700,0.15
243703,0.09
243714,0.33
243734,0.11
243741,0.27
243747,0.14
243757,0.14
243764,0.26
243766,0.21
243770,0.14
243774,0.17
243777,0.09
243778,0.12
243783,0.09
243788,0.18
243801,0.11
243802,0.16
243805,0.29
243821,0.09
243828,0.1
243831,0.2
243838,0.28
243850,0.04
243861,0.23
243871,0.33
243873,0.09
243874,0.16
243875,0.2
243891,0.16
243893,0.07
243900,0.1
243907,0.16
243908,0.11
243916,0.22
243921,0.13
243943,0.2
243958,0.28
243963,0.22
243965,0.19
243968,0.14
243978,0.19
243993,0.13
243996,0.09
244004,0.14
244006,0.19
244045,0.08
244046,0.15
244047,0.07
244049,0.13
244051,0.17
244058,0.16
244093,0.12
244100,0.1
244102,0.2
244104,0.1
244108,0.14
244112,0.19
244114,0.16
244134,0.13
244136,0.1
244140,0.13
244151,0.09
244152,0.22
244164,0.33
244168,0.11
244173,0.08
244176,0.12
244179,0.08
244189,0.09
244201,0.13
244205,0.2
244212,0.27
244216,0.16
244226,0.1
244228,0.09
244238,0.21
244246,0.09
244252,0.16
244257,0.09
244266,0.13
244268,0.15
244280,0.11
244290,0.12
244294,0.24
244295,0.24
244296,0.39
244298,0.1
244307,0.13
244321,0.19
244322,0.13
244324,0.08
244335,0.17
244346,0.14
244364,0.15
244372,0.18
244377,0.1
244387,0.28
244388,0.12
244395,0.15
244396,0.09
244403,0.15
244416,0.19
244417,0.19
244420,0.16
244421,0.15
244428,0.16
244429,0.23
244432,0.22
244456,0.13
244460,0.15
244461,0.16
244464,0.06
244470,0.07
244475,0.21
244484,0.13
244487,0.13
244489,0.2
244498,0.23
244526,0.11
244529,0.33
244534,0.1
244536,0.19
244543,0.25
244545,0.14
244555,0.08
244560,0.22
244562,0.21
244570,0.17
244572,0.25
244574,0.23
244605,0.18
244612,0.11
244624,0.14
244631,0.07
244632,0.31
244643,0.05
244652,0.26
244666,0.07
244671,0.14
244672,0.15
244683,0.14
244690,0.12
244696,0.09
244703,0.1
244710,0.13
244713,0.16
244719,0.08
244724,0.14
244736,0.13
244763,0.25
244764,0.25
244765,0.31
244767,0.14
244772,0.18
244786,0.11
244789,0.13
244794,0.17
244799,0.1
244810,0.18
244815,0.16
244830,0.15
244848,0.11
244852,0.08
244866,0.14
244867,0.08
244874,0.08
244887,0.08
244891,0.13
244897,0.29
244898,0.09
244909,0.1
244910,0.14
244913,0.1
244925,0.21
244928,0.15
244932,0.14
244942,0.1
244943,0.2
244949,0.15
244954,0.22
244971,0.11
244973,0.34
244989,0.23
245001,0.15
245012,0.06
245026,0.16
245030,0.18
245036,0.13
245049,0.23
245057,0.04
245062,0.12
245063,0.14
245074,0.11
245076,0.23
245105,0.26
245106,0.11
245121,0.06
245124,0.25
245129,0.14
245133,0.17
245138,0.12
245150,0.18
245156,0.26
245157,0.15
245168,0.24
245170,0.06
245177,0.13
245178,0.14
245182,0.17
245208,0.13
245219,0.16
245221,0.12
245222,0.11
245224,0.05
245225,0.12
245233,0.18
245234,0.17
245244,0.08
245253,0.23
245260,0.11
245272,0.09
245281,0.09
245296,0.24
245297,0.2
245303,0.23
245309,0.13
245313,0.08
245316,0.15
245328,0.21
245344,0.11
245351,0.23
245357,0.16
245367,0.12
245369,0.2
245376,0.14
245381,0.16
245411,0.19
245426,0.13
245428,0.07
245430,0.14
245437,0.24
245443,0.15
245450,0.13
245452,0.1
245468,0.13
245481,0.06
245486,0.11
245496,0.05
245501,0.24
245502,0.08
245503,0.13
245564,0.25
245567,0.21
245568,0.22
245576,0.37
245577,0.14
245578,0.14
245595,0.22
245598,0.1
245604,0.12
245611,0.1
245615,0.21
245617,0.14
245627,0.17
245659,0.17
245661,0.19
245681,0.11
245687,0.22
245697,0.17
245708,0.11
245713,0.16
245717,0.08
245720,0.09
245721,0.15
245724,0.22
245728,0.12
245738,0.16
245746,0.12
245747,0.25
245748,0.18
245766,0.14
245767,0.22
245784,0.11
245792,0.13
245802,0.13
245804,0.14
245815,0.09
245820,0.07
245830,0.15
245834,0.11
245836,0.07
245844,0.11
245853,0.12
245862,0.13
245863,0.09
245882,0.1
245892,0.09
245906,0.2
245913,0.14
245926,0.11
245932,0.21
245933,0.13
245934,0.21
245939,0.18
245948,0.13
245955,0.14
245957,0.1
245967,0.18
245979,0.16
245980,0.14
245989,0.09
245992,0.15
245994,0.09
246006,0.16
246010,0.09
246017,0.14
246041,0.11
246045,0.12
246053,0.15
246057,0.15
246059,0.15
246061,0.07
246079,0.2
246082,0.11
246089,0.13
246091,0.08
246102,0.25
246127,0.23
246134,0.13
246135,0.19
246138,0.33
246143,0.15
246146,0.21
246148,0.14
246152,0.19
246155,0.15
246164,0.12
246171,0.21
246185,0.14
246192,0.3
246200,0.21
246208,0.14
246210,0.17
246213,0.16
246214,0.27
246229,0.1
246242,0.13
246250,0.12
246258,0.12
246267,0.28
246273,0.22
246287,0.11
246289,0.22
246290,0.16
246302,0.12
246303,0.06
246304,0.06
246312,0.16
246319,0.32
246321,0.11
246335,0.11
246337,0.12
246348,0.11
246358,0.12
246362,0.23
246369,0.15
246374,0.1
246382,0.24
246384,0.23
246386,0.28
246390,0.16
246396,0.08
246400,0.23
246401,0.1
246405,0.14
246415,0.22
246416,0.12
246418,0.26
246422,0.1
246423,0.12
246426,0.18
246429,0.16
246432,0.17
246444,0.16
246448,0.24
246455,0.12
246469,0.12
246482,0.15
246488,0.12
246489,0.27
246491,0.16
246502,0.11
246516,0.16
246524,0.19
246525,0.31
246543,0.17
246550,0.14
246554,0.19
246558,0.19
246559,0.19
246560,0.12
246561,0.18
246562,0.09
246564,0.13
246585,0.29
246615,0.2
246618,0.1
246619,0.17
246621,0.29
246624,0.09
246625,0.06
246627,0.29
246628,0.11
246631,0.22
246633,0.18
246654,0.28
246660,0.14
246665,0.14
246669,0.15
246681,0.12
246700,0.15
246705,0.17
246708,0.18
246711,0.13
246724,0.17
246740,0.18
246744,0.12
246745,0.34
246746,0.16
246748,0.06
246752,0.29
246758,0.16
246762,0.13
246765,0.12
246786,0.13
246798,0.14
246807,0.15
246816,0.27
246820,0.08
246833,0.08
246835,0.23
246836,0.25
246845,0.26
246849,0.04
246857,0.23
246861,0.13
246871,0.21
246872,0.25
246877,0.08
246879,0.14
246894,0.19
246896,0.14
246905,0.1
246907,0.19
246928,0.08
246935,0.15
246939,0.11
246947,0.08
246951,0.07
246956,0.13
246972,0.12
246979,0.06
247003,0.13
247005,0.23
247006,0.13
247008,0.16
247014,0.16
247027,0.06
247032,0.22
247036,0.24
247080,0.13
247083,0.09
247086,0.16
247092,0.14
247098,0.11
247103,0.13
247105,0.11
247108,0.1
247118,0.19
247123,0.14
247129,0.2
247139,0.08
247147,0.09
247153,0.2
247157,0.08
247179,0.21
247190,0.15
247213,0.18
247220,0.14
247234,0.12
247260,0.1
247265,0.14
247269,0.23
247272,0.15
247277,0.1
247278,0.23
247280,0.11
247290,0.2
247296,0.13
247314,0.26
247316,0.22
247328,0.2
247332,0.15
247336,0.23
247340,0.26
247342,0.11
247347,0.16
247350,0.15
247351,0.08
247353,0.25
247354,0.09
247360,0.12
247371,0.14
247378,0.05
247394,0.18
247402,0.1
247406,0.2
247409,0.06
247446,0.17
247453,0.09
247455,0.21
247463,0.14
247484,0.1
247485,0.12
247492,0.16
247497,0.15
247510,0.14
247521,0.14
247527,0.17
247534,0.3
247537,0.16
247558,0.07
247559,0.14
247560,0.14
247567,0.12
247572,0.14
247582,0.17
247583,0.14
247594,0.16
247595,0.06
247597,0.07
247598,0.14
247607,0.16
247619,0.17
247632,0.28
247638,0.22
247639,0.18
247646,0.05
247655,0.15
247660,0.11
247672,0.11
247677,0.11
247682,0.13
247685,0.07
247690,0.2
247701,0.04
247708,0.26
247715,0.1
247734,0.08
247758,0.13
247761,0.14
247763,0.15
247766,0.07
247774,0.11
247775,0.14
247779,0.09
247781,0.12
247783,0.09
247785,0.06
247787,0.09
247793,0.11
247798,0.12
247802,0.21
247805,0.07
247814,0.2
247816,0.19
247834,0.11
247836,0.14
247844,0.19
247849,0.18
247852,0.07
247859,0.11
247861,0.19
247867,0.07
247868,0.17
247883,0.29
247890,0.08
247892,0.22
247896,0.1
247897,0.07
247902,0.23
247904,0.11
247909,0.15
247910,0.09
247911,0.15
247929,0.13
247930,0.08
247935,0.09
247942,0.26
247950,0.08
247951,0.17
247972,0.13
247989,0.09
247993,0.11
247995,0.2
248012,0.16
248018,0.15
248019,0.14
248036,0.04
248037,0.16
248039,0.09
248040,0.19
248043,0.14
248054,0.14
248056,0.17
248068,0.23
248075,0.22
248085,0.07
248087,0.12
248089,0.12
248095,0.13
248105,0.15
248109,0.13
248115,0.11
248131,0.23
248135,0.09
248148,0.12
248154,0.19
248156,0.11
248165,0.09
248169,0.12
248173,0.07
248179,0.12
248187,0.16
248204,0.08
248207,0.11
248210,0.13
248212,0.14
248214,0.11
248229,0.08
248236,0.12
248239,0.17
248240,0.21
248246,0.08
248249,0.16
248261,0.15
248267,0.12
248268,0.15
248272,0.17
248276,0.09
248293,0.14
248303,0.13
248307,0.1
248308,0.22
248327,0.1
248330,0.16
248345,0.13
248355,0.09
248364,0.13
248368,0.2
248373,0.2
248375,0.24
248378,0.19
248390,0.12
248394,0.14
248405,0.11
248409,0.12
248411,0.11
248415,0.19
248416,0.2
248419,0.22
248421,0.17
248422,0.12
248424,0.14
248427,0.21
248429,0.3
248435,0.22
248452,0.07
248461,0.14
248467,0.15
248472,0.21
248473,0.09
248476,0.18
248488,0.14
248489,0.2
248505,0.1
248509,0.21
248510,0.15
248512,0.11
248524,0.36
248526,0.21
248528,0.13
248533,0.15
248546,0.1
248568,0.09
248570,0.12
248579,0.1
248583,0.17
248585,0.13
248586,0.17
248596,0.08
248597,0.21
248601,0.11
248605,0.18
248613,0.09
248618,0.08
248622,0.13
248626,0.08
248627,0.09
248628,0.09
248635,0.16
248636,0.17
248644,0.13
248667,0.17
248675,0.13
248677,0.11
248693,0.19
248694,0.11
248699,0.1
248706,0.16
248726,0.1
248728,0.07
248731,0.12
248736,0.22
248738,0.26
248739,0.1
248744,0.13
248745,0.14
248756,0.11
248760,0.09
248767,0.26
248770,0.2
248772,0.2
248773,0.12
248785,0.1
248789,0.08
248791,0.18
248797,0.06
248826,0.11
248853,0.06
248854,0.09
248856,0.15
248861,0.11
248869,0.31
248871,0.18
248877,0.09
248883,0.24
248891,0.05
248892,0.25
248905,0.16
248910,0.26
248914,0.11
248921,0.13
248931,0.1
248934,0.06
248951,0.05
248954,0.14
248961,0.13
248966,0.06
248968,0.24
248977,0.08
248978,0.16
248986,0.25
249000,0.07
249005,0.17
249025,0.15
249040,0.27
249045,0.08
249056,0.14
249057,0.12
249075,0.17
249084,0.12
249089,0.23
249095,0.29
249101,0.23
249113,0.09
249116,0.14
249118,0.14
249137,0.14
249140,0.16
249149,0.14
249151,0.14
249154,0.13
249155,0.19
249171,0.13
249173,0.3
249190,0.13
249191,0.13
249197,0.11
249205,0.17
249212,0.3
249228,0.27
249235,0.11
249266,0.15
249269,0.12
249277,0.09
249298,0.13
249305,0.16
249310,0.14
249313,0.16
249320,0.2
249321,0.11
249332,0.06
249333,0.22
249339,0.1
249343,0.28
249345,0.11
249347,0.18
249348,0.19
249358,0.1
249370,0.33
249382,0.16
249397,0.15
249398,0.16
249400,0.13
249403,0.26
249412,0.15
249421,0.21
249422,0.12
249426,0.13
249445,0.19
249460,0.1
249465,0.15
249467,0.14
249481,0.22
249495,0.09
249496,0.24
249505,0.1
249507,0.19
249523,0.09
249528,0.16
249532,0.21
249534,0.11
249540,0.15
249542,0.15
249557,0.09
249559,0.4
249578,0.19
249581,0.13
249588,0.12
249595,0.16
249603,0.23
249615,0.1
249630,0.18
249636,0.07
249640,0.06
249648,0.13
249657,0.16
249661,0.1
249664,0.1
249668,0.19
249677,0.12
249681,0.15
249687,0.14
249688,0.23
249695,0.36
249703,0.11
249705,0.16
249718,0.23
249719,0.1
249720,0.2
249726,0.11
249728,0.16
249742,0.13
249764,0.17
249768,0.13
249770,0.13
249774,0.1
249779,0.13
249783,0.12
249801,0.38
249808,0.16
249818,0.1
249820,0.2
249832,0.21
249839,0.13
249843,0.23
249845,0.08
249847,0.23
249878,0.26
249883,0.07
249895,0.15
249898,0.23
249906,0.08
249909,0.14
249913,0.21
249920,0.24
249921,0.06
249928,0.33
249941,0.16
249951,0.09
249955,0.19
250020,0.14
250022,0.2
250026,0.21
250038,0.17
250045,0.14
250048,0.14
250049,0.19
250051,0.14
250056,0.13
250073,0.14
250085,0.06
250088,0.2
250091,0.12
250092,0.15
250093,0.12
250095,0.16
250098,0.12
250105,0.18
250114,0.12
250127,0.12
250134,0.13
250137,0.14
250153,0.12
250156,0.2
250176,0.23
250188,0.08
250189,0.21
250211,0.22
250212,0.11
250217,0.18
250226,0.16
250236,0.43
250237,0.14
250246,0.11
250270,0.19
250276,0.2
250299,0.15
250311,0.13
250312,0.24
250319,0.08
250324,0.15
250331,0.09
250340,0.15
250347,0.15
250354,0.08
250358,0.08
250359,0.1
250361,0.3
250363,0.11
250371,0.19
250377,0.16
250381,0.09
250391,0.08
250415,0.12
250416,0.34
250430,0.24
250431,0.16
250438,0.1
250444,0.24
250453,0.22
250458,0.15
250462,0.35
250469,0.22
250473,0.05
250481,0.17
250498,0.26
250502,0.25
250508,0.11
250514,0.05
250521,0.17
250522,0.23
250530,0.12
250531,0.19
250533,0.06
250539,0.13
250541,0.11
250545,0.16
250557,0.22
250576,0.2
250579,0.1
250585,0.33
250586,0.1
250591,0.2
250592,0.11
250596,0.17
250616,0.12
250617,0.11
250632,0.14
250636,0.2
250640,0.13
250657,0.25
250658,0.25
250661,0.15
250684,0.11
250685,0.07
250691,0.22
250692,0.19
250712,0.12
250713,0.05
250719,0.18
250737,0.23
250749,0.14
250772,0.16
250773,0.22
250774,0.12
250781,0.22
250783,0.11
250810,0.13
250814,0.16
250819,0.18
250831,0.19
250855,0.09
250867,0.22
250878,0.14
250887,0.14
250889,0.11
250890,0.11
250900,0.2
250904,0.11
250909,0.15
250913,0.23
250914,0.15
250915,0.18
250918,0.12
250922,0.19
250925,0.06
250939,0.1
250949,0.13
250956,0.22
250961,0.12
250963,0.11
250965,0.07
250968,0.18
250970,0.19
250981,0.19
250990,0.07
251001,0.16
251002,0.08
251011,0.14
251013,0.1
251021,0.12
251022,0.15
251029,0.1
251046,0.12
251047,0.06
251058,0.09
251063,0.1
251064,0.23
251073,0.28
251083,0.09
251085,0.18
251091,0.13
251096,0.16
251105,0.34
251115,0.19
251123,0.12
251133,0.17
251152,0.08
251165,0.1
251180,0.08
251196,0.46
251197,0.17
251214,0.06
251215,0.33
251217,0.14
251219,0.09
251233,0.12
251234,0.23
251245,0.12
251248,0.28
251255,0.09
251267,0.11
251272,0.16
251276,0.11
251288,0.11
251297,0.19
251298,0.18
251300,0.17
251301,0.07
251302,0.11
251303,0.28
251311,0.07
251314,0.15
251322,0.09
251324,0.16
251333,0.23
251336,0.21
251341,0.11
251346,0.11
251370,0.12
251378,0.07
251396,0.1
251401,0.12
251413,0.09
251422,0.09
251423,0.19
251434,0.21
251436,0.1
251443,0.11
251445,0.11
251455,0.16
251465,0.06
251470,0.12
251475,0.36
251488,0.18
251498,0.12
251504,0.11
251506,0.14
251530,0.11
251534,0.15
251538,0.22
251543,0.12
251557,0.15
251558,0.14
251567,0.07
251575,0.2
251579,0.13
251598,0.21
251599,0.14
251606,0.19
251608,0.17
251620,0.17
251624,0.12
251629,0.17
251631,0.19
251654,0.18
251671,0.09
251677,0.1
251682,0.1
251684,0.21
251689,0.13
251700,0.16
251716,0.13
251719,0.2
251727,0.2
251731,0.28
251732,0.2
251737,0.12
251744,0.17
251750,0.09
251754,0.26
251759,0.21
251761,0.33
251762,0.11
251765,0.15
251768,0.15
251770,0.05
251777,0.07
251786,0.12
251795,0.12
251805,0.07
251833,0.18
251839,0.11
251848,0.45
251851,0.15
251893,0.14
251909,0.14
251918,0.22
251920,0.09
251922,0.14
251923,0.25
251926,0.14
251933,0.15
251938,0.17
251948,0.11
251955,0.17
251956,0.19
251957,0.1
251964,0.1
251965,0.08
251966,0.1
251972,0.1
251980,0.17
252003,0.08
252016,0.14
252028,0.08
252032,0.1
252046,0.17
252054,0.09
252060,0.14
252073,0.19
252088,0.21
252092,0.13
252096,0.13
252113,0.09
252115,0.12
252121,0.06
252133,0.17
252135,0.11
252145,0.16
252151,0.12
252167,0.19
252169,0.1
252175,0.13
252189,0.2
252190,0.19
252191,0.14
252198,0.13
252212,0.09
252223,0.08
252224,0.15
252228,0.18
252253,0.17
252257,0.33
252261,0.19
252265,0.35
252272,0.18
252273,0.24
252286,0.35
252312,0.14
252322,0.16
252326,0.17
252332,0.08
252345,0.14
252348,0.18
252354,0.13
252358,0.25
252364,0.1
252366,0.19
252369,0.25
252374,0.16
252382,0.11
252417,0.24
252425,0.2
252426,0.18
252429,0.14
252434,0.31
252447,0.11
252450,0.09
252452,0.23
252460,0.14
252463,0.1
252465,0.09
252492,0.22
252493,0.23
252518,0.32
252522,0.19
252524,0.12
252531,0.09
252533,0.11
252540,0.2
252543,0.06
252544,0.09
252555,0.21
252558,0.18
252562,0.11
252565,0.26
252568,0.15
252569,0.11
252573,0.12
252582,0.11
252596,0.16
252599,0.1
252603,0.11
252606,0.09
252630,0.15
252636,0.12
252651,0.14
252653,0.04
252679,0.33
252682,0.21
252687,0.31
252713,0.11
252715,0.08
252721,0.29
252726,0.12
252746,0.12
252754,0.17
252760,0.1
252762,0.26
252763,0.1
252764,0.19
252768,0.14
252773,0.07
252774,0.16
252782,0.17
252784,0.14
252797,0.12
252798,0.17
252809,0.22
252819,0.21
252840,0.16
252862,0.12
252863,0.16
252865,0.17
252870,0.22
252880,0.11
252881,0.09
252888,0.16
252889,0.11
252894,0.11
252899,0.19
252911,0.22
252918,0.11
252926,0.06
252929,0.08
252932,0.21
252939,0.13
252940,0.14
252970,0.15
252971,0.06
252980,0.09
252981,0.13
252986,0.11
252990,0.15
253004,0.12
253011,0.13
253015,0.11
253022,0.16
253032,0.15
253044,0.26
253056,0.15
253065,0.07
253066,0.11
253067,0.14
253079,0.08
253088,0.07
253098,0.1
253099,0.3
253112,0.26
253113,0.17
253133,0.16
253149,0.16
253151,0.17
253153,0.18
253160,0.11
253164,0.2
253169,0.2
253177,0.07
253183,0.28
253198,0.15
253206,0.15
253214,0.13
253218,0.1
253224,0.06
253227,0.13
253231,0.1
253247,0.2
253251,0.09
253262,0.09
253264,0.1
253265,0.16
253273,0.18
253275,0.16
253278,0.13
253284,0.26
253298,0.12
253313,0.23
253317,0.1
253322,0.07
253326,0.15
253332,0.26
253338,0.17
253339,0.07
253346,0.14
253348,0.26
253350,0.2
253357,0.23
253363,0.25
253365,0.04
253369,0.14
253373,0.16
253378,0.15
253383,0.27
253392,0.16
253395,0.14
253398,0.14
253410,0.2
253419,0.11
253420,0.19
253421,0.25
253441,0.16
253442,0.2
253446,0.13
253447,0.11
253465,0.2
253488,0.2
253492,0.11
253499,0.29
253500,0.22
253501,0.23
253509,0.11
253521,0.11
253534,0.13
253544,0.06
253555,0.24
253557,0.23
253559,0.04
253583,0.19
253587,0.17
253589,0.09
253591,0.08
253596,0.12
253600,0.18
253605,0.16
253620,0.1
253628,0.12
253631,0.22
253634,0.06
253639,0.12
253641,0.22
253661,0.11
253672,0.05
253679,0.16
253683,0.13
253696,0.14
253706,0.21
253708,0.16
253712,0.13
253717,0.13
253720,0.09
253731,0.13
253734,0.24
253743,0.2
253744,0.09
253748,0.17
253754,0.11
253761,0.14
253787,0.17
253788,0.11
253796,0.18
253826,0.25
253829,0.13
253837,0.2
253841,0.17
253843,0.1
253844,0.17
253845,0.1
253849,0.28
253854,0.22
253861,0.13
253863,0.21
253875,0.11
253891,0.13
253894,0.26
253895,0.24
253918,0.21
253930,0.09
253939,0.13
253940,0.12
253945,0.2
253950,0.07
253951,0.17
253964,0.2
253967,0.15
253975,0.33
253986,0.08
253998,0.18
254017,0.1
254025,0.11
254026,0.17
254031,0.1
254035,0.07
254040,0.06
254042,0.1
254047,0.06
254051,0.31
254056,0.17
254060,0.29
254068,0.15
254073,0.3
254088,0.16
254100,0.11
254110,0.19
254115,0.06
254116,0.26
254125,0.28
254130,0.13
254135,0.15
254149,0.16
254161,0.11
254167,0.1
254176,0.18
254205,0.11
254226,0.11
254228,0.11
254238,0.11
254242,0.29
254257,0.35
254261,0.19
254280,0.16
254295,0.14
254316,0.18
254325,0.13
254326,0.23
254327,0.15
254335,0.1
254342,0.11
254347,0.12
254355,0.28
254358,0.11
254359,0.15
254368,0.08
254376,0.17
254382,0.15
254383,0.14
254390,0.11
254392,0.18
254394,0.07
254400,0.05
254406,0.19
254411,0.19
254421,0.18
254435,0.13
254437,0.11
254440,0.07
254460,0.23
254470,0.11
254471,0.21
254472,0.11
254483,0.28
254493,0.1
254513,0.09
254518,0.29
254520,0.26
254534,0.17
254537,0.21
254562,0.11
254567,0.08
254577,0.18
254578,0.21
254580,0.17
254586,0.17
254591,0.23
254593,0.06
254597,0.24
254599,0.09
254613,0.08
254629,0.17
254631,0.17
254633,0.1
254639,0.15
254642,0.14
254650,0.18
254659,0.06
254662,0.08
254671,0.2
254672,0.13
254674,0.17
254676,0.26
254679,0.12
254701,0.15
254722,0.09
254728,0.2
254742,0.07
254748,0.06
254750,0.1
254751,0.1
254753,0.18
254773,0.17
254783,0.09
254805,0.1
254806,0.14
254810,0.04
254817,0.11
254820,0.13
254829,0.12
254835,0.1
254837,0.15
254843,0.12
254850,0.16
254858,0.16
254861,0.16
254884,0.08
254885,0.16
254890,0.05
254910,0.16
254916,0.16
254917,0.11
254920,0.12
254926,0.08
254928,0.11
254930,0.18
254937,0.12
254940,0.04
254953,0.21
254956,0.12
254969,0.07
254982,0.22
254988,0.18
254998,0.08
255013,0.24
255017,0.14
255018,0.09
255029,0.13
255033,0.19
255035,0.18
255061,0.26
255067,0.05
255068,0.12
255070,0.29
255084,0.1
255096,0.19
255106,0.21
255114,0.11
255117,0.12
255135,0.18
255142,0.21
255143,0.21
255146,0.26
255155,0.16
255156,0.17
255158,0.1
255167,0.1
255172,0.09
255199,0.14
255204,0.12
255206,0.08
255210,0.13
255226,0.1
255230,0.08
255253,0.17
255259,0.11
255260,0.18
255278,0.14
255288,0.15
255312,0.19
255317,0.08
255319,0.25
255320,0.24
255322,0.16
255332,0.28
255337,0.19
255344,0.12
255347,0.14
255348,0.15
255351,0.12
255366,0.16
255371,0.1
255372,0.1
255373,0.43
255377,0.16
255378,0.17
255405,0.17
255408,0.11
255425,0.24
255434,0.27
255441,0.07
255442,0.16
255451,0.17
255486,0.1
255490,0.31
255493,0.11
255501,0.07
255503,0.12
255515,0.25
255522,0.23
255526,0.16
255538,0.17
255541,0.19
255546,0.26
255549,0.08
255557,0.07
255564,0.17
255568,0.07
255572,0.17
255581,0.1
255585,0.08
255586,0.2
255596,0.21
255598,0.1
255600,0.3
255619,0.24
255620,0.09
255623,0.08
255631,0.14
255632,0.28
255633,0.28
255646,0.17
255647,0.25
255649,0.14
255659,0.11
255666,0.12
255669,0.15
255674,0.16
255675,0.15
255678,0.2
255682,0.26
255690,0.25
255691,0.09
255694,0.11
255706,0.1
255717,0.08
255720,0.08
255723,0.16
255724,0.23
255729,0.17
255731,0.25
255733,0.02
255734,0.23
255738,0.1
255760,0.18
255766,0.11
255770,0.08
255772,0.06
255775,0.18
255776,0.07
255786,0.09
255795,0.17
255797,0.29
255810,0.13
255813,0.11
255829,0.15
255830,0.08
255832,0.14
255847,0.11
255853,0.18
255876,0.16
255881,0.11
255883,0.1
255891,0.1
255899,0.07
255900,0.12
255906,0.2
255907,0.15
255911,0.11
255921,0.13
255925,0.2
255930,0.15
255941,0.17
255948,0.12
255969,0.16
255973,0.18
255974,0.13
255976,0.16
255977,0.17
255978,0.12
255981,0.09
255988,0.14
255990,0.07
255992,0.22
255998,0.12
256015,0.14
256016,0.1
256036,0.11
256045,0.15
256050,0.13
256066,0.28
256076,0.27
256080,0.12
256083,0.14
256086,0.14
256103,0.15
256108,0.15
256114,0.08
256115,0.12
256139,0.13
256141,0.14
256146,0.23
256150,0.1
256177,0.2
256179,0.1
256194,0.21
256195,0.12
256200,0.19
256204,0.09
256205,0.22
256213,0.21
256222,0.13
256224,0.07
256235,0.14
256264,0.17
256268,0.18
256276,0.07
256277,0.15
256282,0.09
256285,0.1
256293,0.1
256294,0.09
256296,0.16
256297,0.17
256315,0.09
256317,0.15
256334,0.2
256339,0.11
256342,0.26
256345,0.14
256348,0.23
256350,0.19
256351,0.21
256357,0.18
256375,0.19
256377,0.2
256379,0.18
256392,0.09
256398,0.16
256419,0.16
256422,0.08
256424,0.08
256431,0.08
256432,0.12
256438,0.26
256459,0.09
256460,0.19
256506,0.26
256507,0.09
256511,0.11
256513,0.2
256519,0.08
256533,0.17
256539,0.07
256590,0.12
256606,0.31
256614,0.16
256642,0.15
256644,0.11
256653,0.13
256663,0.08
256666,0.14
256669,0.14
256678,0.16
256685,0.25
256705,0.08
256708,0.09
256713,0.08
256715,0.17
256718,0.16
256745,0.12
256752,0.11
256753,0.14
256754,0.26
256763,0.13
256772,0.15
256773,0.16
256774,0.25
256776,0.19
256783,0.11
256790,0.11
256801,0.19
256802,0.26
256803,0.24
256808,0.1
256809,0.16
256810,0.11
256818,0.19
256824,0.04
256825,0.21
256826,0.1
256829,0.18
256834,0.2
256843,0.17
256866,0.28
256875,0.13
256876,0.14
256887,0.13
256888,0.14
256894,0.08
256909,0.21
256918,0.15
256927,0.13
256931,0.16
256933,0.21
256937,0.19
256950,0.12
256955,0.11
256962,0.17
256972,0.07
256985,0.2
256987,0.21
256993,0.15
257000,0.14
257017,0.06
257019,0.11
257020,0.15
257022,0.18
257023,0.26
257025,0.19
257050,0.21
257056,0.1
257060,0.18
257064,0.23
257066,0.15
257071,0.17
257073,0.09
257076,0.1
257084,0.06
257088,0.28
257102,0.1
257118,0.17
257119,0.07
257120,0.17
257131,0.08
257145,0.16
257150,0.11
257154,0.17
257169,0.25
257192,0.19
257200,0.1
257204,0.05
257205,0.22
257213,0.16
257216,0.14
257219,0.06
257232,0.15
257234,0.16
257244,0.2
257251,0.09
257255,0.16
257260,0.1
257263,0.28
257267,0.12
257277,0.09
257293,0.15
257294,0.12
257304,0.11
257307,0.05
257312,0.13
257324,0.15
257325,0.17
257326,0.11
257353,0.08
257354,0.12
257369,0.14
257372,0.07
257375,0.15
257388,0.17
257393,0.21
257395,0.09
257399,0.12
257406,0.14
257409,0.11
257437,0.14
257441,0.1
257442,0.09
257473,0.17
257476,0.11
257477,0.32
257483,0.11
257500,0.16
257506,0.3
257508,0.11
257511,0.19
257514,0.14
257527,0.32
257528,0.17
257545,0.13
257546,0.16
257548,0.16
257551,0.15
257564,0.12
257565,0.18
257567,0.16
257572,0.17
257575,0.31
257577,0.29
257578,0.07
257585,0.16
257589,0.29
257590,0.24
257594,0.12
257596,0.09
257614,0.17
257618,0.26
257624,0.22
257632,0.1
257638,0.1
257644,0.2
257650,0.13
257653,0.12
257660,0.22
257663,0.22
257665,0.07
257677,0.3
257678,0.13
257690,0.21
257700,0.09
257711,0.15
257712,0.36
257715,0.12
257718,0.13
257720,0.06
257740,0.13
257748,0.11
257765,0.13
257768,0.13
257777,0.11
257778,0.15
257785,0.17
257789,0.18
257794,0.22
257796,0.21
257821,0.06
257823,0.23
257832,0.13
257844,0.24
257848,0.29
257854,0.16
257861,0.21
257872,0.13
257875,0.11
257876,0.16
257883,0.05
257888,0.17
257895,0.07
257900,0.14
257906,0.06
257907,0.16
257920,0.15
257921,0.18
257926,0.18
257932,0.12
257940,0.15
257947,0.28
257953,0.11
257958,0.15
257967,0.19
257977,0.1
257986,0.07
258012,0.18
258013,0.1
258031,0.05
258034,0.05
258037,0.33
258051,0.27
258056,0.1
258058,0.17
258066,0.18
258074,0.2
258077,0.11
258090,0.15
258109,0.12
258114,0.13
258124,0.09
258127,0.17
258141,0.08
258148,0.15
258151,0.18
258163,0.22
258166,0.13
258169,0.16
258179,0.15
258190,0.1
258193,0.1
258207,0.34
258220,0.14
258222,0.12
258223,0.16
258225,0.07
258227,0.03
258231,0.15
258233,0.25
258249,0.16
258255,0.14
258259,0.19
258276,0.11
258281,0.27
258302,0.07
258305,0.11
258310,0.14
258334,0.25
258335,0.23
258338,0.02
258345,0.13
258360,0.06
258363,0.13
258381,0.21
258384,0.09
258387,0.11
258400,0.14
258402,0.35
258406,0.22
258408,0.18
258432,0.09
258443,0.08
258461,0.11
258488,0.22
258489,0.06
258508,0.21
258524,0.13
258527,0.07
258545,0.1
258549,0.12
258560,0.11
258565,0.12
258567,0.12
258575,0.2
258590,0.1
258591,0.06
258592,0.17
258603,0.11
258606,0.13
258610,0.04
258627,0.23
258631,0.14
258637,0.2
258638,0.14
258640,0.18
258645,0.05
258651,0.16
258652,0.28
258653,0.16
258662,0.07
258663,0.09
258671,0.14
258679,0.16
258685,0.16
258686,0.32
258697,0.14
258705,0.24
258723,0.18
258724,0.15
258734,0.05
258763,0.19
258764,0.11
258771,0.12
258773,0.1
258782,0.18
258784,0.08
258790,0.09
258811,0.11
258817,0.09
258818,0.15
258832,0.18
258837,0.18
258841,0.31
258842,0.12
258843,0.13
258860,0.13
258875,0.16
258881,0.09
258887,0.07
258889,0.08
258924,0.15
258925,0.29
258948,0.13
258949,0.12
258963,0.21
258964,0.14
258966,0.32
258973,0.06
258974,0.23
258979,0.1
258989,0.13
258997,0.13
259001,0.02
259013,0.18
259018,0.26
259020,0.27
259031,0.13
259044,0.22
259050,0.29
259064,0.15
259078,0.13
259088,0.34
259124,0.09
259125,0.13
259135,0.16
259137,0.11
259146,0.12
259148,0.3
259168,0.22
259178,0.15
259194,0.18
259198,0.07
259204,0.06
259209,0.13
259223,0.1
259228,0.12
259234,0.24
259237,0.21
259246,0.16
259247,0.11
259249,0.14
259264,0.1
259274,0.12
259281,0.22
259283,0.19
259284,0.13
259285,0.13
259286,0.09
259291,0.28
259304,0.15
259309,0.17
259322,0.15
259323,0.35
259331,0.22
259339,0.17
259344,0.2
259350,0.1
259353,0.12
259356,0.21
259365,0.19
259377,0.14
259397,0.06
259403,0.09
259411,0.03
259415,0.09
259420,0.17
259423,0.22
259424,0.12
259431,0.12
259434,0.13
259438,0.17
259439,0.06
259441,0.17
259452,0.1
259460,0.12
259471,0.13
259483,0.23
259494,0.15
259496,0.07
259500,0.12
259512,0.14
259526,0.15
259528,0.14
259548,0.13
259568,0.18
259593,0.16
259603,0.13
259611,0.1
259620,0.13
259621,0.28
259623,0.13
259633,0.17
259648,0.09
259678,0.15
259691,0.09
259693,0.09
259708,0.15
259720,0.21
259734,0.06
259741,0.25
259749,0.13
259750,0.05
259752,0.15
259755,0.2
259759,0.17
259776,0.1
259779,0.1
259790,0.16
259797,0.04
259799,0.12
259804,0.13
259807,0.12
259810,0.11
259811,0.28
259822,0.09
259833,0.13
259838,0.14
259844,0.14
259846,0.16
259848,0.16
259861,0.19
259867,0.12
259876,0.14
259880,0.14
259897,0.2
259908,0.23
259912,0.14
259920,0.18
259922,0.04
259928,0.14
259932,0.16
259946,0.07
259962,0.41
259982,0.09
259985,0.1
259994,0.19
259996,0.23
260000,0.16
260007,0.16
260018,0.09
260021,0.11
260038,0.1
260051,0.21
260052,0.1
260070,0.05
260074,0.15
260080,0.15
260092,0.15
260097,0.13
260101,0.08
260108,0.14
260117,0.15
260129,0.13
260142,0.11
260145,0.11
260146,0.19
260147,0.11
260148,0.19
260153,0.16
260156,0.11
260171,0.06
260202,0.09
260221,0.12
260222,0.09
260226,0.2
260227,0.15
260247,0.1
260251,0.19
260261,0.09
260264,0.16
260266,0.15
260268,0.17
260289,0.15
260301,0.09
260316,0.18
260348,0.12
260359,0.21
260364,0.28
260391,0.22
260422,0.09
260435,0.14
260438,0.1
260446,0.06
260447,0.13
260458,0.15
260461,0.17
260469,0.05
260471,0.16
260482,0.36
260484,0.09
260487,0.21
260489,0.11
260500,0.14
260508,0.14
260509,0.18
260512,0.2
260525,0.11
260530,0.25
260533,0.12
260538,0.16
260541,0.17
260546,0.17
260551,0.05
260556,0.22
260561,0.16
260566,0.13
260572,0.19
260579,0.25
260582,0.17
260583,0.08
260584,0.22
260586,0.18
260589,0.15
260608,0.15
260632,0.15
260634,0.1
260635,0.25
260645,0.11
260659,0.14
260665,0.11
260673,0.13
260675,0.13
260676,0.09
260700,0.2
260721,0.3
260723,0.13
260732,0.21
260738,0.07
260748,0.14
260782,0.2
260806,0.06
260820,0.14
260825,0.14
260830,0.07
260844,0.14
260858,0.14
260860,0.13
260863,0.04
260867,0.16
260875,0.11
260877,0.16
260902,0.3
260910,0.14
260913,0.1
260923,0.06
260926,0.37
260936,0.09
260937,0.27
260948,0.24
260949,0.12
260959,0.22
260962,0.32
260986,0.23
260988,0.12
260992,0.17
260997,0.1
261007,0.18
261031,0.13
261039,0.14
261044,0.14
261055,0.11
261058,0.08
261069,0.13
261079,0.13
261084,0.22
261097,0.18
261101,0.1
261111,0.19
261115,0.17
261116,0.25
261121,0.23
261124,0.12
261126,0.15
261132,0.13
261161,0.08
261162,0.1
261175,0.09
261187,0.18
261191,0.11
261195,0.03
261197,0.16
261204,0.12
261231,0.08
261248,0.07
261263,0.32
261268,0.15
261273,0.21
261274,0.09
261277,0.23
261283,0.18
261293,0.12
261302,0.17
261309,0.08
261318,0.1
261340,0.25
261346,0.14
261355,0.1
261357,0.15
261365,0.18
261366,0.21
261376,0.14
261380,0.14
261385,0.32
261403,0.17
261416,0.18
261424,0.16
261425,0.09
261431,0.17
261433,0.08
261435,0.16
261440,0.1
261450,0.09
261456,0.37
261464,0.23
261465,0.15
261473,0.12
261475,0.09
261476,0.16
261480,0.13
261481,0.18
261495,0.12
261500,0.16
261506,0.14
261544,0.11
261551,0.08
261566,0.14
261573,0.1
261587,0.03
261592,0.11
261594,0.11
261626,0.16
261635,0.21
261649,0.14
261653,0.09
261660,0.22
261668,0.1
261669,0.08
261676,0.14
261688,0.07
261691,0.13
261699,0.1
261704,0.13
261718,0.24
261719,0.16
261735,0.09
261742,0.09
261746,0.3
261749,0.18
261759,0.11
261763,0.09
261772,0.16
261795,0.22
261798,0.18
261804,0.07
261806,0.11
261813,0.22
261814,0.15
261827,0.09
261835,0.14
261839,0.14
261840,0.17
261845,0.1
261846,0.16
261850,0.15
261853,0.09
261870,0.27
261871,0.13
261883,0.13
261885,0.09
261888,0.19
261892,0.1
261895,0.1
261906,0.07
261912,0.19
261918,0.14
261926,0.13
261930,0.12
261947,0.19
261956,0.19
261958,0.14
261960,0.26
261961,0.22
261965,0.16
261967,0.32
261968,0.13
261974,0.17
261980,0.18
261981,0.18
261983,0.11
261992,0.17
261998,0.05
262002,0.2
262006,0.2
262014,0.08
262017,0.15
262021,0.16
262038,0.2
262040,0.07
262043,0.23
262052,0.21
262054,0.2
262056,0.05
262058,0.13
262062,0.19
262065,0.14
262067,0.16
262070,0.15
262078,0.13
262084,0.14
262091,0.35
262092,0.2
262112,0.22
262114,0.15
262132,0.13
262140,0.24
262152,0.24
262159,0.2
262172,0.16
262180,0.14
262181,0.06
262188,0.29
262202,0.08
262206,0.18
262213,0.15
262227,0.12
262239,0.1
262243,0.13
262246,0.07
262251,0.1
262269,0.14
262272,0.17
262276,0.12
262277,0.04
262278,0.12
262281,0.15
262298,0.1
262308,0.07
262316,0.13
262320,0.08
262321,0.23
262337,0.33
262354,0.29
262362,0.13
262364,0.12
262365,0.15
262372,0.08
262373,0.08
262380,0.09
262392,0.17
262399,0.09
262407,0.23
262418,0.21
262429,0.31
262430,0.09
262446,0.05
262455,0.07
262459,0.13
262475,0.07
262478,0.19
262492,0.08
262520,0.13
262535,0.23
262537,0.15
262538,0.18
262541,0.05
262554,0.15
262559,0.12
262561,0.16
262562,0.12
262575,0.38
262576,0.13
262579,0.18
262581,0.26
262590,0.07
262599,0.1
262607,0.1
262608,0.13
262613,0.12
262620,0.08
262621,0.26
262622,0.2
262623,0.22
262629,0.2
262633,0.17
262650,0.14
262655,0.11
262659,0.09
262660,0.14
262663,0.08
262665,0.13
262666,0.16
262679,0.08
262681,0.21
262702,0.13
262705,0.11
262716,0.07
262725,0.17
262732,0.09
262743,0.07
262749,0.21
262752,0.21
262756,0.15
262758,0.23
262772,0.22
262784,0.17
262791,0.14
262793,0.18
262802,0.25
262814,0.16
262817,0.18
262820,0.09
262827,0.17
262832,0.09
262845,0.19
262847,0.07
262859,0.17
262862,0.17
262864,0.1
262865,0.09
262887,0.12
262914,0.18
262939,0.13
262943,0.15
262958,0.19
262963,0.14
262970,0.1
262979,0.24
262986,0.06
263004,0.09
263015,0.14
263016,0.08
263028,0.11
263029,0.18
263031,0.1
263044,0.1
263046,0.19
263056,0.12
263059,0.09
263061,0.28
263077,0.17
263087,0.15
263105,0.13
263116,0.19
263120,0.21
263127,0.35
263137,0.14
263166,0.12
263175,0.22
263184,0.05
263185,0.12
263205,0.11
263208,0.06
263210,0.16
263220,0.14
263224,0.22
263228,0.21
263240,0.08
263243,0.12
263288,0.09
263290,0.19
263306,0.15
263312,0.13
263319,0.21
263326,0.05
263331,0.18
263339,0.18
263347,0.17
263353,0.19
263355,0.2
263368,0.16
263408,0.11
263414,0.11
263421,0.13
263440,0.17
263458,0.12
263460,0.05
263475,0.07
263477,0.11
263479,0.09
263489,0.12
263492,0.11
263493,0.15
263498,0.11
263510,0.19
263513,0.07
263514,0.16
263517,0.1
263518,0.09
263548,0.07
263561,0.14
263564,0.1
263565,0.2
263576,0.12
263580,0.22
263582,0.13
263584,0.13
263593,0.32
263594,0.15
263598,0.15
263602,0.17
263611,0.25
263640,0.2
263642,0.08
263643,0.16
263646,0.19
263658,0.08
263664,0.16
263683,0.16
263703,0.19
263705,0.14
263709,0.09
263715,0.07
263728,0.19
263732,0.23
263735,0.11
263748,0.11
263750,0.09
263751,0.23
263759,0.15
263763,0.1
263765,0.12
263780,0.12
263783,0.14
263786,0.24
263794,0.12
263799,0.07
263802,0.24
263803,0.11
263820,0.15
263846,0.18
263857,0.12
263858,0.11
263860,0.33
263864,0.1
263870,0.13
263879,0.09
263881,0.17
263882,0.16
263895,0.13
263909,0.2
263918,0.13
263940,0.19
263945,0.11
263946,0.1
263947,0.12
263948,0.19
263962,0.16
263972,0.27
263974,0.08
263981,0.19
263984,0.11
263992,0.27
264001,0.11
264007,0.12
264010,0.05
264011,0.22
264015,0.13
264023,0.21
264030,0.2
264033,0.11
264037,0.13
264043,0.07
264044,0.08
264045,0.24
264050,0.15
264055,0.21
264059,0.13
264060,0.2
264062,0.25
264069,0.17
264077,0.11
264078,0.03
264087,0.1
264094,0.22
264095,0.25
264112,0.1
264113,0.16
264131,0.07
264145,0.25
264148,0.05
264157,0.18
264161,0.22
264173,0.25
264188,0.1
264195,0.07
264198,0.25
264199,0.13
264207,0.1
264209,0.12
264226,0.12
264227,0.08
264243,0.2
264246,0.35
264252,0.17
264254,0.1
264259,0.13
264274,0.1
264280,0.29
264285,0.15
264299,0.14
264331,0.12
264334,0.05
264338,0.16
264341,0.2
264344,0.1
264347,0.31
264350,0.12
264360,0.07
264365,0.12
264367,0.11
264378,0.15
264381,0.13
264397,0.1
264401,0.16
264405,0.06
264417,0.16
264422,0.07
264423,0.1
264424,0.13
264436,0.25
264441,0.08
264451,0.09
264453,0.09
264457,0.18
264460,0.1
264464,0.06
264469,0.15
264485,0.09
264491,0.09
264505,0.1
264535,0.11
264538,0.09
264541,0.15
264544,0.13
264545,0.1
264549,0.26
264557,0.17
264563,0.16
264569,0.16
264574,0.17
264587,0.17
264608,0.22
264610,0.29
264621,0.06
264627,0.09
264642,0.17
264644,0.07
264655,0.2
264660,0.12
264667,0.19
264691,0.17
264694,0.15
264695,0.11
264700,0.18
264709,0.09
264712,0.13
264714,0.11
264722,0.08
264728,0.12
264742,0.11
264744,0.1
264748,0.1
264760,0.27
264763,0.08
264771,0.08
264773,0.14
264782,0.26
264786,0.13
264787,0.18
264809,0.18
264811,0.04
264822,0.11
264823,0.21
264831,0.13
264834,0.25
264841,0.11
264848,0.19
264849,0.23
264863,0.26
264867,0.08
264874,0.1
264875,0.12
264877,0.12
264897,0.1
264900,0.13
264906,0.2
264909,0.17
264913,0.05
264922,0.07
264924,0.14
264927,0.17
264935,0.09
264938,0.3
264968,0.14
264975,0.18
264979,0.11
264989,0.12
265001,0.2
265009,0.1
265014,0.15
265016,0.19
265027,0.2
265049,0.12
265061,0.31
265062,0.12
265068,0.13
265072,0.17
265100,0.12
265105,0.14
265106,0.12
265110,0.19
265123,0.1
265126,0.2
265131,0.11
265134,0.26
265144,0.12
265146,0.24
265154,0.09
265164,0.06
265170,0.06
265172,0.08
265173,0.13
265178,0.13
265187,0.18
265191,0.26
265194,0.33
265216,0.14
265228,0.11
265231,0.11
265232,0.09
265233,0.21
265242,0.21
265243,0.09
265246,0.11
265259,0.16
265265,0.2
265266,0.16
265268,0.25
265280,0.07
265287,0.08
265297,0.14
265298,0.21
265300,0.2
265301,0.16
265305,0.27
265307,0.1
265314,0.14
265320,0.17
265331,0.09
265333,0.23
265336,0.15
265337,0.2
265344,0.14
265346,0.13
265371,0.08
265380,0.09
265386,0.12
265389,0.11
265409,0.23
265414,0.08
265415,0.18
265419,0.08
265422,0.19
265457,0.06
265461,0.17
265463,0.21
265468,0.16
265474,0.22
265478,0.07
265480,0.43
265488,0.17
265493,0.13
265510,0.2
265519,0.18
265521,0.27
265529,0.11
265533,0.2
265577,0.14
265591,0.24
265596,0.21
265607,0.14
265618,0.15
265619,0.12
265620,0.17
265628,0.19
265661,0.15
265669,0.11
265680,0.15
265707,0.11
265714,0.06
265716,0.15
265717,0.14
265718,0.15
265723,0.1
265730,0.13
265732,0.15
265744,0.26
265751,0.24
265760,0.13
265777,0.08
265783,0.15
265791,0.13
265792,0.11
265797,0.12
265798,0.11
265806,0.21
265815,0.09
265816,0.23
265821,0.19
265833,0.16
265854,0.16
265856,0.14
265858,0.13
265862,0.16
265863,0.16
265879,0.13
265881,0.08
265894,0.16
265895,0.48
265896,0.18
265898,0.1
265900,0.12
265907,0.07
265910,0.26
265917,0.24
265941,0.12
265955,0.13
265957,0.11
265961,0.16
265966,0.08
265969,0.16
265974,0.15
265976,0.05
265979,0.16
265985,0.07
265988,0.1
265990,0.14
265991,0.2
265993,0.09
265995,0.26
266009,0.14
266010,0.17
266014,0.28
266020,0.14
266022,0.21
266029,0.23
266045,0.09
266057,0.12
266060,0.21
266065,0.17
266071,0.17
266072,0.13
266074,0.13
266076,0.22
266089,0.14
266091,0.18
266097,0.17
266099,0.22
266106,0.15
266117,0.12
266120,0.13
266129,0.11
266132,0.11
266139,0.19
266140,0.17
266141,0.08
266146,0.24
266149,0.08
266159,0.13
266165,0.15
266171,0.35
266173,0.12
266177,0.15
266179,0.11
266186,0.17
266210,0.21
266227,0.1
266266,0.21
266291,0.07
266319,0.16
266321,0.14
266323,0.15
266329,0.07
266331,0.13
266333,0.18
266334,0.21
266338,0.09
266340,0.14
266344,0.11
266354,0.12
266359,0.09
266362,0.13
266364,0.17
266365,0.1
266379,0.19
266380,0.18
266387,0.11
266393,0.12
266396,0.13
266406,0.12
266418,0.21
266424,0.11
266440,0.26
266442,0.13
266444,0.14
266453,0.25
266455,0.22
266461,0.08
266462,0.19
266465,0.15
266466,0.16
266468,0.51
266471,0.19
266479,0.26
266499,0.21
266536,0.2
266543,0.18
266544,0.08
266556,0.12
266561,0.21
266573,0.17
266578,0.16
266590,0.22
266596,0.22
266624,0.18
266629,0.22
266635,0.14
266644,0.13
266650,0.09
266659,0.2
266666,0.15
266668,0.18
266674,0.27
266680,0.25
266686,0.19
266714,0.12
266730,0.04
266734,0.2
266740,0.22
266745,0.05
266749,0.2
266750,0.15
266751,0.23
266752,0.11
266753,0.1
266759,0.2
266763,0.1
266766,0.1
266783,0.09
266805,0.07
266812,0.08
266813,0.24
266816,0.18
266819,0.14
266820,0.32
266833,0.08
266842,0.13
266847,0.17
266848,0.13
266865,0.22
266867,0.16
266874,0.07
266885,0.15
266888,0.13
266890,0.2
266932,0.09
266941,0.23
266942,0.25
266948,0.1
266959,0.12
266977,0.09
266983,0.07
266984,0.11
266999,0.25
267000,0.24
267023,0.29
267031,0.25
267035,0.14
267046,0.17
267050,0.1
267058,0.06
267070,0.14
267079,0.13
267080,0.18
267093,0.08
267094,0.12
267102,0.12
267107,0.07
267108,0.14
267113,0.1
267127,0.1
267136,0.15
267143,0.18
267155,0.17
267180,0.08
267182,0.17
267184,0.07
267192,0.07
267195,0.18
267220,0.15
267228,0.06
267237,0.21
267241,0.27
267242,0.34
267247,0.16
267259,0.22
267260,0.17
267265,0.21
267269,0.19
267272,0.26
267275,0.04
267282,0.25
267284,0.33
267294,0.06
267298,0.16
267304,0.25
267316,0.15
267324,0.16
267327,0.14
267333,0.13
267338,0.12
267341,0.12
267342,0.14
267344,0.22
267345,0.35
267347,0.12
267361,0.28
267374,0.12
267379,0.1
267380,0.16
267382,0.08
267394,0.11
267403,0.11
267405,0.21
267412,0.13
267421,0.29
267437,0.13
267438,0.11
267443,0.07
267446,0.12
267460,0.26
267466,0.34
267469,0.29
267474,0.28
267488,0.13
267490,0.07
267496,0.52
267499,0.17
267501,0.13
267518,0.33
267522,0.19
267524,0.14
267532,0.09
267535,0.32
267547,0.13
267550,0.1
267559,0.25
267581,0.16
267586,0.14
267588,0.23
267592,0.15
267597,0.2
267600,0.07
267608,0.12
267620,0.16
267625,0.22
267628,0.05
267633,0.14
267639,0.14
267649,0.1
267659,0.19
267662,0.14
267671,0.19
267672,0.12
267677,0.07
267679,0.18
267682,0.16
267687,0.11
267689,0.07
267690,0.19
267707,0.34
267709,0.11
267716,0.06
267738,0.07
267744,0.25
267752,0.04
267754,0.3
267755,0.14
267757,0.16
267758,0.08
267767,0.27
267771,0.19
267808,0.21
267815,0.23
267833,0.2
267841,0.06
267843,0.11
267847,0.05
267857,0.1
267869,0.28
267881,0.2
267887,0.11
267890,0.13
267892,0.17
267895,0.13
267899,0.16
267906,0.13
267912,0.16
267917,0.09
267927,0.08
267930,0.17
267934,0.06
267950,0.2
267965,0.1
267966,0.04
267976,0.17
267998,0.09
267999,0.15
268012,0.21
268013,0.12
268014,0.1
268020,0.14
268028,0.19
268032,0.19
268039,0.2
268041,0.11
268046,0.14
268059,0.15
268064,0.13
268066,0.17
268073,0.19
268077,0.11
268085,0.17
268090,0.16
268109,0.15
268139,0.26
268151,0.1
268153,0.24
268155,0.31
268163,0.15
268166,0.17
268185,0.09
268189,0.13
268190,0.03
268192,0.13
268211,0.22
268213,0.12
268214,0.16
268220,0.16
268225,0.1
268227,0.17
268230,0.12
268247,0.33
268250,0.12
268268,0.19
268269,0.11
268271,0.14
268274,0.13
268280,0.18
268291,0.14
268299,0.11
268301,0.14
268306,0.15
268307,0.11
268310,0.14
268317,0.27
268328,0.18
268329,0.06
268337,0.14
268338,0.12
268357,0.07
268363,0.11
268373,0.09
268380,0.09
268386,0.14
268394,0.09
268407,0.19
268411,0.27
268417,0.14
268421,0.16
268422,0.22
268426,0.06
268427,0.09
268439,0.24
268445,0.13
268446,0.2
268459,0.15
268465,0.24
268466,0.24
268495,0.11
268497,0.06
268504,0.22
268508,0.08
268513,0.3
268525,0.1
268545,0.07
268546,0.07
268550,0.17
268568,0.11
268570,0.13
268590,0.14
268591,0.14
268602,0.22
268609,0.1
268616,0.11
268623,0.16
268645,0.27
268652,0.26
268668,0.36
268685,0.19
268707,0.14
268711,0.17
268714,0.08
268736,0.1
268746,0.23
268747,0.16
268749,0.14
268760,0.31
268761,0.06
268764,0.38
268781,0.11
268790,0.11
268799,0.12
268809,0.19
268814,0.1
268817,0.16
268822,0.11
268827,0.17
268828,0.14
268829,0.09
268845,0.27
268853,0.04
268859,0.14
268900,0.04
268911,0.08
268913,0.18
268917,0.21
268930,0.13
268934,0.07
268935,0.34
268938,0.17
268948,0.15
268950,0.09
268958,0.1
268975,0.08
268982,0.11
268983,0.14
268997,0.05
269009,0.13
269012,0.16
269017,0.19
269031,0.18
269038,0.16
269041,0.24
269045,0.13
269050,0.13
269056,0.12
269058,0.16
269060,0.13
269067,0.12
269082,0.16
269098,0.18
269105,0.09
269117,0.19
269123,0.14
269128,0.08
269143,0.2
269149,0.15
269162,0.29
269168,0.23
269172,0.26
269175,0.16
269189,0.1
269194,0.19
269197,0.16
269204,0.17
269211,0.07
269217,0.19
269222,0.14
269227,0.12
269228,0.15
269232,0.2
269250,0.14
269251,0.06
269257,0.28
269262,0.16
269263,0.09
269267,0.12
269275,0.11
269276,0.13
269279,0.06
269293,0.33
269300,0.2
269305,0.1
269309,0.13
269317,0.13
269352,0.26
269377,0.15
269378,0.08
269389,0.11
269392,0.07
269394,0.16
269402,0.17
269408,0.15
269410,0.1
269417,0.13
269421,0.19
269462,0.18
269481,0.15
269488,0.31
269489,0.15
269491,0.23
269495,0.1
269503,0.05
269510,0.15
269515,0.21
269522,0.04
269523,0.17
269536,0.14
269537,0.17
269549,0.12
269571,0.25
269576,0.08
269587,0.18
269595,0.05
269601,0.13
269610,0.42
269618,0.13
269620,0.12
269623,0.13
269637,0.11
269642,0.04
269652,0.19
269655,0.09
269661,0.18
269663,0.21
269665,0.1
269666,0.21
269667,0.11
269673,0.2
269693,0.08
269701,0.1
269702,0.17
269704,0.08
269718,0.08
269727,0.11
269732,0.13
269736,0.2
269738,0.04
269741,0.08
269744,0.14
269749,0.34
269750,0.08
269758,0.12
269775,0.19
269776,0.1
269777,0.16
269789,0.06
269794,0.19
269797,0.21
269807,0.28
269813,0.1
269844,0.15
269848,0.12
269871,0.07
269877,0.12
269878,0.08
269887,0.15
269904,0.19
269913,0.33
269938,0.07
269941,0.21
269953,0.13
269954,0.2
269955,0.2
269958,0.17
269960,0.07
269966,0.17
269975,0.16
269978,0.15
269989,0.23
269993,0.17
269998,0.12
270001,0.16
270020,0.18
270023,0.11
270028,0.13
270048,0.19
270061,0.11
270062,0.25
270096,0.27
270108,0.12
270118,0.07
270120,0.24
270122,0.03
270127,0.12
270131,0.23
270142,0.2
270146,0.1
270148,0.05
270152,0.13
270165,0.11
270170,0.09
270188,0.08
270204,0.16
270235,0.1
270243,0.31
270254,0.13
270265,0.08
270270,0.29
270287,0.11
270295,0.17
270296,0.13
270302,0.21
270304,0.2
270307,0.04
270310,0.16
270317,0.1
270324,0.15
270326,0.08
270337,0.1
270363,0.18
270371,0.12
270373,0.19
270375,0.16
270376,0.28
270379,0.1
270383,0.21
270390,0.18
270393,0.1
270402,0.12
270410,0.2
270411,0.06
270412,0.23
270415,0.12
270417,0.17
270436,0.18
270440,0.09
270449,0.07
270450,0.15
270457,0.2
270460,0.14
270461,0.09
270467,0.08
270473,0.13
270486,0.19
270488,0.18
270513,0.21
270518,0.14
270522,0.12
270526,0.12
270532,0.18
270545,0.21
270548,0.22
270550,0.18
270562,0.07
270564,0.11
270571,0.12
270572,0.15
270574,0.11
270575,0.12
270579,0.15
270612,0.25
270613,0.24
270622,0.11
270636,0.1
270643,0.07
270644,0.17
270645,0.13
270658,0.05
270661,0.09
270665,0.1
270676,0.19
270685,0.21
270695,0.17
270712,0.21
270719,0.18
270740,0.1
270753,0.06
270756,0.18
270759,0.18
270760,0.14
270764,0.13
270767,0.13
270778,0.11
270782,0.2
270794,0.18
270795,0.31
270799,0.15
270807,0.09
270821,0.12
270826,0.22
270829,0.13
270831,0.09
270843,0.14
270844,0.16
270847,0.2
270854,0.12
270856,0.16
270861,0.06
270862,0.22
270864,0.16
270881,0.13
270883,0.11
270885,0.19
270888,0.15
270894,0.11
270906,0.17
270914,0.21
270919,0.13
270935,0.18
270945,0.16
270957,0.15
270966,0.17
270970,0.18
270971,0.13
270976,0.18
270977,0.31
270978,0.07
270979,0.18
270982,0.06
270987,0.21
270989,0.18
270991,0.1
270992,0.17
270993,0.18
270997,0.31
271010,0.23
271025,0.09
271037,0.17
271038,0.1
271054,0.17
271056,0.18
271065,0.13
271070,0.15
271095,0.11
271099,0.04
271102,0.1
271103,0.1
271105,0.22
271106,0.18
271117,0.05
271134,0.2
271135,0.16
271137,0.12
271145,0.13
271149,0.11
271195,0.05
271199,0.15
271200,0.24
271220,0.19
271233,0.18
271234,0.27
271236,0.16
271248,0.15
271250,0.17
271251,0.12
271255,0.12
271261,0.12
271269,0.08
271276,0.13
271296,0.13
271304,0.29
271314,0.14
271318,0.06
271322,0.12
271325,0.08
271354,0.04
271355,0.1
271359,0.09
271361,0.12
271363,0.4
271367,0.17
271368,0.15
271369,0.11
271393,0.23
271409,0.23
271415,0.1
271418,0.16
271429,0.11
271431,0.17
271432,0.24
271442,0.15
271446,0.17
271448,0.09
271450,0.31
271452,0.22
271460,0.1
271461,0.23
271472,0.13
271496,0.06
271515,0.12
271527,0.16
271537,0.23
271544,0.18
271562,0.19
271565,0.15
271566,0.24
271567,0.12
271570,0.29
271576,0.19
271582,0.33
271586,0.15
271593,0.17
271598,0.22
271606,0.24
271607,0.11
271616,0.2
271617,0.14
271624,0.11
271638,0.17
271652,0.12
271657,0.08
271662,0.14
271665,0.17
271667,0.14
271670,0.24
271675,0.2
271679,0.13
271682,0.23
271696,0.17
271699,0.05
271733,0.33
271739,0.12
271746,0.11
271753,0.04
271756,0.19
271762,0.14
271777,0.07
271781,0.09
271785,0.09
271786,0.1
271790,0.14
271801,0.18
271806,0.08
271807,0.12
271810,0.13
271811,0.09
271815,0.18
271847,0.12
271875,0.1
271878,0.15
271880,0.19
271883,0.05
271911,0.11
271912,0.08
271914,0.19
271922,0.13
271933,0.19
271945,0.13
271952,0.09
271954,0.15
271961,0.22
271967,0.14
271969,0.16
271980,0.21
271989,0.06
271991,0.12
272000,0.12
272004,0.18
272010,0.14
272013,0.26
272029,0.19
272030,0.07
272031,0.16
272035,0.1
272040,0.29
272043,0.16
272055,0.25
272068,0.1
272075,0.29
272081,0.11
272090,0.16
272104,0.08
272116,0.17
272121,0.11
272129,0.18
272143,0.17
272146,0.13
272148,0.26
272152,0.2
272167,0.12
272180,0.09
272192,0.07
272201,0.12
272205,0.15
272209,0.2
272211,0.14
272228,0.11
272233,0.25
272235,0.07
272249,0.26
272267,0.2
272270,0.13
272276,0.11
272302,0.25
272303,0.08
272308,0.12
272309,0.15
272311,0.14
272313,0.09
272353,0.1
272366,0.07
272367,0.15
272371,0.07
272381,0.13
272404,0.16
272405,0.16
272418,0.14
272419,0.22
272425,0.14
272438,0.17
272444,0.09
272445,0.08
272462,0.16
272474,0.13
272478,0.17
272479,0.25
272480,0.16
272482,0.19
272511,0.27
272512,0.06
272516,0.14
272517,0.07
272522,0.19
272537,0.08
272555,0.07
272564,0.16
272566,0.12
272573,0.12
272575,0.12
272583,0.15
272593,0.13
272627,0.05
272628,0.16
272630,0.12
272632,0.19
272635,0.37
272636,0.18
272661,0.16
272669,0.21
272672,0.05
272681,0.2
272682,0.14
272691,0.13
272697,0.14
272706,0.19
272708,0.09
272717,0.14
272722,0.18
272723,0.16
272737,0.07
272744,0.14
272752,0.27
272757,0.07
272760,0.08
272763,0.12
272768,0.08
272779,0.08
272781,0.23
272787,0.14
272795,0.13
272799,0.11
272820,0.15
272821,0.11
272829,0.16
272852,0.13
272863,0.2
272878,0.1
272886,0.17
272891,0.2
272903,0.16
272914,0.09
272928,0.22
272937,0.27
272938,0.15
272944,0.15
272965,0.17
272967,0.12
272969,0.13
272983,0.17
272998,0.15
273002,0.18
273005,0.16
273010,0.19
273011,0.11
273017,0.12
273021,0.12
273023,0.24
273027,0.2
273035,0.17
273047,0.32
273053,0.13
273060,0.19
273062,0.07
273074,0.15
273078,0.12
273079,0.06
273087,0.15
273107,0.19
273109,0.09
273112,0.17
273113,0.13
273117,0.19
273121,0.35
273137,0.13
273156,0.11
273157,0.11
273177,0.18
273192,0.09
273193,0.13
273194,0.15
273198,0.16
273199,0.08
273206,0.23
273213,0.1
273235,0.19
273244,0.1
273247,0.13
273248,0.19
273254,0.04
273259,0.11
273270,0.1
273272,0.13
273287,0.17
273289,0.19
273294,0.06
273301,0.14
273304,0.17
273313,0.12
273314,0.16
273333,0.14
273336,0.22
273343,0.09
273353,0.11
273359,0.12
273371,0.19
273402,0.1
273415,0.16
273420,0.5
273424,0.1
273428,0.09
273429,0.08
273443,0.2
273457,0.07
273458,0.09
273467,0.17
273477,0.2
273482,0.13
273495,0.09
273496,0.17
273503,0.11
273507,0.13
273508,0.18
273510,0.12
273524,0.32
273552,0.08
273556,0.17
273566,0.17
273579,0.08
273584,0.23
273595,0.08
273606,0.08
273623,0.09
273625,0.12
273638,0.25
273660,0.1
273664,0.1
273683,0.12
273686,0.09
273687,0.27
273699,0.21
273700,0.18
273719,0.15
273721,0.32
273728,0.22
273764,0.05
273770,0.11
273774,0.12
273792,0.22
273806,0.05
273807,0.06
273818,0.08
273823,0.18
273835,0.27
273856,0.12
273861,0.2
273863,0.14
273864,0.16
273874,0.29
273879,0.15
273892,0.2
273895,0.24
273899,0.07
273900,0.28
273912,0.18
273921,0.04
273941,0.14
273946,0.07
273954,0.2
273956,0.13
273962,0.13
273968,0.12
273985,0.2
274000,0.21
274003,0.13
274004,0.05
274006,0.14
274019,0.28
274022,0.28
274023,0.13
274034,0.1
274043,0.09
274052,0.18
274054,0.24
274058,0.26
274063,0.1
274070,0.14
274072,0.13
274081,0.07
274108,0.23
274118,0.33
274125,0.09
274129,0.11
274140,0.25
274142,0.1
274146,0.13
274147,0.13
274155,0.1
274163,0.14
274165,0.17
274174,0.09
274182,0.24
274186,0.13
274188,0.11
274193,0.11
274198,0.17
274216,0.13
274219,0.1
274225,0.28
274229,0.2
274248,0.14
274268,0.21
274274,0.11
274286,0.18
274289,0.18
274297,0.13
274302,0.09
274326,0.22
274346,0.14
274348,0.13
274349,0.07
274350,0.16
274353,0.05
274359,0.24
274364,0.09
274368,0.16
274373,0.19
274378,0.19
274389,0.16
274390,0.13
274391,0.11
274392,0.05
274396,0.17
274408,0.22
274409,0.08
274424,0.19
274453,0.19
274460,0.1
274465,0.22
274468,0.06
274481,0.19
274482,0.07
274484,0.09
274490,0.22
274509,0.15
274511,0.07
274515,0.26
274521,0.13
274523,0.09
274525,0.16
274539,0.3
274541,0.16
274574,0.23
274585,0.09
274587,0.09
274594,0.14
274600,0.21
274605,0.17
274611,0.11
274619,0.17
274641,0.19
274666,0.28
274688,0.16
274690,0.1
274699,0.2
274703,0.19
274715,0.12
274717,0.14
274760,0.24
274774,0.11
274791,0.19
274801,0.13
274804,0.17
274808,0.23
274813,0.11
274815,0.11
274818,0.11
274820,0.11
274829,0.15
274847,0.28
274865,0.12
274870,0.15
274881,0.18
274890,0.13
274894,0.08
274902,0.07
274905,0.11
274911,0.1
274912,0.22
274914,0.18
274927,0.07
274931,0.11
274944,0.21
274951,0.14
274953,0.17
274954,0.07
274961,0.09
274965,0.08
274972,0.17
274978,0.25
274984,0.16
274993,0.06
274996,0.18
275043,0.08
275048,0.17
275052,0.11
275059,0.1
275060,0.13
275071,0.1
275077,0.14
275078,0.24
275091,0.09
275098,0.26
275111,0.16
275120,0.32
275121,0.23
275125,0.17
275129,0.11
275139,0.08
275150,0.08
275153,0.12
275166,0.22
275185,0.2
275199,0.22
275201,0.06
275203,0.12
275216,0.15
275225,0.24
275226,0.1
275232,0.1
275254,0.09
275256,0.41
275272,0.27
275278,0.17
275280,0.12
275286,0.16
275288,0.07
275299,0.13
275306,0.08
275313,0.09
275314,0.08
275319,0.27
275324,0.05
275330,0.09
275334,0.08
275335,0.14
275337,0.14
275339,0.15
275351,0.17
275352,0.1
275367,0.09
275384,0.1
275392,0.17
275393,0.17
275408,0.17
275411,0.21
275413,0.25
275415,0.06
275416,0.15
275422,0.11
275424,0.21
275438,0.23
275440,0.12
275468,0.11
275469,0.08
275473,0.17
275482,0.12
275488,0.04
275502,0.17
275503,0.07
275511,0.14
275518,0.08
275520,0.12
275524,0.16
275531,0.09
275537,0.12
275558,0.12
275574,0.09
275576,0.19
275583,0.17
275588,0.06
275605,0.29
275612,0.15
275627,0.15
275633,0.09
275646,0.2
275647,0.23
275653,0.32
275661,0.29
275683,0.15
275688,0.06
275691,0.11
275713,0.23
275731,0.12
275735,0.25
275739,0.13
275761,0.16
275762,0.09
275767,0.09
275768,0.12
275769,0.24
275774,0.2
275776,0.12
275783,0.08
275800,0.14
275805,0.12
275836,0.09
275842,0.08
275855,0.2
275860,0.08
275870,0.23
275884,0.2
275897,0.19
275899,0.08
275900,0.08
275906,0.25
275912,0.3
275922,0.26
275929,0.43
275931,0.23
275932,0.13
275936,0.27
275937,0.16
275947,0.26
275949,0.36
275954,0.23
275958,0.11
275966,0.21
275967,0.1
275970,0.27
275989,0.2
275993,0.12
275995,0.13
275998,0.09
276007,0.16
276011,0.15
276029,0.24
276047,0.1
276048,0.09
276050,0.16
276054,0.18
276056,0.07
276057,0.2
276060,0.1
276084,0.17
276089,0.09
276118,0.14
276121,0.19
276122,0.15
276130,0.14
276134,0.17
276135,0.18
276142,0.26
276164,0.1
276195,0.22
276210,0.23
276235,0.08
276238,0.15
276242,0.08
276244,0.28
276247,0.1
276263,0.24
276306,0.16
276309,0.03
276319,0.18
276334,0.1
276338,0.08
276343,0.13
276344,0.06
276345,0.1
276348,0.14
276359,0.13
276363,0.15
276365,0.12
276366,0.23
276373,0.12
276378,0.18
276386,0.14
276405,0.24
276419,0.06
276422,0.07
276430,0.14
276437,0.15
276442,0.08
276444,0.14
276446,0.15
276455,0.25
276470,0.11
276472,0.15
276475,0.25
276479,0.03
276484,0.06
276487,0.22
276488,0.22
276495,0.16
276497,0.17
276508,0.3
276509,0.15
276516,0.15
276521,0.1
276525,0.15
276550,0.13
276560,0.1
276569,0.09
276584,0.1
276603,0.07
276615,0.08
276617,0.09
276622,0.19
276625,0.12
276629,0.04
276642,0.11
276664,0.1
276674,0.14
276675,0.38
276678,0.12
276692,0.07
276693,0.15
276697,0.07
276703,0.06
276705,0.1
276717,0.2
276728,0.1
276744,0.21
276762,0.15
276764,0.11
276781,0.16
276793,0.17
276798,0.07
276800,0.15
276805,0.14
276824,0.14
276826,0.11
276848,0.25
276854,0.14
276862,0.27
276865,0.15
276869,0.15
276880,0.11
276882,0.18
276886,0.21
276889,0.1
276892,0.18
276903,0.07
276906,0.17
276936,0.09
276945,0.13
276956,0.05
276958,0.13
276963,0.19
276966,0.16
276987,0.15
276993,0.13
276994,0.15
277004,0.1
277015,0.08
277021,0.23
277024,0.14
277032,0.21
277054,0.14
277055,0.07
277061,0.06
277065,0.14
277070,0.2
277079,0.16
277088,0.06
277108,0.29
277114,0.08
277121,0.2
277137,0.07
277148,0.19
277158,0.18
277162,0.16
277165,0.22
277167,0.18
277170,0.12
277172,0.12
277177,0.11
277179,0.27
277182,0.09
277185,0.11
277191,0.18
277200,0.16
277211,0.07
277217,0.08
277221,0.13
277226,0.1
277227,0.17
277228,0.25
277229,0.13
277244,0.2
277271,0.12
277274,0.11
277282,0.05
277286,0.11
277288,0.11
277290,0.13
277291,0.08
277296,0.08
277297,0.13
277320,0.13
277327,0.16
277335,0.31
277336,0.11
277338,0.28
277342,0.18
277344,0.07
277345,0.18
277349,0.15
277356,0.07
277370,0.23
277371,0.1
277379,0.1
277386,0.25
277390,0.19
277400,0.15
277401,0.15
277412,0.15
277413,0.13
277415,0.11
277417,0.23
277419,0.2
277422,0.17
277423,0.17
277425,0.14
277432,0.13
277438,0.08
277445,0.07
277447,0.2
277456,0.13
277457,0.11
277474,0.15
277488,0.12
277494,0.14
277501,0.22
277503,0.15
277510,0.18
277516,0.11
277521,0.26
277522,0.18
277530,0.14
277531,0.42
277536,0.17
277548,0.13
277550,0.18
277554,0.09
277555,0.11
277562,0.15
277565,0.16
277566,0.07
277572,0.2
277592,0.15
277593,0.14
277610,0.16
277621,0.09
277654,0.35
277668,0.07
277673,0.13
277675,0.21
277694,0.14
277697,0.14
277699,0.09
277700,0.13
277701,0.1
277708,0.16
277710,0.17
277717,0.15
277725,0.19
277731,0.2
277746,0.3
277753,0.12
277757,0.15
277764,0.15
277772,0.14
277775,0.17
277777,0.12
277787,0.18
277797,0.13
277798,0.17
277802,0.27
277812,0.1
277816,0.17
277820,0.07
277821,0.18
277822,0.19
277838,0.12
277845,0.09
277846,0.09
277854,0.26
277856,0.13
277866,0.14
277874,0.14
277893,0.22
277900,0.16
277964,0.09
277970,0.14
277976,0.16
277983,0.12
277994,0.22
278011,0.18
278025,0.31
278045,0.15
278048,0.14
278066,0.2
278088,0.15
278098,0.15
278101,0.25
278113,0.09
278114,0.13
278128,0.15
278152,0.15
278157,0.16
278168,0.26
278169,0.17
278174,0.14
278176,0.1
278181,0.23
278185,0.2
278225,0.15
278236,0.22
278242,0.09
278244,0.07
278251,0.15
278252,0.11
278272,0.11
278279,0.16
278287,0.21
278288,0.15
278309,0.24
278310,0.08
278316,0.16
278318,0.37
278320,0.12
278344,0.3
278356,0.23
278359,0.17
278361,0.16
278368,0.14
278372,0.05
278384,0.29
278388,0.09
278409,0.19
278414,0.16
278415,0.18
278416,0.18
278422,0.08
278423,0.21
278432,0.15
278436,0.09
278455,0.13
278461,0.25
278469,0.15
278482,0.18
278487,0.11
278493,0.13
278501,0.16
278508,0.23
278511,0.14
278519,0.14
278526,0.08
278530,0.24
278533,0.08
278539,0.14
278545,0.11
278556,0.14
278559,0.19
278587,0.12
278601,0.14
278603,0.21
278604,0.15
278605,0.15
278606,0.06
278613,0.19
278616,0.18
278618,0.21
278632,0.3
278633,0.1
278637,0.12
278645,0.09
278649,0.16
278653,0.28
278662,0.1
278673,0.09
278700,0.1
278703,0.26
278704,0.14
278723,0.12
278725,0.19
278730,0.09
278750,0.15
278765,0.12
278770,0.17
278779,0.11
278787,0.07
278791,0.08
278804,0.16
278807,0.16
278810,0.07
278812,0.05
278815,0.23
278821,0.2
278825,0.16
278832,0.14
278836,0.16
278838,0.06
278840,0.16
278844,0.23
278862,0.08
278863,0.13
278871,0.15
278875,0.13
278892,0.34
278899,0.14
278903,0.18
278909,0.18
278913,0.19
278931,0.08
278932,0.16
278933,0.25
278937,0.12
278952,0.17
278954,0.11
278960,0.17
278967,0.13
278968,0.11
278972,0.26
278976,0.27
278982,0.16
278983,0.14
279001,0.18
279015,0.09
279018,0.14
279035,0.13
279040,0.15
279043,0.16
279046,0.16
279061,0.12
279063,0.14
279065,0.11
279068,0.1
279070,0.2
279074,0.33
279076,0.23
279086,0.1
279095,0.11
279107,0.15
279108,0.26
279109,0.1
279110,0.13
279111,0.22
279129,0.13
279134,0.07
279137,0.27
279142,0.21
279146,0.14
279153,0.1
279157,0.07
279165,0.06
279166,0.13
279172,0.15
279173,0.12
279174,0.23
279179,0.11
279182,0.13
279186,0.13
279187,0.17
279189,0.14
279201,0.25
279202,0.1
279213,0.13
279214,0.08
279217,0.09
279230,0.26
279232,0.11
279233,0.1
279235,0.23
279250,0.1
279252,0.06
279257,0.23
279265,0.16
279266,0.06
279279,0.11
279281,0.1
279282,0.12
279285,0.13
279286,0.2
279297,0.21
279300,0.16
279318,0.14
279324,0.11
279334,0.12
279335,0.1
279336,0.09
279341,0.11
279342,0.28
279353,0.18
279357,0.26
279371,0.2
279376,0.07
279391,0.14
279392,0.06
279402,0.23
279406,0.17
279408,0.2
279434,0.07
279439,0.09
279448,0.04
279450,0.14
279456,0.17
279461,0.25
279466,0.1
279470,0.2
279471,0.08
279493,0.17
279500,0.12
279506,0.08
279512,0.14
279519,0.14
279533,0.05
279549,0.08
279551,0.31
279556,0.07
279557,0.22
279558,0.16
279566,0.23
279592,0.22
279595,0.26
279604,0.1
279608,0.13
279614,0.18
279618,0.23
279622,0.16
279648,0.21
279652,0.06
279653,0.16
279679,0.11
279690,0.11
279691,0.18
279694,0.22
279698,0.05
279702,0.15
279712,0.09
279713,0.19
279715,0.03
279725,0.16
279727,0.15
279733,0.1
279742,0.2
279748,0.17
279754,0.15
279756,0.18
279776,0.13
279778,0.26
279779,0.08
279782,0.2
279793,0.15
279794,0.09
279804,0.16
279810,0.09
279817,0.28
279828,0.12
279830,0.11
279831,0.14
279834,0.15
279835,0.05
279840,0.23
279847,0.16
279852,0.18
279854,0.16
279856,0.1
279859,0.11
279862,0.14
279876,0.13
279878,0.12
279889,0.18
279894,0.15
279897,0.12
279903,0.11
279904,0.09
279906,0.14
279909,0.18
279922,0.2
279925,0.18
279939,0.17
279940,0.14
279942,0.18
279948,0.12
279952,0.12
279960,0.15
279968,0.17
279969,0.22
279977,0.17
279980,0.14
279994,0.11
279997,0.12
279998,0.21
280007,0.19
280009,0.24
280010,0.26
280020,0.12
280021,0.17
280022,0.1
280052,0.15
280058,0.11
280074,0.17
280076,0.19
280085,0.24
280091,0.17
280095,0.14
280107,0.17
280116,0.19
280140,0.18
280144,0.16
280156,0.07
280177,0.11
280191,0.05
280205,0.12
280226,0.15
280230,0.16
280234,0.16
280264,0.14
280274,0.07
280298,0.1
280299,0.15
280300,0.1
280301,0.15
280308,0.08
280317,0.12
280319,0.09
280322,0.14
280342,0.13
280348,0.2
280350,0.14
280353,0.14
280366,0.19
280372,0.08
280374,0.07
280376,0.17
280381,0.12
280384,0.11
280388,0.12
280397,0.14
280401,0.09
280409,0.16
280413,0.08
280422,0.14
280424,0.16
280426,0.13
280429,0.08
280430,0.19
280435,0.08
280444,0.14
280450,0.17
280455,0.24
280459,0.08
280462,0.24
280466,0.21
280470,0.1
280473,0.1
280517,0.17
280524,0.28
280527,0.07
280531,0.14
280548,0.11
280558,0.28
280563,0.09
280598,0.21
280599,0.26
280603,0.3
280607,0.21
280610,0.23
280612,0.17
280625,0.15
280631,0.06
280650,0.22
280653,0.42
280657,0.14
280669,0.16
280675,0.12
280679,0.21
280685,0.15
280691,0.09
280693,0.1
280706,0.13
280714,0.09
280719,0.21
280724,0.14
280725,0.12
280737,0.14
280738,0.26
280744,0.11
280746,0.26
280760,0.19
280772,0.27
280777,0.08
280784,0.18
280785,0.18
280791,0.12
280793,0.06
280794,0.08
280800,0.11
280805,0.21
280806,0.11
280815,0.21
280823,0.07
280831,0.12
280832,0.09
280841,0.18
280845,0.28
280846,0.08
280854,0.18
280857,0.07
280861,0.12
280862,0.3
280867,0.22
280877,0.1
280879,0.17
280890,0.13
280891,0.2
280903,0.31
280916,0.2
280929,0.08
280934,0.15
280941,0.22
280947,0.08
280962,0.1
280963,0.2
280966,0.17
280967,0.1
280971,0.39
281005,0.16
281007,0.21
281008,0.15
281009,0.17
281016,0.09
281024,0.2
281039,0.13
281045,0.05
281054,0.26
281055,0.1
281056,0.17
281068,0.1
281092,0.14
281094,0.09
281118,0.28
281133,0.16
281137,0.15
281164,0.11
281176,0.06
281177,0.13
281184,0.17
281187,0.18
281192,0.16
281195,0.21
281220,0.08
281222,0.19
281227,0.15
281234,0.25
281251,0.14
281278,0.16
281298,0.24
281303,0.23
281306,0.16
281314,0.1
281320,0.07
281322,0.09
281337,0.13
281347,0.24
281357,0.13
281362,0.08
281365,0.18
281366,0.09
281367,0.2
281373,0.12
281376,0.08
281400,0.18
281417,0.07
281420,0.13
281422,0.16
281435,0.07
281439,0.06
281448,0.21
281451,0.13
281453,0.11
281482,0.11
281494,0.19
281514,0.14
281515,0.21
281542,0.13
281556,0.16
281568,0.15
281592,0.08
281593,0.1
281607,0.2
281613,0.2
281618,0.13
281620,0.17
281628,0.21
281629,0.07
281633,0.15
281634,0.12
281642,0.16
281643,0.05
281653,0.13
281661,0.2
281671,0.11
281675,0.18
281684,0.16
281692,0.24
281697,0.14
281730,0.15
281731,0.19
281734,0.16
281737,0.12
281750,0.12
281752,0.22
281764,0.06
281782,0.21
281791,0.1
281793,0.15
281795,0.09
281824,0.13
281831,0.14
281845,0.18
281848,0.2
281854,0.18
281855,0.1
281867,0.1
281873,0.06
281875,0.07
281876,0.24
281881,0.1
281905,0.12
281906,0.15
281907,0.12
281914,0.13
281929,0.12
281936,0.25
281938,0.13
281940,0.11
281941,0.19
281950,0.12
281954,0.12
281955,0.14
281956,0.19
281957,0.1
281968,0.2
281972,0.31
281974,0.1
281987,0.09
281996,0.19
281998,0.11
282002,0.07
282004,0.09
282005,0.1
282020,0.14
282021,0.2
282041,0.24
282045,0.07
282046,0.09
282048,0.14
282056,0.18
282063,0.11
282068,0.17
282072,0.12
282100,0.11
282104,0.17
282105,0.13
282106,0.23
282108,0.17
282114,0.15
282132,0.21
282133,0.05
282136,0.12
282145,0.15
282146,0.23
282150,0.13
282151,0.1
282152,0.15
282157,0.31
282165,0.06
282167,0.2
282178,0.09
282179,0.15
282204,0.18
282208,0.16
282218,0.11
282221,0.3
282223,0.1
282226,0.15
282230,0.11
282232,0.17
282235,0.11
282236,0.09
282239,0.21
282246,0.1
282250,0.25
282259,0.08
282270,0.07
282272,0.13
282282,0.15
282292,0.25
282306,0.14
282311,0.21
282317,0.21
282318,0.1
282331,0.1
282338,0.16
282349,0.13
282350,0.28
282355,0.13
282359,0.31
282382,0.12
282396,0.26
282399,0.15
282408,0.1
282421,0.09
282427,0.1
282437,0.07
282446,0.09
282448,0.1
282453,0.12
282456,0.13
282457,0.11
282465,0.19
282476,0.13
282478,0.14
282482,0.12
282485,0.17
282492,0.13
282498,0.17
282503,0.12
282512,0.13
282521,0.17
282531,0.34
282548,0.08
282582,0.11
282585,0.05
282605,0.12
282618,0.11
282633,0.11
282642,0.15
282645,0.15
282647,0.16
282649,0.16
282654,0.1
282661,0.17
282667,0.08
282668,0.1
282678,0.12
282679,0.22
282687,0.07
282688,0.09
282691,0.07
282702,0.15
282709,0.18
282712,0.19
282715,0.23
282726,0.09
282735,0.18
282737,0.1
282746,0.28
282751,0.13
282754,0.3
282758,0.13
282773,0.3
282787,0.13
282794,0.09
282812,0.07
282822,0.14
282827,0.16
282836,0.07
282841,0.14
282854,0.14
282862,0.17
282873,0.12
282890,0.09
282900,0.32
282906,0.13
282910,0.14
282915,0.13
282929,0.04
282933,0.11
282944,0.09
282945,0.16
282950,0.04
282954,0.11
282960,0.04
282961,0.13
282962,0.19
282965,0.15
282971,0.18
282974,0.14
282975,0.07
282979,0.08
282984,0.14
282990,0.19
282998,0.14
283005,0.23
283013,0.2
283018,0.25
283029,0.28
283032,0.17
283036,0.08
283041,0.18
283046,0.18
283050,0.12
283057,0.24
283065,0.21
283069,0.27
283074,0.13
283076,0.2
283077,0.12
283089,0.17
283090,0.1
283094,0.18
283110,0.13
283118,0.25
283127,0.09
283130,0.16
283139,0.16
283143,0.08
283144,0.26
283146,0.06
283150,0.11
283161,0.13
283177,0.14
283180,0.18
283184,0.14
283191,0.14
283193,0.08
283196,0.15
283199,0.18
283202,0.13
283205,0.18
283213,0.1
283216,0.14
283218,0.12
283220,0.13
283227,0.26
283233,0.15
283248,0.17
283250,0.18
283261,0.11
283264,0.08
283267,0.21
283269,0.12
283271,0.12
283282,0.17
283283,0.09
283290,0.16
283295,0.14
283298,0.2
283303,0.28
283309,0.08
283310,0.17
283314,0.2
283317,0.19
283318,0.26
283323,0.24
283327,0.19
283328,0.27
283336,0.13
283340,0.18
283344,0.09
283345,0.18
283360,0.1
283361,0.14
283383,0.21
283387,0.14
283390,0.14
283412,0.08
283426,0.06
283429,0.1
283433,0.17
283437,0.1
283438,0.04
283461,0.11
283466,0.1
283477,0.07
283479,0.07
283483,0.14
283484,0.23
283486,0.11
283500,0.14
283512,0.17
283515,0.11
283517,0.32
283519,0.18
283523,0.11
283528,0.32
283555,0.12
283565,0.08
283572,0.09
283576,0.08
283586,0.23
283590,0.1
283606,0.14
283615,0.11
283619,0.2
283632,0.34
283635,0.14
283636,0.04
283641,0.22
283642,0.14
283647,0.13
283667,0.09
283683,0.11
283684,0.13
283687,0.16
283691,0.09
283693,0.11
283701,0.17
283702,0.21
283711,0.21
283713,0.37
283726,0.13
283730,0.13
283736,0.12
283737,0.19
283740,0.17
283748,0.12
283750,0.17
283756,0.12
283757,0.17
283774,0.27
283776,0.17
283784,0.12
283790,0.15
283796,0.1
283806,0.13
283816,0.09
283825,0.17
283827,0.05
283835,0.09
283839,0.16
283843,0.04
283874,0.29
283880,0.16
283881,0.15
283882,0.26
283887,0.03
283891,0.17
283893,0.1
283895,0.19
283900,0.23
283906,0.16
283938,0.14
283943,0.15
283953,0.32
283958,0.23
283961,0.09
283972,0.18
283973,0.14
283986,0.11
283990,0.13
283994,0.27
284000,0.13
284002,0.17
284003,0.2
284035,0.18
284049,0.07
284055,0.15
284060,0.09
284061,0.16
284069,0.12
284072,0.1
284075,0.14
284087,0.22
284093,0.08
284095,0.16
284096,0.23
284106,0.11
284109,0.14
284112,0.1
284126,0.08
284152,0.06
284155,0.19
284157,0.11
284159,0.14
284194,0.22
284207,0.16
284211,0.13
284220,0.15
284232,0.18
284239,0.11
284246,0.09
284257,0.07
284259,0.09
284272,0.13
284277,0.14
284279,0.15
284283,0.09
284294,0.08
284298,0.15
284305,0.14
284309,0.16
284311,0.16
284315,0.15
284338,0.3
284340,0.18
284342,0.12
284344,0.14
284348,0.09
284361,0.16
284373,0.09
284380,0.43
284408,0.18
284422,0.09
284423,0.22
284427,0.13
284433,0.23
284442,0.13
284462,0.18
284481,0.17
284487,0.1
284492,0.09
284495,0.12
284499,0.23
284503,0.19
284506,0.19
284507,0.18
284511,0.32
284512,0.1
284513,0.07
284520,0.18
284537,0.09
284557,0.22
284560,0.12
284571,0.15
284573,0.21
284574,0.06
284575,0.08
284576,0.21
284578,0.12
284592,0.11
284606,0.22
284609,0.1
284614,0.1
284627,0.07
284630,0.14
284633,0.12
284647,0.11
284650,0.15
284655,0.18
284661,0.14
284664,0.13
284668,0.26
284682,0.09
284683,0.15
284691,0.12
284692,0.14
284695,0.08
284751,0.3
284785,0.18
284796,0.14
284797,0.09
284799,0.13
284805,0.09
284811,0.14
284844,0.17
284856,0.19
284861,0.12
284864,0.14
284866,0.13
284867,0.19
284871,0.13
284873,0.09
284888,0.42
284895,0.1
284906,0.02
284907,0.12
284908,0.12
284914,0.15
284916,0.07
284920,0.18
284926,0.15
284934,0.1
284937,0.09
284949,0.13
284986,0.1
285002,0.14
285006,0.2
285007,0.18
285008,0.13
285016,0.14
285040,0.13
285041,0.14
285050,0.18
285051,0.18
285059,0.26
285077,0.2
285078,0.28
285097,0.06
285102,0.21
285104,0.16
285117,0.11
285119,0.2
285120,0.11
285122,0.13
285131,0.1
285137,0.13
285139,0.18
285147,0.09
285176,0.07
285177,0.25
285183,0.12
285184,0.14
285200,0.18
285213,0.14
285224,0.16
285232,0.14
285245,0.32
285249,0.14
285253,0.18
285268,0.2
285276,0.08
285282,0.14
285284,0.33
285297,0.22
285304,0.11
285305,0.14
285337,0.18
285346,0.08
285349,0.12
285354,0.13
285359,0.2
285366,0.26
285367,0.28
285368,0.13
285376,0.18
285382,0.06
285385,0.2
285389,0.2
285396,0.05
285398,0.09
285399,0.09
285403,0.1
285405,0.13
285407,0.17
285417,0.16
285419,0.02
285431,0.1
285457,0.05
285462,0.15
285463,0.07
285472,0.23
285476,0.09
285479,0.34
285482,0.19
285486,0.17
285487,0.12
285497,0.13
285498,0.13
285507,0.25
285509,0.1
285514,0.11
285516,0.11
285521,0.12
285525,0.06
285528,0.13
285555,0.08
285559,0.15
285561,0.12
285562,0.2
285565,0.13
285571,0.18
285583,0.06
285588,0.16
285603,0.11
285612,0.14
285628,0.14
285635,0.13
285649,0.18
285651,0.07
285653,0.11
285662,0.19
285665,0.05
285678,0.13
285681,0.15
285694,0.27
285695,0.12
285701,0.11
285721,0.32
285730,0.11
285733,0.09
285743,0.1
285744,0.3
285746,0.23
285778,0.08
285784,0.14
285808,0.15
285810,0.16
285831,0.27
285833,0.22
285841,0.07
285842,0.19
285844,0.17
285847,0.21
285853,0.08
285861,0.32
285863,0.13
285867,0.12
285870,0.31
285879,0.14
285880,0.06
285882,0.05
285893,0.15
285897,0.16
285912,0.15
285914,0.28
285918,0.14
285927,0.14
285931,0.24
285932,0.13
285962,0.09
285975,0.18
285978,0.17
285996,0.17
286000,0.11
286010,0.18
286011,0.18
286018,0.15
286033,0.19
286038,0.24
286042,0.23
286044,0.14
286047,0.19
286050,0.14
286052,0.13
286056,0.11
286058,0.07
286083,0.18
286088,0.19
286094,0.16
286107,0.15
286112,0.21
286124,0.14
286128,0.11
286141,0.1
286146,0.22
286147,0.09
286153,0.18
286163,0.19
286169,0.16
286175,0.12
286185,0.06
286194,0.21
286198,0.17
286201,0.22
286202,0.22
286213,0.14
286218,0.14
286250,0.06
286257,0.12
286264,0.28
286265,0.13
286266,0.06
286287,0.07
286292,0.06
286294,0.09
286295,0.15
286299,0.2
286300,0.21
286302,0.21
286310,0.21
286316,0.15
286332,0.13
286353,0.13
286354,0.14
286357,0.11
286375,0.16
286382,0.27
286389,0.14
286404,0.11
286405,0.22
286411,0.11
286412,0.15
286421,0.15
286423,0.17
286426,0.25
286433,0.06
286438,0.07
286441,0.07
286444,0.09
286447,0.08
286459,0.2
286473,0.2
286484,0.04
286485,0.32
286501,0.11
286502,0.16
286509,0.16
286511,0.29
286516,0.23
286547,0.16
286549,0.11
286553,0.25
286558,0.15
286566,0.16
286572,0.08
286582,0.13
286587,0.1
286590,0.11
286594,0.24
286598,0.18
286602,0.15
286608,0.18
286610,0.14
286627,0.12
286661,0.19
286664,0.18
286668,0.17
286683,0.08
286684,0.1
286689,0.13
286696,0.17
286697,0.15
286703,0.26
286705,0.13
286707,0.28
286708,0.23
286711,0.13
286714,0.15
286734,0.13
286747,0.15
286760,0.1
286763,0.09
286772,0.14
286773,0.11
286791,0.15
286813,0.13
286814,0.14
286817,0.06
286836,0.1
286838,0.11
286844,0.14
286854,0.12
286856,0.16
286859,0.15
286864,0.13
286865,0.16
286868,0.24
286881,0.14
286882,0.07
286888,0.17
286890,0.28
286892,0.13
286895,0.14
286906,0.15
286924,0.1
286930,0.2
286931,0.22
286942,0.13
286955,0.08
286960,0.2
286962,0.12
286966,0.02
286967,0.15
286971,0.07
286983,0.08
286985,0.17
286986,0.21
286987,0.23
286992,0.16
287003,0.18
287004,0.05
287006,0.25
287029,0.08
287036,0.09
287038,0.13
287049,0.15
287050,0.13
287057,0.11
287065,0.06
287066,0.31
287089,0.13
287093,0.3
287096,0.2
287103,0.13
287104,0.2
287109,0.15
287133,0.32
287137,0.14
287141,0.32
287146,0.1
287148,0.09
287177,0.08
287184,0.11
287197,0.17
287204,0.09
287206,0.18
287208,0.29
287225,0.14
287228,0.12
287252,0.19
287260,0.06
287264,0.15
287270,0.14
287271,0.07
287272,0.11
287274,0.15
287280,0.09
287281,0.14
287290,0.17
287298,0.06
287299,0.15
287301,0.09
287314,0.12
287321,0.24
287322,0.08
287329,0.15
287331,0.2
287337,0.17
287349,0.1
287358,0.15
287370,0.24
287371,0.15
287376,0.07
287378,0.09
287386,0.35
287394,0.08
287397,0.11
287419,0.15
287428,0.08
287438,0.12
287439,0.16
287449,0.13
287450,0.06
287460,0.16
287472,0.16
287474,0.18
287483,0.13
287495,0.17
287510,0.07
287512,0.12
287530,0.17
287531,0.14
287543,0.15
287549,0.12
287564,0.23
287574,0.07
287580,0.11
287587,0.16
287594,0.1
287605,0.22
287617,0.14
287621,0.09
287626,0.14
287629,0.12
287632,0.13
287636,0.28
287644,0.15
287648,0.18
287666,0.04
287672,0.14
287701,0.21
287708,0.13
287718,0.17
287724,0.14
287726,0.08
287729,0.24
287732,0.19
287733,0.16
287734,0.18
287750,0.23
287755,0.18
287762,0.21
287764,0.14
287766,0.09
287775,0.03
287781,0.13
287785,0.11
287789,0.14
287792,0.17
287796,0.07
287804,0.08
287822,0.12
287835,0.13
287840,0.13
287850,0.11
287851,0.1
287852,0.18
287858,0.21
287859,0.1
287860,0.21
287861,0.11
287866,0.04
287868,0.14
287873,0.24
287876,0.14
287877,0.15
287878,0.09
287879,0.3
287883,0.13
287888,0.06
287894,0.38
287895,0.09
287912,0.17
287915,0.2
287920,0.14
287922,0.17
287926,0.08
287929,0.12
287931,0.17
287936,0.18
287942,0.15
287946,0.15
287948,0.14
287963,0.17
288003,0.11
288005,0.11
288012,0.16
288013,0.19
288026,0.2
288027,0.18
288031,0.2
288039,0.15
288041,0.13
288045,0.19
288065,0.22
288068,0.12
288079,0.17
288084,0.48
288111,0.18
288129,0.06
288138,0.38
288154,0.16
288167,0.13
288178,0.09
288184,0.16
288193,0.13
288203,0.13
288207,0.24
288223,0.21
288226,0.24
288237,0.05
288257,0.4
288259,0.17
288269,0.06
288273,0.16
288276,0.1
288280,0.1
288283,0.18
288291,0.33
288299,0.1
288305,0.17
288316,0.18
288322,0.11
288333,0.07
288337,0.3
288341,0.19
288345,0.1
288348,0.08
288350,0.09
288353,0.17
288372,0.17
288375,0.23
288395,0.13
288408,0.23
288425,0.19
288430,0.16
288433,0.16
288459,0.14
288462,0.19
288463,0.1
288470,0.22
288472,0.16
288475,0.18
288495,0.33
288517,0.23
288530,0.17
288535,0.2
288539,0.08
288540,0.1
288547,0.3
288553,0.13
288555,0.38
288556,0.15
288562,0.13
288564,0.13
288567,0.28
288576,0.1
288579,0.12
288580,0.15
288589,0.11
288596,0.2
288597,0.16
288599,0.14
288601,0.1
288617,0.09
288621,0.23
288635,0.1
288656,0.13
288666,0.14
288670,0.1
288671,0.15
288673,0.11
288678,0.27
288693,0.22
288699,0.11
288706,0.31
288728,0.12
288739,0.11
288741,0.12
288755,0.2
288763,0.11
288766,0.11
288775,0.14
288780,0.04
288793,0.21
288811,0.13
288821,0.17
288829,0.21
288835,0.09
288836,0.12
288838,0.21
288851,0.13
288853,0.12
288854,0.06
288855,0.1
288876,0.08
288879,0.23
288884,0.29
288886,0.11
288891,0.13
288898,0.13
288911,0.14
288913,0.09
288927,0.23
288928,0.07
288931,0.25
288955,0.1
288961,0.1
288969,0.21
288971,0.17
288973,0.22
288982,0.12
288983,0.1
288986,0.08
288992,0.13
288993,0.07
288996,0.13
289007,0.26
289008,0.14
289014,0.17
289015,0.12
289016,0.12
289017,0.09
289028,0.14
289030,0.16
289040,0.21
289048,0.12
289051,0.17
289055,0.14
289057,0.12
289062,0.12
289063,0.15
289069,0.15
289073,0.16
289074,0.07
289085,0.12
289092,0.17
289097,0.1
289111,0.1
289112,0.16
289116,0.08
289123,0.17
289145,0.31
289146,0.13
289158,0.17
289165,0.2
289166,0.14
289167,0.22
289170,0.29
289193,0.18
289198,0.1
289209,0.13
289211,0.13
289215,0.14
289220,0.12
289232,0.22
289244,0.11
289258,0.22
289271,0.14
289274,0.2
289312,0.2
289321,0.2
289325,0.15
289333,0.13
289340,0.11
289368,0.16
289375,0.11
289380,0.17
289381,0.06
289384,0.28
289403,0.11
289408,0.12
289416,0.11
289463,0.11
289488,0.17
289495,0.18
289498,0.14
289499,0.1
289515,0.08
289531,0.06
289541,0.14
289554,0.09
289565,0.09
289590,0.16
289596,0.12
289601,0.27
289602,0.11
289603,0.12
289608,0.14
289622,0.17
289623,0.14
289625,0.08
289634,0.09
289648,0.17
289650,0.11
289662,0.08
289667,0.33
289674,0.19
289682,0.12
289702,0.08
289706,0.13
289709,0.16
289716,0.29
289725,0.08
289732,0.13
289743,0.16
289762,0.14
289766,0.21
289770,0.14
289775,0.2
289777,0.12
289783,0.12
289797,0.09
289798,0.13
289802,0.15
289812,0.16
289814,0.12
289819,0.17
289828,0.18
289831,0.19
289835,0.12
289844,0.29
289850,0.09
289851,0.23
289865,0.17
289869,0.16
289891,0.16
289907,0.19
289919,0.16
289923,0.15
289924,0.16
289927,0.12
289929,0.17
289951,0.13
289959,0.19
289964,0.08
289965,0.21
289966,0.11
289971,0.19
289988,0.23
289989,0.1
289995,0.19
290005,0.11
290013,0.23
290031,0.31
290036,0.18
290038,0.18
290041,0.23
290056,0.25
290058,0.1
290065,0.19
290069,0.15
290070,0.13
290074,0.22
290076,0.14
290082,0.16
290105,0.07
290111,0.14
290114,0.15
290116,0.09
290117,0.11
290128,0.19
290130,0.11
290139,0.1
290151,0.16
290154,0.12
290158,0.18
290180,0.2
290183,0.12
290190,0.16
290191,0.22
290199,0.15
290200,0.18
290202,0.11
290205,0.3
290206,0.08
290219,0.2
290227,0.17
290232,0.12
290233,0.21
290242,0.12
290246,0.07
290247,0.15
290257,0.16
290259,0.17
290260,0.13
290270,0.13
290273,0.14
290276,0.23
290281,0.29
290296,0.13
290303,0.12
290306,0.1
290331,0.25
290340,0.12
290349,0.18
290355,0.08
290365,0.16
290379,0.16
290389,0.06
290408,0.14
290409,0.17
290433,0.15
290437,0.13
290440,0.11
290448,0.1
290466,0.14
290467,0.15
290479,0.19
290490,0.1
290492,0.07
290503,0.14
290508,0.25
290524,0.32
290526,0.12
290527,0.12
290541,0.2
290557,0.23
290564,0.12
290572,0.04
290576,0.19
290588,0.11
290589,0.11
290595,0.15
290598,0.14
290605,0.14
290609,0.1
290610,0.04
290612,0.11
290634,0.07
290635,0.25
290644,0.33
290672,0.14
290681,0.21
290693,0.12
290695,0.13
290702,0.13
290703,0.06
290711,0.25
290713,0.15
290727,0.16
290730,0.13
290734,0.23
290745,0.1
290746,0.21
290751,0.11
290758,0.09
290766,0.19
290784,0.13
290786,0.11
290813,0.33
290849,0.21
290852,0.05
290881,0.27
290884,0.07
290885,0.13
290889,0.04
290911,0.12
290913,0.21
290923,0.09
290926,0.08
290936,0.18
290941,0.18
290945,0.08
290955,0.13
290961,0.21
290964,0.11
290967,0.12
290970,0.11
290974,0.12
290976,0.05
290978,0.17
290981,0.14
290991,0.13
291005,0.16
291009,0.08
291011,0.12
291012,0.25
291018,0.26
291023,0.17
291028,0.14
291034,0.18
291038,0.28
291039,0.22
291041,0.28
291045,0.17
291048,0.21
291052,0.19
291055,0.18
291082,0.23
291085,0.3
291086,0.05
291094,0.08
291103,0.18
291108,0.16
291110,0.18
291113,0.1
291117,0.11
291124,0.11
291129,0.12
291142,0.19
291155,0.22
291157,0.14
291177,0.1
291178,0.1
291180,0.06
291188,0.27
291198,0.1
291200,0.18
291202,0.13
291207,0.12
291218,0.11
291231,0.1
291232,0.2
291240,0.12
291241,0.23
291245,0.11
291256,0.1
291273,0.14
291274,0.17
291277,0.15
291290,0.17
291303,0.24
291310,0.12
291311,0.15
291319,0.23
291324,0.19
291331,0.13
291334,0.11
291348,0.33
291349,0.38
291359,0.07
291365,0.09
291379,0.23
291396,0.12
291411,0.14
291424,0.09
291425,0.1
291428,0.1
291446,0.1
291449,0.08
291461,0.27
291465,0.08
291480,0.17
291486,0.1
291487,0.09
291491,0.11
291499,0.07
291505,0.19
291512,0.09
291513,0.1
291521,0.13
291523,0.07
291543,0.19
291545,0.12
291546,0.2
291550,0.13
291552,0.18
291561,0.12
291579,0.15
291584,0.22
291586,0.14
291590,0.23
291592,0.41
291593,0.13
291599,0.15
291615,0.06
291617,0.12
291628,0.18
291654,0.11
291658,0.35
291659,0.05
291661,0.23
291671,0.14
291677,0.09
291689,0.11
291693,0.1
291695,0.08
291696,0.19
291697,0.15
291702,0.07
291711,0.12
291713,0.13
291715,0.11
291718,0.15
291733,0.14
291742,0.2
291748,0.16
291765,0.11
291771,0.11
291773,0.14
291788,0.08
291789,0.19
291796,0.19
291800,0.17
291817,0.1
291822,0.1
291840,0.14
291843,0.14
291855,0.16
291858,0.05
291870,0.18
291872,0.14
291874,0.15
291883,0.13
291888,0.14
291894,0.12
291901,0.15
291928,0.22
291930,0.08
291949,0.07
291951,0.12
291953,0.17
291955,0.13
291963,0.3
291969,0.21
291980,0.16
292010,0.11
292022,0.07
292023,0.12
292031,0.12
292034,0.12
292043,0.09
292049,0.12
292055,0.12
292062,0.21
292070,0.11
292072,0.27
292073,0.1
292082,0.17
292096,0.24
292098,0.13
292116,0.22
292118,0.11
292126,0.22
292128,0.11
292137,0.19
292138,0.09
292142,0.2
292149,0.21
292181,0.16
292189,0.12
292191,0.09
292205,0.15
292219,0.14
292227,0.07
292231,0.16
292238,0.08
292246,0.15
292248,0.19
292259,0.09
292261,0.15
292266,0.27
292267,0.13
292272,0.11
292278,0.38
292281,0.13
292286,0.08
292288,0.16
292289,0.19
292304,0.13
292307,0.1
292319,0.08
292320,0.16
292325,0.15
292326,0.2
292331,0.11
292332,0.11
292333,0.1
292334,0.13
292337,0.1
292338,0.2
292342,0.12
292347,0.16
292350,0.1
292355,0.17
292360,0.12
292362,0.11
292363,0.1
292364,0.06
292383,0.17
292397,0.2
292409,0.25
292417,0.09
292426,0.07
292428,0.12
292439,0.19
292443,0.15
292448,0.13
292451,0.05
292452,0.15
292456,0.09
292460,0.11
292463,0.18
292464,0.06
292476,0.12
292480,0.15
292483,0.06
292493,0.19
292501,0.25
292506,0.07
292508,0.04
292513,0.12
292525,0.06
292533,0.09
292540,0.22
292541,0.17
292544,0.14
292549,0.09
292550,0.11
292557,0.26
292558,0.14
292562,0.1
292564,0.1
292583,0.25
292612,0.1
292618,0.09
292623,0.12
292631,0.13
292633,0.14
292641,0.06
292643,0.13
292649,0.1
292650,0.17
292651,0.28
292655,0.11
292659,0.07
292677,0.09
292693,0.1
292697,0.1
292700,0.33
292702,0.19
292710,0.05
292727,0.19
292731,0.25
292732,0.08
292734,0.13
292735,0.09
292737,0.08
292739,0.23
292741,0.16
292767,0.15
292778,0.1
292807,0.23
292813,0.06
292834,0.21
292837,0.08
292839,0.19
292844,0.12
292869,0.09
292874,0.17
292892,0.13
292894,0.15
292916,0.34
292921,0.2
292925,0.11
292929,0.15
292933,0.17
292935,0.22
292938,0.15
292945,0.24
292946,0.15
292953,0.1
292966,0.19
292968,0.11
292983,0.12
292988,0.12
292992,0.02
292997,0.09
293002,0.09
293013,0.11
293030,0.23
293043,0.28
293070,0.21
293093,0.1
293103,0.19
293104,0.08
293117,0.29
293123,0.15
293126,0.22
293128,0.06
293136,0.06
293142,0.11
293146,0.28
293149,0.2
293159,0.09
293169,0.11
293172,0.13
293175,0.17
293176,0.17
293192,0.08
293213,0.14
293218,0.17
293219,0.16
293224,0.11
293225,0.17
293234,0.33
293243,0.14
293249,0.13
293256,0.1
293276,0.27
293283,0.19
293295,0.19
293308,0.21
293309,0.17
293316,0.11
293326,0.2
293330,0.15
293351,0.14
293361,0.18
293366,0.19
293376,0.11
293377,0.19
293382,0.2
293383,0.22
293385,0.13
293402,0.18
293403,0.23
293405,0.17
293412,0.18
293430,0.11
293435,0.07
293438,0.16
293445,0.09
293447,0.23
293451,0.22
293463,0.14
293471,0.12
293482,0.12
293485,0.12
293493,0.21
293496,0.13
293505,0.1
293507,0.16
293508,0.17
293518,0.11
293524,0.12
293527,0.14
293537,0.15
293542,0.22
293556,0.1
293560,0.11
293563,0.33
293565,0.07
293597,0.18
293603,0.09
293607,0.12
293621,0.17
293622,0.08
293623,0.24
293636,0.26
293643,0.1
293659,0.21
293678,0.13
293679,0.07
293681,0.18
293684,0.1
293692,0.1
293696,0.08
293733,0.1
293734,0.12
293745,0.06
293751,0.09
293770,0.22
293778,0.18
293789,0.15
293809,0.18
293815,0.11
293816,0.12
293819,0.15
293822,0.11
293846,0.31
293849,0.14
293850,0.16
293851,0.14
293860,0.11
293863,0.28
293881,0.12
293900,0.21
293907,0.1
293915,0.16
293931,0.09
293935,0.13
293942,0.12
293944,0.29
293967,0.16
293968,0.12
293971,0.12
293972,0.2
293974,0.09
293976,0.2
293985,0.1
293996,0.25
294004,0.09
294007,0.24
294010,0.07
294013,0.24
294016,0.21
294018,0.21
294028,0.25
294041,0.12
294047,0.13
294055,0.18
294062,0.11
294069,0.15
294075,0.27
294091,0.11
294108,0.15
294116,0.25
294125,0.18
294129,0.21
294130,0.12
294134,0.11
294135,0.15
294136,0.15
294141,0.14
294160,0.1
294164,0.2
294184,0.14
294191,0.13
294195,0.1
294199,0.07
294208,0.31
294221,0.06
294225,0.3
294230,0.14
294236,0.26
294256,0.1
294257,0.15
294258,0.2
294282,0.09
294287,0.19
294290,0.17
294300,0.15
294302,0.11
294313,0.13
294314,0.1
294322,0.1
294336,0.17
294339,0.2
294348,0.13
294365,0.24
294373,0.15
294383,0.1
294403,0.11
294406,0.17
294417,0.36
294452,0.27
294463,0.29
294471,0.16
294486,0.09
294501,0.11
294504,0.16
294509,0.16
294511,0.17
294519,0.08
294530,0.08
294532,0.18
294547,0.24
294548,0.09
294554,0.12
294577,0.21
294578,0.13
294580,0.14
294583,0.15
294592,0.09
294595,0.15
294602,0.11
294613,0.2
294617,0.07
294631,0.27
294641,0.18
294653,0.15
294657,0.16
294661,0.2
294665,0.07
294668,0.13
294671,0.09
294682,0.17
294685,0.12
294688,0.11
294690,0.42
294698,0.07
294717,0.16
294724,0.15
294726,0.12
294738,0.14
294744,0.11
294758,0.19
294762,0.14
294776,0.16
294777,0.13
294807,0.24
294816,0.11
294821,0.06
294825,0.15
294834,0.1
294835,0.09
294836,0.15
294840,0.29
294842,0.17
294864,0.13
294874,0.17
294880,0.16
294881,0.13
294897,0.1
294898,0.06
294920,0.18
294923,0.19
294926,0.09
294937,0.18
294941,0.17
294951,0.28
294952,0.12
294953,0.12
294982,0.19
294989,0.13
294995,0.24
295009,0.19
295010,0.17
295013,0.12
295016,0.06
295022,0.21
295024,0.19
295040,0.19
295045,0.19
295047,0.2
295056,0.17
295073,0.22
295080,0.12
295093,0.16
295094,0.23
295095,0.11
295107,0.14
295116,0.13
295140,0.14
295150,0.27
295154,0.17
295155,0.18
295162,0.13
295163,0.06
295168,0.27
295176,0.15
295182,0.12
295183,0.2
295216,0.11
295219,0.09
295239,0.09
295246,0.09
295255,0.09
295257,0.1
295261,0.08
295263,0.13
295265,0.1
295274,0.14
295281,0.1
295286,0.07
295299,0.1
295304,0.12
295306,0.11
295321,0.08
295339,0.15
295342,0.19
295346,0.17
295348,0.14
295354,0.1
295367,0.1
295372,0.15
295373,0.09
295374,0.13
295387,0.08
295389,0.19
295396,0.25
295415,0.11
295418,0.11
295421,0.17
295425,0.17
295431,0.1
295434,0.16
295443,0.15
295453,0.11
295473,0.14
295476,0.12
295477,0.12
295488,0.23
295499,0.14
295504,0.13
295505,0.16
295524,0.13
295529,0.14
295533,0.14
295534,0.12
295549,0.11
295565,0.06
295584,0.12
295585,0.14
295597,0.18
295599,0.16
295604,0.08
295616,0.25
295635,0.12
295637,0.08
295670,0.1
295678,0.13
295701,0.24
295711,0.12
295713,0.24
295734,0.09
295739,0.15
295750,0.06
295773,0.32
295783,0.22
295787,0.07
295790,0.07
295795,0.06
295820,0.06
295821,0.16
295826,0.14
295836,0.13
295837,0.28
295842,0.08
295848,0.14
295850,0.12
295869,0.11
295871,0.13
295873,0.23
295879,0.13
295880,0.22
295892,0.18
295904,0.19
295907,0.1
295908,0.18
295913,0.19
295918,0.2
295921,0.17
295924,0.15
295949,0.08
295953,0.09
295961,0.06
295968,0.16
295971,0.26
295985,0.11
295986,0.14
295987,0.15
295993,0.14
295997,0.19
296005,0.26
296007,0.06
296012,0.13
296022,0.09
296024,0.08
296032,0.05
296034,0.07
296062,0.13
296070,0.08
296074,0.1
296084,0.19
296087,0.13
296088,0.13
296089,0.17
296143,0.09
296172,0.09
296183,0.13
296185,0.07
296194,0.17
296199,0.34
296204,0.15
296206,0.24
296209,0.16
296229,0.23
296239,0.16
296253,0.13
296259,0.34
296264,0.1
296270,0.27
296273,0.23
296284,0.05
296285,0.18
296287,0.07
296288,0.11
296292,0.21
296300,0.15
296301,0.12
296321,0.35
296324,0.11
296335,0.23
296348,0.12
296354,0.08
296369,0.13
296376,0.1
296391,0.08
296393,0.12
296398,0.15
296428,0.15
296432,0.28
296433,0.09
296449,0.15
296450,0.19
296490,0.12
296498,0.15
296499,0.08
296500,0.17
296509,0.24
296514,0.2
296518,0.13
296527,0.14
296532,0.1
296541,0.02
296544,0.19
296546,0.19
296573,0.27
296578,0.17
296589,0.12
296594,0.19
296616,0.12
296623,0.13
296624,0.17
296632,0.1
296633,0.11
296639,0.14
296647,0.17
296656,0.26
296678,0.09
296679,0.25
296695,0.18
296696,0.15
296714,0.11
296721,0.07
296739,0.09
296744,0.4
296747,0.11
296758,0.12
296760,0.13
296766,0.11
296769,0.06
296776,0.08
296780,0.1
296782,0.32
296790,0.12
296795,0.26
296801,0.12
296803,0.18
296806,0.14
296811,0.11
296813,0.09
296818,0.3
296822,0.16
296839,0.2
296848,0.18
296863,0.15
296871,0.08
296872,0.2
296877,0.13
296882,0.21
296885,0.1
296903,0.15
296906,0.21
296912,0.09
296916,0.13
296922,0.09
296926,0.16
296927,0.09
296935,0.16
296939,0.2
296942,0.18
296954,0.09
296968,0.09
296971,0.16
296984,0.17
297004,0.08
297011,0.19
297017,0.11
297019,0.25
297021,0.18
297025,0.17
297033,0.2
297038,0.22
297042,0.36
297065,0.13
297089,0.16
297093,0.27
297098,0.18
297100,0.07
297111,0.13
297115,0.14
297121,0.34
297123,0.25
297129,0.11
297132,0.12
297139,0.1
297147,0.18
297148,0.34
297161,0.29
297167,0.15
297171,0.2
297173,0.03
297179,0.1
297189,0.17
297200,0.17
297201,0.2
297220,0.23
297229,0.17
297234,0.11
297252,0.17
297266,0.28
297269,0.08
297276,0.18
297292,0.12
297300,0.27
297303,0.11
297305,0.24
297307,0.09
297313,0.15
297336,0.09
297340,0.2
297344,0.12
297349,0.14
297358,0.09
297363,0.15
297369,0.16
297372,0.1
297380,0.13
297384,0.18
297385,0.21
297389,0.09
297390,0.18
297415,0.13
297419,0.27
297421,0.26
297424,0.13
297431,0.13
297447,0.17
297456,0.21
297457,0.12
297463,0.14
297464,0.13
297474,0.11
297479,0.12
297480,0.21
297494,0.12
297495,0.09
297507,0.08
297514,0.15
297515,0.06
297516,0.11
297521,0.05
297534,0.17
297553,0.1
297575,0.17
297584,0.1
297586,0.12
297606,0.19
297630,0.15
297636,0.13
297646,0.22
297650,0.08
297651,0.14
297656,0.1
297675,0.11
297681,0.11
297699,0.07
297702,0.13
297712,0.16
297718,0.27
297730,0.15
297731,0.1
297745,0.12
297768,0.2
297771,0.18
297774,0.04
297781,0.13
297786,0.15
297798,0.19
297809,0.11
297822,0.07
297828,0.11
297840,0.11
297852,0.15
297859,0.04
297868,0.14
297883,0.15
297887,0.1
297896,0.13
297898,0.07
297917,0.29
297943,0.16
297954,0.24
297965,0.15
297992,0.1
297993,0.13
298001,0.13
298005,0.21
298010,0.16
298013,0.13
298014,0.21
298015,0.16
298025,0.21
298026,0.16
298032,0.11
298039,0.21
298049,0.2
298051,0.14
298058,0.12
298062,0.11
298070,0.09
298078,0.13
298084,0.27
298108,0.04
298113,0.08
298115,0.19
298126,0.11
298131,0.1
298134,0.18
298135,0.18
298139,0.07
298142,0.06
298152,0.11
298154,0.12
298155,0.1
298161,0.34
298165,0.18
298166,0.23
298171,0.14
298179,0.29
298182,0.11
298187,0.12
298192,0.13
298194,0.09
298213,0.18
298215,0.21
298216,0.12
298217,0.14
298223,0.12
298256,0.04
298275,0.09
298277,0.08
298279,0.09
298285,0.14
298286,0.2
298296,0.12
298309,0.2
298312,0.13
298323,0.15
298330,0.12
298340,0.1
298341,0.07
298349,0.11
298353,0.12
298363,0.14
298367,0.12
298378,0.19
298380,0.09
298392,0.13
298395,0.12
298405,0.21
298426,0.23
298427,0.16
298444,0.16
298450,0.1
298458,0.1
298462,0.12
298463,0.08
298479,0.09
298480,0.16
298487,0.12
298499,0.15
298500,0.13
298506,0.06
298507,0.08
298512,0.05
298515,0.12
298517,0.13
298532,0.25
298533,0.11
298560,0.13
298564,0.09
298567,0.2
298568,0.11
298569,0.14
298570,0.32
298579,0.09
298583,0.12
298591,0.1
298593,0.17
298600,0.14
298609,0.19
298620,0.12
298622,0.24
298628,0.05
298633,0.16
298657,0.11
298669,0.11
298671,0.21
298677,0.15
298692,0.2
298703,0.15
298705,0.1
298711,0.14
298713,0.2
298757,0.13
298766,0.06
298768,0.2
298770,0.12
298776,0.26
298785,0.12
298787,0.11
298792,0.13
298795,0.06
298799,0.14
298806,0.22
298810,0.21
298818,0.15
298822,0.17
298823,0.06
298834,0.13
298837,0.22
298841,0.09
298845,0.08
298852,0.21
298855,0.11
298858,0.12
298860,0.09
298861,0.16
298863,0.07
298866,0.17
298873,0.18
298880,0.29
298889,0.07
298896,0.28
298917,0.19
298929,0.17
298940,0.14
298946,0.27
298949,0.16
298966,0.25
298984,0.18
298994,0.14
299004,0.23
299012,0.12
299022,0.24
299024,0.11
299026,0.07
299035,0.13
299036,0.12
299039,0.14
299061,0.25
299064,0.18
299067,0.12
299074,0.17
299075,0.14
299078,0.19
299109,0.18
299117,0.13
299121,0.1
299127,0.08
299134,0.18
299136,0.16
299137,0.19
299139,0.17
299168,0.16
299176,0.1
299184,0.19
299188,0.21
299191,0.14
299208,0.12
299229,0.11
299238,0.13
299241,0.09
299257,0.08
299260,0.28
299264,0.12
299279,0.15
299308,0.14
299310,0.1
299311,0.08
299317,0.27
299325,0.14
299329,0.09
299334,0.18
299335,0.24
299339,0.14
299351,0.24
299352,0.08
299365,0.21
299393,0.1
299400,0.09
299404,0.14
299406,0.25
299410,0.23
299413,0.17
299434,0.31
299448,0.09
299463,0.1
299464,0.29
299470,0.11
299480,0.08
299488,0.1
299496,0.12
299501,0.23
299504,0.14
299532,0.12
299536,0.14
299550,0.12
299554,0.26
299564,0.15
299577,0.1
299581,0.12
299594,0.19
299632,0.11
299633,0.14
299650,0.27
299678,0.12
299682,0.17
299705,0.2
299719,0.24
299720,0.22
299724,0.19
299730,0.08
299750,0.12
299766,0.15
299774,0.19
299787,0.1
299817,0.17
299818,0.21
299826,0.15
299833,0.11
299845,0.1
299847,0.4
299850,0.29
299866,0.14
299869,0.15
299870,0.15
299874,0.1
299877,0.19
299891,0.11
299898,0.22
299900,0.22
299904,0.08
299912,0.11
299914,0.1
299919,0.13
299931,0.13
299934,0.13
299941,0.28
299946,0.14
299947,0.17
299972,0.19
299973,0.27
299975,0.17
299979,0.09
299981,0.12
299983,0.26
299985,0.13
299986,0.12
300011,0.23
300013,0.07
300028,0.07
300042,0.15
300043,0.18
300058,0.09
300073,0.06
300075,0.15
300087,0.11
300090,0.17
300107,0.09
300115,0.18
300119,0.15
300122,0.25
300125,0.14
300126,0.17
300137,0.37
300139,0.13
300145,0.11
300155,0.12
300169,0.04
300170,0.12
300175,0.09
300177,0.17
300186,0.17
300188,0.17
300194,0.11
300207,0.15
300210,0.18
300217,0.14
300221,0.06
300235,0.11
300238,0.07
300240,0.17
300241,0.16
300249,0.14
300255,0.18
300259,0.11
300272,0.17
300274,0.12
300276,0.12
300284,0.11
300293,0.09
300306,0.06
300310,0.25
300324,0.24
300339,0.06
300346,0.15
300348,0.1
300354,0.06
300356,0.15
300358,0.09
300363,0.07
300366,0.18
300368,0.18
300370,0.13
300385,0.22
300392,0.2
300393,0.27
300403,0.17
300411,0.13
300420,0.1
300421,0.11
300435,0.14
300437,0.22
300440,0.16
300443,0.08
300456,0.31
300458,0.16
300459,0.15
300460,0.08
300462,0.18
300481,0.09
300486,0.25
300488,0.17
300503,0.19
300506,0.15
300517,0.12
300523,0.07
300525,0.14
300526,0.13
300552,0.17
300560,0.07
300570,0.07
300583,0.1
300585,0.21
300587,0.14
300598,0.13
300600,0.13
300608,0.24
300612,0.1
300618,0.1
300621,0.09
300640,0.06
300641,0.19
300651,0.2
300653,0.1
300667,0.19
300678,0.15
300680,0.09
300687,0.1
300702,0.26
300717,0.24
300722,0.09
300723,0.22
300732,0.13
300752,0.17
300761,0.24
300775,0.15
300786,0.19
300787,0.08
300788,0.15
300789,0.17
300794,0.16
300808,0.15
300834,0.1
300842,0.31
300844,0.2
300850,0.09
300851,0.1
300854,0.12
300866,0.12
300867,0.16
300868,0.1
300882,0.15
300883,0.14
300891,0.12
300894,0.1
300901,0.15
300904,0.12
300910,0.26
300914,0.2
300918,0.2
300948,0.25
300954,0.18
300958,0.14
300959,0.19
300970,0.12
300971,0.15
300975,0.14
300981,0.11
300983,0.11
300993,0.3
300996,0.07
301001,0.15
301005,0.11
301010,0.21
301021,0.32
301026,0.09
301029,0.06
301032,0.15
301061,0.25
301073,0.22
301083,0.19
301089,0.09
301093,0.25
301098,0.07
301103,0.2
301105,0.22
301112,0.11
301120,0.13
301122,0.12
301124,0.19
301137,0.12
301169,0.16
301173,0.12
301177,0.11
301179,0.07
301180,0.23
301185,0.11
301195,0.2
301199,0.07
301201,0.16
301206,0.18
301209,0.13
301210,0.16
301216,0.18
301224,0.26
301226,0.12
301227,0.13
301243,0.11
301246,0.13
301248,0.08
301252,0.12
301259,0.08
301260,0.09
301267,0.08
301268,0.2
301274,0.1
301281,0.1
301287,0.07
301288,0.17
301299,0.08
301304,0.18
301325,0.24
301327,0.15
301331,0.16
301332,0.09
301336,0.12
301345,0.15
301348,0.07
301356,0.12
301358,0.18
301360,0.07
301364,0.14
301389,0.08
301415,0.17
301421,0.22
301422,0.16
301424,0.14
301426,0.08
301433,0.13
301459,0.2
301460,0.22
301478,0.1
301483,0.19
301493,0.1
301494,0.16
301503,0.12
301510,0.17
301516,0.13
301530,0.1
301531,0.09
301549,0.1
301550,0.18
301555,0.16
301573,0.12
301588,0.07
301593,0.2
301613,0.21
301625,0.27
301643,0.09
301650,0.22
301651,0.15
301652,0.03
301653,0.24
301665,0.06
301684,0.09
301686,0.16
301694,0.16
301697,0.03
301698,0.17
301717,0.12
301725,0.18
301728,0.12
301734,0.11
301749,0.16
301761,0.27
301766,0.15
301775,0.24
301782,0.11
301784,0.15
301787,0.09
301789,0.15
301790,0.17
301804,0.13
301806,0.08
301817,0.09
301826,0.15
301837,0.21
301842,0.17
301848,0.15
301859,0.17
301860,0.12
301867,0.18
301877,0.1
301883,0.14
301902,0.12
301908,0.17
301916,0.1
301920,0.07
301921,0.07
301931,0.13
301939,0.18
301941,0.27
301943,0.12
301949,0.17
301955,0.15
301963,0.12
301968,0.11
301975,0.11
301988,0.11
302000,0.15
302005,0.14
302007,0.08
302016,0.17
302028,0.16
302038,0.12
302043,0.13
302051,0.15
302056,0.06
302063,0.1
302072,0.1
302074,0.14
302080,0.09
302093,0.17
302096,0.15
302123,0.13
302125,0.08
302128,0.13
302145,0.2
302146,0.15
302160,0.11
302166,0.08
302174,0.15
302175,0.09
302186,0.29
302190,0.12
302202,0.18
302207,0.22
302211,0.14
302215,0.11
302216,0.06
302217,0.1
302225,0.31
302231,0.12
302233,0.11
302259,0.12
302263,0.14
302281,0.13
302285,0.07
302288,0.24
302292,0.26
302303,0.13
302306,0.14
302309,0.13
302332,0.1
302341,0.12
302350,0.14
302352,0.16
302356,0.13
302361,0.1
302364,0.1
302373,0.14
302378,0.17
302385,0.17
302389,0.08
302393,0.22
302403,0.09
302422,0.12
302425,0.13
302431,0.31
302443,0.11
302448,0.1
302449,0.07
302455,0.16
302460,0.13
302462,0.12
302466,0.22
302467,0.15
302470,0.18
302472,0.15
302480,0.13
302481,0.15
302491,0.22
302494,0.1
302503,0.17
302504,0.19
302507,0.21
302527,0.2
302571,0.26
302580,0.22
302583,0.11
302591,0.17
302601,0.1
302613,0.13
302621,0.15
302638,0.14
302639,0.13
302655,0.22
302670,0.17
302673,0.3
302675,0.12
302691,0.14
302701,0.16
302705,0.1
302727,0.15
302750,0.13
302751,0.1
302757,0.21
302758,0.16
302761,0.2
302767,0.12
302787,0.14
302797,0.07
302799,0.22
302800,0.14
302815,0.06
302826,0.34
302827,0.12
302842,0.15
302856,0.11
302877,0.13
302879,0.14
302881,0.14
302882,0.11
302885,0.19
302905,0.16
302911,0.13
302916,0.15
302919,0.12
302947,0.09
302957,0.22
302968,0.1
302978,0.14
302984,0.19
302991,0.13
303007,0.17
303010,0.11
303012,0.35
303013,0.22
303024,0.18
303027,0.15
303034,0.14
303036,0.17
303037,0.19
303050,0.09
303060,0.19
303062,0.25
303066,0.13
303068,0.13
303077,0.31
303080,0.16
303082,0.08
303083,0.04
303085,0.15
303087,0.09
303089,0.13
303103,0.09
303105,0.16
303106,0.25
303120,0.19
303121,0.08
303127,0.12
303130,0.11
303142,0.03
303162,0.12
303169,0.2
303189,0.21
303220,0.04
303222,0.13
303223,0.16
303227,0.12
303262,0.07
303264,0.17
303277,0.1
303288,0.16
303292,0.18
303294,0.1
303301,0.34
303312,0.22
303328,0.08
303330,0.05
303347,0.09
303354,0.1
303356,0.07
303362,0.07
303377,0.14
303386,0.08
303393,0.09
303397,0.16
303403,0.13
303413,0.06
303416,0.12
303428,0.12
303429,0.13
303432,0.1
303446,0.13
303455,0.17
303464,0.12
303465,0.13
303473,0.13
303476,0.14
303479,0.2
303482,0.13
303484,0.13
303492,0.31
303493,0.2
303497,0.17
303498,0.13
303499,0.1
303509,0.12
303513,0.1
303524,0.07
303525,0.24
303540,0.1
303544,0.11
303548,0.09
303551,0.11
303569,0.2
303584,0.09
303592,0.17
303602,0.16
303607,0.14
303619,0.13
303630,0.09
303643,0.18
303644,0.08
303670,0.17
303671,0.09
303678,0.11
303689,0.12
303698,0.15
303702,0.12
303704,0.13
303711,0.11
303727,0.16
303728,0.12
303741,0.25
303752,0.08
303755,0.12
303777,0.05
303790,0.2
303798,0.11
303804,0.3
303812,0.19
303814,0.23
303817,0.2
303818,0.17
303848,0.19
303850,0.14
303854,0.11
303857,0.13
303860,0.12
303870,0.25
303877,0.11
303884,0.18
303893,0.13
303899,0.05
303900,0.18
303902,0.05
303906,0.19
303920,0.13
303937,0.14
303939,0.08
303941,0.11
303962,0.18
303963,0.13
303971,0.09
303978,0.06
303980,0.14
303986,0.09
304018,0.19
304025,0.1
304027,0.19
304028,0.32
304029,0.12
304030,0.07
304035,0.08
304040,0.1
304058,0.16
304083,0.1
304089,0.23
304092,0.08
304093,0.11
304100,0.1
304121,0.17
304142,0.09
304154,0.16
304158,0.25
304164,0.08
304173,0.18
304175,0.13
304182,0.18
304194,0.07
304201,0.18
304202,0.09
304206,0.1
304210,0.19
304226,0.1
304237,0.12
304256,0.14
304257,0.13
304265,0.1
304271,0.18
304274,0.11
304286,0.09
304292,0.13
304299,0.17
304350,0.09
304352,0.08
304355,0.16
304360,0.17
304361,0.19
304363,0.19
304375,0.13
304378,0.12
304382,0.18
304385,0.22
304386,0.19
304387,0.12
304388,0.09
304391,0.17
304398,0.12
304406,0.06
304420,0.21
304431,0.19
304436,0.34
304438,0.09
304440,0.13
304441,0.08
304450,0.11
304451,0.42
304454,0.1
304462,0.17
304466,0.17
304469,0.22
304472,0.11
304475,0.28
304481,0.14
304483,0.18
304485,0.15
304486,0.11
304504,0.2
304505,0.15
304512,0.24
304516,0.18
304517,0.19
304528,0.12
304530,0.14
304536,0.14
304549,0.14
304552,0.36
304554,0.24
304581,0.2
304593,0.12
304596,0.23
304604,0.1
304610,0.2
304614,0.18
304628,0.19
304629,0.14
304637,0.2
304644,0.13
304654,0.14
304664,0.23
304676,0.14
304680,0.09
304687,0.05
304696,0.16
304698,0.2
304700,0.2
304703,0.12
304704,0.14
304710,0.14
304717,0.1
304729,0.28
304732,0.14
304736,0.18
304738,0.12
304756,0.05
304771,0.09
304773,0.08
304776,0.19
304778,0.1
304779,0.18
304780,0.05
304790,0.22
304793,0.06
304805,0.27
304811,0.15
304825,0.1
304828,0.15
304829,0.17
304842,0.23
304851,0.1
304857,0.09
304884,0.21
304891,0.05
304897,0.21
304898,0.19
304905,0.07
304907,0.11
304917,0.07
304931,0.06
304935,0.16
304942,0.11
304954,0.21
304959,0.13
304968,0.17
304971,0.13
304977,0.13
304982,0.11
304985,0.14
304991,0.13
304992,0.11
304997,0.17
305004,0.15
305008,0.13
305019,0.14
305020,0.22
305025,0.08
305037,0.08
305046,0.15
305056,0.18
305062,0.14
305064,0.39
305065,0.12
305076,0.15
305108,0.06
305110,0.1
305115,0.2
305121,0.18
305125,0.09
305141,0.1
305151,0.13
305159,0.09
305162,0.07
305165,0.13
305174,0.1
305178,0.18
305180,0.19
305182,0.2
305183,0.08
305194,0.11
305199,0.21
305210,0.11
305214,0.23
305215,0.12
305218,0.16
305225,0.09
305229,0.09
305231,0.09
305233,0.2
305237,0.11
305260,0.22
305261,0.12
305278,0.12
305286,0.2
305293,0.2
305300,0.09
305301,0.21
305326,0.22
305334,0.19
305340,0.11
305348,0.09
305352,0.08
305359,0.15
305360,0.08
305362,0.2
305383,0.13
305406,0.07
305408,0.16
305412,0.25
305413,0.15
305414,0.23
305417,0.12
305421,0.15
305422,0.09
305447,0.06
305448,0.24
305450,0.1
305452,0.12
305459,0.16
305460,0.17
305474,0.09
305475,0.12
305481,0.16
305494,0.11
305503,0.11
305507,0.13
305508,0.12
305513,0.16
305518,0.13
305523,0.16
305526,0.23
305529,0.23
305532,0.18
305543,0.29
305555,0.07
305562,0.19
305571,0.1
305578,0.28
305579,0.09
305584,0.1
305603,0.13
305620,0.27
305626,0.09
305636,0.12
305640,0.06
305653,0.08
305662,0.13
305663,0.11
305667,0.21
305683,0.16
305698,0.07
305699,0.24
305707,0.2
305717,0.24
305723,0.11
305735,0.08
305738,0.28
305746,0.17
305766,0.08
305773,0.1
305776,0.07
305777,0.18
305809,0.09
305813,0.1
305816,0.09
305820,0.16
305826,0.17
305838,0.18
305839,0.07
305846,0.16
305861,0.15
305863,0.23
305869,0.08
305872,0.08
305876,0.05
305881,0.14
305887,0.16
305894,0.15
305898,0.11
305905,0.13
305908,0.12
305914,0.24
305915,0.07
305922,0.17
305938,0.13
305946,0.12
305956,0.17
305963,0.18
305965,0.09
305988,0.09
305990,0.1
305991,0.21
305994,0.08
305998,0.14
306003,0.06
306012,0.15
306016,0.14
306021,0.21
306025,0.15
306030,0.21
306047,0.13
306051,0.09
306063,0.16
306066,0.12
306069,0.11
306074,0.17
306091,0.1
306094,0.17
306095,0.12
306114,0.13
306116,0.12
306121,0.11
306127,0.15
306128,0.11
306133,0.12
306142,0.16
306144,0.14
306150,0.14
306153,0.07
306156,0.17
306159,0.32
306161,0.16
306173,0.11
306175,0.11
306193,0.18
306194,0.15
306198,0.21
306203,0.18
306209,0.16
306212,0.14
306216,0.3
306233,0.15
306247,0.21
306264,0.12
306267,0.15
306293,0.08
306302,0.38
306305,0.1
306311,0.17
306345,0.08
306357,0.05
306368,0.05
306372,0.32
306378,0.26
306389,0.12
306398,0.12
306414,0.18
306419,0.15
306437,0.14
306438,0.08
306441,0.2
306443,0.1
306450,0.16
306464,0.25
306468,0.18
306469,0.11
306484,0.08
306527,0.12
306538,0.07
306547,0.19
306554,0.1
306557,0.15
306560,0.12
306561,0.09
306565,0.11
306569,0.12
306576,0.15
306587,0.15
306604,0.13
306624,0.09
306625,0.22
306628,0.17
306647,0.13
306651,0.18
306658,0.24
306660,0.26
306664,0.07
306670,0.25
306699,0.27
306701,0.14
306712,0.09
306716,0.21
306727,0.15
306729,0.17
306735,0.07
306739,0.14
306756,0.22
306757,0.05
306767,0.19
306775,0.13
306795,0.09
306799,0.19
306800,0.24
306805,0.16
306812,0.05
306820,0.17
306840,0.16
306845,0.09
306848,0.09
306856,0.11
306862,0.17
306863,0.11
306868,0.21
306873,0.17
306876,0.11
306893,0.06
306896,0.28
306899,0.02
306907,0.21
306908,0.06
306917,0.12
306927,0.13
306930,0.05
306935,0.17
306942,0.16
306951,0.19
306961,0.11
306970,0.36
306972,0.13
306973,0.14
306976,0.16
306978,0.1
306990,0.15
306992,0.37
306995,0.12
307001,0.38
307004,0.33
307005,0.17
307006,0.15
307010,0.09
307011,0.11
307014,0.05
307016,0.06
307022,0.14
307027,0.17
307052,0.12
307061,0.16
307072,0.31
307078,0.13
307111,0.1
307112,0.14
307134,0.21
307143,0.17
307147,0.09
307148,0.18
307162,0.12
307166,0.16
307168,0.16
307174,0.07
307177,0.14
307197,0.17
307198,0.14
307199,0.14
307205,0.09
307207,0.13
307210,0.16
307212,0.17
307223,0.14
307224,0.03
307236,0.21
307241,0.06
307242,0.19
307259,0.14
307271,0.1
307274,0.1
307281,0.15
307288,0.11
307294,0.16
307302,0.07
307308,0.12
307313,0.13
307344,0.2
307350,0.19
307366,0.15
307372,0.04
307373,0.12
307374,0.09
307378,0.11
307384,0.13
307398,0.2
307406,0.22
307416,0.1
307420,0.2
307424,0.2
307427,0.24
307429,0.16
307436,0.14
307456,0.11
307491,0.19
307494,0.09
307496,0.12
307500,0.12
307504,0.11
307509,0.32
307511,0.23
307520,0.1
307527,0.08
307537,0.16
307539,0.09
307558,0.25
307561,0.15
307575,0.17
307577,0.23
307588,0.16
307636,0.25
307639,0.24
307641,0.07
307646,0.13
307653,0.12
307661,0.25
307669,0.24
307674,0.08
307678,0.14
307691,0.1
307697,0.16
307699,0.13
307702,0.16
307708,0.14
307712,0.23
307716,0.06
307729,0.05
307753,0.09
307765,0.23
307781,0.14
307787,0.11
307788,0.13
307798,0.2
307799,0.15
307800,0.17
307801,0.16
307804,0.09
307816,0.1
307820,0.14
307824,0.13
307828,0.11
307832,0.12
307836,0.15
307842,0.22
307851,0.24
307856,0.07
307861,0.09
307879,0.05
307904,0.19
307911,0.09
307912,0.11
307913,0.23
307922,0.12
307924,0.13
307925,0.11
307929,0.17
307933,0.28
307945,0.13
307948,0.15
307961,0.23
307962,0.07
307963,0.13
307971,0.18
307983,0.16
307984,0.18
307988,0.16
307993,0.17
307994,0.09
308007,0.2
308008,0.15
308018,0.2
308023,0.13
308026,0.08
308028,0.12
308030,0.17
308034,0.23
308053,0.12
308065,0.22
308095,0.06
308096,0.1
308100,0.1
308114,0.15
308116,0.26
308120,0.11
308128,0.17
308132,0.14
308134,0.17
308140,0.18
308142,0.16
308164,0.09
308168,0.21
308169,0.21
308171,0.15
308176,0.08
308177,0.12
308179,0.09
308180,0.26
308184,0.05
308188,0.14
308189,0.08
308190,0.07
308200,0.19
308210,0.14
308211,0.13
308218,0.11
308220,0.15
308228,0.14
308231,0.1
308236,0.09
308247,0.3
308251,0.18
308260,0.15
308266,0.06
308267,0.21
308280,0.2
308298,0.12
308301,0.08
308309,0.17
308312,0.19
308325,0.12
308334,0.33
308339,0.11
308346,0.16
308359,0.14
308360,0.09
308380,0.16
308391,0.06
308403,0.14
308408,0.2
308410,0.24
308415,0.11
308420,0.15
308427,0.12
308442,0.1
308447,0.24
308462,0.11
308464,0.19
308465,0.12
308467,0.2
308468,0.1
308476,0.11
308488,0.17
308498,0.11
308504,0.21
308507,0.05
308509,0.07
308521,0.14
308536,0.17
308537,0.13
308543,0.05
308547,0.07
308559,0.11
308565,0.25
308569,0.16
308584,0.03
308591,0.14
308608,0.12
308610,0.11
308613,0.08
308618,0.25
308623,0.12
308632,0.12
308636,0.13
308641,0.06
308643,0.23
308664,0.23
308678,0.08
308679,0.22
308691,0.13
308692,0.3
308701,0.13
308709,0.14
308711,0.24
308719,0.09
308723,0.1
308727,0.16
308732,0.07
308738,0.14
308747,0.13
308749,0.07
308755,0.12
308756,0.23
308761,0.11
308779,0.12
308780,0.25
308784,0.14
308789,0.23
308807,0.1
308818,0.28
308819,0.26
308822,0.37
308827,0.09
308831,0.11
308833,0.11
308842,0.12
308868,0.1
308871,0.12
308881,0.1
308889,0.13
308892,0.08
308900,0.11
308903,0.09
308912,0.29
308916,0.19
308919,0.15
308920,0.19
308921,0.06
308928,0.26
308929,0.26
308934,0.22
308940,0.12
308941,0.15
308946,0.2
308956,0.12
308958,0.08
308963,0.11
308965,0.09
308971,0.13
308977,0.19
308985,0.11
308987,0.19
308995,0.22
309005,0.15
309007,0.13
309015,0.18
309016,0.12
309018,0.12
309019,0.22
309035,0.16
309042,0.17
309044,0.16
309052,0.16
309061,0.08
309064,0.1
309072,0.13
309075,0.14
309083,0.13
309099,0.25
309124,0.17
309125,0.13
309146,0.17
309159,0.09
309161,0.04
309168,0.26
309180,0.09
309185,0.14
309195,0.18
309198,0.22
309200,0.16
309202,0.34
309204,0.17
309213,0.16
309227,0.18
309234,0.17
309241,0.14
309242,0.12
309244,0.12
309246,0.09
309250,0.12
309251,0.21
309274,0.18
309276,0.19
309280,0.24
309298,0.27
309301,0.21
309302,0.13
309326,0.11
309335,0.16
309341,0.07
309343,0.18
309344,0.19
309354,0.1
309362,0.22
309399,0.22
309406,0.15
309409,0.2
309411,0.12
309418,0.28
309421,0.11
309435,0.24
309443,0.21
309455,0.19
309462,0.11
309473,0.12
309476,0.18
309478,0.05
309493,0.08
309502,0.14
309508,0.19
309526,0.27
309536,0.04
309544,0.17
309547,0.07
309555,0.14
309562,0.12
309569,0.15
309574,0.21
309577,0.14
309578,0.17
309579,0.15
309585,0.15
309588,0.09
309603,0.26
309604,0.17
309617,0.2
309620,0.16
309623,0.17
309648,0.26
309665,0.1
309682,0.1
309694,0.17
309702,0.13
309711,0.07
309713,0.16
309729,0.14
309735,0.11
309744,0.1
309749,0.17
309750,0.1
309759,0.16
309761,0.11
309770,0.19
309776,0.2
309777,0.1
309789,0.13
309790,0.14
309800,0.1
309813,0.1
309814,0.25
309815,0.31
309825,0.24
309826,0.06
309829,0.13
309831,0.05
309837,0.05
309846,0.18
309849,0.15
309855,0.1
309860,0.19
309879,0.19
309882,0.28
309887,0.13
309892,0.13
309895,0.13
309902,0.1
309915,0.18
309923,0.15
309941,0.17
309942,0.19
309945,0.16
309950,0.13
309955,0.22
309963,0.15
309964,0.18
309967,0.18
309969,0.09
309971,0.14
309978,0.23
309987,0.24
309990,0.24
309992,0.2
309993,0.1
310010,0.06
310012,0.1
310017,0.07
310018,0.08
310022,0.23
310031,0.11
310033,0.23
310034,0.22
310038,0.25
310044,0.26
310062,0.11
310071,0.13
310075,0.12
310082,0.17
310093,0.22
310101,0.06
310106,0.11
310118,0.18
310123,0.14
310126,0.08
310130,0.07
310141,0.12
310145,0.16
310148,0.11
310150,0.14
310159,0.16
310162,0.19
310163,0.09
310166,0.15
310167,0.1
310170,0.12
310181,0.12
310187,0.1
310191,0.11
310192,0.16
310197,0.19
310200,0.14
310201,0.14
310203,0.06
310204,0.15
310213,0.09
310215,0.13
310218,0.16
310236,0.12
310238,0.18
310241,0.11
310245,0.19
310252,0.12
310259,0.13
310260,0.32
310261,0.19
310262,0.08
310274,0.1
310294,0.26
310296,0.21
310298,0.22
310306,0.04
310307,0.16
310316,0.14
310329,0.15
310338,0.13
310342,0.13
310343,0.2
310360,0.17
310362,0.25
310378,0.09
310379,0.11
310383,0.14
310385,0.15
310387,0.21
310388,0.1
310400,0.07
310408,0.23
310414,0.15
310423,0.18
310424,0.13
310428,0.12
310432,0.31
310456,0.13
310463,0.22
310475,0.2
310476,0.12
310482,0.22
310485,0.11
310490,0.18
310496,0.14
310505,0.16
310519,0.1
310546,0.13
310547,0.12
310553,0.22
310555,0.04
310556,0.32
310568,0.06
310573,0.24
310574,0.15
310577,0.08
310580,0.16
310581,0.06
310583,0.12
310586,0.26
310591,0.1
310598,0.03
310606,0.14
310628,0.08
310634,0.18
310638,0.19
310646,0.15
310648,0.21
310654,0.14
310659,0.15
310663,0.15
310669,0.07
310670,0.17
310674,0.21
310691,0.1
310693,0.12
310702,0.07
310706,0.1
310709,0.16
310711,0.16
310720,0.15
310739,0.23
310742,0.25
310743,0.14
310752,0.11
310753,0.22
310757,0.25
310763,0.16
310764,0.09
310769,0.13
310771,0.25
310775,0.12
310779,0.13
310781,0.14
310784,0.11
310793,0.1
310794,0.15
310816,0.29
310823,0.14
310837,0.21
310856,0.13
310865,0.09
310866,0.22
310872,0.19
310877,0.31
310879,0.11
310883,0.13
310884,0.18
310908,0.08
310928,0.09
310935,0.2
310954,0.33
310964,0.2
310971,0.08
310972,0.17
310983,0.18
310988,0.08
310994,0.1
311003,0.11
311020,0.14
311024,0.15
311037,0.11
311064,0.13
311070,0.12
311086,0.24
311087,0.17
311108,0.09
311110,0.18
311115,0.15
311116,0.17
311117,0.14
311128,0.17
311136,0.25
311146,0.08
311155,0.19
311157,0.08
311159,0.09
311170,0.13
311184,0.12
311199,0.19
311208,0.27
311209,0.07
311220,0.32
311230,0.15
311233,0.12
311241,0.21
311261,0.11
311262,0.1
311268,0.14
311277,0.15
311296,0.12
311298,0.16
311310,0.24
311313,0.33
311316,0.1
311324,0.14
311327,0.15
311331,0.15
311335,0.07
311343,0.18
311346,0.21
311357,0.17
311358,0.07
311365,0.1
311370,0.08
311376,0.18
311380,0.25
311393,0.13
311399,0.17
311404,0.16
311409,0.12
311425,0.24
311436,0.18
311455,0.12
311459,0.16
311475,0.1
311499,0.14
311509,0.06
311518,0.09
311535,0.11
311536,0.11
311540,0.26
311542,0.23
311552,0.25
311562,0.28
311580,0.12
311583,0.12
311588,0.18
311595,0.07
311601,0.18
311605,0.2
311609,0.27
311612,0.16
311621,0.11
311623,0.09
311625,0.09
311636,0.13
311637,0.19
311646,0.06
311648,0.14
311654,0.09
311663,0.15
311676,0.2
311679,0.08
311683,0.19
311685,0.13
311691,0.19
311695,0.11
311700,0.13
311710,0.17
311714,0.14
311716,0.14
311725,0.24
311727,0.23
311728,0.09
311737,0.26
311738,0.05
311743,0.13
311746,0.07
311747,0.14
311761,0.31
311765,0.07
311773,0.1
311776,0.08
311786,0.18
311801,0.13
311820,0.23
311822,0.29
311829,0.08
311835,0.1
311846,0.11
311851,0.14
311854,0.14
311872,0.1
311875,0.1
311888,0.21
311916,0.14
311928,0.14
311931,0.14
311933,0.18
311934,0.08
311948,0.11
311949,0.19
311950,0.15
311952,0.12
311954,0.26
311962,0.18
311965,0.06
311968,0.32
311976,0.29
311977,0.11
311983,0.15
311989,0.05
311996,0.17
311999,0.12
312007,0.25
312022,0.13
312023,0.17
312034,0.19
312042,0.16
312049,0.09
312077,0.16
312088,0.22
312091,0.23
312114,0.11
312115,0.03
312117,0.22
312119,0.19
312126,0.35
312127,0.06
312134,0.27
312164,0.15
312176,0.12
312178,0.12
312184,0.09
312185,0.28
312186,0.12
312191,0.15
312197,0.15
312213,0.37
312223,0.32
312224,0.29
312225,0.08
312226,0.12
312231,0.08
312239,0.26
312251,0.18
312271,0.09
312278,0.13
312281,0.13
312289,0.11
312291,0.09
312301,0.2
312302,0.1
312316,0.21
312324,0.24
312338,0.12
312361,0.09
312363,0.29
312368,0.12
312382,0.11
312384,0.16
312390,0.11
312395,0.19
312396,0.19
312400,0.18
312406,0.1
312412,0.09
312414,0.19
312417,0.12
312425,0.18
312428,0.09
312431,0.09
312437,0.13
312442,0.08
312451,0.13
312460,0.2
312464,0.17
312466,0.08
312470,0.2
312473,0.24
312490,0.1
312493,0.24
312503,0.1
312509,0.25
312520,0.1
312528,0.07
312543,0.1
312544,0.2
312553,0.12
312558,0.16
312565,0.13
312568,0.17
312579,0.14
312581,0.22
312582,0.12
312596,0.23
312597,0.12
312598,0.15
312617,0.25
312627,0.12
312635,0.07
312637,0.11
312639,0.15
312640,0.25
312642,0.24
312651,0.16
312663,0.13
312668,0.12
312685,0.12
312691,0.09
312693,0.15
312710,0.1
312711,0.06
312712,0.07
312720,0.17
312746,0.31
312763,0.14
312770,0.18
312791,0.19
312795,0.14
312796,0.18
312797,0.14
312804,0.06
312812,0.09
312813,0.15
312825,0.18
312827,0.19
312841,0.31
312842,0.3
312845,0.09
312856,0.08
312866,0.1
312870,0.25
312879,0.17
312895,0.18
312901,0.17
312909,0.14
312910,0.16
312916,0.11
312926,0.19
312942,0.27
312946,0.12
312950,0.1
312952,0.27
312963,0.12
312968,0.18
312976,0.21
312980,0.14
312984,0.13
312987,0.23
312994,0.11
312996,0.18
312997,0.13
313019,0.1
313020,0.25
313028,0.1
313041,0.31
313045,0.11
313048,0.18
313052,0.2
313062,0.14
313063,0.13
313066,0.25
313071,0.09
313085,0.09
313099,0.18
313109,0.24
313131,0.09
313139,0.15
313141,0.13
313142,0.1
313145,0.21
313153,0.1
313157,0.15
313161,0.22
313165,0.17
313179,0.23
313208,0.12
313228,0.27
313236,0.09
313243,0.08
313245,0.26
313249,0.07
313275,0.17
313276,0.1
313280,0.12
313284,0.26
313285,0.13
313292,0.08
313297,0.15
313304,0.13
313322,0.18
313323,0.16
313325,0.11
313326,0.14
313334,0.13
313336,0.14
313337,0.23
313339,0.09
313340,0.06
313341,0.24
313343,0.13
313346,0.3
313348,0.27
313359,0.2
313365,0.17
313375,0.3
313381,0.17
313382,0.06
313389,0.09
313390,0.15
313391,0.3
313410,0.13
313416,0.09
313417,0.25
313426,0.18
313429,0.1
313469,0.21
313479,0.1
313485,0.31
313494,0.19
313496,0.16
313501,0.09
313506,0.1
313521,0.09
313524,0.17
313538,0.15
313550,0.07
313557,0.11
313573,0.08
313583,0.19
313592,0.11
313602,0.16
313604,0.2
313606,0.16
313617,0.16
313622,0.12
313625,0.16
313638,0.1
313639,0.1
313645,0.2
313655,0.17
313656,0.33
313663,0.26
313669,0.22
313670,0.15
313676,0.27
313689,0.27
313699,0.18
313711,0.07
313720,0.12
313731,0.24
313736,0.33
313741,0.11
313744,0.21
313749,0.31
313750,0.19
313753,0.17
313763,0.11
313765,0.23
313776,0.13
313778,0.15
313781,0.14
313786,0.36
313787,0.13
313795,0.14
313809,0.09
313810,0.11
313811,0.22
313818,0.35
313825,0.21
313830,0.08
313831,0.12
313834,0.1
313837,0.32
313841,0.13
313859,0.07
313882,0.23
313887,0.35
313900,0.12
313902,0.14
313906,0.12
313930,0.05
313932,0.14
313943,0.19
313944,0.12
313957,0.08
313970,0.33
313980,0.09
313982,0.09
313999,0.28
314000,0.12
314003,0.22
314004,0.17
314005,0.31
314007,0.15
314010,0.21
314011,0.09
314016,0.2
314023,0.15
314024,0.08
314031,0.13
314038,0.25
314041,0.18
314061,0.18
314073,0.14
314091,0.12
314097,0.23
314099,0.12
314107,0.12
314124,0.19
314127,0.16
314131,0.16
314132,0.07
314137,0.23
314139,0.05
314143,0.14
314149,0.09
314153,0.08
314154,0.2
314160,0.18
314167,0.08
314171,0.1
314182,0.11
314190,0.06
314194,0.16
314198,0.16
314211,0.13
314220,0.23
314245,0.11
314247,0.14
314256,0.1
314259,0.05
314267,0.18
314271,0.17
314278,0.18
314282,0.06
314283,0.15
314294,0.16
314298,0.09
314299,0.21
314306,0.08
314307,0.21
314308,0.05
314309,0.17
314317,0.13
314323,0.14
314332,0.08
314334,0.16
314335,0.18
314337,0.08
314343,0.12
314344,0.19
314346,0.06
314351,0.1
314354,0.1
314355,0.12
314359,0.13
314364,0.12
314366,0.1
314367,0.24
314374,0.13
314376,0.04
314387,0.38
314405,0.28
314412,0.08
314418,0.26
314429,0.11
314438,0.22
314442,0.17
314477,0.16
314480,0.13
314486,0.12
314487,0.25
314488,0.17
314490,0.11
314523,0.1
314528,0.14
314535,0.07
314542,0.17
314560,0.14
314585,0.35
314594,0.22
314596,0.16
314601,0.2
314603,0.08
314612,0.12
314615,0.37
314619,0.1
314621,0.21
314627,0.22
314629,0.14
314635,0.24
314639,0.07
314646,0.16
314650,0.24
314661,0.12
314690,0.06
314699,0.12
314705,0.14
314709,0.12
314710,0.06
314711,0.13
314714,0.11
314719,0.1
314722,0.12
314723,0.07
314729,0.23
314732,0.23
314734,0.25
314746,0.09
314761,0.25
314769,0.12
314773,0.19
314774,0.14
314776,0.08
314780,0.1
314785,0.17
314789,0.2
314796,0.16
314810,0.18
314812,0.06
314817,0.21
314822,0.19
314840,0.1
314843,0.12
314853,0.23
314856,0.12
314862,0.29
314864,0.14
314878,0.2
314894,0.09
314906,0.38
314912,0.2
314914,0.09
314933,0.24
314941,0.07
314949,0.19
314950,0.1
314952,0.23
314961,0.17
314970,0.14
314972,0.15
314975,0.26
314985,0.15
314986,0.23
314991,0.15
314995,0.17
314997,0.02
315003,0.08
315035,0.13
315038,0.17
315040,0.16
315046,0.13
315053,0.1
315054,0.2
315060,0.23
315061,0.11
315067,0.39
315076,0.33
315079,0.15
315083,0.1
315084,0.22
315092,0.17
315095,0.15
315112,0.2
315122,0.07
315123,0.07
315125,0.24
315136,0.25
315143,0.27
315145,0.05
315153,0.06
315164,0.27
315169,0.07
315178,0.23
315179,0.15
315189,0.06
315192,0.18
315194,0.18
315198,0.11
315210,0.15
315211,0.11
315221,0.28
315222,0.08
315228,0.13
315231,0.15
315233,0.14
315235,0.1
315240,0.16
315244,0.19
315257,0.16
315261,0.2
315271,0.14
315278,0.25
315282,0.22
315287,0.14
315288,0.21
315291,0.25
315306,0.08
315309,0.05
315312,0.16
315330,0.12
315335,0.31
315337,0.26
315343,0.22
315344,0.3
315366,0.09
315389,0.16
315403,0.08
315414,0.18
315425,0.08
315430,0.21
315432,0.16
315436,0.19
315437,0.08
315445,0.1
315451,0.14
315460,0.13
315462,0.16
315476,0.2
315480,0.14
315489,0.21
315494,0.09
315499,0.05
315503,0.13
315507,0.23
315540,0.07
315541,0.12
315546,0.13
315553,0.18
315569,0.31
315571,0.08
315574,0.13
315580,0.13
315587,0.12
315609,0.11
315610,0.11
315617,0.22
315623,0.17
315629,0.15
315635,0.14
315637,0.16
315641,0.14
315644,0.07
315654,0.3
315662,0.16
315663,0.25
315673,0.11
315677,0.08
315679,0.14
315680,0.15
315681,0.12
315682,0.11
315684,0.16
315693,0.17
315701,0.08
315705,0.25
315706,0.12
315711,0.19
315714,0.16
315725,0.2
315738,0.12
315740,0.13
315749,0.2
315753,0.12
315757,0.16
315778,0.18
315781,0.1
315793,0.1
315813,0.08
315822,0.25
315827,0.19
315831,0.16
315843,0.13
315857,0.19
315864,0.11
315869,0.17
315870,0.14
315878,0.25
315891,0.16
315894,0.17
315895,0.19
315903,0.12
315917,0.19
315920,0.12
315937,0.14
315938,0.15
315947,0.17
315970,0.31
315971,0.11
315974,0.15
315984,0.18
315985,0.34
315988,0.12
315993,0.19
315995,0.27
315997,0.14
316000,0.24
316009,0.23
316011,0.19
316014,0.17
316021,0.05
316022,0.2
316023,0.13
316060,0.13
316063,0.13
316065,0.18
316066,0.05
316077,0.15
316083,0.07
316093,0.17
316100,0.06
316110,0.1
316118,0.14
316135,0.03
316139,0.21
316154,0.21
316156,0.11
316171,0.16
316173,0.07
316186,0.24
316188,0.12
316190,0.2
316195,0.14
316205,0.11
316214,0.1
316216,0.19
316220,0.12
316222,0.12
316224,0.2
316226,0.04
316230,0.18
316248,0.16
316258,0.17
316269,0.14
316270,0.06
316279,0.14
316286,0.12
316295,0.11
316297,0.02
316305,0.16
316312,0.1
316313,0.16
316314,0.16
316320,0.2
316321,0.25
316328,0.09
316329,0.14
316334,0.08
316364,0.13
316372,0.19
316382,0.04
316407,0.12
316411,0.22
316433,0.15
316435,0.1
316441,0.21
316456,0.12
316457,0.22
316462,0.16
316465,0.13
316466,0.1
316468,0.19
316469,0.18
316479,0.14
316481,0.12
316484,0.17
316502,0.17
316517,0.14
316525,0.23
316531,0.1
316546,0.07
316549,0.24
316557,0.13
316561,0.24
316564,0.11
316565,0.09
316594,0.18
316595,0.11
316600,0.16
316625,0.14
316645,0.17
316647,0.28
316659,0.21
316683,0.16
316694,0.14
316697,0.04
316701,0.07
316702,0.05
316703,0.11
316718,0.15
316723,0.08
316748,0.24
316756,0.1
316758,0.15
316763,0.12
316764,0.22
316768,0.09
316769,0.15
316772,0.07
316777,0.23
316781,0.07
316785,0.15
316786,0.17
316815,0.31
316816,0.14
316828,0.1
316831,0.11
316837,0.09
316843,0.2
316849,0.19
316854,0.14
316862,0.05
316867,0.13
316902,0.11
316903,0.08
316906,0.19
316914,0.15
316915,0.14
316923,0.09
316928,0.14
316930,0.08
316932,0.36
316940,0.11
316947,0.08
316948,0.16
316977,0.17
316983,0.19
316987,0.09
317003,0.21
317005,0.19
317035,0.14
317036,0.1
317043,0.18
317048,0.1
317056,0.14
317065,0.11
317079,0.06
317080,0.11
317083,0.21
317087,0.08
317103,0.12
317117,0.26
317119,0.09
317125,0.11
317126,0.24
317134,0.13
317138,0.11
317142,0.16
317150,0.17
317184,0.12
317190,0.14
317196,0.1
317197,0.18
317206,0.19
317210,0.12
317221,0.2
317226,0.1
317227,0.35
317236,0.12
317237,0.19
317241,0.1
317249,0.13
317256,0.11
317282,0.11
317294,0.15
317298,0.18
317300,0.06
317307,0.14
317311,0.16
317318,0.15
317322,0.17
317323,0.16
317332,0.15
317338,0.12
317346,0.11
317347,0.15
317349,0.15
317354,0.27
317369,0.24
317386,0.13
317389,0.15
317410,0.16
317411,0.18
317422,0.17
317434,0.2
317446,0.15
317449,0.12
317455,0.13
317469,0.18
317475,0.13
317476,0.08
317487,0.19
317488,0.18
317499,0.26
317500,0.14
317506,0.11
317515,0.15
317518,0.11
317520,0.19
317546,0.21
317549,0.17
317554,0.09
317565,0.13
317579,0.09
317591,0.14
317592,0.22
317593,0.2
317594,0.15
317601,0.18
317603,0.21
317606,0.16
317608,0.13
317611,0.12
317618,0.12
317628,0.11
317629,0.2
317642,0.19
317644,0.14
317648,0.14
317650,0.14
317665,0.21
317675,0.18
317695,0.16
317696,0.14
317704,0.15
317713,0.07
317730,0.14
317735,0.14
317736,0.13
317738,0.19
317747,0.14
317764,0.11
317765,0.18
317772,0.22
317774,0.09
317786,0.19
317788,0.15
317806,0.3
317809,0.29
317811,0.07
317814,0.07
317815,0.17
317830,0.12
317835,0.14
317843,0.19
317856,0.16
317863,0.26
317876,0.32
317889,0.15
317902,0.19
317910,0.11
317914,0.22
317933,0.09
317936,0.34
317940,0.13
317944,0.1
317952,0.18
317955,0.14
317958,0.09
317965,0.09
317966,0.14
317978,0.2
318000,0.07
318007,0.16
318008,0.22
318012,0.06
318016,0.1
318019,0.15
318020,0.08
318021,0.09
318025,0.25
318036,0.15
318044,0.1
318055,0.1
318056,0.27
318057,0.19
318065,0.22
318075,0.15
318081,0.33
318094,0.06
318096,0.1
318104,0.21
318105,0.11
318109,0.23
318113,0.2
318121,0.2
318122,0.21
318126,0.17
318127,0.2
318131,0.14
318135,0.1
318155,0.13
318156,0.17
318161,0.18
318164,0.11
318169,0.24
318173,0.22
318176,0.27
318177,0.12
318181,0.18
318187,0.1
318193,0.05
318203,0.05
318206,0.1
318214,0.08
318220,0.09
318232,0.13
318250,0.15
318251,0.05
318252,0.11
318254,0.13
318260,0.07
318261,0.22
318263,0.14
318264,0.28
318266,0.02
318267,0.13
318268,0.16
318270,0.15
318274,0.23
318282,0.16
318286,0.22
318292,0.12
318297,0.11
318320,0.06
318337,0.16
318343,0.13
318347,0.07
318351,0.19
318357,0.33
318360,0.1
318384,0.07
318385,0.12
318387,0.08
318390,0.2
318391,0.12
318393,0.17
318406,0.04
318408,0.29
318410,0.33
318424,0.09
318428,0.13
318432,0.09
318433,0.19
318445,0.12
318452,0.29
318467,0.17
318473,0.25
318480,0.13
318486,0.16
318496,0.05
318505,0.22
318511,0.11
318517,0.08
318522,0.15
318527,0.12
318530,0.11
318531,0.18
318533,0.11
318535,0.12
318536,0.16
318548,0.14
318551,0.14
318557,0.16
318576,0.06
318581,0.23
318607,0.15
318609,0.23
318615,0.3
318634,0.12
318640,0.24
318651,0.2
318657,0.16
318669,0.15
318674,0.13
318675,0.15
318686,0.14
318694,0.16
318760,0.14
318762,0.03
318763,0.07
318765,0.07
318766,0.14
318769,0.3
318775,0.15
318782,0.15
318786,0.36
318792,0.15
318801,0.19
318802,0.12
318803,0.14
318805,0.08
318813,0.26
318817,0.11
318821,0.06
318827,0.1
318834,0.19
318835,0.09
318851,0.14
318857,0.07
318862,0.11
318874,0.12
318878,0.15
318897,0.13
318909,0.22
318924,0.23
318927,0.15
318942,0.23
318946,0.17
318957,0.22
318959,0.08
318975,0.13
318982,0.06
318987,0.07
318993,0.07
318995,0.19
318996,0.08
318997,0.11
318999,0.09
319012,0.29
319014,0.12
319018,0.09
319020,0.17
319048,0.18
319052,0.22
319067,0.09
319083,0.2
319088,0.09
319089,0.14
319090,0.35
319096,0.12
319099,0.07
319108,0.17
319116,0.24
319117,0.16
319119,0.16
319126,0.26
319133,0.2
319135,0.08
319137,0.17
319143,0.11
319168,0.18
319170,0.15
319174,0.22
319181,0.14
319192,0.08
319193,0.11
319198,0.1
319211,0.12
319219,0.22
319220,0.1
319226,0.09
319240,0.14
319248,0.16
319257,0.11
319261,0.2
319264,0.09
319268,0.05
319289,0.13
319292,0.15
319295,0.08
319302,0.14
319308,0.21
319310,0.16
319313,0.07
319322,0.04
319329,0.17
319331,0.14
319334,0.24
319346,0.12
319352,0.3
319358,0.18
319363,0.11
319365,0.12
319370,0.08
319371,0.3
319372,0.11
319385,0.17
319387,0.13
319393,0.17
319396,0.17
319406,0.11
319439,0.05
319440,0.1
319441,0.42
319462,0.11
319471,0.1
319475,0.13
319476,0.11
319486,0.2
319487,0.07
319489,0.11
319491,0.16
319494,0.08
319496,0.26
319512,0.18
319519,0.11
319522,0.08
319530,0.08
319540,0.14
319547,0.16
319549,0.16
319559,0.09
319561,0.12
319566,0.1
319569,0.09
319574,0.12
319579,0.08
319580,0.16
319582,0.08
319583,0.11
319585,0.19
319598,0.18
319600,0.12
319602,0.16
319603,0.11
319604,0.17
319608,0.05
319622,0.15
319623,0.23
319625,0.09
319628,0.12
319637,0.11
319639,0.05
319658,0.18
319669,0.09
319677,0.1
319683,0.13
319688,0.1
319697,0.14
319700,0.1
319727,0.25
319747,0.17
319751,0.09
319758,0.17
319759,0.17
319765,0.12
319768,0.07
319774,0.19
319776,0.19
319777,0.22
319785,0.11
319789,0.07
319792,0.15
319799,0.16
319814,0.08
319815,0.14
319822,0.15
319829,0.23
319836,0.19
319837,0.14
319839,0.09
319843,0.13
319860,0.18
319876,0.15
319877,0.14
319887,0.18
319889,0.08
319892,0.11
319893,0.1
319897,0.16
319898,0.06
319911,0.16
319917,0.1
319923,0.14
319927,0.16
319929,0.18
319931,0.22
319948,0.21
319949,0.13
319992,0.21
319999,0.06
320001,0.15
320003,0.14
320004,0.13
320011,0.23
320012,0.1
320021,0.12
320026,0.11
320034,0.07
320041,0.3
320042,0.16
320046,0.15
320056,0.1
320062,0.16
320093,0.34
320094,0.17
320101,0.25
320114,0.17
320126,0.18
320128,0.05
320137,0.1
320149,0.15
320165,0.25
320172,0.23
320173,0.09
320175,0.24
320179,0.19
320181,0.19
320191,0.18
320192,0.06
320195,0.19
320199,0.13
320202,0.11
320203,0.31
320205,0.06
320224,0.16
320227,0.2
320228,0.1
320248,0.3
320252,0.17
320254,0.21
320259,0.14
320267,0.21
320276,0.08
320287,0.29
320291,0.09
320295,0.1
320297,0.14
320305,0.2
320321,0.42
320331,0.15
320336,0.2
320341,0.15
320344,0.17
320356,0.06
320362,0.11
320369,0.13
320379,0.16
320387,0.15
320397,0.09
320412,0.16
320421,0.11
320428,0.2
320429,0.27
320430,0.17
320434,0.09
320453,0.15
320462,0.08
320469,0.1
320475,0.14
320478,0.23
320484,0.13
320494,0.18
320499,0.16
320541,0.18
320550,0.1
320561,0.09
320562,0.16
320564,0.06
320566,0.23
320568,0.13
320593,0.14
320609,0.11
320614,0.11
320621,0.11
320639,0.18
320640,0.12
320656,0.12
320657,0.19
320670,0.08
320672,0.08
320691,0.16
320693,0.09
320698,0.17
320699,0.08
320704,0.12
320709,0.1
320711,0.05
320724,0.12
320737,0.16
320744,0.16
320747,0.08
320750,0.2
320752,0.16
320760,0.15
320765,0.24
320767,0.09
320778,0.35
320784,0.09
320789,0.18
320793,0.09
320795,0.21
320805,0.2
320806,0.15
320823,0.19
320828,0.18
320833,0.21
320843,0.16
320846,0.17
320851,0.22
320852,0.15
320869,0.13
320873,0.18
320890,0.08
320905,0.12
320912,0.2
320914,0.04
320915,0.08
320920,0.12
320924,0.2
320925,0.14
320936,0.09
320937,0.1
320940,0.11
320943,0.1
320954,0.17
320959,0.16
320960,0.11
320966,0.14
320968,0.14
320975,0.2
320978,0.07
320979,0.1
320981,0.1
320987,0.16
320989,0.11
321009,0.31
321021,0.14
321035,0.15
321038,0.13
321039,0.26
321051,0.07
321058,0.09
321066,0.31
321075,0.26
321092,0.09
321098,0.34
321107,0.16
321116,0.14
321118,0.15
321124,0.13
321131,0.14
321134,0.18
321140,0.14
321143,0.26
321145,0.13
321150,0.04
321151,0.16
321153,0.19
321154,0.07
321156,0.1
321160,0.12
321176,0.13
321183,0.14
321187,0.16
321196,0.08
321197,0.23
321204,0.25
321208,0.14
321209,0.18
321223,0.18
321226,0.05
321227,0.11
321236,0.18
321249,0.17
321250,0.12
321253,0.28
321256,0.19
321276,0.17
321298,0.28
321303,0.15
321309,0.15
321313,0.23
321322,0.24
321345,0.11
321350,0.18
321355,0.16
321358,0.14
321370,0.13
321377,0.29
321385,0.18
321398,0.2
321401,0.06
321415,0.08
321416,0.27
321419,0.12
321427,0.12
321433,0.06
321439,0.15
321455,0.09
321463,0.11
321465,0.09
321480,0.08
321486,0.11
321498,0.12
321502,0.23
321510,0.1
321524,0.18
321526,0.23
321528,0.16
321533,0.22
321536,0.16
321548,0.19
321557,0.12
321564,0.1
321567,0.17
321602,0.09
321625,0.2
321627,0.11
321640,0.17
321645,0.11
321648,0.15
321649,0.21
321652,0.11
321659,0.09
321667,0.12
321676,0.1
321696,0.09
321697,0.19
321702,0.11
321704,0.12
321706,0.12
321710,0.08
321722,0.12
321760,0.08
321770,0.09
321779,0.12
321784,0.1
321786,0.19
321792,0.14
321795,0.19
321801,0.14
321804,0.07
321806,0.1
321807,0.17
321808,0.37
321809,0.14
321825,0.14
321828,0.2
321843,0.06
321848,0.2
321854,0.08
321869,0.12
321870,0.2
321887,0.06
321896,0.14
321898,0.16
321908,0.16
321910,0.09
321915,0.25
321919,0.16
321922,0.12
321928,0.19
321929,0.14
321932,0.26
321934,0.18
321936,0.25
321956,0.09
321957,0.25
321965,0.15
321970,0.16
321974,0.1
321980,0.12
321985,0.12
321992,0.15
321999,0.09
322005,0.07
322018,0.09
322020,0.05
322021,0.19
322023,0.11
322024,0.13
322039,0.13
322054,0.19
322061,0.13
322082,0.05
322088,0.12
322093,0.06
322105,0.16
322111,0.13
322113,0.13
322117,0.12
322120,0.14
322123,0.14
322132,0.12
322136,0.21
322141,0.18
322147,0.19
322169,0.11
322170,0.26
322172,0.13
322196,0.12
322198,0.26
322217,0.12
322226,0.11
322227,0.09
322229,0.13
322242,0.2
322244,0.04
322249,0.12
322250,0.17
322253,0.13
322254,0.18
322267,0.18
322269,0.12
322274,0.34
322285,0.23
322309,0.12
322320,0.1
322327,0.14
322331,0.15
322332,0.25
322334,0.2
322339,0.21
322348,0.25
322350,0.37
322354,0.25
322356,0.16
322367,0.21
322369,0.11
322372,0.09
322374,0.14
322383,0.21
322388,0.29
322393,0.15
322395,0.25
322407,0.1
322413,0.14
322416,0.19
322419,0.07
322424,0.12
322432,0.1
322442,0.11
322447,0.16
322448,0.15
322460,0.1
322461,0.3
322468,0.12
322472,0.28
322473,0.19
322488,0.13
322490,0.18
322491,0.06
322497,0.22
322503,0.1
322521,0.21
322525,0.25
322533,0.25
322549,0.14
322561,0.19
322566,0.04
322570,0.28
322574,0.1
322578,0.13
322579,0.12
322586,0.12
322596,0.17
322598,0.19
322603,0.15
322614,0.11
322626,0.14
322630,0.09
322639,0.2
322640,0.15
322642,0.14
322651,0.19
322652,0.14
322656,0.11
322662,0.1
322664,0.1
322681,0.2
322684,0.21
322685,0.17
322711,0.12
322717,0.07
322719,0.23
322730,0.03
322740,0.07
322743,0.18
322749,0.12
322757,0.16
322759,0.17
322760,0.1
322770,0.11
322786,0.22
322797,0.16
322800,0.19
322815,0.08
322831,0.15
322835,0.12
322841,0.15
322845,0.08
322846,0.11
322851,0.27
322852,0.14
322877,0.13
322880,0.15
322893,0.16
322911,0.19
322928,0.25
322934,0.1
322938,0.27
322950,0.15
322959,0.12
322961,0.15
322965,0.13
322966,0.08
322968,0.06
322977,0.18
322979,0.16
322986,0.23
322990,0.14
322998,0.12
323005,0.1
323008,0.08
323014,0.22
323015,0.18
323025,0.14
323030,0.13
323033,0.1
323036,0.16
323043,0.23
323049,0.11
323051,0.2
323053,0.08
323056,0.17
323059,0.1
323076,0.16
323088,0.21
323108,0.35
323112,0.14
323127,0.11
323135,0.15
323137,0.13
323141,0.12
323142,0.16
323147,0.19
323150,0.19
323153,0.14
323156,0.22
323161,0.12
323171,0.13
323173,0.08
323176,0.12
323184,0.13
323189,0.13
323193,0.21
323209,0.28
323218,0.21
323224,0.29
323235,0.11
323236,0.12
323242,0.08
323252,0.09
323253,0.28
323254,0.09
323271,0.08
323276,0.09
323278,0.16
323281,0.09
323285,0.08
323289,0.1
323292,0.07
323297,0.23
323312,0.1
323318,0.09
323319,0.09
323324,0.23
323325,0.24
323328,0.25
323334,0.12
323338,0.21
323340,0.16
323343,0.18
323354,0.07
323373,0.11
323376,0.18
323381,0.18
323382,0.14
323383,0.31
323387,0.1
323394,0.15
323398,0.25
323405,0.18
323407,0.12
323428,0.22
323436,0.22
323451,0.2
323455,0.16
323463,0.1
323466,0.1
323475,0.16
323477,0.09
323481,0.07
323485,0.12
323488,0.15
323493,0.17
323494,0.09
323505,0.21
323506,0.15
323509,0.11
323518,0.11
323530,0.2
323539,0.09
323549,0.13
323557,0.1
323568,0.19
323569,0.07
323571,0.12
323573,0.19
323585,0.12
323588,0.11
323599,0.16
323615,0.07
323617,0.15
323620,0.32
323636,0.09
323665,0.09
323670,0.1
323675,0.12
323688,0.14
323693,0.2
323694,0.16
323696,0.12
323710,0.16
323716,0.23
323718,0.16
323719,0.11
323720,0.14
323722,0.14
323729,0.21
323738,0.04
323740,0.09
323787,0.11
323795,0.09
323801,0.1
323810,0.12
323822,0.15
323825,0.12
323833,0.17
323860,0.08
323871,0.1
323879,0.16
323888,0.09
323891,0.11
323894,0.1
323909,0.08
323911,0.18
323920,0.23
323923,0.24
323930,0.11
323935,0.11
323937,0.22
323938,0.12
323948,0.15
323956,0.18
323962,0.21
323964,0.13
323966,0.13
323970,0.12
323972,0.13
323977,0.15
323985,0.16
323989,0.11
323994,0.07
324010,0.08
324020,0.14
324033,0.19
324052,0.19
324055,0.06
324075,0.06
324087,0.08
324088,0.06
324091,0.09
324104,0.14
324109,0.25
324114,0.09
324118,0.11
324125,0.13
324130,0.22
324146,0.16
324149,0.18
324156,0.04
324170,0.15
324171,0.11
324172,0.04
324178,0.19
324180,0.09
324220,0.12
324222,0.21
324227,0.13
324229,0.13
324230,0.1
324235,0.14
324243,0.09
324247,0.5
324264,0.13
324269,0.12
324270,0.06
324271,0.24
324291,0.19
324293,0.17
324296,0.18
324298,0.2
324302,0.28
324305,0.07
324310,0.12
324325,0.05
324339,0.11
324345,0.15
324347,0.08
324356,0.12
324383,0.15
324387,0.15
324393,0.12
324400,0.18
324401,0.1
324412,0.08
324414,0.1
324415,0.14
324416,0.15
324420,0.17
324437,0.1
324445,0.27
324464,0.14
324472,0.14
324496,0.23
324499,0.18
324512,0.1
324544,0.18
324545,0.25
324552,0.08
324553,0.24
324558,0.35
324559,0.17
324572,0.07
324582,0.14
324595,0.21
324596,0.19
324598,0.15
324614,0.16
324620,0.27
324621,0.17
324624,0.14
324651,0.16
324655,0.35
324669,0.17
324674,0.32
324677,0.16
324681,0.24
324689,0.18
324708,0.14
324714,0.26
324716,0.18
324719,0.16
324731,0.17
324733,0.19
324741,0.22
324745,0.17
324747,0.18
324748,0.15
324764,0.25
324772,0.2
324788,0.15
324795,0.21
324801,0.1
324811,0.09
324816,0.2
324821,0.19
324825,0.12
324840,0.28
324841,0.09
324854,0.17
324866,0.1
324884,0.19
324894,0.18
324895,0.13
324913,0.14
324914,0.16
324944,0.21
324949,0.2
324978,0.14
324983,0.08
324987,0.15
324995,0.06
325000,0.14
325001,0.23
325005,0.13
325017,0.06
325019,0.13
325020,0.16
325021,0.25
325041,0.1
325063,0.31
325066,0.11
325070,0.22
325102,0.21
325117,0.1
325121,0.11
325136,0.1
325153,0.1
325157,0.13
325158,0.09
325163,0.1
325180,0.15
325181,0.11
325185,0.23
325194,0.12
325196,0.22
325206,0.2
325212,0.16
325217,0.3
325218,0.13
325223,0.11
325238,0.4
325254,0.13
325258,0.15
325268,0.09
325269,0.21
325275,0.12
325277,0.17
325282,0.16
325284,0.05
325289,0.16
325291,0.21
325300,0.15
325303,0.11
325306,0.1
325313,0.16
325316,0.15
325318,0.1
325332,0.29
325344,0.14
325354,0.11
325360,0.08
325364,0.1
325375,0.2
325377,0.08
325380,0.09
325390,0.16
325392,0.11
325395,0.19
325411,0.16
325412,0.19
325420,0.26
325424,0.13
325433,0.21
325438,0.11
325439,0.07
325443,0.22
325454,0.19
325464,0.07
325473,0.14
325476,0.17
325495,0.11
325525,0.1
325529,0.12
325552,0.16
325553,0.15
325564,0.11
325565,0.14
325580,0.17
325590,0.32
325591,0.12
325596,0.2
325601,0.12
325602,0.14
325623,0.15
325625,0.21
325641,0.21
325645,0.11
325657,0.09
325680,0.24
325691,0.17
325701,0.1
325710,0.17
325712,0.16
325714,0.09
325716,0.11
325724,0.24
325744,0.14
325751,0.24
325757,0.09
325765,0.13
325767,0.31
325770,0.18
325778,0.16
325784,0.18
325791,0.19
325809,0.17
325814,0.27
325817,0.17
325820,0.42
325822,0.08
325830,0.22
325832,0.27
325840,0.24
325849,0.07
325852,0.07
325859,0.16
325864,0.13
325865,0.16
325879,0.2
325890,0.13
325899,0.07
325908,0.2
325916,0.1
325918,0.06
325919,0.19
325922,0.1
325925,0.05
325934,0.08
325939,0.12
325942,0.08
325948,0.32
325954,0.1
325962,0.11
325966,0.15
325969,0.18
325971,0.05
325972,0.1
325976,0.08
325981,0.16
325992,0.14
326013,0.17
326017,0.17
326019,0.07
326027,0.2
326028,0.17
326033,0.16
326041,0.07
326043,0.09
326049,0.07
326054,0.09
326057,0.17
326074,0.15
326078,0.21
326083,0.08
326084,0.08
326085,0.06
326087,0.09
326088,0.17
326102,0.32
326117,0.12
326145,0.17
326150,0.13
326160,0.17
326166,0.15
326170,0.11
326180,0.23
326182,0.2
326186,0.11
326188,0.13
326190,0.2
326196,0.18
326199,0.16
326201,0.19
326204,0.09
326209,0.17
326211,0.13
326218,0.17
326239,0.18
326259,0.13
326260,0.15
326284,0.19
326289,0.16
326290,0.09
326295,0.2
326299,0.17
326305,0.16
326309,0.18
326323,0.1
326364,0.07
326369,0.07
326385,0.08
326410,0.14
326411,0.11
326418,0.14
326428,0.18
326435,0.21
326437,0.11
326438,0.23
326451,0.14
326464,0.16
326471,0.07
326472,0.27
326475,0.34
326477,0.13
326480,0.17
326486,0.12
326502,0.14
326506,0.2
326513,0.04
326516,0.12
326528,0.12
326530,0.13
326531,0.07
326532,0.08
326538,0.19
326551,0.14
326559,0.08
326576,0.11
326577,0.17
326602,0.22
326606,0.03
326618,0.2
326620,0.12
326624,0.17
326639,0.09
326647,0.22
326652,0.19
326661,0.23
326667,0.18
326670,0.14
326672,0.1
326693,0.24
326704,0.07
326723,0.22
326734,0.15
326738,0.27
326746,0.08
326753,0.11
326754,0.12
326763,0.3
326779,0.25
326785,0.17
326786,0.07
326787,0.15
326789,0.14
326799,0.05
326802,0.21
326804,0.14
326823,0.18
326827,0.13
326833,0.1
326838,0.11
326842,0.11
326856,0.22
326867,0.07
326870,0.1
326871,0.12
326875,0.11
326879,0.06
326884,0.17
326900,0.15
326904,0.1
326905,0.21
326917,0.11
326919,0.11
326921,0.21
326929,0.23
326942,0.15
326944,0.12
326953,0.14
326968,0.17
326985,0.16
326987,0.14
326988,0.18
326994,0.17
327005,0.08
327010,0.11
327017,0.17
327026,0.23
327030,0.06
327031,0.18
327045,0.22
327054,0.1
327078,0.1
327080,0.13
327087,0.32
327137,0.16
327147,0.15
327150,0.11
327153,0.17
327160,0.26
327164,0.13
327169,0.21
327187,0.21
327188,0.04
327189,0.12
327194,0.12
327196,0.23
327202,0.13
327207,0.12
327215,0.14
327216,0.17
327220,0.14
327222,0.16
327230,0.23
327231,0.23
327238,0.19
327247,0.11
327262,0.08
327265,0.16
327267,0.19
327273,0.07
327276,0.28
327280,0.17
327287,0.16
327301,0.18
327307,0.17
327309,0.14
327316,0.11
327327,0.12
327334,0.28
327335,0.16
327338,0.14
327341,0.08
327350,0.17
327355,0.08
327370,0.09
327386,0.09
327391,0.23
327393,0.13
327408,0.15
327415,0.16
327431,0.14
327445,0.07
327449,0.17
327457,0.07
327488,0.16
327489,0.16
327523,0.18
327537,0.12
327550,0.21
327556,0.15
327562,0.12
327567,0.22
327587,0.15
327594,0.14
327602,0.17
327604,0.1
327609,0.14
327618,0.1
327620,0.11
327626,0.21
327628,0.11
327629,0.12
327631,0.11
327633,0.13
327638,0.1
327665,0.1
327689,0.1
327697,0.11
327702,0.09
327704,0.22
327723,0.12
327726,0.09
327732,0.15
327739,0.16
327750,0.2
327751,0.07
327765,0.19
327766,0.17
327771,0.08
327772,0.24
327774,0.18
327784,0.08
327789,0.14
327794,0.1
327799,0.14
327803,0.19
327817,0.13
327819,0.15
327823,0.21
327828,0.4
327834,0.21
327835,0.11
327866,0.26
327871,0.1
327886,0.1
327900,0.2
327901,0.18
327904,0.11
327906,0.13
327908,0.1
327909,0.12
327914,0.22
327917,0.18
327928,0.17
327947,0.16
327949,0.2
327952,0.17
327954,0.08
327962,0.22
327964,0.26
327985,0.1
327996,0.23
327997,0.16
328013,0.11
328017,0.17
328027,0.15
328029,0.27
328042,0.15
328043,0.17
328064,0.29
328072,0.09
328074,0.2
328080,0.13
328086,0.14
328122,0.12
328126,0.14
328127,0.12
328142,0.08
328144,0.07
328150,0.26
328154,0.22
328160,0.08
328171,0.11
328179,0.12
328192,0.1
328195,0.11
328196,0.1
328201,0.15
328203,0.15
328217,0.27
328218,0.15
328228,0.21
328231,0.12
328246,0.07
328252,0.11
328255,0.13
328264,0.1
328281,0.06
328282,0.09
328291,0.13
328303,0.11
328305,0.25
328313,0.16
328336,0.15
328340,0.09
328343,0.12
328368,0.35
328372,0.2
328381,0.12
328383,0.27
328385,0.07
328393,0.23
328395,0.12
328409,0.11
328424,0.08
328427,0.09
328456,0.13
328463,0.2
328489,0.23
328491,0.13
328509,0.12
328516,0.2
328524,0.09
328535,0.1
328536,0.08
328539,0.06
328542,0.33
328545,0.19
328549,0.18
328554,0.15
328558,0.22
328571,0.08
328576,0.09
328578,0.12
328588,0.22
328601,0.06
328604,0.3
328624,0.09
328629,0.24
328632,0.04
328634,0.14
328636,0.14
328637,0.13
328647,0.12
328668,0.13
328669,0.12
328678,0.14
328684,0.25
328694,0.18
328705,0.08
328712,0.15
328720,0.18
328729,0.16
328730,0.12
328733,0.12
328758,0.16
328761,0.13
328764,0.16
328777,0.12
328783,0.11
328813,0.16
328819,0.11
328826,0.13
328829,0.27
328834,0.15
328845,0.07
328856,0.14
328865,0.23
328868,0.22
328878,0.29
328896,0.06
328899,0.09
328909,0.06
328914,0.07
328926,0.28
328934,0.17
328935,0.07
328949,0.15
328954,0.04
328957,0.21
328968,0.16
328974,0.2
328984,0.07
328991,0.1
328997,0.16
329000,0.14
329005,0.12
329007,0.13
329018,0.13
329034,0.21
329051,0.25
329052,0.13
329055,0.15
329062,0.26
329064,0.17
329070,0.25
329075,0.11
329078,0.13
329081,0.15
329086,0.2
329101,0.06
329105,0.15
329113,0.3
329119,0.21
329133,0.11
329135,0.17
329138,0.09
329143,0.15
329157,0.16
329165,0.2
329170,0.15
329176,0.23
329177,0.07
329179,0.14
329196,0.1
329209,0.17
329219,0.3
329241,0.12
329245,0.18
329248,0.14
329249,0.14
329251,0.07
329252,0.1
329256,0.18
329261,0.09
329264,0.23
329297,0.24
329310,0.11
329320,0.1
329328,0.09
329340,0.21
329347,0.11
329351,0.13
329356,0.12
329360,0.35
329364,0.12
329365,0.12
329381,0.12
329383,0.16
329385,0.09
329388,0.11
329390,0.24
329393,0.16
329403,0.09
329409,0.06
329418,0.24
329428,0.05
329433,0.14
329439,0.15
329459,0.14
329463,0.12
329475,0.09
329479,0.06
329494,0.25
329500,0.15
329503,0.11
329512,0.14
329514,0.14
329521,0.1
329526,0.11
329531,0.08
329534,0.1
329545,0.16
329553,0.08
329569,0.13
329571,0.19
329580,0.09
329585,0.28
329588,0.19
329603,0.12
329605,0.09
329611,0.1
329613,0.17
329615,0.1
329618,0.2
329623,0.09
329626,0.21
329678,0.15
329690,0.18
329693,0.22
329698,0.2
329700,0.06
329706,0.06
329709,0.12
329713,0.21
329716,0.11
329717,0.05
329719,0.11
329720,0.16
329737,0.13
329741,0.18
329742,0.15
329749,0.13
329765,0.22
329771,0.14
329775,0.08
329779,0.14
329781,0.14
329788,0.12
329798,0.23
329799,0.09
329810,0.26
329811,0.1
329812,0.13
329819,0.12
329822,0.1
329826,0.08
329843,0.06
329846,0.11
329856,0.2
329871,0.13
329882,0.09
329885,0.13
329893,0.1
329898,0.08
329903,0.16
329916,0.1
329918,0.09
329934,0.11
329942,0.16
329949,0.14
329958,0.21
329965,0.22
329969,0.12
329972,0.21
329981,0.31
329988,0.11
329989,0.14
330004,0.21
330006,0.27
330014,0.22
330025,0.26
330040,0.07
330047,0.39
330070,0.15
330074,0.1
330075,0.1
330085,0.18
330095,0.12
330106,0.15
330119,0.16
330122,0.23
330129,0.2
330145,0.25
330148,0.1
330154,0.13
330156,0.2
330162,0.12
330164,0.1
330187,0.12
330188,0.22
330189,0.11
330192,0.19
330193,0.13
330200,0.16
330205,0.11
330207,0.25
330220,0.11
330228,0.36
330243,0.1
330245,0.18
330270,0.18
330272,0.22
330279,0.12
330288,0.37
330289,0.11
330299,0.09
330308,0.15
330314,0.2
330317,0.15
330322,0.12
330332,0.11
330356,0.23
330358,0.12
330360,0.09
330363,0.14
330364,0.18
330368,0.1
330376,0.07
330378,0.15
330381,0.09
330386,0.08
330387,0.12
330395,0.16
330396,0.1
330406,0.16
330423,0.13
330430,0.17
330467,0.08
330469,0.1
330473,0.1
330479,0.17
330486,0.23
330523,0.16
330524,0.14
330540,0.13
330564,0.1
330565,0.06
330567,0.1
330568,0.14
330602,0.13
330616,0.12
330617,0.12
330625,0.24
330635,0.1
330636,0.23
330639,0.15
330661,0.1
330666,0.13
330670,0.06
330682,0.13
330690,0.06
330708,0.15
330726,0.15
330730,0.06
330765,0.03
330776,0.14
330789,0.02
330791,0.08
330803,0.14
330805,0.08
330807,0.14
330821,0.09
330822,0.09
330836,0.05
330837,0.12
330839,0.16
330840,0.19
330861,0.12
330878,0.18
330881,0.1
330888,0.16
330890,0.2
330903,0.35
330904,0.1
330905,0.08
330907,0.11
330915,0.13
330921,0.2
330922,0.15
330925,0.08
330942,0.15
330945,0.27
330957,0.18
330965,0.12
330973,0.15
330979,0.11
330981,0.1
331005,0.11
331018,0.12
331026,0.2
331032,0.06
331033,0.14
331036,0.08
331037,0.1
331048,0.1
331054,0.11
331058,0.16
331063,0.13
331077,0.22
331079,0.06
331081,0.22
331082,0.08
331090,0.13
331110,0.08
331127,0.22
331141,0.11
331153,0.11
331165,0.18
331171,0.19
331179,0.17
331191,0.21
331193,0.1
331197,0.12
331204,0.13
331207,0.25
331212,0.12
331220,0.19
331242,0.09
331244,0.21
331273,0.13
331281,0.13
331289,0.08
331293,0.15
331294,0.12
331299,0.12
331300,0.19
331302,0.14
331322,0.12
331334,0.11
331347,0.14
331353,0.11
331361,0.17
331370,0.13
331379,0.18
331382,0.18
331388,0.29
331390,0.06
331400,0.2
331411,0.09
331431,0.07
331451,0.14
331455,0.11
331456,0.19
331461,0.12
331468,0.1
331480,0.22
331491,0.1
331505,0.21
331508,0.08
331517,0.12
331519,0.17
331526,0.17
331530,0.08
331533,0.14
331554,0.16
331579,0.1
331590,0.08
331599,0.14
331604,0.17
331605,0.06
331611,0.14
331616,0.16
331620,0.1
331623,0.29
331641,0.13
331645,0.17
331657,0.15
331662,0.1
331678,0.06
331684,0.15
331686,0.27
331691,0.13
331697,0.32
331707,0.14
331709,0.1
331716,0.24
331719,0.28
331729,0.14
331735,0.15
331743,0.09
331761,0.12
331772,0.08
331777,0.07
331794,0.21
331813,0.19
331818,0.2
331834,0.22
331848,0.09
331849,0.1
331868,0.19
331875,0.14
331879,0.17
331886,0.07
331888,0.19
331891,0.07
331903,0.14
331905,0.15
331913,0.11
331914,0.08
331937,0.05
331938,0.23
331939,0.19
331944,0.13
331948,0.07
331968,0.12
331976,0.42
331977,0.27
332007,0.12
332014,0.14
332017,0.11
332027,0.14
332033,0.11
332041,0.15
332042,0.15
332047,0.09
332050,0.14
332056,0.08
332071,0.1
332075,0.31
332076,0.06
332077,0.12
332083,0.12
332093,0.3
332111,0.14
332119,0.07
332121,0.19
332135,0.12
332144,0.22
332147,0.18
332155,0.1
332156,0.16
332164,0.06
332166,0.09
332170,0.21
332180,0.16
332181,0.27
332184,0.15
332192,0.25
332204,0.17
332225,0.16
332234,0.14
332243,0.18
332253,0.11
332261,0.15
332266,0.19
332270,0.17
332285,0.23
332290,0.14
332296,0.11
332298,0.22
332302,0.08
332303,0.1
332317,0.09
332318,0.08
332327,0.16
332337,0.18
332351,0.2
332373,0.13
332377,0.1
332384,0.19
332398,0.1
332404,0.11
332405,0.04
332454,0.11
332456,0.11
332464,0.27
332468,0.14
332476,0.15
332482,0.14
332483,0.1
332508,0.24
332519,0.25
332529,0.3
332537,0.18
332545,0.25
332551,0.22
332552,0.14
332570,0.29
332574,0.15
332579,0.07
332607,0.12
332618,0.18
332626,0.23
332628,0.08
332645,0.15
332652,0.23
332666,0.2
332694,0.09
332697,0.16
332698,0.09
332700,0.15
332708,0.22
332714,0.14
332722,0.07
332724,0.11
332730,0.04
332741,0.1
332746,0.14
332754,0.15
332756,0.22
332759,0.12
332764,0.24
332786,0.07
332790,0.08
332816,0.27
332821,0.08
332827,0.1
332829,0.19
332831,0.09
332833,0.19
332834,0.25
332837,0.12
332846,0.18
332860,0.25
332861,0.14
332865,0.18
332882,0.14
332897,0.18
332901,0.1
332904,0.1
332910,0.31
332911,0.05
332912,0.3
332939,0.1
332940,0.09
332952,0.05
332956,0.13
332957,0.1
332958,0.11
332961,0.22
332967,0.09
332974,0.19
332993,0.14
333007,0.13
333012,0.2
333020,0.11
333021,0.13
333035,0.11
333040,0.24
333061,0.05
333073,0.15
333078,0.23
333085,0.21
333086,0.15
333096,0.26
333100,0.12
333112,0.13
333114,0.1
333120,0.22
333142,0.14
333152,0.13
333159,0.15
333178,0.14
333179,0.08
333187,0.26
333191,0.17
333192,0.14
333199,0.12
333211,0.12
333224,0.16
333237,0.15
333238,0.1
333262,0.11
333268,0.14
333275,0.1
333289,0.18
333292,0.28
333303,0.13
333305,0.19
333312,0.1
333316,0.2
333335,0.15
333354,0.07
333356,0.11
333358,0.15
333376,0.15
333378,0.16
333380,0.08
333381,0.16
333388,0.21
333392,0.1
333406,0.3
333410,0.09
333411,0.18
333412,0.22
333428,0.2
333432,0.1
333435,0.11
333442,0.15
333452,0.18
333455,0.32
333456,0.21
333459,0.21
333464,0.22
333466,0.14
333469,0.12
333475,0.21
333476,0.07
333477,0.26
333487,0.1
333490,0.1
333497,0.33
333499,0.09
333500,0.18
333501,0.17
333503,0.2
333513,0.14
333518,0.13
333544,0.08
333546,0.34
333563,0.16
333566,0.13
333568,0.14
333570,0.12
333573,0.09
333574,0.09
333584,0.07
333589,0.2
333594,0.1
333596,0.13
333597,0.17
333615,0.13
333621,0.15
333622,0.24
333629,0.13
333651,0.34
333653,0.12
333664,0.13
333680,0.09
333687,0.2
333688,0.06
333689,0.32
333693,0.18
333695,0.15
333706,0.08
333709,0.17
333713,0.16
333734,0.16
333745,0.21
333752,0.13
333764,0.06
333780,0.11
333789,0.19
333791,0.17
333795,0.18
333799,0.22
333801,0.17
333802,0.21
333803,0.17
333810,0.11
333837,0.14
333842,0.29
333843,0.1
333845,0.13
333852,0.21
333859,0.11
333885,0.19
333896,0.36
333904,0.19
333908,0.13
333913,0.14
333927,0.19
333930,0.22
333935,0.08
333952,0.08
333953,0.07
333966,0.14
333968,0.1
333988,0.16
334013,0.06
334027,0.11
334030,0.07
334032,0.32
334033,0.1
334042,0.09
334045,0.2
334053,0.07
334055,0.12
334058,0.08
334063,0.24
334070,0.15
334074,0.11
334080,0.11
334086,0.15
334092,0.22
334099,0.19
334101,0.08
334103,0.21
334104,0.2
334109,0.22
334125,0.16
334130,0.27
334138,0.22
334161,0.22
334164,0.21
334169,0.13
334171,0.11
334185,0.14
334186,0.06
334209,0.15
334211,0.19
334230,0.08
334231,0.15
334237,0.15
334241,0.17
334244,0.23
334247,0.07
334250,0.09
334252,0.14
334273,0.08
334282,0.21
334285,0.21
334286,0.18
334292,0.11
334296,0.17
334299,0.16
334300,0.17
334305,0.08
334307,0.2
334311,0.1
334315,0.08
334343,0.13
334344,0.14
334345,0.16
334350,0.11
334353,0.12
334365,0.21
334372,0.15
334374,0.1
334375,0.19
334382,0.2
334387,0.12
334391,0.16
334397,0.07
334407,0.13
334415,0.11
334417,0.14
334419,0.17
334431,0.1
334435,0.21
334446,0.33
334447,0.2
334457,0.06
334459,0.17
334471,0.06
334474,0.09
334481,0.12
334483,0.12
334486,0.07
334490,0.3
334492,0.28
334494,0.13
334512,0.07
334522,0.1
334527,0.12
334534,0.1
334537,0.06
334539,0.16
334552,0.21
334555,0.3
334565,0.13
334580,0.14
334585,0.21
334589,0.13
334594,0.12
334600,0.2
334603,0.18
334613,0.21
334621,0.2
334628,0.2
334631,0.2
334634,0.18
334635,0.11
334659,0.1
334660,0.07
334664,0.13
334671,0.24
334693,0.18
334695,0.09
334703,0.35
334718,0.24
334728,0.28
334732,0.26
334733,0.1
334735,0.04
334748,0.11
334756,0.21
334764,0.14
334766,0.13
334787,0.08
334803,0.1
334806,0.2
334817,0.13
334825,0.12
334831,0.1
334836,0.09
334845,0.13
334857,0.04
334868,0.14
334871,0.13
334873,0.2
334881,0.21
334886,0.19
334898,0.15
334899,0.08
334901,0.13
334916,0.19
334923,0.16
334933,0.1
334938,0.3
334955,0.14
334963,0.32
334974,0.15
334986,0.17
334994,0.13
334995,0.24
335001,0.14
335005,0.19
335009,0.17
335014,0.14
335015,0.12
335017,0.29
335025,0.25
335027,0.17
335055,0.15
335058,0.2
335072,0.1
335073,0.11
335081,0.16
335091,0.1
335096,0.12
335097,0.07
335099,0.12
335113,0.11
335136,0.13
335140,0.17
335141,0.13
335143,0.22
335155,0.13
335170,0.16
335176,0.11
335181,0.1
335183,0.27
335192,0.09
335196,0.29
335198,0.15
335203,0.19
335204,0.23
335218,0.13
335222,0.09
335223,0.29
335229,0.2
335231,0.15
335236,0.16
335253,0.15
335257,0.21
335262,0.11
335263,0.14
335273,0.12
335276,0.17
335278,0.13
335295,0.1
335301,0.1
335303,0.13
335305,0.22
335310,0.25
335313,0.16
335314,0.11
335319,0.16
335321,0.15
335331,0.13
335332,0.11
335333,0.11
335337,0.14
335342,0.22
335347,0.12
335351,0.22
335356,0.09
335366,0.12
335369,0.18
335377,0.22
335388,0.27
335395,0.21
335397,0.12
335411,0.21
335419,0.1
335425,0.17
335427,0.17
335443,0.14
335446,0.09
335448,0.1
335451,0.26
335458,0.1
335459,0.16
335460,0.24
335463,0.12
335471,0.15
335477,0.06
335478,0.23
335484,0.07
335490,0.22
335495,0.17
335506,0.15
335507,0.14
335518,0.14
335533,0.14
335537,0.12
335538,0.23
335549,0.07
335553,0.2
335561,0.2
335564,0.18
335573,0.13
335577,0.13
335579,0.14
335585,0.15
335590,0.19
335594,0.08
335598,0.12
335601,0.11
335608,0.16
335616,0.19
335640,0.04
335645,0.13
335653,0.16
335683,0.15
335692,0.17
335713,0.18
335726,0.09
335727,0.34
335728,0.13
335732,0.09
335736,0.17
335747,0.12
335754,0.11
335755,0.16
335761,0.14
335775,0.1
335778,0.25
335779,0.11
335787,0.1
335805,0.11
335807,0.11
335808,0.11
335815,0.05
335818,0.12
335835,0.14
335849,0.17
335850,0.16
335851,0.23
335852,0.15
335856,0.14
335857,0.08
335863,0.17
335871,0.14
335879,0.08
335885,0.11
335887,0.25
335893,0.28
335906,0.13
335912,0.14
335921,0.15
335944,0.08
335952,0.17
335955,0.12
335956,0.09
335957,0.21
335958,0.17
335962,0.06
335963,0.09
335964,0.15
335971,0.11
335973,0.13
335975,0.22
335981,0.18
335983,0.14
336016,0.21
336038,0.2
336039,0.09
336041,0.07
336061,0.04
336063,0.13
336067,0.06
336071,0.05
336089,0.13
336095,0.09
336096,0.15
336101,0.06
336117,0.09
336118,0.13
336120,0.18
336137,0.12
336155,0.15
336156,0.33
336159,0.13
336178,0.28
336183,0.26
336194,0.12
336195,0.15
336199,0.18
336209,0.11
336213,0.16
336214,0.13
336215,0.11
336220,0.08
336253,0.18
336260,0.19
336263,0.09
336265,0.08
336273,0.12
336277,0.1
336280,0.08
336295,0.15
336308,0.13
336309,0.11
336316,0.29
336319,0.13
336321,0.07
336322,0.18
336323,0.12
336340,0.12
336344,0.16
336352,0.1
336361,0.1
336367,0.16
336382,0.22
336383,0.13
336393,0.05
336407,0.15
336413,0.13
336418,0.23
336426,0.06
336427,0.11
336436,0.13
336443,0.09
336445,0.09
336447,0.12
336451,0.2
336464,0.11
336484,0.19
336491,0.14
336492,0.16
336493,0.16
336494,0.13
336499,0.12
336524,0.09
336527,0.24
336534,0.2
336544,0.18
336553,0.18
336558,0.15
336565,0.18
336569,0.2
336580,0.14
336586,0.09
336592,0.1
336604,0.12
336610,0.16
336623,0.15
336634,0.16
336635,0.07
336641,0.13
336660,0.05
336673,0.22
336686,0.08
336693,0.08
336701,0.13
336704,0.08
336711,0.1
336715,0.19
336717,0.14
336722,0.16
336724,0.11
336741,0.17
336745,0.1
336757,0.23
336764,0.16
336767,0.21
336783,0.15
336786,0.19
336791,0.12
336792,0.26
336813,0.11
336822,0.33
336823,0.23
336832,0.1
336843,0.13
336858,0.12
336870,0.03
336876,0.08
336885,0.09
336887,0.15
336891,0.05
336903,0.08
336916,0.24
336917,0.11
336922,0.09
336925,0.03
336931,0.28
336938,0.19
336950,0.18
336955,0.07
336956,0.14
336959,0.11
336966,0.27
336971,0.2
336978,0.06
336983,0.07
336986,0.06
336996,0.24
337003,0.29
337007,0.2
337029,0.14
337034,0.24
337039,0.07
337057,0.17
337058,0.09
337062,0.1
337080,0.19
337087,0.09
337105,0.07
337108,0.13
337120,0.06
337125,0.27
337142,0.16
337159,0.12
337160,0.17
337168,0.13
337170,0.12
337171,0.21
337178,0.13
337188,0.12
337191,0.16
337200,0.16
337207,0.15
337210,0.11
337218,0.11
337221,0.09
337237,0.06
337241,0.18
337244,0.18
337273,0.14
337294,0.05
337295,0.13
337298,0.03
337310,0.06
337326,0.11
337338,0.39
337343,0.27
337360,0.11
337369,0.16
337375,0.17
337386,0.19
337388,0.26
337405,0.13
337408,0.19
337412,0.06
337416,0.18
337418,0.24
337442,0.27
337449,0.12
337457,0.14
337460,0.17
337474,0.12
337499,0.18
337506,0.12
337512,0.2
337527,0.12
337528,0.12
337530,0.09
337539,0.11
337546,0.08
337551,0.14
337569,0.2
337576,0.1
337582,0.13
337590,0.28
337599,0.1
337600,0.16
337601,0.24
337608,0.15
337614,0.23
337619,0.16
337625,0.24
337629,0.18
337635,0.13
337642,0.1
337663,0.29
337665,0.15
337668,0.09
337700,0.15
337746,0.08
337761,0.13
337779,0.2
337788,0.14
337790,0.13
337793,0.14
337802,0.07
337807,0.15
337821,0.18
337840,0.11
337846,0.23
337848,0.27
337864,0.1
337866,0.16
337868,0.15
337878,0.07
337890,0.21
337896,0.18
337901,0.19
337905,0.16
337914,0.06
337953,0.14
337969,0.1
337984,0.13
337995,0.13
338009,0.04
338018,0.15
338022,0.13
338028,0.08
338029,0.1
338044,0.08
338050,0.24
338052,0.11
338073,0.35
338076,0.09
338084,0.11
338086,0.07
338094,0.14
338097,0.17
338099,0.1
338126,0.07
338127,0.27
338137,0.29
338146,0.12
338161,0.1
338164,0.19
338174,0.07
338179,0.34
338181,0.14
338188,0.16
338189,0.1
338193,0.12
338199,0.09
338202,0.15
338204,0.18
338210,0.12
338229,0.1
338240,0.17
338250,0.12
338253,0.29
338254,0.1
338268,0.13
338290,0.14
338293,0.13
338297,0.13
338301,0.15
338306,0.16
338314,0.07
338318,0.1
338325,0.1
338340,0.2
338341,0.19
338351,0.05
338352,0.29
338368,0.12
338381,0.19
338404,0.15
338409,0.16
338417,0.14
338418,0.06
338426,0.11
338431,0.15
338435,0.13
338463,0.15
338465,0.21
338467,0.13
338479,0.23
338495,0.16
338510,0.14
338526,0.08
338528,0.1
338530,0.07
338539,0.09
338543,0.1
338554,0.08
338557,0.12
338581,0.19
338589,0.12
338595,0.15
338597,0.07
338604,0.17
338607,0.07
338613,0.09
338615,0.11
338628,0.24
338636,0.17
338642,0.08
338669,0.11
338671,0.22
338675,0.13
338676,0.24
338690,0.11
338696,0.18
338702,0.3
338703,0.12
338709,0.1
338719,0.13
338725,0.11
338727,0.07
338732,0.21
338749,0.15
338773,0.09
338774,0.17
338784,0.21
338789,0.14
338792,0.18
338804,0.14
338808,0.24
338822,0.11
338824,0.09
338833,0.11
338836,0.19
338840,0.12
338842,0.16
338843,0.18
338847,0.17
338849,0.21
338857,0.16
338860,0.24
338872,0.16
338874,0.09
338878,0.18
338895,0.18
338896,0.16
338904,0.19
338920,0.23
338931,0.06
338938,0.1
338955,0.1
338962,0.08
338969,0.17
338976,0.13
338994,0.19
339011,0.16
339014,0.04
339017,0.12
339018,0.36
339030,0.17
339038,0.15
339060,0.09
339079,0.25
339082,0.08
339099,0.11
339103,0.23
339105,0.14
339107,0.12
339121,0.2
339148,0.16
339152,0.14
339154,0.12
339170,0.22
339186,0.14
339187,0.23
339193,0.14
339196,0.19
339199,0.17
339203,0.19
339216,0.2
339228,0.15
339232,0.21
339237,0.12
339240,0.11
339242,0.21
339245,0.1
339252,0.13
339256,0.13
339258,0.16
339260,0.08
339263,0.1
339268,0.17
339269,0.24
339286,0.14
339304,0.12
339307,0.14
339317,0.19
339330,0.14
339346,0.31
339380,0.17
339381,0.11
339382,0.24
339391,0.03
339396,0.11
339406,0.11
339407,0.14
339409,0.17
339410,0.17
339425,0.17
339427,0.25
339433,0.12
339443,0.06
339449,0.13
339452,0.14
339453,0.21
339455,0.1
339457,0.19
339477,0.1
339483,0.11
339487,0.22
339490,0.07
339518,0.12
339523,0.15
339529,0.12
339541,0.22
339544,0.12
339546,0.17
339559,0.2
339563,0.16
339573,0.18
339591,0.14
339593,0.11
339599,0.2
339604,0.29
339615,0.1
339621,0.09
339625,0.27
339642,0.19
339647,0.21
339650,0.09
339656,0.2
339659,0.08
339681,0.1
339683,0.14
339684,0.31
339689,0.17
339694,0.09
339699,0.16
339718,0.28
339727,0.29
339735,0.14
339736,0.13
339745,0.12
339755,0.09
339758,0.08
339770,0.06
339772,0.06
339778,0.08
339786,0.06
339787,0.28
339788,0.14
339799,0.18
339814,0.09
339837,0.08
339842,0.15
339845,0.15
339852,0.12
339857,0.16
339864,0.27
339872,0.09
339873,0.21
339874,0.1
339875,0.12
339879,0.19
339884,0.13
339888,0.16
339891,0.17
339905,0.09
339920,0.16
339934,0.17
339938,0.19
339948,0.13
339949,0.11
339953,0.14
339954,0.16
339957,0.09
339958,0.22
339971,0.13
339975,0.18
339978,0.09
339984,0.19
339993,0.16
340009,0.08
340012,0.15
340019,0.12
340031,0.14
340041,0.2
340045,0.11
340046,0.15
340067,0.1
340079,0.1
340081,0.19
340082,0.15
340090,0.09
340091,0.17
340099,0.12
340104,0.15
340109,0.11
340123,0.18
340146,0.1
340162,0.12
340167,0.14
340181,0.16
340194,0.21
340195,0.17
340198,0.23
340202,0.49
340203,0.37
340219,0.23
340221,0.15
340224,0.1
340239,0.14
340248,0.23
340262,0.12
340264,0.12
340277,0.33
340285,0.06
340292,0.21
340356,0.2
340365,0.25
340375,0.22
340377,0.11
340378,0.17
340385,0.3
340387,0.06
340388,0.11
340405,0.24
340407,0.16
340408,0.19
340416,0.08
340420,0.12
340421,0.28
340425,0.11
340430,0.16
340448,0.06
340451,0.13
340456,0.15
340457,0.12
340459,0.16
340460,0.12
340463,0.1
340464,0.21
340486,0.1
340503,0.23
340504,0.1
340505,0.17
340507,0.16
340509,0.16
340511,0.2
340513,0.08
340516,0.29
340529,0.17
340535,0.1
340542,0.21
340545,0.11
340546,0.28
340556,0.14
340567,0.11
340576,0.14
340577,0.12
340586,0.06
340587,0.21
340594,0.17
340610,0.35
340611,0.07
340614,0.12
340625,0.11
340630,0.35
340640,0.16
340667,0.14
340674,0.2
340679,0.11
340683,0.13
340686,0.22
340698,0.09
340708,0.16
340717,0.15
340718,0.07
340720,0.04
340726,0.11
340746,0.27
340747,0.08
340768,0.2
340769,0.09
340772,0.29
340774,0.27
340778,0.15
340806,0.23
340816,0.15
340823,0.16
340826,0.11
340838,0.22
340840,0.23
340842,0.18
340844,0.17
340845,0.17
340853,0.27
340855,0.15
340857,0.11
340858,0.1
340864,0.17
340899,0.12
340901,0.11
340909,0.15
340921,0.24
340925,0.19
340953,0.14
340954,0.13
340961,0.12
340963,0.14
340975,0.14
340977,0.17
340996,0.15
341009,0.14
341013,0.07
341020,0.12
341024,0.14
341031,0.19
341038,0.17
341042,0.27
341050,0.13
341063,0.32
341066,0.04
341067,0.11
341070,0.24
341075,0.09
341089,0.17
341091,0.14
341122,0.2
341132,0.15
341135,0.25
341150,0.25
341168,0.18
341172,0.19
341182,0.15
341183,0.07
341187,0.19
341192,0.12
341194,0.09
341201,0.25
341226,0.11
341228,0.12
341231,0.25
341235,0.2
341237,0.15
341251,0.2
341278,0.12
341284,0.15
341285,0.15
341294,0.07
341296,0.13
341297,0.14
341298,0.09
341302,0.17
341304,0.15
341307,0.13
341314,0.16
341324,0.18
341332,0.25
341342,0.2
341347,0.13
341356,0.07
341358,0.15
341365,0.16
341368,0.09
341372,0.11
341374,0.18
341380,0.05
341381,0.09
341390,0.18
341398,0.13
341401,0.18
341406,0.26
341413,0.08
341419,0.08
341421,0.19
341427,0.13
341429,0.16
341434,0.12
341437,0.06
341444,0.26
341447,0.11
341452,0.11
341458,0.2
341475,0.12
341478,0.15
341495,0.15
341503,0.14
341520,0.12
341525,0.17
341544,0.14
341545,0.12
341548,0.09
341551,0.09
341552,0.12
341562,0.24
341574,0.17
341577,0.13
341585,0.19
341616,0.09
341630,0.11
341631,0.15
341640,0.25
341651,0.16
341653,0.16
341655,0.28
341659,0.21
341696,0.2
341705,0.19
341717,0.13
341720,0.14
341728,0.11
341729,0.11
341737,0.13
341758,0.11
341765,0.09
341780,0.23
341785,0.27
341787,0.15
341790,0.11
341796,0.09
341805,0.1
341811,0.08
341823,0.08
341828,0.39
341841,0.09
341865,0.15
341873,0.13
341891,0.1
341899,0.12
341906,0.11
341917,0.07
341926,0.21
341931,0.1
341934,0.16
341939,0.26
341943,0.15
341962,0.15
341967,0.19
341971,0.22
341990,0.06
341997,0.2
342001,0.17
342010,0.14
342042,0.25
342052,0.22
342084,0.21
342089,0.08
342091,0.09
342099,0.1
342109,0.09
342111,0.12
342119,0.12
342120,0.2
342125,0.16
342127,0.24
342128,0.12
342135,0.1
342136,0.11
342138,0.17
342148,0.15
342153,0.23
342154,0.24
342157,0.09
342163,0.18
342168,0.09
342173,0.23
342182,0.11
342185,0.12
342194,0.14
342198,0.09
342210,0.08
342214,0.16
342220,0.13
342222,0.07
342223,0.16
342230,0.14
342239,0.13
342247,0.11
342248,0.26
342252,0.06
342257,0.27
342271,0.34
342272,0.08
342290,0.14
342295,0.15
342297,0.09
342298,0.13
342301,0.1
342305,0.13
342308,0.06
342314,0.15
342322,0.14
342340,0.16
342350,0.1
342353,0.19
342358,0.12
342377,0.19
342378,0.09
342382,0.38
342390,0.13
342396,0.07
342439,0.15
342442,0.16
342447,0.09
342449,0.08
342450,0.18
342451,0.15
342454,0.11
342455,0.25
342467,0.14
342476,0.26
342481,0.21
342498,0.09
342503,0.07
342510,0.15
342513,0.15
342523,0.17
342527,0.28
342555,0.15
342566,0.26
342584,0.07
342593,0.09
342600,0.02
342611,0.19
342614,0.17
342637,0.12
342639,0.14
342656,0.32
342669,0.15
342684,0.3
342686,0.17
342690,0.28
342693,0.12
342701,0.25
342702,0.28
342703,0.13
342706,0.08
342711,0.2
342730,0.12
342744,0.17
342753,0.17
342769,0.16
342779,0.26
342788,0.12
342792,0.18
342794,0.24
342795,0.09
342799,0.1
342802,0.3
342803,0.21
342812,0.14
342820,0.24
342824,0.11
342835,0.17
342836,0.12
342851,0.18
342860,0.24
342862,0.28
342870,0.15
342873,0.14
342894,0.07
342916,0.09
342950,0.22
342970,0.13
342971,0.21
342980,0.13
342981,0.06
343004,0.19
343044,0.05
343045,0.22
343072,0.1
343078,0.23
343080,0.2
343085,0.19
343126,0.14
343137,0.14
343139,0.08
343144,0.17
343155,0.1
343163,0.03
343165,0.08
343190,0.11
343205,0.16
343221,0.13
343226,0.1
343233,0.27
343236,0.18
343241,0.22
343245,0.12
343256,0.11
343260,0.1
343276,0.12
343298,0.1
343299,0.07
343310,0.23
343312,0.18
343317,0.12
343319,0.14
343324,0.11
343345,0.16
343348,0.21
343354,0.16
343363,0.14
343365,0.27
343376,0.18
343380,0.2
343401,0.06
343412,0.11
343414,0.07
343415,0.09
343418,0.13
343419,0.13
343421,0.19
343423,0.16
343432,0.04
343436,0.1
343440,0.28
343458,0.1
343470,0.17
343471,0.06
343480,0.09
343484,0.12
343492,0.15
343500,0.09
343503,0.06
343522,0.14
343525,0.2
343562,0.24
343577,0.26
343580,0.11
343591,0.18
343594,0.19
343602,0.12
343611,0.11
343615,0.2
343639,0.11
343643,0.14
343645,0.13
343647,0.12
343669,0.14
343683,0.1
343702,0.44
343703,0.14
343704,0.18
343710,0.07
343724,0.21
343730,0.2
343742,0.25
343743,0.11
343745,0.1
343775,0.26
343783,0.16
343794,0.2
343795,0.11
343816,0.1
343820,0.08
343823,0.17
343836,0.08
343845,0.08
343888,0.27
343893,0.12
343898,0.23
343914,0.11
343918,0.13
343920,0.17
343928,0.06
343931,0.2
343968,0.21
343990,0.16
343991,0.1
343996,0.17
344002,0.18
344004,0.15
344008,0.24
344011,0.16
344013,0.2
344014,0.14
344015,0.19
344016,0.1
344019,0.09
344026,0.15
344027,0.1
344029,0.18
344039,0.14
344041,0.36
344042,0.15
344047,0.27
344053,0.32
344055,0.09
344060,0.1
344064,0.12
344067,0.1
344080,0.06
344083,0.15
344088,0.12
344090,0.15
344093,0.2
344099,0.14
344113,0.11
344114,0.23
344119,0.08
344121,0.15
344135,0.21
344138,0.07
344159,0.2
344172,0.11
344176,0.15
344192,0.13
344202,0.19
344219,0.07
344225,0.14
344229,0.25
344240,0.21
344241,0.14
344249,0.1
344252,0.24
344256,0.14
344260,0.15
344264,0.23
344267,0.1
344275,0.11
344283,0.11
344292,0.13
344296,0.15
344297,0.12
344299,0.19
344303,0.17
344313,0.11
344315,0.18
344317,0.13
344323,0.14
344328,0.22
344339,0.16
344343,0.23
344345,0.03
344356,0.15
344358,0.16
344359,0.29
344366,0.23
344370,0.1
344382,0.1
344383,0.08
344386,0.17
344388,0.34
344393,0.15
344395,0.13
344401,0.12
344402,0.26
344404,0.15
344422,0.05
344427,0.1
344433,0.25
344444,0.28
344454,0.17
344460,0.13
344480,0.09
344483,0.13
344488,0.26
344496,0.27
344504,0.28
344516,0.08
344524,0.12
344540,0.15
344542,0.18
344550,0.07
344558,0.07
344561,0.14
344568,0.22
344571,0.22
344621,0.19
344633,0.19
344635,0.14
344660,0.22
344662,0.15
344681,0.09
344683,0.28
344685,0.14
344716,0.27
344726,0.11
344749,0.16
344750,0.26
344752,0.16
344760,0.08
344762,0.24
344768,0.13
344770,0.17
344772,0.28
344778,0.15
344783,0.26
344793,0.14
344814,0.12
344815,0.09
344818,0.13
344819,0.15
344826,0.14
344828,0.26
344835,0.12
344864,0.08
344869,0.15
344875,0.18
344883,0.11
344885,0.09
344887,0.11
344889,0.19
344892,0.25
344895,0.13
344913,0.07
344934,0.1
344939,0.24
344947,0.19
344964,0.15
344969,0.13
344973,0.13
344977,0.16
344978,0.11
344991,0.16
345010,0.17
345011,0.1
345012,0.19
345020,0.09
345021,0.08
345042,0.09
345046,0.13
345070,0.19
345078,0.14
345085,0.15
345087,0.1
345093,0.08
345094,0.28
345097,0.13
345107,0.06
345109,0.29
345117,0.1
345118,0.1
345126,0.28
345142,0.15
345143,0.08
345149,0.15
345150,0.08
345154,0.31
345174,0.11
345184,0.2
345193,0.12
345196,0.19
345202,0.08
345207,0.14
345209,0.15
345211,0.16
345212,0.14
345213,0.16
345218,0.2
345228,0.09
345234,0.08
345251,0.09
345252,0.15
345260,0.11
345269,0.06
345275,0.17
345300,0.1
345305,0.13
345306,0.16
345310,0.14
345315,0.29
345324,0.18
345329,0.06
345359,0.2
345360,0.29
345364,0.15
345385,0.32
345387,0.14
345390,0.12
345402,0.21
345404,0.15
345405,0.14
345416,0.11
345425,0.32
345432,0.15
345437,0.29
345442,0.13
345450,0.15
345458,0.13
345467,0.23
345468,0.23
345470,0.19
345478,0.04
345479,0.2
345482,0.09
345489,0.09
345492,0.1
345499,0.12
345502,0.11
345515,0.12
345538,0.14
345542,0.13
345548,0.08
345550,0.14
345552,0.12
345557,0.06
345560,0.06
345563,0.12
345564,0.35
345580,0.2
345582,0.05
345583,0.07
345604,0.09
345622,0.16
345630,0.17
345634,0.11
345643,0.1
345646,0.11
345685,0.17
345687,0.13
345694,0.1
345717,0.11
345718,0.23
345726,0.1
345733,0.08
345738,0.14
345754,0.13
345761,0.1
345771,0.24
345778,0.12
345780,0.3
345788,0.13
345796,0.22
345800,0.29
345808,0.2
345812,0.12
345821,0.23
345822,0.15
345843,0.21
345853,0.22
345854,0.07
345857,0.14
345858,0.07
345867,0.19
345884,0.14
345892,0.07
345893,0.17
345896,0.07
345902,0.07
345906,0.07
345913,0.11
345916,0.13
345922,0.18
345923,0.38
345924,0.16
345935,0.18
345941,0.14
345948,0.13
345953,0.06
345958,0.19
345962,0.06
345966,0.18
345973,0.1
345976,0.16
345989,0.16
345999,0.07
346003,0.13
346014,0.13
346027,0.07
346036,0.25
346048,0.1
346052,0.1
346057,0.16
346058,0.15
346064,0.24
346076,0.3
346079,0.1
346081,0.14
346091,0.18
346099,0.17
346104,0.09
346111,0.2
346117,0.21
346118,0.11
346126,0.1
346135,0.1
346141,0.16
346150,0.16
346153,0.19
346155,0.19
346164,0.17
346166,0.25
346173,0.18
346179,0.09
346184,0.13
346188,0.13
346201,0.15
346207,0.14
346213,0.19
346219,0.13
346245,0.07
346271,0.19
346273,0.26
346290,0.15
346300,0.28
346314,0.07
346328,0.08
346329,0.14
346338,0.13
346340,0.16
346341,0.09
346347,0.09
346358,0.21
346362,0.15
346373,0.15
346377,0.17
346379,0.4
346384,0.13
346387,0.18
346392,0.14
346396,0.13
346402,0.17
346405,0.17
346407,0.08
346409,0.18
346414,0.11
346423,0.08
346424,0.12
346428,0.15
346443,0.17
346444,0.12
346446,0.21
346449,0.18
346456,0.12
346476,0.16
346477,0.12
346480,0.12
346492,0.14
346526,0.08
346536,0.15
346539,0.11
346543,0.2
346544,0.15
346546,0.1
346591,0.28
346598,0.22
346599,0.2
346618,0.13
346620,0.06
346623,0.18
346631,0.08
346639,0.07
346657,0.15
346661,0.33
346671,0.08
346672,0.12
346694,0.06
346712,0.26
346714,0.12
346723,0.07
346727,0.29
346729,0.06
346747,0.14
346765,0.13
346775,0.12
346784,0.19
346797,0.18
346799,0.21
346802,0.11
346807,0.21
346822,0.14
346828,0.18
346836,0.12
346838,0.19
346841,0.28
346843,0.13
346848,0.13
346850,0.15
346851,0.17
346855,0.19
346856,0.2
346860,0.1
346870,0.14
346881,0.26
346884,0.14
346887,0.06
346890,0.16
346904,0.18
346912,0.22
346914,0.18
346923,0.14
346924,0.15
346926,0.21
346934,0.14
346936,0.1
346951,0.15
346952,0.14
346970,0.05
346982,0.2
346993,0.11
347013,0.13
347018,0.15
347021,0.11
347031,0.12
347033,0.34
347039,0.08
347045,0.16
347046,0.16
347058,0.11
347071,0.15
347078,0.15
347079,0.1
347097,0.22
347101,0.13
347120,0.19
347121,0.13
347133,0.08
347161,0.08
347163,0.1
347173,0.12
347175,0.16
347181,0.16
347193,0.25
347196,0.31
347204,0.08
347205,0.09
347217,0.15
347229,0.12
347255,0.14
347261,0.17
347266,0.19
347283,0.11
347286,0.18
347302,0.11
347304,0.18
347321,0.16
347323,0.11
347331,0.12
347340,0.19
347350,0.19
347374,0.13
347379,0.28
347404,0.32
347415,0.12
347438,0.24
347439,0.09
347443,0.3
347450,0.32
347456,0.13
347458,0.26
347463,0.21
347471,0.12
347476,0.24
347482,0.13
347483,0.09
347492,0.11
347498,0.1
347499,0.11
347501,0.18
347521,0.13
347527,0.12
347531,0.09
347540,0.05
347556,0.13
347575,0.15
347579,0.12
347581,0.09
347583,0.07
347611,0.16
347614,0.23
347621,0.17
347629,0.26
347639,0.15
347642,0.13
347650,0.19
347665,0.09
347674,0.1
347678,0.18
347689,0.21
347690,0.2
347708,0.19
347712,0.26
347722,0.2
347728,0.15
347734,0.17
347736,0.31
347747,0.12
347748,0.13
347753,0.24
347755,0.27
347756,0.13
347757,0.09
347763,0.12
347770,0.12
347771,0.22
347784,0.1
347792,0.18
347793,0.2
347801,0.12
347808,0.18
347821,0.09
347824,0.12
347829,0.13
347841,0.2
347845,0.09
347846,0.13
347853,0.21
347854,0.11
347858,0.08
347859,0.07
347864,0.09
347869,0.12
347876,0.09
347880,0.14
347884,0.12
347888,0.15
347893,0.12
347900,0.12
347902,0.13
347910,0.11
347912,0.16
347915,0.08
347916,0.13
347919,0.09
347923,0.16
347952,0.39
348002,0.27
348003,0.12
348008,0.11
348014,0.11
348027,0.25
348031,0.1
348051,0.13
348060,0.15
348064,0.11
348066,0.15
348069,0.2
348077,0.12
348081,0.14
348087,0.13
348088,0.08
348094,0.14
348100,0.2
348119,0.16
348122,0.15
348141,0.25
348145,0.21
348154,0.1
348158,0.15
348163,0.23
348176,0.26
348177,0.12
348181,0.17
348190,0.19
348195,0.2
348197,0.24
348200,0.1
348209,0.16
348216,0.09
348217,0.11
348223,0.27
348228,0.17
348230,0.11
348249,0.11
348251,0.17
348261,0.23
348264,0.13
348271,0.09
348273,0.2
348280,0.11
348283,0.16
348285,0.19
348306,0.16
348312,0.14
348327,0.07
348328,0.14
348344,0.09
348358,0.16
348361,0.14
348362,0.22
348364,0.12
348370,0.12
348380,0.12
348400,0.11
348420,0.25
348428,0.17
348430,0.11
348445,0.09
348460,0.26
348462,0.17
348465,0.05
348481,0.17
348482,0.13
348485,0.11
348491,0.21
348492,0.29
348522,0.23
348531,0.1
348536,0.18
348546,0.21
348547,0.06
348548,0.17
348551,0.13
348554,0.28
348564,0.19
348571,0.16
348577,0.16
348593,0.17
348595,0.13
348606,0.14
348621,0.08
348630,0.1
348633,0.22
348644,0.14
348646,0.09
348680,0.1
348692,0.14
348698,0.18
348703,0.24
348712,0.12
348726,0.29
348727,0.06
348731,0.19
348733,0.16
348747,0.17
348753,0.14
348756,0.1
348760,0.21
348771,0.1
348785,0.14
348789,0.25
348793,0.12
348797,0.08
348799,0.07
348811,0.13
348812,0.18
348818,0.15
348822,0.16
348833,0.22
348849,0.14
348875,0.14
348878,0.11
348879,0.05
348884,0.2
348887,0.07
348890,0.18
348901,0.1
348911,0.13
348936,0.12
348941,0.07
348949,0.11
348950,0.14
348952,0.09
348954,0.15
348971,0.15
348979,0.31
348985,0.21
348989,0.12
348999,0.14
349006,0.23
349013,0.16
349015,0.08
349024,0.09
349033,0.1
349047,0.15
349060,0.13
349065,0.2
349071,0.28
349081,0.19
349088,0.18
349093,0.07
349101,0.13
349107,0.14
349113,0.14
349123,0.16
349125,0.18
349129,0.3
349131,0.12
349132,0.15
349163,0.05
349168,0.12
349172,0.11
349187,0.1
349192,0.21
349193,0.08
349203,0.09
349227,0.18
349234,0.32
349248,0.08
349249,0.25
349254,0.16
349259,0.3
349265,0.18
349276,0.09
349281,0.11
349283,0.21
349288,0.18
349297,0.04
349299,0.16
349304,0.13
349306,0.19
349310,0.3
349314,0.06
349320,0.11
349326,0.16
349329,0.14
349337,0.21
349357,0.1
349363,0.08
349374,0.11
349375,0.12
349394,0.16
349399,0.14
349404,0.09
349419,0.08
349422,0.19
349425,0.2
349432,0.12
349433,0.31
349436,0.19
349437,0.17
349439,0.22
349484,0.11
349488,0.27
349490,0.13
349538,0.19
349541,0.16
349543,0.18
349552,0.12
349560,0.14
349565,0.29
349570,0.14
349586,0.12
349589,0.19
349592,0.18
349596,0.24
349598,0.09
349601,0.17
349608,0.28
349615,0.13
349645,0.16
349654,0.17
349671,0.24
349679,0.19
349693,0.17
349706,0.15
349707,0.19
349708,0.17
349719,0.19
349727,0.19
349730,0.18
349735,0.13
349744,0.17
349745,0.09
349760,0.14
349765,0.07
349778,0.16
349787,0.15
349802,0.15
349812,0.26
349815,0.1
349847,0.21
349854,0.15
349855,0.13
349872,0.05
349873,0.15
349874,0.17
349886,0.07
349887,0.24
349911,0.1
349916,0.19
349920,0.35
349921,0.22
349929,0.12
349931,0.15
349935,0.14
349939,0.14
349960,0.14
349967,0.13
349969,0.27
349971,0.21
349977,0.04
349979,0.05
349981,0.11
349982,0.2
349992,0.18
349994,0.19
350005,0.06
350006,0.15
350009,0.16
350017,0.13
350021,0.17
350023,0.12
350032,0.22
350033,0.15
350036,0.19
350037,0.1
350048,0.26
350052,0.13
350063,0.05
350077,0.11
350078,0.18
350086,0.09
350087,0.14
350107,0.07
350110,0.15
350114,0.12
350119,0.25
350139,0.04
350154,0.15
350174,0.29
350177,0.17
350190,0.18
350193,0.17
350203,0.13
350206,0.19
350210,0.21
350225,0.21
350242,0.1
350264,0.09
350273,0.17
350277,0.19
350283,0.08
350286,0.1
350288,0.15
350290,0.26
350293,0.06
350310,0.29
350327,0.27
350330,0.16
350334,0.25
350340,0.1
350342,0.18
350344,0.16
350370,0.14
350372,0.25
350376,0.19
350387,0.18
350389,0.14
350395,0.29
350397,0.21
350433,0.11
350436,0.2
350442,0.09
350445,0.19
350446,0.15
350457,0.17
350480,0.2
350481,0.1
350484,0.11
350494,0.15
350511,0.1
350529,0.12
350531,0.18
350535,0.12
350539,0.17
350543,0.17
350544,0.13
350550,0.1
350558,0.14
350569,0.13
350571,0.18
350577,0.13
350582,0.22
350585,0.11
350596,0.12
350598,0.07
350599,0.18
350602,0.2
350612,0.13
350621,0.19
350626,0.15
350628,0.1
350638,0.13
350646,0.2
350652,0.14
350665,0.08
350671,0.19
350677,0.15
350694,0.15
350697,0.19
350699,0.27
350703,0.21
350705,0.22
350708,0.1
350724,0.19
350731,0.11
350740,0.15
350745,0.18
350749,0.25
350754,0.11
350757,0.13
350764,0.13
350766,0.31
350779,0.13
350794,0.25
350805,0.04
350810,0.11
350817,0.11
350825,0.21
350829,0.15
350832,0.13
350841,0.05
350855,0.09
350862,0.16
350867,0.15
350871,0.09
350874,0.22
350891,0.06
350895,0.08
350898,0.25
350899,0.01
350902,0.07
350913,0.13
350916,0.1
350933,0.13
350944,0.09
350954,0.2
350959,0.12
350965,0.05
350969,0.1
350984,0.16
350997,0.15
350999,0.11
351002,0.18
351008,0.12
351014,0.19
351025,0.15
351026,0.2
351046,0.18
351048,0.05
351070,0.17
351073,0.05
351079,0.22
351085,0.25
351091,0.13
351094,0.09
351115,0.12
351117,0.1
351126,0.17
351142,0.12
351151,0.06
351171,0.11
351178,0.1
351186,0.06
351194,0.29
351201,0.12
351223,0.11
351225,0.37
351226,0.15
351227,0.11
351240,0.2
351243,0.16
351244,0.14
351245,0.17
351248,0.13
351252,0.15
351259,0.21
351265,0.09
351291,0.24
351292,0.16
351294,0.15
351298,0.18
351303,0.28
351311,0.08
351326,0.1
351331,0.23
351338,0.16
351339,0.13
351364,0.18
351380,0.17
351383,0.09
351385,0.14
351386,0.13
351389,0.18
351392,0.12
351393,0.1
351407,0.22
351419,0.14
351422,0.1
351423,0.28
351430,0.18
351446,0.07
351454,0.16
351458,0.16
351461,0.15
351489,0.11
351495,0.08
351520,0.14
351526,0.19
351535,0.15
351541,0.11
351567,0.05
351580,0.12
351581,0.28
351584,0.15
351587,0.18
351589,0.11
351593,0.21
351616,0.15
351619,0.07
351625,0.19
351626,0.15
351635,0.12
351641,0.15
351655,0.11
351658,0.17
351669,0.16
351670,0.13
351671,0.14
351680,0.15
351687,0.09
351699,0.08
351722,0.19
351725,0.18
351740,0.24
351747,0.08
351758,0.12
351771,0.11
351780,0.1
351786,0.14
351789,0.16
351796,0.18
351801,0.21
351814,0.09
351817,0.15
351819,0.23
351825,0.35
351830,0.26
351831,0.22
351834,0.18
351836,0.16
351837,0.12
351838,0.18
351839,0.19
351846,0.42
351863,0.1
351864,0.11
351880,0.2
351887,0.11
351891,0.18
351892,0.1
351898,0.11
351907,0.09
351916,0.15
351936,0.19
351937,0.14
351945,0.17
351957,0.26
351958,0.11
351962,0.14
351967,0.17
351970,0.11
351973,0.15
351978,0.12
351984,0.1
351989,0.24
351992,0.14
352015,0.16
352036,0.11
352043,0.1
352049,0.17
352053,0.15
352056,0.16
352058,0.13
352064,0.12
352065,0.11
352075,0.15
352092,0.11
352096,0.2
352097,0.15
352102,0.1
352103,0.06
352117,0.14
352119,0.08
352139,0.24
352145,0.04
352158,0.1
352198,0.11
352199,0.22
352200,0.12
352205,0.16
352241,0.11
352244,0.26
352258,0.18
352260,0.12
352266,0.12
352273,0.15
352283,0.1
352303,0.12
352304,0.21
352351,0.16
352353,0.19
352379,0.11
352389,0.15
352390,0.11
352391,0.21
352403,0.12
352407,0.13
352409,0.4
352421,0.04
352425,0.14
352447,0.15
352450,0.24
352451,0.24
352457,0.18
352468,0.23
352482,0.16
352495,0.07
352501,0.17
352506,0.45
352508,0.17
352522,0.15
352528,0.14
352539,0.16
352540,0.09
352551,0.13
352560,0.13
352561,0.14
352565,0.16
352566,0.15
352584,0.2
352592,0.09
352626,0.1
352650,0.05
352655,0.14
352668,0.33
352670,0.1
352685,0.29
352690,0.13
352692,0.11
352694,0.05
352700,0.14
352701,0.18
352708,0.22
352711,0.27
352734,0.18
352738,0.09
352742,0.13
352745,0.1
352746,0.14
352751,0.09
352762,0.24
352767,0.06
352768,0.11
352785,0.15
352788,0.16
352795,0.2
352814,0.13
352825,0.1
352827,0.08
352828,0.08
352830,0.12
352850,0.14
352890,0.1
352901,0.14
352907,0.1
352909,0.2
352913,0.12
352925,0.12
352927,0.12
352928,0.1
352938,0.17
352942,0.13
352943,0.34
352952,0.15
352958,0.18
352962,0.17
352967,0.08
352972,0.15
352988,0.08
352991,0.14
353002,0.16
353008,0.17
353011,0.11
353014,0.15
353018,0.09
353023,0.08
353029,0.08
353031,0.18
353035,0.3
353037,0.16
353042,0.09
353054,0.09
353078,0.16
353122,0.2
353123,0.13
353140,0.07
353145,0.12
353167,0.21
353177,0.22
353179,0.19
353185,0.14
353194,0.23
353195,0.2
353208,0.26
353210,0.15
353214,0.12
353215,0.17
353240,0.14
353241,0.15
353247,0.19
353259,0.12
353262,0.23
353264,0.15
353278,0.12
353279,0.18
353280,0.17
353287,0.21
353288,0.14
353290,0.1
353299,0.14
353314,0.15
353328,0.26
353340,0.12
353350,0.16
353352,0.13
353364,0.28
353371,0.06
353373,0.12
353374,0.11
353389,0.12
353395,0.17
353419,0.35
353427,0.1
353441,0.12
353454,0.09
353469,0.19
353475,0.15
353481,0.09
353483,0.23
353484,0.19
353488,0.14
353496,0.15
353504,0.14
353505,0.18
353509,0.06
353527,0.24
353574,0.23
353585,0.18
353595,0.13
353598,0.05
353602,0.16
353610,0.2
353618,0.2
353625,0.12
353626,0.24
353631,0.14
353635,0.2
353654,0.09
353682,0.2
353688,0.21
353695,0.13
353711,0.1
353724,0.14
353729,0.05
353732,0.13
353749,0.24
353750,0.12
353752,0.18
353761,0.08
353782,0.02
353784,0.21
353801,0.11
353809,0.23
353812,0.15
353814,0.13
353821,0.13
353832,0.12
353845,0.13
353860,0.21
353863,0.1
353867,0.14
353876,0.13
353905,0.1
353923,0.1
353934,0.09
353943,0.08
353945,0.08
353973,0.07
353995,0.12
354001,0.18
354003,0.15
354011,0.13
354020,0.11
354024,0.12
354027,0.13
354031,0.09
354036,0.13
354037,0.12
354039,0.11
354044,0.13
354058,0.15
354071,0.1
354080,0.15
354084,0.06
354085,0.07
354089,0.13
354099,0.12
354100,0.11
354104,0.12
354106,0.2
354107,0.19
354111,0.14
354114,0.18
354115,0.16
354122,0.18
354130,0.16
354139,0.17
354140,0.18
354145,0.1
354149,0.13
354167,0.13
354173,0.34
354176,0.05
354178,0.09
354182,0.11
354184,0.19
354186,0.18
354192,0.15
354209,0.13
354214,0.09
354218,0.2
354230,0.34
354251,0.06
354257,0.18
354264,0.32
354265,0.15
354267,0.16
354272,0.07
354273,0.16
354285,0.18
354298,0.15
354309,0.13
354312,0.17
354320,0.11
354322,0.14
354327,0.16
354333,0.21
354335,0.17
354344,0.21
354355,0.08
354358,0.11
354365,0.19
354368,0.16
354377,0.1
354386,0.12
354390,0.13
354394,0.14
354398,0.09
354402,0.12
354403,0.11
354406,0.25
354414,0.23
354421,0.09
354430,0.26
354445,0.18
354470,0.13
354479,0.2
354481,0.06
354483,0.21
354497,0.19
354511,0.12
354533,0.11
354549,0.27
354561,0.31
354570,0.13
354571,0.13
354577,0.22
354586,0.12
354598,0.19
354601,0.21
354602,0.17
354603,0.16
354606,0.13
354612,0.1
354613,0.16
354616,0.21
354624,0.13
354625,0.39
354636,0.12
354639,0.13
354640,0.07
354644,0.19
354650,0.08
354666,0.2
354673,0.22
354674,0.15
354677,0.17
354684,0.21
354694,0.15
354698,0.05
354708,0.11
354709,0.04
354720,0.18
354738,0.12
354740,0.2
354757,0.12
354768,0.19
354775,0.15
354776,0.09
354792,0.09
354803,0.14
354809,0.08
354817,0.21
354818,0.09
354830,0.1
354832,0.15
354838,0.1
354839,0.2
354851,0.08
354861,0.14
354865,0.22
354890,0.14
354893,0.27
354898,0.21
354900,0.21
354910,0.16
354913,0.18
354937,0.1
354942,0.06
354953,0.13
354956,0.08
354958,0.14
354960,0.12
354984,0.15
354993,0.06
355017,0.36
355025,0.15
355026,0.13
355041,0.22
355043,0.12
355048,0.2
355057,0.07
355071,0.18
355075,0.2
355081,0.11
355083,0.18
355090,0.13
355105,0.15
355107,0.18
355108,0.24
355109,0.19
355114,0.12
355117,0.17
355127,0.13
355148,0.11
355174,0.25
355180,0.24
355181,0.21
355184,0.18
355201,0.14
355207,0.16
355209,0.18
355217,0.08
355218,0.17
355237,0.16
355239,0.05
355241,0.11
355243,0.25
355250,0.2
355275,0.11
355282,0.04
355284,0.07
355287,0.15
355293,0.17
355296,0.13
355305,0.16
355312,0.11
355320,0.16
355327,0.06
355328,0.08
355333,0.06
355335,0.13
355336,0.1
355337,0.19
355338,0.31
355341,0.1
355355,0.19
355358,0.16
355360,0.25
355372,0.25
355382,0.16
355385,0.22
355393,0.26
355404,0.11
355408,0.12
355417,0.04
355418,0.1
355431,0.12
355434,0.09
355445,0.14
355502,0.1
355503,0.2
355511,0.1
355517,0.39
355519,0.17
355524,0.21
355536,0.16
355549,0.25
355550,0.17
355560,0.26
355569,0.09
355571,0.08
355572,0.25
355575,0.19
355578,0.24
355584,0.24
355588,0.2
355592,0.25
355604,0.15
355638,0.1
355646,0.09
355649,0.09
355656,0.05
355657,0.1
355666,0.14
355681,0.15
355697,0.13
355700,0.12
355701,0.11
355703,0.27
355704,0.21
355708,0.21
355736,0.12
355743,0.18
355769,0.17
355773,0.15
355781,0.16
355785,0.18
355786,0.23
355798,0.08
355817,0.16
355819,0.15
355826,0.18
355842,0.19
355846,0.04
355855,0.14
355870,0.19
355873,0.11
355874,0.34
355876,0.18
355877,0.12
355880,0.16
355920,0.11
355922,0.16
355930,0.17
355935,0.05
355942,0.16
355963,0.12
355971,0.16
355973,0.14
355980,0.14
355981,0.15
355984,0.08
355987,0.26
355996,0.23
355997,0.13
356013,0.16
356016,0.05
356025,0.15
356027,0.12
356035,0.1
356036,0.21
356038,0.11
356041,0.09
356057,0.09
356063,0.15
356077,0.09
356080,0.19
356086,0.08
356102,0.13
356106,0.24
356118,0.13
356140,0.19
356150,0.3
356153,0.07
356159,0.14
356163,0.15
356164,0.06
356168,0.22
356169,0.18
356170,0.09
356199,0.07
356211,0.12
356220,0.09
356246,0.14
356249,0.21
356255,0.25
356258,0.14
356262,0.11
356273,0.11
356279,0.21
356281,0.12
356308,0.27
356324,0.3
356327,0.15
356328,0.09
356331,0.15
356336,0.12
356345,0.16
356382,0.12
356395,0.11
356399,0.14
356400,0.19
356413,0.07
356414,0.2
356418,0.16
356427,0.18
356433,0.08
356439,0.1
356444,0.06
356475,0.17
356480,0.16
356482,0.29
356497,0.12
356512,0.16
356517,0.35
356536,0.08
356539,0.14
356551,0.13
356556,0.22
356558,0.22
356559,0.13
356563,0.11
356578,0.15
356583,0.19
356584,0.24
356592,0.09
356594,0.1
356596,0.08
356597,0.09
356598,0.24
356602,0.17
356609,0.16
356624,0.2
356626,0.13
356627,0.12
356641,0.2
356648,0.12
356649,0.13
356650,0.08
356651,0.13
356659,0.1
356676,0.19
356687,0.22
356689,0.25
356698,0.17
356726,0.26
356732,0.15
356741,0.36
356742,0.13
356746,0.16
356750,0.17
356754,0.15
356760,0.27
356762,0.08
356763,0.14
356777,0.11
356784,0.14
356795,0.23
356801,0.1
356802,0.09
356808,0.15
356813,0.18
356816,0.24
356818,0.29
356825,0.15
356828,0.08
356836,0.23
356854,0.14
356857,0.24
356865,0.11
356873,0.09
356879,0.11
356880,0.16
356885,0.26
356889,0.18
356903,0.08
356905,0.13
356913,0.13
356916,0.09
356939,0.24
356944,0.15
356952,0.23
356958,0.12
356963,0.1
356967,0.08
356970,0.1
356977,0.05
356980,0.1
356981,0.14
356983,0.21
356998,0.29
357005,0.09
357022,0.11
357032,0.09
357033,0.22
357035,0.09
357047,0.1
357054,0.17
357057,0.19
357069,0.2
357096,0.25
357102,0.2
357118,0.14
357124,0.09
357137,0.11
357138,0.22
357149,0.14
357151,0.11
357157,0.11
357158,0.3
357162,0.13
357163,0.16
357171,0.09
357175,0.1
357192,0.11
357200,0.18
357204,0.11
357206,0.11
357215,0.2
357221,0.14
357228,0.09
357247,0.11
357249,0.16
357268,0.08
357270,0.11
357279,0.19
357287,0.09
357293,0.1
357306,0.1
357308,0.21
357321,0.11
357326,0.26
357340,0.14
357342,0.13
357352,0.2
357361,0.1
357368,0.09
357370,0.08
357377,0.14
357382,0.09
357383,0.07
357384,0.2
357398,0.11
357415,0.1
357420,0.16
357439,0.1
357440,0.11
357458,0.1
357464,0.21
357467,0.07
357469,0.22
357472,0.21
357489,0.19
357504,0.26
357522,0.17
357527,0.1
357547,0.13
357550,0.1
357558,0.19
357559,0.13
357562,0.2
357572,0.14
357583,0.19
357585,0.21
357598,0.09
357607,0.12
357613,0.05
357627,0.1
357630,0.13
357631,0.24
357680,0.07
357694,0.11
357698,0.15
357699,0.12
357707,0.09
357732,0.11
357748,0.2
357755,0.17
357767,0.32
357786,0.13
357791,0.06
357799,0.15
357824,0.09
357830,0.11
357832,0.2
357840,0.2
357863,0.14
357865,0.16
357868,0.27
357869,0.11
357878,0.21
357886,0.16
357891,0.19
357897,0.16
357915,0.24
357927,0.11
357947,0.13
357958,0.15
357959,0.11
357976,0.12
357992,0.18
357995,0.13
357996,0.11
358020,0.22
358022,0.2
358023,0.17
358029,0.16
358040,0.11
358059,0.09
358071,0.14
358076,0.18
358095,0.11
358096,0.12
358104,0.14
358110,0.07
358122,0.13
358137,0.11
358147,0.12
358149,0.19
358155,0.21
358161,0.15
358163,0.22
358172,0.16
358178,0.19
358183,0.17
358186,0.09
358189,0.15
358198,0.11
358211,0.2
358219,0.06
358220,0.16
358225,0.19
358231,0.18
358233,0.12
358247,0.22
358258,0.13
358264,0.21
358271,0.26
358273,0.16
358275,0.12
358278,0.15
358287,0.15
358309,0.1
358327,0.19
358342,0.13
358348,0.21
358352,0.09
358373,0.16
358384,0.07
358394,0.11
358405,0.17
358409,0.06
358412,0.21
358424,0.28
358427,0.17
358434,0.16
358444,0.18
358448,0.16
358449,0.08
358458,0.15
358472,0.12
358483,0.12
358490,0.15
358503,0.06
358504,0.11
358505,0.1
358512,0.18
358513,0.12
358528,0.19
358532,0.1
358536,0.16
358538,0.14
358559,0.06
358590,0.18
358601,0.23
358627,0.2
358631,0.18
358632,0.08
358640,0.26
358649,0.19
358650,0.1
358653,0.08
358676,0.1
358679,0.13
358695,0.23
358703,0.14
358705,0.11
358710,0.15
358730,0.12
358731,0.06
358735,0.09
358744,0.14
358748,0.18
358750,0.1
358752,0.14
358764,0.15
358777,0.11
358786,0.22
358789,0.13
358805,0.17
358809,0.13
358810,0.12
358824,0.13
358829,0.17
358838,0.04
358840,0.09
358841,0.16
358854,0.15
358873,0.5
358879,0.12
358884,0.18
358885,0.11
358886,0.02
358892,0.07
358895,0.15
358906,0.09
358910,0.12
358911,0.16
358924,0.28
358929,0.19
358937,0.24
358949,0.21
358955,0.12
358956,0.24
358959,0.14
358960,0.12
358969,0.07
358983,0.12
358990,0.15
358992,0.14
358994,0.12
359004,0.21
359015,0.16
359023,0.08
359030,0.17
359032,0.13
359038,0.09
359044,0.14
359049,0.14
359050,0.13
359064,0.17
359095,0.15
359100,0.32
359105,0.09
359116,0.16
359134,0.21
359136,0.19
359143,0.1
359147,0.12
359175,0.08
359182,0.12
359188,0.14
359196,0.15
359198,0.19
359202,0.17
359212,0.17
359229,0.14
359232,0.25
359247,0.14
359258,0.12
359260,0.17
359261,0.16
359262,0.29
359268,0.18
359285,0.1
359293,0.07
359294,0.22
359297,0.08
359299,0.08
359311,0.09
359319,0.1
359320,0.05
359322,0.21
359353,0.1
359355,0.1
359360,0.17
359367,0.12
359369,0.17
359372,0.11
359377,0.1
359381,0.12
359382,0.16
359387,0.13
359389,0.11
359392,0.16
359437,0.27
359438,0.09
359440,0.08
359442,0.11
359455,0.06
359474,0.25
359475,0.21
359480,0.22
359485,0.2
359493,0.12
359497,0.13
359505,0.15
359506,0.07
359516,0.09
359518,0.11
359523,0.18
359547,0.31
359548,0.14
359556,0.1
359577,0.06
359580,0.33
359588,0.13
359590,0.08
359592,0.04
359599,0.1
359609,0.29
359611,0.1
359619,0.18
359623,0.13
359654,0.17
359666,0.1
359669,0.13
359672,0.12
359673,0.29
359677,0.1
359685,0.12
359690,0.17
359697,0.11
359702,0.1
359707,0.17
359711,0.1
359719,0.17
359722,0.15
359726,0.23
359730,0.11
359731,0.18
359741,0.3
359743,0.22
359748,0.07
359753,0.18
359758,0.33
359773,0.09
359780,0.09
359785,0.1
359800,0.18
359806,0.14
359809,0.1
359822,0.1
359828,0.25
359847,0.17
359855,0.07
359858,0.17
359864,0.12
359884,0.09
359886,0.16
359898,0.16
359908,0.15
359921,0.2
359945,0.16
359958,0.08
359964,0.17
359980,0.09
359992,0.17
359994,0.2
360001,0.19
360004,0.08
360009,0.2
360020,0.11
360049,0.31
360058,0.07
360063,0.14
360064,0.12
360074,0.17
360095,0.18
360098,0.12
360099,0.11
360100,0.09
360103,0.22
360106,0.14
360107,0.17
360124,0.16
360126,0.12
360138,0.17
360140,0.21
360141,0.12
360149,0.22
360152,0.28
360165,0.19
360171,0.12
360176,0.13
360183,0.11
360186,0.06
360189,0.2
360191,0.21
360199,0.31
360204,0.24
360205,0.08
360217,0.19
360225,0.23
360231,0.12
360238,0.11
360248,0.34
360249,0.12
360254,0.13
360256,0.19
360257,0.21
360258,0.13
360277,0.12
360279,0.26
360280,0.21
360281,0.13
360283,0.09
360290,0.23
360312,0.09
360316,0.07
360320,0.15
360324,0.17
360333,0.13
360339,0.2
360347,0.13
360359,0.26
360360,0.28
360367,0.18
360372,0.21
360382,0.13
360386,0.19
360400,0.1
360411,0.17
360412,0.29
360415,0.2
360419,0.17
360421,0.18
360427,0.1
360429,0.14
360438,0.1
360439,0.08
360445,0.2
360454,0.21
360458,0.16
360467,0.11
360469,0.2
360471,0.12
360472,0.09
360475,0.14
360478,0.18
360479,0.14
360480,0.16
360484,0.18
360496,0.04
360504,0.2
360517,0.15
360518,0.18
360526,0.08
360530,0.1
360535,0.1
360538,0.13
360539,0.09
360545,0.06
360569,0.19
360579,0.15
360580,0.1
360611,0.15
360612,0.1
360626,0.12
360628,0.07
360631,0.05
360633,0.14
360640,0.16
360643,0.27
360645,0.18
360663,0.14
360666,0.13
360678,0.11
360683,0.12
360707,0.17
360715,0.12
360723,0.21
360727,0.06
360733,0.22
360746,0.13
360759,0.07
360767,0.11
360769,0.14
360770,0.04
360779,0.09
360791,0.11
360792,0.13
360801,0.18
360812,0.1
360814,0.22
360828,0.17
360830,0.28
360837,0.14
360838,0.13
360844,0.1
360860,0.1
360864,0.09
360871,0.14
360872,0.17
360877,0.22
360880,0.16
360881,0.14
360882,0.19
360884,0.21
360885,0.12
360889,0.16
360893,0.13
360898,0.1
360933,0.2
360941,0.14
360942,0.15
360943,0.12
360960,0.14
360973,0.22
360979,0.09
360987,0.15
360988,0.2
360999,0.13
361001,0.13
361005,0.26
361007,0.14
361024,0.06
361028,0.12
361051,0.17
361072,0.13
361086,0.13
361093,0.31
361098,0.19
361124,0.05
361130,0.14
361132,0.17
361133,0.2
361135,0.28
361148,0.21
361150,0.11
361152,0.09
361154,0.04
361158,0.09
361171,0.11
361175,0.1
361177,0.06
361195,0.12
361200,0.1
361203,0.34
361205,0.08
361214,0.08
361217,0.14
361226,0.13
361232,0.13
361236,0.29
361249,0.11
361251,0.13
361252,0.16
361284,0.12
361289,0.15
361297,0.1
361304,0.2
361311,0.08
361334,0.2
361339,0.16
361340,0.11
361348,0.12
361352,0.06
361354,0.12
361355,0.19
361370,0.09
361390,0.05
361392,0.13
361397,0.11
361402,0.05
361405,0.19
361406,0.13
361426,0.09
361431,0.1
361440,0.17
361451,0.11
361469,0.27
361473,0.27
361497,0.08
361511,0.07
361515,0.09
361525,0.08
361540,0.25
361557,0.13
361560,0.09
361565,0.06
361569,0.12
361570,0.13
361578,0.09
361580,0.2
361585,0.08
361589,0.12
361591,0.06
361599,0.15
361603,0.12
361605,0.15
361606,0.26
361615,0.23
361622,0.13
361627,0.09
361632,0.21
361636,0.21
361637,0.13
361638,0.13
361639,0.09
361651,0.07
361662,0.27
361684,0.1
361693,0.13
361697,0.15
361710,0.13
361713,0.3
361729,0.07
361785,0.16
361796,0.15
361805,0.14
361811,0.13
361812,0.22
361819,0.18
361828,0.06
361833,0.1
361836,0.14
361839,0.14
361855,0.07
361866,0.13
361870,0.14
361873,0.04
361885,0.13
361896,0.13
361913,0.11
361919,0.07
361932,0.2
361933,0.15
361935,0.24
361939,0.14
361946,0.05
361947,0.15
361949,0.09
361951,0.21
361962,0.12
361972,0.11
361975,0.12
361989,0.1
362004,0.2
362012,0.13
362014,0.11
362016,0.16
362028,0.21
362033,0.09
362034,0.13
362038,0.14
362052,0.08
362061,0.09
362063,0.11
362070,0.12
362072,0.17
362075,0.23
362079,0.15
362086,0.09
362091,0.14
362094,0.13
362101,0.1
362112,0.09
362115,0.24
362117,0.16
362121,0.28
362128,0.13
362130,0.11
362135,0.15
362142,0.09
362146,0.12
362149,0.2
362157,0.06
362165,0.05
362166,0.11
362167,0.12
362173,0.22
362187,0.13
362197,0.11
362206,0.21
362207,0.1
362210,0.13
362216,0.12
362219,0.19
362221,0.19
362224,0.07
362228,0.16
362236,0.14
362242,0.09
362251,0.2
362252,0.12
362257,0.15
362284,0.04
362286,0.07
362298,0.13
362300,0.16
362306,0.14
362308,0.29
362315,0.1
362318,0.13
362322,0.12
362332,0.2
362338,0.14
362341,0.22
362347,0.21
362348,0.14
362361,0.27
362365,0.12
362369,0.23
362373,0.07
362376,0.15
362384,0.1
362386,0.13
362387,0.1
362389,0.26
362393,0.25
362412,0.11
362420,0.15
362426,0.12
362432,0.08
362445,0.34
362450,0.09
362452,0.21
362465,0.24
362468,0.17
362474,0.18
362484,0.06
362487,0.2
362512,0.22
362530,0.06
362531,0.19
362552,0.11
362555,0.16
362556,0.06
362563,0.1
362572,0.11
362579,0.1
362580,0.21
362597,0.19
362635,0.12
362637,0.1
362641,0.16
362652,0.14
362657,0.12
362660,0.14
362661,0.19
362671,0.1
362675,0.12
362680,0.1
362682,0.11
362685,0.13
362697,0.06
362700,0.2
362702,0.13
362705,0.18
362707,0.16
362710,0.36
362711,0.2
362718,0.18
362723,0.16
362730,0.1
362742,0.28
362781,0.07
362789,0.19
362790,0.08
362795,0.07
362799,0.15
362800,0.16
362803,0.25
362808,0.27
362814,0.14
362820,0.13
362826,0.1
362831,0.19
362833,0.1
362839,0.19
362852,0.11
362872,0.14
362882,0.16
362885,0.18
362889,0.1
362890,0.1
362891,0.09
362900,0.1
362907,0.07
362908,0.13
362953,0.1
362967,0.21
362982,0.12
363015,0.14
363027,0.12
363035,0.13
363039,0.14
363045,0.13
363048,0.14
363057,0.28
363059,0.29
363063,0.08
363080,0.08
363082,0.24
363090,0.18
363094,0.14
363106,0.14
363114,0.19
363118,0.26
363121,0.19
363128,0.13
363136,0.1
363141,0.08
363142,0.11
363147,0.16
363151,0.15
363153,0.14
363158,0.1
363171,0.13
363174,0.16
363180,0.09
363187,0.06
363191,0.09
363192,0.09
363196,0.08
363199,0.04
363209,0.2
363210,0.24
363212,0.14
363227,0.18
363231,0.16
363232,0.14
363243,0.19
363253,0.21
363285,0.11
363299,0.13
363310,0.15
363311,0.12
363316,0.22
363322,0.21
363329,0.13
363331,0.18
363334,0.1
363339,0.15
363340,0.21
363341,0.13
363343,0.35
363347,0.09
363350,0.16
363377,0.21
363379,0.19
363382,0.21
363386,0.1
363387,0.04
363388,0.07
363391,0.1
363394,0.15
363397,0.07
363405,0.23
363422,0.12
363427,0.1
363455,0.18
363467,0.13
363493,0.17
363508,0.16
363514,0.18
363525,0.29
363530,0.15
363531,0.05
363538,0.18
363539,0.07
363542,0.19
363543,0.13
363551,0.22
363568,0.17
363576,0.12
363580,0.34
363582,0.09
363598,0.09
363601,0.17
363611,0.13
363612,0.13
363618,0.05
363623,0.18
363624,0.15
363642,0.23
363645,0.24
363651,0.45
363657,0.15
363663,0.15
363667,0.09
363687,0.12
363704,0.14
363705,0.17
363717,0.14
363725,0.07
363728,0.04
363733,0.16
363744,0.1
363745,0.16
363756,0.1
363759,0.22
363760,0.14
363762,0.12
363768,0.06
363777,0.16
363782,0.07
363785,0.06
363797,0.17
363815,0.08
363822,0.05
363834,0.17
363842,0.18
363845,0.37
363846,0.13
363849,0.17
363850,0.09
363853,0.08
363859,0.06
363860,0.08
363877,0.12
363881,0.13
363893,0.05
363902,0.26
363903,0.19
363916,0.05
363924,0.11
363940,0.17
363944,0.12
363955,0.32
363960,0.12
363984,0.11
363990,0.15
364009,0.26
364014,0.27
364035,0.11
364043,0.08
364065,0.07
364067,0.09
364068,0.19
364072,0.25
364079,0.17
364094,0.2
364096,0.12
364105,0.08
364109,0.21
364122,0.16
364141,0.11
364146,0.21
364147,0.09
364151,0.21
364152,0.11
364156,0.08
364160,0.07
364171,0.15
364183,0.08
364199,0.13
364206,0.11
364220,0.16
364222,0.08
364224,0.24
364232,0.19
364248,0.06
364251,0.1
364274,0.15
364286,0.13
364289,0.07
364290,0.21
364291,0.11
364292,0.1
364308,0.21
364310,0.15
364311,0.17
364312,0.32
364314,0.21
364337,0.14
364339,0.21
364357,0.46
364359,0.21
364371,0.15
364374,0.26
364378,0.13
364382,0.2
364397,0.17
364401,0.14
364403,0.13
364411,0.16
364413,0.12
364414,0.13
364415,0.07
364418,0.06
364428,0.13
364430,0.11
364436,0.18
364451,0.1
364457,0.13
364461,0.17
364471,0.13
364472,0.12
364481,0.29
364482,0.14
364484,0.32
364492,0.14
364494,0.07
364507,0.07
364508,0.09
364537,0.1
364538,0.19
364539,0.29
364547,0.29
364561,0.28
364586,0.15
364603,0.16
364622,0.09
364660,0.04
364662,0.08
364669,0.18
364698,0.17
364699,0.14
364700,0.11
364702,0.23
364710,0.15
364714,0.22
364731,0.08
364738,0.07
364739,0.11
364743,0.15
364762,0.22
364767,0.09
364775,0.19
364781,0.19
364783,0.09
364796,0.13
364810,0.23
364815,0.22
364823,0.11
364826,0.16
364837,0.11
364839,0.25
364844,0.17
364851,0.23
364853,0.13
364854,0.15
364858,0.21
364872,0.19
364875,0.15
364877,0.15
364878,0.13
364884,0.12
364907,0.15
364911,0.25
364916,0.09
364920,0.11
364927,0.14
364944,0.09
364948,0.17
364950,0.1
364953,0.16
364955,0.1
364959,0.15
364966,0.24
364971,0.09
364979,0.17
364980,0.13
364982,0.2
364984,0.08
364993,0.13
365001,0.08
365030,0.17
365035,0.18
365044,0.19
365046,0.11
365050,0.17
365051,0.3
365054,0.21
365055,0.11
365064,0.14
365069,0.24
365092,0.13
365102,0.11
365109,0.1
365110,0.13
365117,0.1
365120,0.09
365128,0.18
365131,0.21
365136,0.17
365151,0.16
365153,0.13
365154,0.14
365160,0.12
365166,0.07
365171,0.15
365181,0.14
365194,0.22
365210,0.19
365221,0.13
365234,0.04
365252,0.18
365254,0.14
365264,0.06
365276,0.15
365282,0.15
365284,0.19
365290,0.07
365317,0.1
365329,0.2
365353,0.08
365356,0.17
365358,0.17
365374,0.15
365392,0.1
365396,0.08
365408,0.16
365412,0.14
365429,0.1
365431,0.19
365435,0.24
365439,0.19
365473,0.13
365476,0.11
365486,0.16
365497,0.12
365518,0.11
365519,0.09
365520,0.26
365523,0.1
365531,0.1
365532,0.07
365534,0.1
365544,0.2
365552,0.14
365564,0.12
365569,0.18
365570,0.1
365575,0.3
365576,0.1
365585,0.22
365595,0.16
365612,0.12
365613,0.22
365624,0.09
365631,0.17
365634,0.11
365643,0.09
365644,0.19
365663,0.15
365666,0.14
365672,0.14
365676,0.2
365680,0.12
365696,0.15
365699,0.19
365706,0.1
365707,0.03
365711,0.18
365716,0.14
365717,0.17
365718,0.1
365757,0.23
365770,0.2
365776,0.06
365781,0.12
365784,0.2
365787,0.14
365805,0.13
365820,0.09
365831,0.16
365836,0.16
365837,0.21
365859,0.51
365861,0.19
365863,0.09
365872,0.11
365877,0.1
365882,0.18
365893,0.1
365894,0.05
365900,0.17
365910,0.19
365913,0.12
365916,0.2
365923,0.16
365946,0.18
365948,0.24
365951,0.19
365965,0.13
365966,0.09
365975,0.14
365979,0.3
365989,0.2
365991,0.24
365992,0.16
366001,0.19
366010,0.19
366013,0.26
366028,0.13
366036,0.08
366038,0.05
366044,0.1
366048,0.16
366060,0.14
366067,0.18
366071,0.14
366078,0.24
366081,0.09
366082,0.1
366093,0.17
366099,0.17
366103,0.12
366105,0.12
366111,0.19
366112,0.13
366125,0.11
366144,0.17
366147,0.15
366149,0.37
366166,0.12
366168,0.23
366173,0.33
366178,0.11
366180,0.15
366209,0.12
366213,0.14
366214,0.2
366215,0.14
366220,0.14
366226,0.11
366230,0.22
366236,0.23
366245,0.15
366282,0.16
366286,0.08
366295,0.1
366296,0.09
366297,0.15
366300,0.1
366303,0.13
366307,0.23
366314,0.18
366320,0.13
366321,0.09
366327,0.12
366330,0.08
366332,0.08
366334,0.16
366341,0.1
366363,0.14
366367,0.2
366369,0.23
366382,0.06
366394,0.17
366396,0.06
366398,0.16
366406,0.24
366414,0.12
366417,0.16
366419,0.13
366422,0.13
366436,0.08
366442,0.21
366451,0.23
366455,0.17
366458,0.13
366460,0.14
366466,0.2
366473,0.09
366502,0.1
366505,0.22
366526,0.13
366530,0.17
366532,0.13
366539,0.07
366541,0.19
366542,0.15
366553,0.16
366571,0.11
366582,0.1
366583,0.15
366589,0.15
366595,0.26
366606,0.12
366611,0.12
366613,0.37
366615,0.08
366616,0.22
366624,0.21
366632,0.12
366649,0.05
366650,0.15
366657,0.16
366664,0.03
366666,0.13
366674,0.25
366676,0.14
366677,0.18
366688,0.12
366689,0.15
366693,0.24
366696,0.13
366698,0.1
366700,0.14
366703,0.2
366709,0.04
366711,0.05
366725,0.06
366741,0.23
366742,0.08
366747,0.06
366750,0.16
366754,0.15
366762,0.09
366774,0.08
366781,0.13
366784,0.17
366789,0.08
366790,0.15
366797,0.1
366806,0.21
366820,0.13
366845,0.23
366858,0.08
366860,0.17
366874,0.18
366876,0.18
366879,0.13
366884,0.11
366886,0.19
366905,0.27
366908,0.18
366909,0.19
366917,0.13
366921,0.11
366927,0.07
366936,0.16
366952,0.24
366962,0.17
366964,0.1
366965,0.17
366981,0.06
366988,0.12
366992,0.1
366998,0.28
366999,0.13
367017,0.15
367023,0.05
367024,0.13
367025,0.15
367037,0.1
367040,0.16
367043,0.11
367052,0.14
367056,0.1
367064,0.21
367075,0.28
367089,0.12
367098,0.18
367119,0.13
367124,0.14
367134,0.24
367136,0.16
367138,0.04
367153,0.1
367158,0.13
367169,0.13
367179,0.17
367180,0.06
367212,0.07
367216,0.33
367217,0.14
367220,0.13
367224,0.17
367241,0.15
367245,0.18
367256,0.21
367266,0.09
367283,0.13
367290,0.16
367295,0.13
367310,0.13
367315,0.22
367322,0.16
367332,0.07
367338,0.17
367347,0.16
367381,0.21
367383,0.18
367386,0.1
367392,0.15
367399,0.23
367411,0.11
367414,0.1
367436,0.15
367439,0.2
367440,0.13
367465,0.15
367466,0.3
367478,0.2
367479,0.24
367481,0.06
367505,0.12
367515,0.14
367516,0.2
367526,0.17
367527,0.08
367533,0.14
367535,0.09
367545,0.16
367546,0.11
367547,0.2
367555,0.14
367557,0.17
367558,0.23
367573,0.17
367580,0.26
367581,0.08
367582,0.15
367588,0.15
367601,0.15
367617,0.22
367624,0.13
367626,0.14
367632,0.15
367651,0.13
367663,0.1
367674,0.12
367677,0.22
367678,0.1
367691,0.13
367698,0.12
367710,0.25
367712,0.15
367727,0.19
367739,0.16
367740,0.15
367746,0.07
367759,0.11
367770,0.25
367780,0.19
367783,0.22
367787,0.2
367791,0.22
367797,0.15
367799,0.14
367811,0.12
367817,0.13
367827,0.1
367829,0.2
367830,0.21
367837,0.14
367843,0.11
367847,0.17
367849,0.18
367854,0.1
367855,0.12
367862,0.09
367863,0.14
367868,0.08
367873,0.23
367879,0.17
367889,0.39
367890,0.26
367892,0.07
367893,0.07
367895,0.16
367896,0.12
367898,0.07
367903,0.11
367906,0.26
367919,0.12
367927,0.09
367931,0.15
367935,0.24
367945,0.15
367947,0.28
367952,0.12
367958,0.15
367971,0.06
367975,0.26
367983,0.21
367994,0.16
367998,0.21
367999,0.11
368005,0.16
368029,0.18
368034,0.16
368036,0.14
368041,0.18
368064,0.15
368066,0.11
368079,0.11
368082,0.14
368090,0.21
368092,0.11
368097,0.08
368107,0.2
368127,0.12
368129,0.11
368134,0.18
368150,0.17
368166,0.16
368172,0.05
368179,0.08
368185,0.11
368193,0.1
368207,0.18
368251,0.16
368253,0.11
368256,0.1
368257,0.13
368263,0.22
368271,0.11
368273,0.06
368279,0.11
368281,0.17
368282,0.27
368288,0.18
368303,0.13
368315,0.16
368323,0.14
368324,0.07
368326,0.16
368334,0.09
368337,0.1
368351,0.18
368353,0.3
368358,0.26
368389,0.08
368392,0.27
368393,0.15
368415,0.21
368424,0.1
368436,0.06
368448,0.12
368456,0.16
368457,0.16
368465,0.14
368484,0.1
368485,0.19
368487,0.16
368489,0.23
368493,0.14
368509,0.18
368513,0.17
368523,0.22
368530,0.1
368539,0.08
368543,0.25
368544,0.09
368557,0.07
368561,0.21
368577,0.1
368579,0.11
368580,0.18
368583,0.11
368589,0.14
368594,0.1
368598,0.13
368621,0.13
368622,0.2
368627,0.12
368628,0.09
368633,0.23
368638,0.1
368645,0.21
368646,0.24
368652,0.1
368659,0.1
368672,0.23
368679,0.1
368683,0.32
368697,0.11
368702,0.26
368707,0.16
368715,0.22
368740,0.14
368754,0.09
368765,0.16
368770,0.12
368777,0.29
368780,0.17
368782,0.19
368784,0.19
368790,0.2
368792,0.03
368793,0.13
368811,0.13
368816,0.24
368819,0.11
368843,0.07
368853,0.1
368857,0.19
368858,0.13
368887,0.11
368898,0.08
368909,0.15
368919,0.11
368930,0.11
368944,0.2
368949,0.11
368953,0.17
368956,0.11
368959,0.17
368968,0.17
368971,0.07
368974,0.16
368975,0.19
368983,0.07
368991,0.14
368994,0.07
369001,0.16
369004,0.2
369016,0.13
369030,0.16
369047,0.16
369055,0.16
369067,0.1
369068,0.17
369096,0.1
369103,0.14
369105,0.13
369107,0.2
369109,0.17
369130,0.12
369133,0.16
369144,0.19
369150,0.13
369152,0.12
369156,0.09
369180,0.1
369183,0.17
369184,0.34
369186,0.1
369187,0.16
369200,0.1
369201,0.12
369220,0.14
369223,0.22
369233,0.03
369240,0.2
369254,0.15
369264,0.1
369266,0.15
369272,0.18
369283,0.17
369295,0.1
369300,0.11
369302,0.13
369305,0.11
369322,0.07
369334,0.13
369350,0.05
369355,0.15
369361,0.15
369367,0.07
369371,0.13
369373,0.17
369375,0.23
369385,0.15
369394,0.09
369398,0.19
369408,0.16
369413,0.17
369419,0.09
369424,0.19
369439,0.14
369466,0.18
369482,0.1
369494,0.06
369504,0.09
369512,0.16
369528,0.11
369531,0.1
369540,0.1
369547,0.05
369565,0.15
369569,0.16
369581,0.2
369583,0.15
369593,0.13
369601,0.18
369608,0.07
369612,0.21
369615,0.18
369621,0.28
369636,0.08
369648,0.25
369649,0.4
369651,0.14
369659,0.1
369666,0.08
369684,0.08
369686,0.16
369698,0.19
369701,0.12
369712,0.06
369717,0.1
369722,0.13
369732,0.35
369740,0.34
369751,0.16
369755,0.1
369757,0.11
369761,0.19
369767,0.1
369782,0.3
369788,0.11
369790,0.08
369791,0.08
369792,0.1
369803,0.09
369812,0.14
369813,0.22
369827,0.18
369835,0.07
369838,0.16
369839,0.19
369843,0.08
369846,0.11
369860,0.11
369870,0.19
369871,0.33
369872,0.24
369884,0.12
369893,0.09
369901,0.1
369904,0.14
369908,0.29
369910,0.08
369911,0.16
369919,0.09
369920,0.12
369921,0.15
369931,0.22
369935,0.11
369936,0.14
369948,0.16
369953,0.16
369955,0.2
369961,0.1
369964,0.14
369967,0.13
369971,0.23
369983,0.11
369993,0.14
369995,0.22
370012,0.1
370022,0.09
370023,0.12
370027,0.18
370030,0.22
370033,0.26
370037,0.09
370051,0.12
370055,0.13
370077,0.2
370088,0.16
370091,0.07
370114,0.22
370117,0.26
370120,0.32
370122,0.15
370128,0.22
370135,0.22
370144,0.17
370146,0.32
370148,0.11
370150,0.13
370155,0.13
370164,0.2
370179,0.12
370188,0.13
370190,0.13
370199,0.1
370203,0.13
370213,0.06
370216,0.12
370219,0.05
370220,0.28
370224,0.08
370230,0.24
370254,0.11
370255,0.1
370265,0.3
370273,0.09
370288,0.09
370295,0.2
370297,0.16
370319,0.2
370323,0.14
370329,0.13
370330,0.14
370333,0.11
370346,0.15
370354,0.1
370355,0.14
370358,0.22
370362,0.12
370373,0.06
370376,0.14
370379,0.17
370380,0.1
370386,0.2
370392,0.15
370411,0.12
370416,0.1
370432,0.08
370439,0.11
370440,0.06
370445,0.11
370446,0.08
370455,0.18
370473,0.09
370474,0.08
370475,0.11
370482,0.3
370489,0.21
370512,0.11
370518,0.28
370522,0.23
370533,0.06
370538,0.18
370551,0.04
370552,0.2
370556,0.14
370566,0.11
370568,0.11
370573,0.12
370575,0.15
370578,0.06
370582,0.1
370596,0.11
370597,0.08
370599,0.11
370602,0.18
370609,0.25
370632,0.16
370634,0.16
370646,0.25
370666,0.3
370670,0.11
370672,0.17
370675,0.07
370676,0.21
370682,0.1
370685,0.16
370697,0.17
370699,0.11
370701,0.21
370711,0.26
370719,0.13
370728,0.19
370731,0.2
370735,0.08
370749,0.13
370753,0.11
370757,0.08
370763,0.17
370770,0.19
370779,0.16
370794,0.15
370805,0.08
370806,0.17
370808,0.21
370814,0.16
370827,0.18
370833,0.17
370844,0.17
370845,0.09
370850,0.18
370853,0.05
370856,0.13
370858,0.19
370862,0.16
370866,0.26
370874,0.19
370876,0.11
370878,0.16
370881,0.14
370882,0.14
370884,0.2
370887,0.09
370904,0.17
370905,0.14
370913,0.15
370915,0.14
370921,0.11
370922,0.08
370932,0.18
370939,0.13
370953,0.1
370964,0.07
370968,0.13
370969,0.13
370972,0.1
370978,0.11
371000,0.16
371001,0.16
371013,0.14
371053,0.08
371059,0.1
371060,0.13
371065,0.16
371069,0.17
371073,0.22
371084,0.24
371085,0.09
371088,0.2
371099,0.07
371115,0.09
371118,0.24
371127,0.15
371132,0.16
371136,0.11
371139,0.17
371152,0.14
371161,0.22
371162,0.23
371174,0.17
371176,0.15
371182,0.07
371185,0.07
371193,0.17
371197,0.1
371198,0.12
371202,0.21
371207,0.16
371211,0.23
371242,0.12
371243,0.08
371244,0.14
371255,0.08
371258,0.14
371259,0.21
371265,0.12
371274,0.12
371275,0.23
371288,0.19
371291,0.21
371295,0.23
371314,0.03
371322,0.15
371323,0.07
371328,0.14
371332,0.14
371333,0.25
371335,0.09
371342,0.14
371350,0.13
371357,0.1
371365,0.11
371383,0.21
371384,0.22
371385,0.12
371393,0.19
371394,0.14
371397,0.14
371417,0.15
371431,0.11
371433,0.16
371437,0.1
371439,0.37
371445,0.12
371452,0.11
371457,0.11
371469,0.12
371470,0.08
371477,0.13
371500,0.09
371504,0.16
371508,0.1
371514,0.16
371518,0.23
371520,0.12
371521,0.16
371522,0.07
371525,0.11
371530,0.07
371532,0.09
371548,0.21
371561,0.14
371566,0.21
371568,0.17
371571,0.19
371573,0.11
371577,0.2
371587,0.22
371592,0.13
371593,0.32
371595,0.19
371603,0.14
371614,0.16
371616,0.1
371619,0.15
371627,0.36
371641,0.11
371657,0.16
371664,0.11
371693,0.1
371698,0.13
371700,0.06
371707,0.12
371710,0.14
371715,0.14
371722,0.12
371731,0.1
371741,0.12
371744,0.23
371753,0.08
371755,0.08
371760,0.18
371773,0.13
371797,0.11
371807,0.13
371809,0.19
371811,0.05
371815,0.1
371822,0.1
371824,0.13
371828,0.13
371835,0.13
371837,0.07
371840,0.18
371849,0.07
371857,0.12
371860,0.14
371862,0.04
371875,0.09
371896,0.23
371898,0.17
371901,0.24
371903,0.13
371908,0.08
371910,0.18
371944,0.12
371947,0.08
371955,0.08
371963,0.12
371972,0.27
371973,0.11
371978,0.12
371980,0.1
371988,0.12
372020,0.13
372043,0.19
372060,0.12
372070,0.14
372082,0.06
372085,0.13
372090,0.13
372091,0.29
372112,0.08
372115,0.17
372132,0.12
372134,0.26
372136,0.1
372142,0.15
372145,0.15
372146,0.15
372159,0.04
372172,0.06
372179,0.22
372183,0.11
372184,0.06
372192,0.11
372234,0.17
372239,0.13
372244,0.05
372268,0.12
372287,0.2
372289,0.17
372292,0.12
372301,0.09
372315,0.06
372316,0.29
372328,0.21
372337,0.11
372347,0.24
372350,0.25
372381,0.16
372382,0.1
372384,0.14
372393,0.07
372398,0.19
372399,0.12
372400,0.14
372402,0.09
372410,0.12
372415,0.18
372425,0.07
372428,0.11
372430,0.13
372431,0.19
372449,0.03
372452,0.19
372453,0.11
372460,0.27
372463,0.27
372471,0.23
372484,0.16
372486,0.15
372489,0.12
372506,0.19
372513,0.06
372527,0.3
372568,0.14
372596,0.1
372606,0.1
372617,0.09
372618,0.2
372622,0.17
372624,0.09
372633,0.21
372637,0.2
372643,0.21
372644,0.18
372656,0.32
372662,0.17
372664,0.15
372666,0.11
372672,0.21
372674,0.17
372693,0.18
372704,0.15
372719,0.14
372727,0.17
372740,0.15
372745,0.08
372753,0.19
372762,0.16
372764,0.18
372771,0.13
372772,0.21
372789,0.12
372793,0.2
372799,0.13
372806,0.27
372809,0.18
372829,0.14
372848,0.05
372850,0.14
372853,0.19
372854,0.09
372858,0.14
372861,0.16
372863,0.13
372876,0.17
372878,0.06
372893,0.22
372894,0.14
372911,0.11
372912,0.14
372924,0.16
372942,0.1
372946,0.31
372955,0.16
372956,0.18
372957,0.25
372984,0.16
372993,0.2
372995,0.21
372997,0.21
373014,0.12
373018,0.19
373022,0.14
373023,0.06
373029,0.05
373063,0.1
373071,0.27
373075,0.18
373088,0.12
373089,0.11
373098,0.13
373101,0.17
373112,0.13
373114,0.16
373118,0.13
373120,0.29
373121,0.18
373122,0.14
373138,0.14
373145,0.15
373153,0.12
373154,0.23
373155,0.12
373159,0.12
373167,0.1
373190,0.1
373195,0.12
373202,0.12
373205,0.14
373209,0.1
373215,0.19
373222,0.18
373239,0.16
373240,0.23
373247,0.19
373251,0.11
373260,0.16
373284,0.15
373286,0.1
373292,0.19
373297,0.13
373299,0.2
373305,0.22
373307,0.2
373323,0.08
373327,0.21
373328,0.1
373363,0.19
373390,0.04
373396,0.04
373407,0.14
373413,0.16
373437,0.29
373445,0.12
373448,0.08
373458,0.14
373464,0.22
373472,0.21
373474,0.13
373475,0.06
373480,0.11
373484,0.21
373491,0.15
373493,0.22
373504,0.14
373537,0.13
373542,0.14
373545,0.13
373554,0.21
373559,0.22
373560,0.18
373562,0.17
373565,0.23
373573,0.24
373577,0.18
373591,0.18
373592,0.14
373596,0.06
373598,0.17
373600,0.12
373605,0.12
373607,0.11
373616,0.14
373618,0.15
373624,0.1
373630,0.15
373631,0.14
373634,0.26
373646,0.11
373651,0.09
373669,0.21
373682,0.17
373716,0.21
373751,0.21
373756,0.27
373757,0.15
373767,0.18
373778,0.12
373780,0.18
373781,0.17
373796,0.18
373801,0.12
373805,0.12
373811,0.1
373815,0.06
373820,0.19
373833,0.15
373839,0.12
373841,0.09
373871,0.17
373875,0.26
373893,0.07
373894,0.3
373898,0.2
373899,0.26
373908,0.29
373909,0.14
373911,0.17
373918,0.16
373927,0.16
373938,0.21
373943,0.19
373946,0.16
373948,0.2
373953,0.18
373956,0.24
373984,0.12
373985,0.1
373986,0.19
374002,0.07
374014,0.17
374015,0.06
374024,0.07
374029,0.13
374034,0.1
374039,0.09
374042,0.19
374048,0.15
374051,0.15
374054,0.12
374055,0.19
374061,0.17
374075,0.12
374087,0.11
374101,0.22
374103,0.28
374114,0.24
374116,0.17
374119,0.1
374121,0.2
374133,0.07
374134,0.09
374140,0.14
374141,0.2
374145,0.23
374155,0.09
374163,0.2
374169,0.14
374173,0.15
374188,0.15
374199,0.14
374200,0.15
374207,0.15
374225,0.16
374226,0.09
374227,0.24
374249,0.15
374254,0.18
374284,0.14
374293,0.12
374296,0.15
374297,0.14
374298,0.14
374307,0.12
374320,0.09
374322,0.27
374324,0.18
374328,0.21
374334,0.18
374341,0.16
374343,0.14
374346,0.15
374359,0.21
374374,0.24
374381,0.18
374400,0.19
374405,0.2
374409,0.2
374420,0.25
374442,0.13
374443,0.19
374445,0.22
374447,0.21
374452,0.12
374458,0.1
374485,0.08
374487,0.1
374496,0.11
374503,0.14
374518,0.16
374519,0.18
374532,0.08
374534,0.09
374536,0.12
374546,0.14
374559,0.09
374568,0.13
374573,0.15
374582,0.11
374585,0.18
374598,0.09
374606,0.13
374612,0.18
374617,0.13
374619,0.09
374626,0.07
374646,0.14
374653,0.18
374656,0.1
374664,0.1
374666,0.03
374677,0.07
374679,0.14
374682,0.08
374700,0.22
374703,0.16
374705,0.17
374720,0.19
374724,0.18
374731,0.13
374732,0.23
374734,0.12
374759,0.11
374770,0.14
374774,0.13
374777,0.3
374788,0.08
374796,0.18
374799,0.17
374813,0.19
374819,0.09
374826,0.21
374827,0.15
374832,0.15
374837,0.07
374844,0.28
374848,0.2
374853,0.13
374854,0.14
374856,0.15
374864,0.2
374868,0.06
374888,0.22
374891,0.13
374892,0.11
374896,0.1
374909,0.13
374911,0.09
374912,0.09
374913,0.23
374916,0.1
374917,0.09
374923,0.06
374933,0.22
374935,0.12
374940,0.18
374941,0.15
374943,0.06
374951,0.13
374967,0.14
374970,0.32
374990,0.25
374993,0.15
374994,0.25
375015,0.14
375017,0.11
375018,0.15
375021,0.13
375023,0.13
375030,0.29
375038,0.1
375040,0.22
375041,0.18
375052,0.07
375061,0.33
375064,0.13
375076,0.15
375086,0.21
375109,0.18
375118,0.14
375133,0.12
375140,0.15
375156,0.18
375168,0.13
375170,0.16
375182,0.1
375187,0.23
375188,0.19
375197,0.16
375201,0.2
375204,0.1
375216,0.27
375225,0.1
375231,0.12
375234,0.07
375241,0.11
375242,0.26
375244,0.09
375246,0.1
375257,0.16
375290,0.1
375292,0.14
375293,0.14
375295,0.19
375296,0.09
375300,0.08
375322,0.16
375332,0.18
375338,0.12
375342,0.07
375365,0.1
375367,0.14
375384,0.13
375418,0.05
375464,0.19
375477,0.12
375485,0.13
375496,0.07
375534,0.15
375544,0.22
375556,0.18
375588,0.09
375589,0.1
375594,0.16
375629,0.15
375649,0.11
375654,0.16
375696,0.13
375758,0.1
375795,0.25
375843,0.08
375844,0.13
375853,0.17
375878,0.13
375879,0.08
375883,0.12
375887,0.25
375929,0.16
375934,0.15
375936,0.18
375937,0.11
375948,0.08
375951,0.09
375953,0.2
375964,0.16
375969,0.11
375970,0.09
375973,0.46
375976,0.2
375997,0.13
376000,0.16
376011,0.06
376019,0.11
376035,0.13
376036,0.08
376041,0.2
376042,0.19
376045,0.06
376047,0.16
376060,0.16
376061,0.23
376067,0.21
376068,0.26
376070,0.13
376074,0.13
376075,0.15
376076,0.18
376078,0.13
376080,0.08
376081,0.14
376082,0.06
376083,0.2
376084,0.15
376086,0.07
376087,0.07
376088,0.14
376089,0.24
376090,0.19
376091,0.16
376092,0.11
376093,0.23
376094,0.24
376095,0.14
376096,0.37
376097,0.15
376098,0.28
376206,0.1
376209,0.13
376225,0.09
376239,0.15
376247,0.07
376248,0.12
376252,0.09
376257,0.12
376273,0.1
376274,0.11
376275,0.08
376279,0.11
376283,0.08
376284,0.1
376288,0.16
376289,0.16
376292,0.07
376298,0.14
376301,0.08
376311,0.08
376312,0.1
376313,0.2
376316,0.22
376317,0.12
376319,0.14
376320,0.29
376321,0.13
376322,0.1
376325,0.11
376326,0.11
376328,0.16
376329,0.27
376330,0.1
376332,0.1
376334,0.15
376335,0.19
376336,0.24
376337,0.15
376338,0.21
376339,0.13
376340,0.12
376341,0.16
376343,0.12
376344,0.17
376345,0.15
376346,0.16
376347,0.28
376348,0.17
376349,0.2
376350,0.09
376351,0.16
376352,0.09
376353,0.11
376354,0.15
376355,0.05
376356,0.13
376357,0.13
376360,0.03
376445,0.24
376447,0.17
376449,0.25
376470,0.07
376483,0.22
376484,0.07
376486,0.18
376487,0.03
376488,0.07
376491,0.22
376492,0.09
376494,0.19
376495,0.3
376496,0.11
376497,0.15
376498,0.09
376502,0.15
376503,0.21
376504,0.16
376506,0.13
376509,0.12
376515,0.1
376517,0.1
376518,0.23
376519,0.23
376520,0.11
376521,0.1
376522,0.12
376523,0.16
376524,0.16
376527,0.18
376530,0.17
376531,0.17
376532,0.19
376533,0.18
376534,0.13
376535,0.1
376537,0.17
376538,0.13
376539,0.17
376546,0.09
376594,0.11
376595,0.3
376614,0.11
376616,0.1
376617,0.14
376618,0.15
376619,0.12
376620,0.14
376627,0.09
376630,0.14
376631,0.15
376632,0.13
376633,0.14
376635,0.17
376636,0.2
376637,0.06
376639,0.33
376640,0.07
376642,0.06
376643,0.2
376644,0.1
376645,0.17
376646,0.24
376648,0.15
376650,0.12
376651,0.08
376652,0.29
376732,0.11
376733,0.1
376734,0.21
376756,0.1
376804,0.14
376856,0.24
376869,0.08
376893,0.21
377045,0.1
377088,0.13
377137,0.19
377138,0.08
377159,0.15
377176,0.11
377201,0.2
377226,0.21
377335,0.08
377358,0.21
377362,0.09
377363,0.15
377389,0.17
377426,0.18
377427,0.22
377429,0.09
377441,0.09
377449,0.14
377450,0.24
377458,0.09
377472,0.27
377541,0.39
377567,0.12
377573,0.12
377605,0.16
377611,0.18
377622,0.15
377631,0.05
377657,0.04
377681,0.11
377711,0.11
377717,0.21
377720,0.23
377721,0.3
377723,0.1
377727,0.12
377729,0.19
377733,0.06
377735,0.15
377736,0.06
377737,0.17
377738,0.21
377750,0.28
377751,0.05
377753,0.14
377754,0.19
377755,0.15
377756,0.06
377757,0.41
377758,0.14
377759,0.18
377760,0.08
377761,0.15
377762,0.07
377763,0.12
377764,0.09
377765,0.26
377766,0.14
377767,0.1
377768,0.18
377771,0.16
377772,0.06
377773,0.15
377774,0.19
377775,0.18
377776,0.16
377778,0.15
377779,0.12
377780,0.12
377781,0.09
377782,0.23
377783,0.06
377784,0.09
377785,0.11
377786,0.15
377862,0.2
377871,0.22
377930,0.09
377970,0.1
377987,0.05
377988,0.12
377990,0.14
377992,0.16
377995,0.14
378005,0.15
378006,0.09
378011,0.13
378018,0.1
378019,0.08
378023,0.16
378025,0.14
378026,0.12
378027,0.12
378031,0.17
378033,0.14
378034,0.13
378035,0.09
378040,0.12
378041,0.16
378042,0.07
378043,0.21
378044,0.14
378045,0.25
378046,0.11
378047,0.13
378048,0.07
378049,0.15
378051,0.16
378052,0.09
378053,0.14
378054,0.21
378055,0.07
378056,0.08
378057,0.18
378059,0.16
378060,0.1
378061,0.24
378062,0.15
378063,0.05
378065,0.19
378066,0.17
378067,0.13
378068,0.09
378069,0.13
378070,0.13
378096,0.19
378098,0.2
378104,0.19
378105,0.12
378106,0.16
378107,0.09
378108,0.06
378109,0.2
378110,0.07
378111,0.15
378112,0.17
378113,0.2
378114,0.18
378115,0.13
378116,0.2
378117,0.26
378119,0.05
378120,0.08
378121,0.16
378122,0.07
378123,0.17
378124,0.14
378136,0.18
378181,0.2
378184,0.17
378190,0.13
378263,0.15
378300,0.1
378304,0.27
378305,0.1
378311,0.16
378313,0.1
378314,0.12
378317,0.06
378320,0.2
378322,0.12
378325,0.23
378327,0.26
378328,0.18
378329,0.09
378330,0.1
378331,0.15
378334,0.11
378335,0.1
378336,0.08
378339,0.08
378340,0.16
378341,0.2
378342,0.2
378343,0.13
378344,0.18
378345,0.37
378346,0.1
378347,0.3
378348,0.22
378349,0.24
378350,0.07
378351,0.16
378352,0.11
378353,0.11
378354,0.17
378355,0.18
378356,0.19
378427,0.08
378434,0.2
378564,0.11
378671,0.3
378689,0.05
378710,0.35
378755,0.14
378887,0.08
378907,0.27
378924,0.09
378944,0.08
378945,0.1
378991,0.1
379009,0.1
379025,0.21
379046,0.05
379047,0.16
379048,0.13
379052,0.15
379065,0.14
379066,0.15
379076,0.18
379080,0.21
379085,0.21
379086,0.12
379087,0.19
379089,0.11
379094,0.11
379095,0.14
379101,0.09
379102,0.08
379103,0.12
379105,0.16
379108,0.1
379111,0.06
379112,0.12
379113,0.14
379114,0.15
379115,0.1
379116,0.09
379117,0.21
379118,0.15
379119,0.35
379120,0.08
379121,0.12
379123,0.06
379124,0.18
379126,0.11
379127,0.11
379128,0.12
379129,0.14
379131,0.36
379132,0.25
379133,0.14
379134,0.14
379178,0.14
379266,0.09
379268,0.19
379291,0.13
379296,0.09
379301,0.17
379313,0.19
379318,0.18
379319,0.16
379329,0.16
379336,0.21
379348,0.25
379356,0.11
379357,0.2
379363,0.23
379385,0.22
379408,0.16
379432,0.15
379437,0.14
379440,0.13
379456,0.09
379457,0.12
379463,0.19
379464,0.08
379467,0.27
379469,0.19
379470,0.1
379472,0.34
379473,0.09
379474,0.14
379475,0.08
379476,0.26
379481,0.21
379482,0.15
379483,0.12
379484,0.16
379485,0.39
379486,0.2
379487,0.17
379488,0.16
379490,0.11
379491,0.09
379492,0.12
379494,0.1
379495,0.09
379496,0.08
379497,0.1
379500,0.16
379501,0.15
379502,0.17
379503,0.07
379504,0.12
379505,0.14
379506,0.09
379507,0.09
379508,0.19
379509,0.25
379510,0.05
379512,0.04
379513,0.11
379514,0.45
379515,0.15
379516,0.17
379517,0.13
379518,0.16
379520,0.22
379627,0.14
379673,0.21
379674,0.09
379720,0.23
379726,0.21
379730,0.12
379746,0.2
379775,0.19
379776,0.11
379778,0.29
379841,0.08
379921,0.12
379951,0.21
380002,0.27
380003,0.18
380005,0.11
380006,0.14
380010,0.14
380012,0.15
380014,0.23
380015,0.34
380017,0.07
380018,0.24
380019,0.17
380020,0.1
380022,0.09
380023,0.23
380025,0.14
380026,0.1
380028,0.14
380030,0.16
380031,0.25
380032,0.12
380033,0.07
380034,0.18
380035,0.13
380037,0.1
380038,0.16
380039,0.3
380040,0.21
380064,0.26
380065,0.21
380121,0.15
380122,0.16
380130,0.18
380219,0.13
380228,0.21
380229,0.15
380366,0.09
380408,0.13
380414,0.17
380487,0.16
380488,0.07
380489,0.1
380494,0.08
380543,0.13
380553,0.11
380600,0.08
380625,0.14
380635,0.13
380643,0.19
380762,0.1
380773,0.19
380781,0.22
380785,0.12
380787,0.12
380788,0.1
380789,0.09
380797,0.18
380800,0.15
380802,0.21
380805,0.16
380806,0.11
380807,0.23
380811,0.12
380812,0.09
380815,0.09
380816,0.06
380817,0.17
380819,0.1
380823,0.11
380824,0.21
380825,0.16
380826,0.08
380827,0.24
380828,0.1
380830,0.1
380831,0.2
380832,0.11
380833,0.08
380834,0.18
380836,0.23
380837,0.13
380838,0.12
380839,0.04
380840,0.33
380841,0.11
380879,0.08
380901,0.1
380928,0.14
380956,0.1
380979,0.12
381037,0.14
381047,0.23
381074,0.17
381104,0.2
381121,0.25
381130,0.21
381133,0.17
381139,0.08
381141,0.19
381142,0.1
381145,0.06
381152,0.06
381153,0.25
381154,0.31
381156,0.13
381160,0.04
381164,0.24
381168,0.12
381171,0.13
381173,0.22
381174,0.16
381176,0.09
381178,0.2
381179,0.06
381182,0.14
381185,0.09
381187,0.12
381189,0.15
381190,0.08
381191,0.06
381192,0.19
381193,0.11
381194,0.13
381195,0.14
381198,0.1
381199,0.1
381200,0.08
381201,0.23
381202,0.07
381203,0.48
381204,0.32
381205,0.14
381259,0.16
381288,0.19
381289,0.11
381335,0.2
381344,0.13
381367,0.15
381376,0.14
381381,0.12
381397,0.08
381406,0.12
381412,0.2
381421,0.2
381424,0.15
381427,0.09
381428,0.21
381429,0.08
381430,0.17
381434,0.11
381435,0.23
381436,0.13
381437,0.13
381438,0.22
381439,0.12
381444,0.12
381446,0.07
381447,0.13
381449,0.3
381450,0.11
381453,0.19
381454,0.05
381455,0.24
381456,0.26
381457,0.14
381458,0.14
381459,0.14
381460,0.12
381461,0.13
381462,0.21
381463,0.16
381464,0.36
381465,0.16
381466,0.2
381467,0.16
381468,0.2
381469,0.33
381470,0.18
381471,0.18
381472,0.13
381473,0.1
381475,0.17
381476,0.05
381477,0.15
381478,0.12
381479,0.17
381480,0.24
381481,0.15
381482,0.17
381483,0.1
381495,0.22
381545,0.13
381580,0.05
381657,0.28
381674,0.12
381691,0.24
381697,0.14
381704,0.19
381711,0.25
381721,0.26
381728,0.13
381729,0.15
381734,0.12
381735,0.16
381736,0.16
381740,0.27
381742,0.3
381743,0.16
381744,0.06
381747,0.17
381748,0.14
381749,0.15
381750,0.22
381751,0.23
381752,0.12
381753,0.12
381754,0.14
381755,0.15
381756,0.12
381757,0.09
381758,0.2
381759,0.1
381760,0.16
381761,0.2
381762,0.11
381763,0.14
381764,0.21
381765,0.24
381766,0.1
381767,0.07
381768,0.18
381769,0.1
381770,0.11
381772,0.2
381774,0.15
381777,0.16
381861,0.06
381974,0.12
381991,0.1
382024,0.22
382051,0.23
382066,0.09
382067,0.06
382068,0.15
382107,0.09
382108,0.12
382111,0.08
382113,0.08
382114,0.09
382120,0.12
382121,0.12
382122,0.2
382124,0.18
382126,0.1
382131,0.2
382132,0.14
382135,0.14
382136,0.24
382137,0.13
382138,0.12
382140,0.27
382141,0.18
382142,0.14
382143,0.12
382144,0.14
382145,0.14
382146,0.14
382147,0.13
382149,0.24
382150,0.07
382152,0.14
382153,0.17
382164,0.31
382180,0.26
382239,0.17
382275,0.15
382297,0.1
382391,0.17
382392,0.32
382396,0.16
382424,0.1
382471,0.25
382493,0.12
382496,0.12
382504,0.16
382505,0.08
382513,0.12
382517,0.14
382521,0.17
382528,0.07
382530,0.2
382544,0.23
382603,0.36
382604,0.16
382642,0.15
382666,0.21
382699,0.18
382737,0.15
382792,0.21
382796,0.11
382807,0.12
382813,0.09
382817,0.21
382818,0.08
382826,0.13
382845,0.11
382846,0.06
382850,0.24
382851,0.13
382856,0.19
382858,0.15
382859,0.12
382862,0.11
382863,0.18
382865,0.17
382866,0.23
382868,0.17
382870,0.1
382871,0.22
382872,0.14
382873,0.21
382874,0.31
382875,0.08
382876,0.13
382877,0.1
382878,0.23
382879,0.18
382880,0.07
382882,0.16
382883,0.15
382884,0.14
382885,0.18
382886,0.1
382887,0.17
382989,0.18
383009,0.12
383039,0.12
383068,0.13
383072,0.09
383093,0.18
383099,0.21
383167,0.05
383168,0.13
383170,0.18
383171,0.17
383174,0.1
383175,0.1
383176,0.12
383178,0.06
383181,0.28
383182,0.16
383184,0.1
383186,0.24
383187,0.07
383189,0.06
383190,0.13
383191,0.19
383192,0.2
383194,0.12
383195,0.11
383196,0.06
383197,0.22
383198,0.05
383199,0.12
383200,0.12
383201,0.11
383202,0.17
383203,0.18
383204,0.16
383205,0.09
383206,0.21
383207,0.12
383208,0.12
383279,0.09
383335,0.16
383384,0.12
383394,0.11
383400,0.14
383401,0.09
383409,0.12
383410,0.13
383412,0.2
383414,0.17
383419,0.19
383422,0.12
383425,0.05
383426,0.05
383427,0.18
383428,0.22
383429,0.19
383430,0.19
383431,0.1
383433,0.33
383434,0.07
383435,0.18
383436,0.14
383437,0.22
383438,0.27
383439,0.1
383440,0.09
383441,0.1
383442,0.15
383443,0.05
383444,0.09
383445,0.17
383446,0.15
383447,0.16
383448,0.19
383449,0.13
383450,0.23
383451,0.11
383452,0.15
383453,0.13
383454,0.12
383533,0.11
383583,0.18
383608,0.19
383622,0.19
383673,0.24
383804,0.07
383806,0.12
383812,0.23
383814,0.06
383816,0.08
383825,0.14
383827,0.13
383833,0.28
383841,0.16
383842,0.17
383849,0.11
383859,0.06
383883,0.16
383891,0.27
383910,0.15
383925,0.13
383943,0.26
383946,0.27
383959,0.1
383960,0.11
383961,0.15
383962,0.17
383979,0.2
383985,0.2
383990,0.09
383999,0.15
384001,0.14
384003,0.06
384008,0.14
384019,0.19
384020,0.12
384065,0.12
384102,0.19
384154,0.12
384155,0.24
384171,0.18
384177,0.14
384183,0.11
384186,0.13
384198,0.24
384199,0.16
384201,0.2
384203,0.23
384204,0.23
384205,0.13
384207,0.15
384208,0.17
384209,0.25
384210,0.15
384211,0.09
384212,0.16
384215,0.22
384216,0.13
384220,0.18
384221,0.11
384226,0.15
384273,0.08
384287,0.17
384288,0.07
384332,0.22
384365,0.18
384380,0.14
384392,0.09
384412,0.11
384424,0.17
384428,0.08
384429,0.19
384430,0.15
384434,0.13
384480,0.17
384502,0.25
384503,0.14
384504,0.13
384505,0.09
384508,0.16
384519,0.13
384520,0.19
384524,0.06
384528,0.07
384532,0.1
384539,0.08
384542,0.13
384543,0.18
384544,0.06
384546,0.23
384547,0.09
384548,0.19
384549,0.08
384552,0.27
384554,0.07
384556,0.15
384557,0.1
384558,0.09
384559,0.12
384560,0.21
384561,0.3
384562,0.12
384563,0.18
384564,0.18
384565,0.16
384656,0.08
384657,0.1
384672,0.2
384679,0.21
384680,0.13
384689,0.13
384692,0.12
384695,0.19
384710,0.22
384712,0.08
384715,0.19
384735,0.19
384749,0.08
384751,0.14
384753,0.14
384757,0.13
384759,0.04
384761,0.24
384762,0.1
384765,0.17
384775,0.12
384782,0.18
384794,0.12
384798,0.06
384805,0.13
384807,0.14
384812,0.06
384821,0.13
384834,0.14
384847,0.11
384856,0.17
384857,0.16
384858,0.1
384859,0.11
384860,0.12
384861,0.35
384862,0.12
384863,0.13
384864,0.13
384865,0.12
384866,0.24
384867,0.15
384868,0.18
384869,0.12
384870,0.19
384871,0.15
384873,0.23
384874,0.27
384876,0.11
384877,0.15
384878,0.09
384880,0.16
384881,0.16
384882,0.2
384883,0.13
384884,0.15
384885,0.21
384886,0.11
384887,0.18
384969,0.15
385023,0.13
385049,0.13
385081,0.07
385091,0.1
385092,0.12
385093,0.11
385094,0.1
385106,0.2
385107,0.24
385110,0.12
385111,0.09
385113,0.17
385114,0.14
385115,0.18
385117,0.09
385119,0.13
385120,0.2
385121,0.2
385122,0.13
385123,0.16
385125,0.14
385126,0.15
385127,0.12
385128,0.1
385129,0.1
385130,0.14
385131,0.19
385132,0.17
385133,0.1
385134,0.17
385135,0.18
385136,0.21
385137,0.18
385138,0.06
385139,0.27
385140,0.28
385141,0.08
385142,0.17
385143,0.07
385144,0.17
385145,0.25
385146,0.09
385147,0.18
385149,0.16
385151,0.15
385152,0.13
385153,0.09
385197,0.1
385230,0.2
385231,0.11
385252,0.19
385299,0.23
385351,0.15
385376,0.21
385405,0.2
385452,0.22
385479,0.15
385510,0.11
385522,0.27
385524,0.18
385544,0.13
385563,0.11
385566,0.12
385571,0.13
385585,0.07
385586,0.13
385611,0.16
385621,0.07
385623,0.16
385628,0.32
385633,0.19
385634,0.03
385643,0.15
385650,0.11
385656,0.08
385666,0.1
385693,0.25
385705,0.14
385706,0.05
385835,0.07
385847,0.07
385867,0.23
385871,0.27
385872,0.07
385879,0.18
385883,0.1
385884,0.21
385885,0.07
385889,0.1
385893,0.13
385894,0.13
385898,0.18
385899,0.13
385902,0.1
385903,0.19
385904,0.13
385905,0.18
385906,0.11
385907,0.2
385908,0.26
385909,0.15
385910,0.14
385973,0.08
386003,0.35
386013,0.12
386023,0.15
386065,0.08
386072,0.2
386077,0.32
386135,0.08
386141,0.17
386178,0.24
386198,0.12
386200,0.21
386203,0.15
386223,0.09
386225,0.16
386245,0.09
386250,0.1
386253,0.18
386254,0.15
386255,0.1
386262,0.39
386263,0.14
386264,0.1
386267,0.09
386268,0.12
386276,0.22
386279,0.11
386281,0.2
386282,0.22
386283,0.2
386284,0.09
386285,0.1
386286,0.14
386287,0.06
386288,0.22
386289,0.19
386290,0.21
386292,0.1
386293,0.15
386294,0.15
386295,0.42
386296,0.27
386297,0.11
386299,0.15
386300,0.12
386301,0.18
386302,0.15
386303,0.13
386304,0.18
386305,0.17
386307,0.13
386308,0.11
386309,0.18
386310,0.09
386311,0.17
386347,0.2
386350,0.1
386352,0.14
386365,0.13
386378,0.15
386380,0.16
386399,0.1
386458,0.06
386523,0.14
386531,0.21
386545,0.2
386546,0.11
386547,0.08
386549,0.18
386550,0.11
386551,0.12
386552,0.13
386633,0.15
386647,0.1
386665,0.17
386767,0.25
386773,0.13
386774,0.1
386775,0.1
386777,0.11
386785,0.16
386791,0.16
386792,0.11
386795,0.05
386798,0.14
386803,0.1
386805,0.16
386806,0.13
386808,0.08
386811,0.16
386813,0.13
386814,0.14
386817,0.19
386819,0.07
386820,0.09
386821,0.3
386822,0.31
386824,0.13
386825,0.2
386826,0.1
386827,0.16
386828,0.28
386830,0.08
386831,0.21
386832,0.11
386833,0.28
386834,0.13
386835,0.06
386836,0.11
386837,0.06
386838,0.11
386839,0.2
386840,0.06
386841,0.2
386843,0.25
386844,0.21
386845,0.11
386847,0.14
386848,0.19
386849,0.04
386860,0.14
386938,0.14
386940,0.16
386989,0.18
387021,0.15
387193,0.14
387194,0.13
387286,0.1
387291,0.17
387292,0.24
387324,0.16
387325,0.12
387329,0.13
387331,0.11
387333,0.16
387337,0.15
387341,0.23
387342,0.15
387349,0.21
387350,0.16
387351,0.09
387352,0.1
387353,0.14
387355,0.13
387356,0.11
387357,0.18
387358,0.13
387360,0.2
387361,0.1
387362,0.08
387363,0.17
387364,0.06
387365,0.23
387366,0.12
387367,0.16
387368,0.08
387369,0.09
387370,0.1
387371,0.19
387372,0.21
387377,0.16
387378,0.17
387424,0.1
387440,0.14
387447,0.23
387489,0.18
387501,0.14
387526,0.3
387542,0.14
387543,0.26
387544,0.19
387565,0.13
387572,0.07
387577,0.21
387578,0.18
387583,0.05
387584,0.09
387588,0.18
387595,0.17
387596,0.08
387597,0.18
387598,0.09
387662,0.19
387687,0.26
387688,0.09
387689,0.07
387718,0.25
387730,0.13
387753,0.09
387807,0.22
387843,0.09
387848,0.15
387882,0.12
387884,0.1
387892,0.06
387896,0.14
387916,0.31
387920,0.13
387927,0.11
387928,0.08
387929,0.14
387932,0.22
387934,0.23
387937,0.19
387942,0.06
387947,0.17
387948,0.09
387952,0.29
387953,0.25
387954,0.08
387955,0.2
387956,0.2
387957,0.2
387958,0.27
387960,0.05
387961,0.1
387962,0.13
387963,0.22
387964,0.16
387965,0.09
387966,0.12
387967,0.07
387968,0.07
387969,0.06
387970,0.11
387971,0.17
387972,0.09
387973,0.13
388053,0.28
388056,0.1
388057,0.14
388078,0.24
388079,0.09
388127,0.16
388155,0.21
388159,0.1
388169,0.14
388170,0.06
388173,0.07
388174,0.08
388176,0.16
388179,0.17
388182,0.12
388183,0.1
388187,0.11
388189,0.09
388191,0.12
388193,0.16
388194,0.11
388195,0.16
388196,0.14
388198,0.07
388199,0.24
388201,0.22
388202,0.13
388203,0.24
388204,0.19
388206,0.17
388208,0.24
388209,0.05
388210,0.05
388211,0.11
388212,0.07
388213,0.11
388214,0.09
388215,0.1
388216,0.2
388217,0.12
388218,0.13
388219,0.17
388220,0.21
388221,0.23
388222,0.17
388223,0.14
388237,0.12
388238,0.12
388242,0.06
388243,0.13
388248,0.15
388249,0.13
388251,0.11
388253,0.2
388255,0.15
388256,0.11
388258,0.18
388259,0.18
388260,0.16
388262,0.28
388263,0.13
388264,0.17
388265,0.16
388266,0.11
388267,0.22
388269,0.42
388270,0.14
388271,0.13
388272,0.21
388273,0.14
388274,0.18
388275,0.22
388276,0.17
388397,0.21
388428,0.17
388429,0.21
388448,0.15
388449,0.11
388460,0.23
388463,0.19
388465,0.19
388505,0.3
388508,0.23
388511,0.1
388525,0.08
388554,0.2
388561,0.36
388566,0.11
388572,0.08
388574,0.15
388585,0.13
388589,0.1
388590,0.14
388594,0.17
388596,0.16
388616,0.21
388621,0.07
388622,0.19
388627,0.1
388633,0.09
388639,0.13
388647,0.1
388655,0.16
388665,0.11
388667,0.21
388668,0.1
388669,0.19
388679,0.08
388683,0.07
388687,0.06
388688,0.16
388700,0.19
388703,0.13
388704,0.18
388705,0.23
388707,0.09
388712,0.16
388729,0.06
388733,0.05
388748,0.12
388754,0.12
388763,0.23
388777,0.04
388790,0.1
388800,0.25
388801,0.14
388812,0.21
388816,0.27
388835,0.17
388837,0.1
388842,0.14
388847,0.05
388848,0.17
388849,0.16
388850,0.19
388859,0.1
388864,0.1
388865,0.27
388870,0.17
388872,0.18
388873,0.17
388879,0.14
388890,0.19
388898,0.13
388899,0.22
388900,0.07
388913,0.3
388919,0.1
388921,0.22
388929,0.17
388945,0.16
388962,0.1
388963,0.12
388985,0.11
388986,0.13
388992,0.17
388993,0.2
389002,0.15
389006,0.12
389009,0.12
389018,0.28
389048,0.13
389051,0.18
389068,0.15
389069,0.21
389070,0.28
389080,0.09
389085,0.04
389090,0.14
389094,0.17
389097,0.24
389098,0.12
389101,0.16
389104,0.17
389131,0.28
389133,0.21
389134,0.12
389143,0.17
389176,0.22
389181,0.15
389192,0.06
389202,0.21
389222,0.12
389225,0.12
389227,0.16
389239,0.1
389245,0.22
389248,0.07
389258,0.21
389266,0.23
389268,0.14
389277,0.16
389280,0.16
389300,0.16
389319,0.15
389330,0.06
389338,0.11
389356,0.18
389363,0.09
389371,0.08
389377,0.25
389398,0.08
389409,0.16
389415,0.06
389418,0.25
389420,0.08
389426,0.25
389433,0.21
389434,0.09
389440,0.14
389441,0.05
389443,0.18
389448,0.22
389464,0.13
389466,0.15
389471,0.31
389473,0.1
389480,0.16
389481,0.07
389483,0.19
389486,0.12
389490,0.27
389500,0.17
389507,0.3
389509,0.13
389515,0.26
389517,0.18
389523,0.08
389527,0.08
389529,0.31
389532,0.13
389539,0.09
389550,0.13
389551,0.14
389552,0.19
389554,0.22
389563,0.2
389566,0.11
389572,0.09
389573,0.12
389585,0.25
389587,0.07
389589,0.15
389592,0.08
389601,0.34
389603,0.05
389604,0.28
389617,0.09
389618,0.22
389619,0.08
389622,0.18
389623,0.14
389627,0.14
389644,0.37
389667,0.06
389678,0.18
389694,0.12
389700,0.19
389707,0.2
389714,0.03
389717,0.14
389732,0.13
389737,0.09
389741,0.11
389755,0.14
389756,0.21
389763,0.18
389772,0.17
389777,0.09
389778,0.08
389796,0.19
389798,0.06
389805,0.12
389807,0.2
389815,0.07
389818,0.15
389823,0.08
389824,0.13
389831,0.12
389856,0.21
389860,0.08
389862,0.16
389872,0.19
389875,0.13
389878,0.14
389879,0.23
389881,0.13
389895,0.13
389897,0.05
389898,0.07
389924,0.1
389929,0.1
389934,0.24
389947,0.14
389962,0.15
389981,0.06
390003,0.09
390006,0.16
390011,0.05
390041,0.15
390044,0.16
390045,0.2
390047,0.15
390048,0.22
390052,0.26
390056,0.16
390061,0.15
390065,0.17
390070,0.16
390073,0.18
390076,0.17
390087,0.09
390092,0.05
390095,0.1
390099,0.21
390107,0.12
390116,0.12
390130,0.1
390133,0.23
390144,0.16
390155,0.1
390159,0.19
390181,0.07
390183,0.18
390214,0.14
390222,0.16
390230,0.09
390235,0.2
390237,0.17
390242,0.39
390256,0.16
390259,0.29
390261,0.11
390268,0.08
390271,0.16
390274,0.1
390276,0.09
390279,0.21
390283,0.18
390285,0.18
390299,0.15
390316,0.09
390321,0.1
390330,0.12
390343,0.17
390346,0.36
390357,0.11
390359,0.17
390361,0.11
390365,0.13
390366,0.19
390372,0.15
390376,0.17
390378,0.27
390388,0.16
390391,0.15
390400,0.11
390407,0.14
390411,0.12
390419,0.07
390423,0.1
390437,0.02
390445,0.14
390449,0.07
390455,0.17
390465,0.17
390491,0.13
390492,0.19
390494,0.14
390495,0.17
390497,0.12
390504,0.13
390508,0.1
390510,0.17
390512,0.13
390524,0.31
390531,0.04
390558,0.22
390561,0.16
390564,0.07
390569,0.1
390574,0.13
390575,0.16
390587,0.22
390620,0.19
390621,0.2
390633,0.12
390634,0.19
390638,0.16
390639,0.14
390642,0.05
390647,0.25
390648,0.14
390663,0.21
390686,0.18
390688,0.22
390690,0.12
390691,0.12
390696,0.16
390703,0.16
390711,0.11
390722,0.09
390736,0.23
390747,0.21
390752,0.18
390760,0.09
390774,0.18
390777,0.12
390781,0.17
390793,0.16
390838,0.14
390847,0.12
390851,0.18
390854,0.08
390858,0.14
390864,0.09
390871,0.1
390905,0.24
390908,0.27
390910,0.11
390917,0.08
390919,0.23
390920,0.09
390922,0.12
390928,0.11
390929,0.1
390953,0.06
390955,0.15
390959,0.12
390962,0.1
390971,0.31
390972,0.13
390990,0.1
390994,0.23
390997,0.22
391015,0.14
391034,0.06
391038,0.13
391043,0.15
391048,0.12
391049,0.16
391056,0.17
391060,0.18
391072,0.19
391073,0.1
391077,0.12
391086,0.12
391092,0.19
391096,0.13
391118,0.18
391123,0.1
391136,0.19
391137,0.12
391145,0.11
391162,0.07
391164,0.29
391168,0.28
391172,0.13
391184,0.22
391188,0.19
391198,0.15
391207,0.09
391208,0.16
391209,0.22
391230,0.12
391232,0.17
391236,0.09
391237,0.18
391245,0.09
391269,0.24
391274,0.1
391275,0.28
391276,0.24
391279,0.11
391285,0.1
391306,0.16
391310,0.12
391321,0.11
391327,0.2
391341,0.23
391350,0.2
391353,0.12
391354,0.1
391357,0.13
391367,0.3
391371,0.11
391384,0.13
391387,0.17
391388,0.1
391392,0.07
391408,0.1
391433,0.13
391439,0.16
391443,0.25
391445,0.13
391449,0.21
391450,0.13
391461,0.14
391469,0.08
391486,0.17
391487,0.25
391500,0.14
391501,0.09
391505,0.15
391516,0.19
391517,0.04
391522,0.15
391539,0.32
391543,0.32
391546,0.12
391552,0.11
391555,0.13
391564,0.06
391565,0.11
391570,0.08
391586,0.13
391587,0.17
391588,0.16
391590,0.14
391613,0.18
391614,0.2
391617,0.1
391623,0.24
391635,0.19
391653,0.11
391661,0.07
391670,0.19
391682,0.15
391713,0.1
391717,0.16
391726,0.36
391738,0.15
391740,0.04
391741,0.09
391742,0.11
391756,0.07
391765,0.31
391766,0.1
391768,0.16
391771,0.1
391784,0.19
391786,0.25
391791,0.21
391798,0.07
391820,0.29
391831,0.08
391842,0.12
391843,0.09
391853,0.07
391858,0.15
391866,0.33
391867,0.13
391870,0.16
391879,0.18
391903,0.12
391915,0.19
391920,0.08
391929,0.2
391935,0.12
391944,0.09
391945,0.22
391947,0.2
391957,0.06
391960,0.21
391966,0.1
391977,0.12
391983,0.12
391990,0.08
391999,0.14
392010,0.04
392011,0.1
392012,0.19
392013,0.11
392015,0.15
392027,0.23
392029,0.13
392031,0.14
392035,0.09
392042,0.05
392049,0.18
392050,0.13
392062,0.21
392068,0.11
392071,0.11
392079,0.13
392087,0.06
392106,0.18
392111,0.12
392123,0.19
392127,0.2
392132,0.24
392149,0.17
392151,0.12
392175,0.15
392186,0.22
392190,0.24
392196,0.25
392202,0.11
392212,0.13
392221,0.18
392224,0.2
392230,0.11
392232,0.3
392234,0.25
392239,0.19
392240,0.28
392241,0.1
392243,0.22
392250,0.25
392253,0.12
392258,0.18
392260,0.23
392270,0.22
392280,0.1
392283,0.1
392293,0.1
392311,0.13
392316,0.19
392317,0.19
392319,0.14
392328,0.13
392363,0.11
392369,0.12
392371,0.14
392372,0.15
392386,0.13
392389,0.2
392390,0.12
392391,0.22
392398,0.1
392399,0.11
392404,0.23
392405,0.14
392408,0.21
392422,0.15
392423,0.07
392424,0.22
392429,0.16
392430,0.2
392431,0.23
392437,0.13
392450,0.1
392458,0.09
392460,0.22
392469,0.16
392474,0.13
392491,0.19
392495,0.05
392513,0.28
392526,0.08
392527,0.28
392534,0.11
392540,0.16
392554,0.15
392571,0.15
392578,0.22
392583,0.17
392588,0.13
392594,0.16
392604,0.03
392610,0.18
392613,0.16
392619,0.11
392622,0.22
392624,0.08
392629,0.36
392634,0.17
392639,0.12
392649,0.12
392671,0.25
392680,0.16
392682,0.16
392684,0.11
392685,0.13
392686,0.2
392699,0.1
392704,0.17
392709,0.23
392714,0.31
392717,0.14
392727,0.08
392730,0.11
392741,0.17
392754,0.14
392762,0.2
392774,0.2
392775,0.15
392793,0.06
392800,0.07
392809,0.06
392812,0.12
392814,0.1
392820,0.15
392825,0.08
392847,0.13
392849,0.18
392861,0.25
392868,0.24
392880,0.28
392882,0.18
392888,0.22
392905,0.14
392909,0.27
392915,0.2
392925,0.12
392931,0.12
392933,0.13
392935,0.22
392939,0.09
392951,0.09
392960,0.1
392962,0.11
392964,0.17
392970,0.15
392980,0.12
392981,0.16
392985,0.11
392990,0.22
392992,0.24
392998,0.08
392999,0.11
393007,0.17
393009,0.14
393012,0.17
393014,0.15
393015,0.22
393035,0.16
393055,0.11
393056,0.16
393075,0.12
393078,0.1
393094,0.26
393111,0.16
393115,0.1
393117,0.11
393118,0.11
393128,0.3
393129,0.16
393136,0.07
393138,0.17
393139,0.38
393156,0.16
393159,0.19
393168,0.1
393172,0.16
393177,0.15
393189,0.1
393194,0.21
393201,0.11
393202,0.11
393209,0.08
393216,0.24
393218,0.27
393224,0.1
393227,0.2
393232,0.13
393256,0.07
393257,0.11
393258,0.17
393267,0.16
393269,0.12
393275,0.17
393278,0.08
393279,0.28
393312,0.16
393318,0.15
393343,0.17
393351,0.14
393356,0.06
393361,0.24
393370,0.15
393381,0.12
393395,0.09
393405,0.13
393416,0.16
393419,0.12
393430,0.25
393443,0.2
393454,0.27
393478,0.15
393489,0.15
393499,0.13
393503,0.15
393505,0.17
393507,0.06
393526,0.18
393537,0.12
393543,0.17
393555,0.08
393562,0.11
393573,0.3
393587,0.23
393591,0.1
393606,0.08
393621,0.14
393624,0.12
393625,0.14
393628,0.14
393633,0.16
393641,0.13
393642,0.18
393650,0.31
393658,0.19
393669,0.16
393671,0.14
393672,0.19
393680,0.1
393683,0.18
393684,0.19
393691,0.11
393696,0.2
393699,0.12
393708,0.08
393709,0.23
393711,0.12
393720,0.17
393738,0.11
393740,0.08
393762,0.14
393774,0.09
393776,0.16
393778,0.11
393793,0.05
393804,0.08
393818,0.33
393821,0.13
393822,0.15
393833,0.25
393839,0.13
393840,0.21
393843,0.22
393852,0.1
393855,0.09
393860,0.18
393864,0.18
393877,0.22
393882,0.21
393884,0.14
393886,0.11
393892,0.09
393894,0.1
393902,0.08
393909,0.15
393910,0.15
393911,0.09
393934,0.09
393936,0.14
393939,0.26
393940,0.12
393943,0.11
393946,0.17
393950,0.08
393953,0.1
393959,0.3
393974,0.25
393980,0.25
393983,0.04
393985,0.21
393992,0.1
393995,0.13
394008,0.29
394010,0.13
394022,0.24
394062,0.14
394063,0.17
394066,0.24
394069,0.12
394071,0.04
394082,0.1
394087,0.1
394095,0.09
394097,0.28
394106,0.16
394113,0.28
394115,0.25
394125,0.07
394131,0.09
394132,0.12
394141,0.2
394145,0.22
394153,0.35
394159,0.18
394180,0.12
394186,0.11
394200,0.13
394203,0.07
394210,0.2
394214,0.16
394218,0.2
394231,0.16
394240,0.16
394248,0.13
394249,0.1
394254,0.16
394264,0.14
394267,0.19
394269,0.32
394275,0.14
394289,0.09
394295,0.13
394305,0.18
394308,0.17
394317,0.07
394323,0.14
394332,0.11
394336,0.14
394345,0.31
394346,0.13
394347,0.09
394351,0.12
394355,0.24
394360,0.15
394372,0.16
394373,0.12
394374,0.15
394382,0.12
394385,0.15
394409,0.2
394415,0.12
394433,0.13
394445,0.14
394448,0.2
394451,0.12
394467,0.11
394471,0.09
394473,0.2
394474,0.11
394476,0.07
394492,0.12
394502,0.07
394506,0.18
394510,0.15
394515,0.17
394535,0.13
394537,0.28
394539,0.17
394541,0.17
394564,0.11
394567,0.11
394568,0.13
394571,0.26
394576,0.1
394579,0.3
394585,0.06
394588,0.06
394606,0.2
394623,0.15
394632,0.16
394635,0.21
394642,0.16
394653,0.17
394689,0.14
394695,0.12
394699,0.14
394706,0.16
394712,0.29
394721,0.29
394722,0.25
394739,0.13
394742,0.19
394761,0.19
394775,0.14
394777,0.21
394783,0.14
394800,0.17
394803,0.07
394804,0.28
394815,0.05
394835,0.12
394843,0.25
394845,0.16
394847,0.06
394848,0.09
394850,0.12
394857,0.17
394873,0.17
394892,0.12
394898,0.17
394904,0.09
394918,0.24
394920,0.28
394926,0.12
394927,0.13
394940,0.1
394942,0.08
394943,0.2
394959,0.19
394977,0.15
394991,0.19
395014,0.26
395027,0.1
395042,0.26
395062,0.28
395063,0.24
395064,0.15
395076,0.15
395085,0.23
395095,0.12
395100,0.16
395105,0.2
395108,0.1
395110,0.28
395114,0.24
395123,0.12
395131,0.18
395144,0.12
395152,0.33
395159,0.13
395166,0.11
395197,0.16
395210,0.08
395212,0.13
395216,0.08
395218,0.17
395224,0.09
395225,0.32
395233,0.11
395237,0.16
395246,0.19
395248,0.21
395262,0.18
395271,0.04
395275,0.14
395286,0.16
395316,0.2
395318,0.25
395328,0.26
395334,0.07
395337,0.18
395338,0.15
395346,0.12
395365,0.11
395373,0.16
395383,0.36
395387,0.21
395391,0.13
395401,0.13
395432,0.11
395443,0.04
395447,0.12
395448,0.08
395450,0.1
395456,0.1
395459,0.2
395462,0.15
395488,0.12
395492,0.13
395495,0.08
395504,0.21
395507,0.22
395508,0.18
395509,0.11
395513,0.1
395515,0.19
395517,0.19
395520,0.29
395524,0.13
395525,0.15
395533,0.14
395538,0.14
395545,0.15
395553,0.18
395576,0.26
395585,0.14
395590,0.15
395593,0.12
395595,0.1
395603,0.07
395604,0.21
395611,0.14
395612,0.18
395617,0.12
395624,0.12
395653,0.2
395665,0.09
395668,0.2
395672,0.17
395677,0.13
395692,0.09
395693,0.2
395694,0.22
395696,0.2
395699,0.15
395703,0.12
395712,0.15
395731,0.18
395732,0.14
395735,0.16
395736,0.08
395744,0.24
395763,0.11
395771,0.11
395774,0.14
395784,0.12
395790,0.13
395792,0.27
395796,0.15
395808,0.19
395810,0.15
395814,0.34
395831,0.19
395836,0.16
395837,0.21
395852,0.11
395854,0.05
395856,0.17
395857,0.12
395860,0.09
395862,0.13
395875,0.14
395880,0.16
395893,0.24
395900,0.13
395908,0.06
395921,0.31
395922,0.15
395926,0.16
395933,0.14
395936,0.16
395940,0.14
395951,0.16
395964,0.13
395969,0.13
395971,0.09
395973,0.17
395975,0.25
395984,0.26
395993,0.08
396012,0.3
396033,0.15
396035,0.17
396036,0.14
396041,0.26
396048,0.11
396049,0.11
396057,0.18
396060,0.24
396063,0.13
396078,0.15
396085,0.13
396087,0.13
396094,0.15
396104,0.11
396110,0.17
396123,0.23
396139,0.2
396160,0.17
396165,0.14
396169,0.18
396182,0.11
396200,0.31
396201,0.06
396202,0.11
396216,0.25
396227,0.07
396236,0.06
396240,0.16
396249,0.05
396252,0.14
396253,0.24
396276,0.09
396297,0.12
396301,0.07
396310,0.1
396327,0.14
396330,0.09
396331,0.11
396334,0.09
396337,0.15
396343,0.12
396346,0.06
396350,0.17
396368,0.16
396375,0.2
396378,0.14
396380,0.21
396393,0.09
396397,0.14
396403,0.13
396404,0.29
396408,0.11
396414,0.23
396418,0.23
396420,0.07
396426,0.09
396428,0.06
396434,0.2
396435,0.16
396437,0.16
396442,0.17
396444,0.12
396449,0.07
396453,0.13
396464,0.1
396474,0.13
396483,0.13
396496,0.15
396501,0.21
396505,0.13
396506,0.09
396512,0.07
396513,0.27
396518,0.14
396530,0.17
396542,0.2
396549,0.08
396553,0.16
396555,0.22
396557,0.13
396562,0.22
396566,0.17
396588,0.23
396589,0.1
396590,0.21
396597,0.12
396602,0.13
396609,0.35
396614,0.21
396617,0.34
396620,0.13
396625,0.34
396638,0.09
396640,0.25
396646,0.12
396648,0.12
396653,0.19
396663,0.19
396668,0.08
396670,0.1
396678,0.16
396681,0.13
396698,0.13
396699,0.24
396710,0.16
396713,0.24
396729,0.16
396732,0.18
396735,0.2
396752,0.17
396754,0.07
396761,0.07
396769,0.18
396777,0.11
396789,0.23
396790,0.17
396792,0.14
396824,0.14
396829,0.11
396830,0.1
396844,0.19
396849,0.14
396855,0.27
396864,0.18
396865,0.16
396866,0.08
396883,0.14
396889,0.18
396893,0.17
396900,0.16
396904,0.09
396912,0.12
396916,0.12
396922,0.11
396926,0.11
396928,0.11
396931,0.18
396944,0.17
396949,0.15
396952,0.23
396979,0.21
396984,0.12
396986,0.15
396992,0.12
396995,0.41
397014,0.12
397025,0.28
397046,0.2
397047,0.12
397051,0.22
397052,0.16
397058,0.09
397071,0.11
397081,0.07
397084,0.15
397086,0.24
397088,0.14
397090,0.27
397093,0.17
397106,0.19
397109,0.38
397110,0.16
397118,0.12
397119,0.26
397120,0.15
397127,0.12
397128,0.24
397129,0.22
397132,0.12
397138,0.13
397139,0.19
397146,0.33
397148,0.26
397149,0.18
397166,0.07
397167,0.14
397168,0.18
397171,0.15
397178,0.12
397185,0.17
397191,0.08
397195,0.13
397197,0.15
397198,0.13
397211,0.14
397213,0.09
397216,0.16
397219,0.1
397226,0.1
397241,0.19
397249,0.14
397261,0.12
397265,0.12
397281,0.08
397304,0.15
397306,0.15
397325,0.13
397327,0.08
397345,0.33
397360,0.16
397378,0.15
397383,0.16
397384,0.07
397399,0.17
397415,0.09
397433,0.08
397444,0.21
397452,0.24
397458,0.14
397460,0.1
397462,0.12
397464,0.14
397466,0.26
397472,0.15
397474,0.09
397476,0.14
397482,0.24
397492,0.22
397494,0.08
397501,0.3
397507,0.23
397512,0.14
397513,0.09
397517,0.07
397533,0.13
397549,0.24
397560,0.2
397562,0.13
397570,0.28
397575,0.11
397584,0.14
397585,0.09
397593,0.11
397609,0.17
397615,0.19
397630,0.24
397631,0.04
397633,0.17
397641,0.1
397664,0.06
397668,0.12
397674,0.19
397679,0.12
397681,0.16
397694,0.14
397695,0.1
397707,0.23
397713,0.12
397714,0.1
397715,0.11
397724,0.16
397726,0.35
397729,0.17
397739,0.18
397741,0.07
397759,0.25
397761,0.1
397767,0.24
397776,0.18
397782,0.32
397785,0.13
397789,0.05
397793,0.19
397794,0.18
397804,0.1
397815,0.25
397816,0.18
397825,0.18
397857,0.19
397861,0.21
397890,0.21
397891,0.3
397900,0.19
397903,0.06
397911,0.11
397925,0.12
397928,0.11
397954,0.19
397955,0.1
397962,0.16
397971,0.18
397975,0.15
397984,0.18
397989,0.15
397993,0.12
398004,0.15
398032,0.29
398038,0.07
398043,0.16
398046,0.23
398051,0.29
398061,0.15
398082,0.16
398086,0.16
398087,0.11
398088,0.08
398093,0.03
398103,0.08
398106,0.09
398109,0.21
398110,0.16
398113,0.12
398116,0.16
398132,0.17
398135,0.23
398138,0.07
398159,0.18
398163,0.16
398165,0.25
398166,0.12
398173,0.1
398179,0.16
398181,0.11
398189,0.1
398196,0.08
398206,0.25
398208,0.13
398220,0.16
398231,0.14
398234,0.28
398239,0.19
398254,0.13
398260,0.11
398261,0.1
398269,0.22
398274,0.3
398279,0.06
398280,0.23
398292,0.21
398293,0.1
398295,0.23
398329,0.04
398337,0.09
398344,0.15
398347,0.12
398348,0.34
398352,0.17
398355,0.15
398360,0.2
398363,0.16
398368,0.1
398373,0.17
398377,0.1
398384,0.09
398389,0.1
398394,0.23
398397,0.13
398400,0.09
398409,0.12
398429,0.22
398432,0.2
398444,0.3
398446,0.27
398456,0.12
398461,0.24
398473,0.04
398480,0.1
398481,0.18
398485,0.15
398488,0.23
398500,0.14
398520,0.16
398524,0.12
398534,0.11
398554,0.03
398572,0.1
398580,0.21
398586,0.06
398592,0.18
398606,0.13
398619,0.21
398621,0.13
398625,0.16
398645,0.22
398652,0.21
398656,0.06
398661,0.11
398667,0.12
398669,0.08
398676,0.16
398690,0.16
398699,0.31
398715,0.23
398718,0.1
398721,0.08
398729,0.1
398737,0.15
398738,0.13
398752,0.18
398757,0.23
398759,0.19
398764,0.19
398771,0.11
398773,0.21
398775,0.14
398779,0.21
398791,0.23
398807,0.14
398811,0.1
398814,0.21
398817,0.09
398829,0.09
398830,0.16
398838,0.15
398839,0.15
398841,0.06
398850,0.05
398852,0.16
398858,0.18
398859,0.19
398862,0.13
398870,0.17
398875,0.12
398902,0.07
398910,0.09
398919,0.13
398929,0.2
398935,0.24
398940,0.1
398953,0.19
398956,0.14
398963,0.18
398966,0.11
398967,0.15
398968,0.12
398974,0.12
398976,0.08
398982,0.15
398993,0.1
399011,0.19
399016,0.15
399017,0.11
399020,0.15
399047,0.27
399053,0.25
399056,0.05
399061,0.11
399066,0.23
399074,0.21
399086,0.13
399088,0.17
399091,0.13
399092,0.16
399093,0.14
399100,0.12
399124,0.14
399131,0.18
399142,0.11
399149,0.09
399158,0.23
399160,0.11
399167,0.06
399169,0.18
399171,0.11
399174,0.11
399178,0.2
399179,0.22
399184,0.11
399185,0.15
399186,0.09
399191,0.11
399192,0.12
399195,0.3
399212,0.32
399221,0.14
399223,0.23
399230,0.1
399246,0.23
399260,0.14
399261,0.18
399266,0.15
399289,0.16
399293,0.09
399299,0.16
399306,0.12
399321,0.13
399328,0.12
399344,0.09
399352,0.13
399358,0.12
399374,0.14
399382,0.37
399385,0.15
399388,0.09
399399,0.11
399410,0.05
399417,0.09
399423,0.06
399427,0.07
399429,0.17
399435,0.12
399439,0.13
399451,0.16
399454,0.06
399458,0.1
399468,0.23
399477,0.16
399483,0.11
399493,0.09
399494,0.11
399499,0.13
399503,0.09
399510,0.13
399511,0.12
399525,0.09
399528,0.18
399533,0.19
399538,0.11
399551,0.06
399568,0.23
399571,0.12
399585,0.12
399589,0.18
399595,0.09
399598,0.12
399605,0.14
399616,0.22
399617,0.07
399622,0.11
399627,0.13
399635,0.13
399639,0.33
399641,0.2
399643,0.11
399659,0.11
399667,0.13
399683,0.08
399702,0.21
399706,0.33
399720,0.1
399727,0.16
399730,0.24
399734,0.19
399751,0.18
399754,0.22
399759,0.28
399768,0.14
399770,0.11
399781,0.26
399786,0.15
399799,0.15
399811,0.11
399813,0.13
399820,0.16
399832,0.11
399851,0.15
399853,0.11
399855,0.14
399860,0.14
399876,0.25
399877,0.2
399881,0.12
399882,0.08
399903,0.1
399906,0.11
399912,0.31
399915,0.22
399921,0.11
399935,0.16
399936,0.12
399938,0.13
399939,0.12
399940,0.08
399949,0.09
399953,0.07
399959,0.26
399968,0.19
399969,0.08
399972,0.25
399974,0.15
399976,0.1
399979,0.12
399988,0.25
399994,0.26
399996,0.19
399997,0.18
400000,0.08
400004,0.12
400011,0.14
400014,0.31
400015,0.17
400017,0.07
400046,0.14
400063,0.21
400065,0.15
400069,0.08
400075,0.07
400088,0.13
400091,0.12
400105,0.19
400108,0.2
400113,0.07
400119,0.1
400123,0.13
400127,0.13
400136,0.17
400137,0.28
400138,0.16
400158,0.25
400172,0.07
400174,0.25
400224,0.2
400229,0.2
400236,0.2
400240,0.13
400249,0.14
400258,0.14
400268,0.23
400272,0.13
400284,0.1
400292,0.1
400295,0.17
400308,0.29
400314,0.09
400315,0.14
400331,0.24
400332,0.15
400339,0.17
400342,0.09
400361,0.15
400363,0.24
400365,0.09
400374,0.13
400379,0.09
400382,0.11
400416,0.15
400422,0.16
400436,0.19
400460,0.1
400462,0.33
400468,0.13
400482,0.1
400489,0.28
400490,0.19
400501,0.13
400519,0.15
400525,0.35
400526,0.11
400529,0.14
400540,0.2
400543,0.26
400545,0.13
400556,0.2
400572,0.12
400584,0.1
400589,0.1
400593,0.18
400597,0.12
400616,0.19
400642,0.22
400643,0.11
400649,0.12
400672,0.15
400685,0.11
400693,0.12
400695,0.09
400701,0.07
400720,0.09
400741,0.1
400745,0.05
400750,0.13
400779,0.22
400784,0.1
400792,0.12
400800,0.08
400811,0.17
400813,0.25
400820,0.17
400830,0.09
400833,0.14
400834,0.18
400841,0.1
400855,0.32
400856,0.12
400860,0.17
400866,0.11
400869,0.25
400870,0.2
400880,0.08
400882,0.05
400915,0.09
400921,0.11
400923,0.23
400925,0.14
400936,0.23
400943,0.27
400962,0.13
400963,0.06
400967,0.14
400970,0.24
400975,0.14
400981,0.15
400983,0.15
400987,0.11
400988,0.14
400994,0.13
400998,0.26
401002,0.08
401003,0.08
401005,0.07
401007,0.15
401022,0.21
401029,0.16
401035,0.13
401036,0.24
401040,0.1
401045,0.11
401053,0.1
401065,0.12
401067,0.17
401069,0.15
401073,0.18
401074,0.15
401078,0.14
401082,0.26
401086,0.09
401092,0.12
401097,0.09
401098,0.12
401099,0.17
401100,0.17
401107,0.09
401119,0.33
401120,0.09
401137,0.13
401142,0.2
401162,0.13
401163,0.15
401172,0.15
401179,0.2
401182,0.17
401184,0.21
401190,0.07
401207,0.13
401210,0.07
401220,0.13
401225,0.14
401230,0.16
401240,0.09
401246,0.12
401256,0.1
401273,0.14
401274,0.18
401287,0.1
401292,0.16
401305,0.2
401310,0.11
401311,0.15
401321,0.07
401332,0.05
401338,0.12
401345,0.06
401368,0.16
401375,0.41
401378,0.13
401379,0.14
401395,0.16
401403,0.13
401406,0.12
401415,0.1
401424,0.13
401425,0.12
401428,0.16
401430,0.09
401436,0.15
401440,0.27
401443,0.09
401447,0.15
401448,0.14
401450,0.1
401459,0.1
401462,0.12
401470,0.26
401479,0.21
401481,0.12
401486,0.17
401496,0.1
401497,0.22
401502,0.16
401508,0.28
401513,0.14
401517,0.2
401519,0.14
401533,0.17
401536,0.22
401547,0.12
401581,0.14
401582,0.1
401586,0.18
401593,0.24
401603,0.18
401621,0.11
401625,0.12
401635,0.37
401646,0.14
401649,0.12
401660,0.17
401668,0.17
401686,0.09
401706,0.17
401712,0.12
401721,0.11
401725,0.17
401730,0.17
401741,0.07
401743,0.14
401748,0.19
401751,0.16
401770,0.16
401791,0.19
401792,0.17
401808,0.16
401816,0.07
401820,0.1
401821,0.17
401828,0.13
401830,0.3
401832,0.11
401839,0.14
401852,0.13
401868,0.16
401876,0.14
401879,0.29
401882,0.09
401894,0.11
401899,0.18
401901,0.21
401913,0.1
401919,0.09
401920,0.15
401923,0.12
401924,0.21
401932,0.25
401942,0.14
401949,0.14
401950,0.15
401951,0.1
401952,0.11
401971,0.25
401972,0.14
401973,0.11
401974,0.12
401983,0.22
401984,0.08
401988,0.04
401989,0.11
401990,0.11
402024,0.13
402029,0.08
402030,0.19
402041,0.2
402042,0.19
402043,0.07
402052,0.17
402053,0.07
402054,0.07
402057,0.13
402067,0.16
402068,0.09
402069,0.15
402070,0.1
402071,0.09
402073,0.06
402074,0.07
402075,0.23
402076,0.16
402077,0.15
402078,0.22
402079,0.2
402080,0.25
402081,0.06
402082,0.08
402089,0.07
402090,0.21
402091,0.11
402092,0.12
402094,0.13
402095,0.1
402096,0.1
402109,0.21
402151,0.12
402152,0.2
402153,0.15
402155,0.18
402201,0.1
402210,0.25
402212,0.14
402218,0.18
402227,0.14
402234,0.2
402236,0.09
402242,0.17
402243,0.08
402244,0.25
402245,0.12
402250,0.1
402251,0.07
402254,0.22
402255,0.16
402256,0.14
402257,0.29
402258,0.23
402259,0.14
402260,0.09
402261,0.21
402262,0.09
402263,0.14
402264,0.11
402265,0.17
402266,0.16
402267,0.16
402268,0.09
402270,0.06
402271,0.14
402272,0.13
402273,0.15
402274,0.04
402275,0.13
402276,0.12
402277,0.18
402278,0.15
402279,0.17
402280,0.08
402362,0.14
402363,0.18
402364,0.06
402370,0.1
402376,0.09
402381,0.19
402384,0.05
402389,0.11
402414,0.11
402416,0.1
402417,0.06
402420,0.14
402426,0.11
402436,0.26
402444,0.18
402447,0.17
402449,0.12
402454,0.13
402458,0.22
402460,0.1
402466,0.07
402475,0.13
402498,0.27
402502,0.19
402505,0.13
402509,0.18
402513,0.1
402517,0.1
402519,0.24
402522,0.08
402523,0.17
402525,0.1
402528,0.28
402534,0.19
402536,0.1
402542,0.12
402548,0.27
402552,0.1
402559,0.16
402563,0.07
402568,0.13
402573,0.21
402574,0.13
402575,0.16
402577,0.13
402602,0.13
402603,0.13
402604,0.05
402614,0.15
402615,0.12
402616,0.14
402617,0.23
402618,0.26
402619,0.11
402639,0.14
402640,0.07
402641,0.37
402642,0.07
402643,0.16
402644,0.16
402645,0.11
402649,0.12
402650,0.19
402653,0.22
402654,0.11
402655,0.24
402656,0.26
402657,0.17
402658,0.04
402659,0.13
402662,0.21
402696,0.08
402705,0.12
402707,0.29
402708,0.17
402709,0.14
402729,0.08
402730,0.17
402732,0.12
402739,0.2
402740,0.14
402741,0.14
402744,0.2
402745,0.32
402746,0.07
402772,0.23
402773,0.1
402774,0.12
402780,0.1
402781,0.06
402782,0.23
402790,0.18
402803,0.19
402808,0.22
402809,0.12
402810,0.12
402811,0.09
402815,0.17
402820,0.18
402821,0.18
402822,0.13
402824,0.11
402825,0.14
402870,0.1
402875,0.12
402924,0.19
402925,0.18
402926,0.07
402927,0.07
402928,0.05
402929,0.16
402930,0.16
402931,0.07
402932,0.16
402933,0.13
402940,0.09
402953,0.2
402954,0.21
402955,0.16
402956,0.14
402957,0.14
402970,0.08
402973,0.1
402974,0.09
402975,0.19
402976,0.23
402977,0.14
402978,0.13
402979,0.26
402980,0.23
402981,0.18
402982,0.22
402993,0.13
402994,0.08
403099,0.11
403137,0.14
403138,0.16
403165,0.2
403192,0.18
403214,0.1
403223,0.13
403238,0.13
403244,0.1
403246,0.13
403252,0.11
403254,0.08
403255,0.1
403259,0.14
403262,0.21
403277,0.16
403280,0.12
403281,0.23
403287,0.11
403315,0.13
403318,0.12
403319,0.15
403327,0.14
403331,0.13
403342,0.23
403349,0.09
403353,0.16
403364,0.17
403369,0.08
403373,0.13
403376,0.12
403378,0.07
403384,0.21
403385,0.12
403386,0.14
403388,0.14
403396,0.06
403398,0.16
403404,0.14
403410,0.12
403414,0.21
403417,0.11
403422,0.08
403424,0.16
403438,0.1
403451,0.16
403452,0.19
403453,0.07
403454,0.21
403455,0.09
403464,0.16
403465,0.15
403466,0.03
403500,0.1
403501,0.07
403524,0.17
403525,0.22
403526,0.07
403527,0.16
403542,0.21
403543,0.17
403549,0.13
403550,0.16
403551,0.25
403552,0.23
403553,0.14
403554,0.2
403558,0.15
403559,0.1
403560,0.32
403561,0.32
403562,0.17
403564,0.1
403565,0.13
403566,0.1
403600,0.19
403602,0.15
403603,0.25
403662,0.18
403685,0.12
403686,0.04
403687,0.1
403688,0.16
403689,0.41
403690,0.42
403691,0.1
403692,0.11
403696,0.13
403697,0.24
403698,0.15
403699,0.19
403701,0.15
403702,0.09
403703,0.18
403704,0.11
403705,0.07
403712,0.09
403713,0.12
403714,0.32
403715,0.08
403718,0.08
403722,0.33
403723,0.11
403724,0.11
403725,0.15
403726,0.08
403764,0.25
403765,0.13
403766,0.21
403770,0.28
403771,0.11
403772,0.22
403795,0.28
403799,0.12
403800,0.14
403801,0.12
403802,0.16
403803,0.18
403811,0.21
403814,0.17
403815,0.08
403816,0.07
403817,0.14
403818,0.09
403820,0.1
403821,0.17
403822,0.14
403823,0.11
403824,0.16
403825,0.11
403826,0.08
403828,0.16
403834,0.08
403836,0.19
403837,0.21
403838,0.09
403839,0.14
403873,0.08
403876,0.13
403902,0.17
403918,0.1
403922,0.23
403928,0.25
403929,0.12
403931,0.09
403932,0.15
403933,0.14
403935,0.1
403936,0.3
403937,0.13
403938,0.17
403943,0.08
403944,0.13
403945,0.11
403946,0.21
403948,0.18
403951,0.28
403955,0.15
403956,0.11
403957,0.21
403958,0.08
403960,0.3
403961,0.08
403962,0.14
403963,0.14
403964,0.19
403965,0.17
403966,0.12
403967,0.17
403968,0.22
403969,0.21
403970,0.09
403971,0.1
403972,0.17
403973,0.3
403974,0.19
403975,0.17
403976,0.16
403977,0.12
403978,0.15
403979,0.07
403980,0.24
403981,0.09
403982,0.08
404062,0.1
404067,0.16
404070,0.12
404079,0.15
404084,0.12
404108,0.21
404112,0.13
404118,0.21
404121,0.15
404122,0.18
404126,0.24
404140,0.08
404152,0.16
404156,0.3
404158,0.21
404160,0.11
404172,0.11
404174,0.12
404180,0.17
404186,0.08
404190,0.2
404192,0.12
404206,0.08
404207,0.24
404213,0.23
404216,0.27
404220,0.1
404227,0.2
404235,0.11
404247,0.18
404259,0.09
404266,0.13
404267,0.17
404274,0.31
404276,0.16
404277,0.1
404278,0.11
404279,0.06
404280,0.1
404287,0.17
404288,0.15
404289,0.08
404290,0.19
404291,0.1
404293,0.12
404302,0.13
404303,0.12
404304,0.25
404307,0.12
404308,0.07
404309,0.35
404310,0.34
404311,0.25
404312,0.14
404323,0.09
404324,0.12
404325,0.17
404326,0.1
404327,0.3
404328,0.06
404329,0.07
404330,0.22
404331,0.14
404335,0.18
404336,0.23
404337,0.24
404364,0.22
404379,0.12
404380,0.44
404381,0.24
404382,0.15
404385,0.09
404390,0.1
404391,0.09
404392,0.24
404393,0.11
404396,0.23
404400,0.12
404401,0.13
404402,0.1
404403,0.23
404404,0.2
404405,0.23
404406,0.13
404437,0.26
404439,0.16
404461,0.2
404462,0.18
404464,0.1
404468,0.16
404469,0.18
404470,0.06
404471,0.1
404472,0.2
404473,0.11
404474,0.14
404475,0.17
404477,0.13
404478,0.19
404554,0.15
404555,0.15
404556,0.06
404557,0.08
404569,0.19
404571,0.09
404585,0.16
404586,0.08
404592,0.34
404595,0.12
404596,0.16
404597,0.15
404603,0.27
404606,0.04
404607,0.19
404608,0.11
404609,0.15
404620,0.22
404689,0.25
404708,0.16
404734,0.13
404771,0.17
404806,0.09
404818,0.12
404850,0.03
404870,0.21
404923,0.07
404934,0.15
404938,0.11
404954,0.11
404957,0.16
404963,0.12
404964,0.15
404969,0.17
404970,0.11
404979,0.1
404997,0.12
404998,0.12
405009,0.15
405016,0.02
405018,0.07
405035,0.14
405036,0.08
405038,0.19
405047,0.15
405055,0.07
405060,0.16
405066,0.07
405081,0.13
405084,0.27
405089,0.15
405098,0.14
405100,0.13
405114,0.16
405118,0.14
405119,0.14
405120,0.11
405121,0.19
405124,0.18
405125,0.18
405132,0.11
405179,0.19
405193,0.1
405194,0.21
405195,0.1
405206,0.15
405207,0.13
405211,0.05
405215,0.11
405217,0.18
405219,0.15
405220,0.19
405231,0.11
405232,0.22
405291,0.11
405316,0.11
405317,0.13
405318,0.13
405319,0.11
405320,0.06
405325,0.13
405326,0.09
405333,0.09
405334,0.25
405349,0.21
405351,0.12
405353,0.09
405354,0.42
405361,0.21
405362,0.14
405363,0.15
405364,0.31
405365,0.18
405366,0.3
405372,0.27
405397,0.12
405402,0.09
405409,0.1
405410,0.29
405411,0.17
405412,0.17
405435,0.13
405436,0.14
405438,0.09
405442,0.12
405443,0.22
405444,0.11
405445,0.19
405446,0.1
405468,0.15
405489,0.16
405490,0.09
405498,0.05
405509,0.13
405510,0.08
405511,0.11
405512,0.17
405517,0.04
405518,0.12
405523,0.08
405544,0.11
405546,0.17
405552,0.19
405583,0.05
405592,0.11
405599,0.23
405602,0.06
405607,0.16
405613,0.2
405620,0.24
405624,0.16
405625,0.08
405626,0.08
405632,0.13
405633,0.15
405637,0.17
405640,0.12
405642,0.21
405646,0.07
405647,0.16
405650,0.28
405653,0.13
405654,0.11
405660,0.16
405666,0.15
405667,0.21
405668,0.04
405669,0.14
405671,0.17
405672,0.11
405673,0.13
405674,0.09
405675,0.06
405676,0.13
405677,0.07
405679,0.12
405680,0.36
405682,0.08
405683,0.08
405684,0.17
405685,0.2
405687,0.17
405689,0.08
405690,0.1
405691,0.24
405692,0.1
405693,0.1
405695,0.09
405696,0.16
405697,0.12
405698,0.14
405699,0.18
405700,0.21
405701,0.31
405702,0.25
405761,0.17
405765,0.09
405769,0.19
405784,0.17
405811,0.16
405814,0.21
405816,0.14
405818,0.09
405821,0.15
405822,0.11
405838,0.09
405841,0.08
405846,0.21
405855,0.2
405857,0.11
405858,0.28
405860,0.09
405861,0.12
405871,0.07
405879,0.13
405880,0.14
405886,0.12
405901,0.13
405904,0.15
405905,0.08
405906,0.13
405927,0.09
405930,0.15
405944,0.18
405946,0.08
405954,0.23
405963,0.13
405964,0.15
405965,0.08
405966,0.2
405970,0.06
405971,0.11
405992,0.09
405996,0.13
405999,0.16
406002,0.11
406003,0.1
406004,0.08
406005,0.16
406006,0.18
406007,0.29
406008,0.2
406028,0.06
406029,0.07
406043,0.1
406044,0.11
406045,0.21
406046,0.22
406048,0.11
406050,0.22
406051,0.19
406052,0.25
406053,0.2
406077,0.12
406082,0.18
406083,0.27
406084,0.1
406098,0.12
406099,0.11
406100,0.36
406113,0.18
406114,0.12
406115,0.16
406116,0.06
406117,0.04
406127,0.11
406128,0.08
406129,0.31
406132,0.09
406133,0.12
406134,0.07
406135,0.23
406136,0.15
406137,0.1
406138,0.17
406139,0.21
406142,0.12
406143,0.19
406175,0.09
406176,0.16
406177,0.08
406194,0.13
406195,0.15
406208,0.13
406210,0.15
406216,0.18
406217,0.19
406227,0.13
406228,0.12
406253,0.05
406254,0.15
406260,0.14
406267,0.2
406269,0.09
406276,0.14
406277,0.21
406279,0.09
406288,0.1
406297,0.16
406308,0.14
406310,0.23
406320,0.06
406336,0.1
406352,0.15
406365,0.14
406369,0.12
406371,0.18
406401,0.17
406408,0.19
406409,0.19
406475,0.23
406492,0.22
406510,0.19
406519,0.11
406565,0.2
406584,0.14
406596,0.08
406598,0.07
406605,0.25
406609,0.14
406610,0.18
406611,0.06
406654,0.15
406670,0.18
406675,0.16
406681,0.16
406682,0.12
406695,0.12
406697,0.12
406712,0.12
406719,0.07
406725,0.18
406734,0.23
406743,0.21
406778,0.14
406784,0.08
406786,0.11
406791,0.14
406792,0.17
406803,0.19
406812,0.14
406813,0.23
406814,0.16
406841,0.2
406842,0.17
406843,0.12
406848,0.14
406861,0.14
406862,0.27
406863,0.09
406864,0.11
406865,0.18
406871,0.22
406872,0.2
406873,0.12
406893,0.13
406919,0.15
406920,0.13
406921,0.2
406923,0.17
406924,0.27
406925,0.08
406926,0.18
406927,0.21
406936,0.11
406937,0.18
406938,0.08
406939,0.15
406940,0.18
406941,0.08
406952,0.11
406953,0.16
406954,0.17
406962,0.18
406963,0.25
406964,0.11
406965,0.07
406966,0.17
406967,0.09
406968,0.16
406969,0.19
406970,0.11
406971,0.07
406972,0.17
406973,0.11
406974,0.11
406975,0.13
406976,0.12
406977,0.07
406985,0.1
406987,0.06
407025,0.17
407031,0.14
407033,0.2
407039,0.21
407041,0.13
407044,0.06
407046,0.13
407053,0.16
407061,0.15
407069,0.12
407070,0.21
407072,0.11
407073,0.19
407081,0.15
407082,0.08
407088,0.08
407091,0.13
407097,0.08
407104,0.31
407105,0.38
407106,0.14
407121,0.19
407128,0.19
407137,0.16
407144,0.15
407145,0.2
407154,0.16
407162,0.08
407164,0.31
407168,0.24
407203,0.09
407210,0.13
407215,0.17
407218,0.15
407228,0.12
407262,0.15
407274,0.33
407280,0.15
407288,0.15
407298,0.11
407299,0.4
407302,0.12
407303,0.1
407305,0.27
407306,0.28
407307,0.06
407313,0.09
407314,0.11
407315,0.11
407316,0.15
407322,0.12
407323,0.1
407324,0.11
407325,0.19
407329,0.15
407330,0.16
407332,0.18
407333,0.2
407334,0.1
407335,0.12
407336,0.1
407337,0.1
407338,0.1
407339,0.11
407340,0.15
407341,0.13
407342,0.13
407343,0.12
407344,0.12
407345,0.1
407346,0.22
407353,0.15
407364,0.19
407365,0.08
407366,0.13
407370,0.11
407373,0.21
407376,0.09
407386,0.07
407388,0.07
407391,0.14
407393,0.23
407427,0.19
407452,0.18
407454,0.11
407457,0.12
407462,0.16
407463,0.1
407468,0.18
407469,0.12
407478,0.09
407482,0.15
407487,0.17
407489,0.16
407498,0.32
407516,0.35
407519,0.13
407528,0.15
407532,0.23
407534,0.27
407543,0.13
407546,0.26
407550,0.15
407555,0.05
407558,0.17
407587,0.15
407588,0.11
407594,0.23
407596,0.07
407598,0.12
407602,0.12
407605,0.41
407613,0.13
407619,0.24
407625,0.18
407627,0.2
407629,0.24
407631,0.19
407633,0.13
407636,0.08
407645,0.33
407648,0.17
407669,0.14
407674,0.06
407675,0.19
407676,0.12
407677,0.12
407678,0.41
407679,0.11
407680,0.12
407681,0.18
407682,0.17
407684,0.25
407692,0.13
407693,0.24
407694,0.11
407695,0.07
407696,0.1
407697,0.2
407698,0.11
407699,0.12
407702,0.11
407703,0.2
407725,0.1
407726,0.27
407729,0.23
407731,0.08
407745,0.14
407749,0.1
407750,0.15
407751,0.18
407752,0.24
407753,0.15
407754,0.21
407755,0.18
407756,0.09
407765,0.11
407766,0.2
407767,0.09
407768,0.12
407773,0.14
407774,0.15
407778,0.09
407779,0.13
407780,0.3
407781,0.18
407782,0.07
407783,0.15
407784,0.18
407825,0.14
407826,0.08
407828,0.2
407829,0.07
407830,0.25
407831,0.19
407832,0.11
407838,0.12
407839,0.18
407840,0.07
407841,0.16
407842,0.17
407855,0.26
407857,0.15
407881,0.12
407882,0.23
407885,0.08
407915,0.06
407916,0.12
407918,0.22
407919,0.22
407920,0.04
407921,0.12
407922,0.17
407927,0.07
407934,0.12
407941,0.13
407942,0.14
407943,0.18
407944,0.18
407946,0.2
407947,0.2
407952,0.15
407955,0.14
407978,0.15
407986,0.07
408003,0.15
408006,0.07
408008,0.13
408015,0.23
408016,0.28
408028,0.14
408035,0.1
408042,0.18
408044,0.25
408052,0.12
408053,0.14
408056,0.17
408068,0.08
408071,0.17
408074,0.16
408085,0.19
408089,0.18
408091,0.11
408098,0.13
408106,0.09
408108,0.2
408116,0.2
408126,0.1
408130,0.2
408135,0.14
408148,0.1
408168,0.18
408170,0.08
408172,0.15
408176,0.19
408181,0.11
408191,0.16
408194,0.14
408213,0.13
408248,0.13
408249,0.18
408250,0.12
408256,0.24
408261,0.13
408262,0.27
408268,0.32
408269,0.11
408273,0.22
408280,0.13
408286,0.17
408347,0.19
408349,0.14
408350,0.11
408351,0.24
408352,0.11
408355,0.15
408356,0.19
408357,0.09
408384,0.14
408385,0.22
408386,0.22
408387,0.13
408388,0.22
408389,0.15
408390,0.11
408391,0.17
408392,0.16
408393,0.12
408398,0.14
408399,0.05
408400,0.08
408405,0.13
408406,0.11
408437,0.16
408459,0.11
408460,0.16
408463,0.08
408467,0.08
408468,0.19
408471,0.14
408477,0.16
408478,0.11
408479,0.13
408481,0.06
408482,0.06
408483,0.11
408484,0.02
408485,0.16
408486,0.07
408489,0.34
408490,0.1
408504,0.05
408506,0.06
408508,0.14
408514,0.03
408515,0.14
408516,0.12
408517,0.25
408518,0.13
408523,0.12
408524,0.13
408525,0.09
408526,0.14
408531,0.07
408579,0.18
408580,0.14
408581,0.05
408599,0.2
408615,0.27
408616,0.08
408617,0.09
408619,0.08
408622,0.11
408624,0.09
408625,0.06
408626,0.1
408627,0.04
408651,0.09
408658,0.08
408659,0.31
408660,0.13
408661,0.06
408662,0.17
408688,0.16
408689,0.15
408690,0.12
408695,0.13
408696,0.1
408701,0.12
408702,0.07
408705,0.11
408728,0.29
408742,0.18
408759,0.1
408766,0.18
408768,0.09
408774,0.16
408775,0.12
408780,0.08
408790,0.25
408791,0.12
408792,0.1
408794,0.12
408797,0.28
408808,0.07
408830,0.15
408857,0.07
408863,0.18
408874,0.34
408880,0.1
408885,0.15
408890,0.16
408898,0.12
408902,0.08
408903,0.09
408905,0.23
408908,0.2
408911,0.11
408921,0.15
408932,0.18
408933,0.12
408935,0.41
408960,0.16
408968,0.13
408985,0.12
408986,0.13
408990,0.19
408993,0.18
409001,0.11
409003,0.07
409008,0.12
409010,0.1
409015,0.11
409017,0.27
409028,0.1
409034,0.15
409035,0.18
409041,0.14
409054,0.15
409057,0.15
409064,0.11
409065,0.4
409066,0.2
409068,0.13
409076,0.13
409080,0.08
409083,0.1
409084,0.18
409085,0.17
409088,0.12
409105,0.22
409121,0.07
409123,0.29
409133,0.06
409153,0.1
409156,0.07
409157,0.36
409158,0.18
409163,0.19
409167,0.12
409168,0.23
409169,0.06
409172,0.19
409173,0.18
409174,0.02
409175,0.07
409192,0.35
409193,0.21
409197,0.11
409204,0.13
409206,0.1
409208,0.15
409209,0.09
409212,0.13
409213,0.1
409214,0.29
409217,0.13
409218,0.11
409220,0.12
409221,0.18
409227,0.15
409228,0.13
409229,0.16
409230,0.24
409259,0.12
409261,0.14
409269,0.21
409277,0.09
409278,0.09
409285,0.24
409286,0.16
409287,0.11
409293,0.04
409297,0.14
409298,0.06
409299,0.11
409340,0.22
409377,0.22
409383,0.13
409384,0.11
409409,0.05
409412,0.13
409413,0.21
409414,0.19
409415,0.06
409423,0.16
409428,0.16
409429,0.11
409430,0.14
409431,0.2
409432,0.24
409433,0.11
409434,0.16
409442,0.26
409443,0.26
409446,0.13
409463,0.09
409482,0.09
409507,0.25
409508,0.11
409509,0.17
409514,0.16
409535,0.13
409536,0.18
409537,0.12
409538,0.07
409541,0.11
409542,0.13
409543,0.14
409545,0.17
409550,0.15
409551,0.13
409552,0.2
409553,0.23
409558,0.15
409563,0.16
409574,0.07
409607,0.18
409608,0.27
409628,0.14
409632,0.18
409633,0.3
409636,0.14
409676,0.08
409691,0.17
409694,0.22
409707,0.19
409723,0.16
409741,0.22
409743,0.08
409747,0.16
409773,0.13
409777,0.16
409778,0.14
409804,0.1
409805,0.06
409812,0.19
409817,0.17
409836,0.14
409846,0.11
409850,0.25
409852,0.03
409861,0.2
409864,0.25
409871,0.19
409891,0.07
409896,0.12
409917,0.19
409918,0.11
409923,0.17
409941,0.09
409949,0.24
409953,0.17
409958,0.11
409972,0.13
409979,0.28
409983,0.15
409984,0.15
409985,0.14
409986,0.14
409994,0.22
409999,0.17
410019,0.23
410024,0.09
410025,0.16
410039,0.09
410044,0.24
410045,0.13
410046,0.12
410047,0.12
410048,0.13
410065,0.18
410066,0.22
410073,0.06
410087,0.09
410089,0.2
410092,0.1
410093,0.22
410094,0.15
410095,0.1
410096,0.15
410101,0.21
410102,0.14
410103,0.11
410107,0.21
410110,0.17
410111,0.1
410112,0.16
410142,0.19
410143,0.11
410161,0.21
410162,0.16
410165,0.13
410166,0.23
410167,0.21
410184,0.16
410185,0.18
410186,0.17
410187,0.05
410223,0.13
410256,0.23
410257,0.25
410258,0.07
410259,0.16
410269,0.24
410270,0.17
410273,0.16
410274,0.11
410275,0.14
410276,0.21
410277,0.11
410295,0.1
410296,0.11
410297,0.16
410298,0.04
410300,0.15
410301,0.08
410302,0.16
410303,0.16
410304,0.23
410305,0.09
410306,0.17
410307,0.08
410308,0.12
410309,0.12
410316,0.14
410317,0.11
410358,0.09
410359,0.08
410360,0.17
410368,0.19
410369,0.1
410370,0.09
410372,0.17
410373,0.15
410378,0.3
410379,0.11
410380,0.11
410387,0.19
410388,0.35
410389,0.07
410390,0.07
410405,0.11
410411,0.06
410416,0.12
410418,0.15
410424,0.22
410429,0.22
410438,0.12
410442,0.08
410448,0.1
410456,0.16
410464,0.12
410467,0.18
410473,0.16
410476,0.16
410479,0.18
410499,0.18
410526,0.13
410528,0.19
410546,0.18
410564,0.12
410567,0.13
410571,0.14
410572,0.31
410573,0.12
410577,0.08
410581,0.19
410587,0.1
410588,0.06
410595,0.13
410602,0.11
410606,0.24
410616,0.16
410624,0.26
410626,0.17
410637,0.19
410660,0.18
410661,0.16
410663,0.18
410664,0.25
410669,0.12
410675,0.19
410679,0.16
410684,0.06
410689,0.09
410693,0.07
410697,0.16
410698,0.22
410699,0.15
410706,0.14
410710,0.26
410712,0.09
410716,0.19
410725,0.06
410735,0.14
410742,0.12
410745,0.06
410746,0.17
410751,0.17
410753,0.15
410759,0.15
410761,0.23
410770,0.1
410778,0.11
410784,0.12
410786,0.14
410789,0.13
410800,0.18
410811,0.1
410813,0.15
410821,0.19
410822,0.12
410879,0.12
410880,0.19
410900,0.08
410901,0.23
410908,0.13
410909,0.06
410910,0.13
410911,0.19
410912,0.12
410913,0.11
410914,0.18
410915,0.13
410916,0.11
410917,0.12
410918,0.13
410919,0.19
410922,0.19
410923,0.12
410940,0.16
410955,0.14
410956,0.25
410959,0.3
410960,0.23
410961,0.21
410962,0.18
410963,0.28
410964,0.13
410968,0.11
410970,0.15
410971,0.14
410972,0.12
410975,0.11
410994,0.08
410999,0.2
411011,0.22
411012,0.08
411014,0.25
411021,0.14
411022,0.33
411023,0.22
411024,0.18
411025,0.15
411026,0.26
411027,0.28
411028,0.18
411030,0.26
411031,0.1
411032,0.2
411033,0.11
411049,0.18
411050,0.13
411051,0.13
411052,0.1
411073,0.12
411074,0.12
411076,0.15
411080,0.21
411081,0.18
411082,0.16
411093,0.11
411094,0.32
411095,0.11
411099,0.1
411102,0.11
411103,0.21
411112,0.09
411114,0.12
411115,0.07
411116,0.13
411168,0.12
411169,0.26
411170,0.09
411189,0.06
411190,0.17
411195,0.22
411196,0.28
411197,0.08
411205,0.12
411206,0.08
411215,0.12
411216,0.14
411217,0.09
411218,0.14
411222,0.08
411238,0.1
411239,0.18
411240,0.1
411248,0.06
411274,0.07
411275,0.08
411293,0.14
411299,0.16
411300,0.08
411301,0.16
411302,0.1
411305,0.25
411309,0.12
411334,0.11
411343,0.11
411349,0.06
411360,0.11
411363,0.13
411364,0.07
411384,0.14
411402,0.19
411424,0.08
411425,0.06
411430,0.25
411432,0.16
411434,0.17
411447,0.07
411450,0.14
411452,0.2
411463,0.16
411467,0.24
411474,0.1
411478,0.13
411480,0.12
411481,0.11
411502,0.13
411509,0.17
411511,0.28
411515,0.08
411516,0.13
411532,0.05
411565,0.1
411570,0.09
411600,0.14
411608,0.13
411613,0.1
411614,0.12
411620,0.1
411634,0.12
411639,0.11
411645,0.24
411648,0.14
411660,0.24
411668,0.04
411672,0.18
411673,0.06
411674,0.23
411675,0.2
411676,0.15
411677,0.17
411715,0.11
411718,0.1
411719,0.15
411720,0.11
411730,0.17
411731,0.11
411740,0.16
411746,0.08
411748,0.14
411749,0.21
411752,0.09
411753,0.08
411754,0.04
411755,0.07
411767,0.13
411768,0.2
411819,0.22
411826,0.17
411827,0.16
411841,0.16
411842,0.35
411843,0.11
411844,0.15
411845,0.19
411846,0.19
411850,0.2
411852,0.19
411853,0.17
411854,0.07
411855,0.09
411856,0.19
411860,0.09
411883,0.17
411938,0.14
411939,0.2
411940,0.14
411957,0.22
411958,0.12
411959,0.07
411963,0.06
411969,0.1
411970,0.07
411971,0.15
411972,0.2
411973,0.15
411974,0.12
411975,0.13
411977,0.07
411978,0.23
411979,0.27
412004,0.15
412008,0.09
412009,0.19
412010,0.06
412030,0.19
412031,0.1
412032,0.12
412036,0.12
412038,0.05
412047,0.2
412049,0.34
412082,0.17
412092,0.18
412098,0.22
412101,0.13
412108,0.25
412111,0.23
412119,0.1
412128,0.07
412139,0.21
412152,0.26
412154,0.12
412178,0.23
412180,0.11
412193,0.1
412199,0.09
412204,0.16
412206,0.17
412207,0.19
412211,0.23
412220,0.16
412221,0.14
412229,0.26
412234,0.15
412235,0.07
412236,0.21
412251,0.09
412262,0.13
412270,0.31
412280,0.16
412289,0.16
412305,0.16
412310,0.12
412345,0.17
412348,0.12
412361,0.14
412367,0.16
412368,0.11
412370,0.2
412372,0.16
412377,0.24
412380,0.11
412382,0.09
412391,0.1
412393,0.08
412411,0.14
412412,0.24
412415,0.24
412416,0.21
412422,0.25
412428,0.17
412430,0.15
412436,0.27
412447,0.13
412451,0.1
412456,0.14
412470,0.13
412472,0.16
412478,0.05
412487,0.15
412490,0.22
412494,0.2
412516,0.23
412519,0.11
412525,0.14
412527,0.21
412528,0.19
412551,0.17
412552,0.15
412557,0.11
412558,0.11
412559,0.15
412561,0.08
412563,0.13
412564,0.06
412565,0.21
412593,0.15
412598,0.25
412602,0.15
412610,0.18
412611,0.16
412612,0.17
412613,0.15
412621,0.11
412622,0.09
412623,0.21
412624,0.24
412637,0.18
412638,0.19
412639,0.21
412640,0.07
412641,0.09
412642,0.13
412643,0.15
412644,0.09
412651,0.19
412667,0.18
412669,0.17
412686,0.16
412712,0.17
412713,0.18
412714,0.06
412715,0.14
412720,0.22
412728,0.13
412738,0.1
412739,0.14
412740,0.12
412741,0.05
412753,0.07
412754,0.12
412762,0.11
412764,0.08
412765,0.12
412775,0.14
412776,0.14
412777,0.06
412778,0.3
412800,0.06
412801,0.07
412802,0.23
412829,0.13
412854,0.21
412855,0.13
412861,0.18
412862,0.13
412863,0.12
412883,0.18
412884,0.15
412886,0.28
412898,0.12
412899,0.26
412900,0.18
412922,0.17
412941,0.16
412959,0.07
412967,0.15
412980,0.2
412997,0.04
413016,0.15
413017,0.25
413027,0.17
413034,0.13
413038,0.26
413054,0.2
413059,0.13
413065,0.12
413073,0.1
413075,0.29
413081,0.1
413089,0.23
413091,0.11
413094,0.16
413104,0.11
413107,0.3
413110,0.21
413113,0.14
413117,0.17
413124,0.05
413126,0.16
413137,0.17
413145,0.11
413146,0.11
413147,0.06
413150,0.13
413159,0.15
413160,0.18
413172,0.21
413179,0.07
413181,0.11
413185,0.14
413188,0.23
413197,0.09
413208,0.3
413215,0.19
413216,0.13
413219,0.08
413232,0.13
413237,0.11
413243,0.26
413249,0.07
413262,0.2
413263,0.2
413271,0.21
413274,0.25
413280,0.19
413296,0.18
413299,0.22
413303,0.18
413320,0.13
413324,0.22
413325,0.15
413335,0.11
413341,0.34
413342,0.15
413351,0.15
413352,0.18
413359,0.12
413373,0.19
413374,0.21
413375,0.11
413376,0.1
413377,0.16
413383,0.11
413384,0.17
413392,0.12
413393,0.24
413395,0.12
413424,0.16
413425,0.07
413457,0.14
413458,0.17
413459,0.14
413460,0.11
413465,0.1
413466,0.2
413467,0.14
413468,0.09
413475,0.24
413476,0.13
413477,0.24
413478,0.11
413479,0.09
413489,0.15
413491,0.17
413492,0.19
413493,0.08
413494,0.15
413495,0.17
413498,0.12
413499,0.14
413545,0.09
413549,0.15
413550,0.1
413551,0.13
413552,0.2
413553,0.2
413554,0.19
413558,0.2
413559,0.3
413562,0.12
413563,0.11
413564,0.21
413592,0.11
413593,0.1
413594,0.07
413595,0.03
413596,0.11
413597,0.24
413604,0.17
413605,0.12
413606,0.09
413607,0.16
413616,0.12
413617,0.13
413618,0.2
413625,0.14
413626,0.14
413627,0.12
413628,0.13
413629,0.22
413630,0.1
413631,0.1
413632,0.19
413633,0.25
413634,0.15
413635,0.31
413636,0.19
413644,0.13
413645,0.14
413646,0.06
413683,0.11
413685,0.12
413686,0.35
413690,0.08
413691,0.13
413692,0.09
413693,0.17
413694,0.17
413695,0.08
413696,0.19
413702,0.12
413707,0.08
413708,0.21
413709,0.19
413730,0.07
413731,0.16
413732,0.13
413733,0.16
413734,0.28
413736,0.11
413748,0.19
413749,0.29
413751,0.33
413752,0.26
413754,0.08
413755,0.29
413756,0.13
413757,0.09
413758,0.18
413759,0.17
413760,0.17
413764,0.18
413765,0.23
413766,0.07
413767,0.2
413768,0.18
413769,0.12
413770,0.03
413776,0.08
413777,0.09
413778,0.05
413797,0.11
413824,0.08
413828,0.17
413831,0.11
413834,0.2
413841,0.14
413848,0.09
413850,0.07
413851,0.08
413857,0.06
413860,0.11
413867,0.15
413868,0.21
413871,0.08
413878,0.11
413882,0.12
413885,0.1
413886,0.21
413892,0.15
413896,0.3
413897,0.14
413917,0.18
413921,0.15
413934,0.38
413941,0.07
413953,0.05
413958,0.24
413967,0.21
413971,0.13
413975,0.15
413978,0.14
413983,0.17
413984,0.1
413989,0.2
413992,0.14
414001,0.12
414002,0.1
414003,0.11
414007,0.25
414008,0.24
414016,0.31
414022,0.13
414026,0.23
414041,0.22
414042,0.28
414045,0.06
414047,0.18
414050,0.19
414061,0.15
414068,0.17
414076,0.18
414093,0.16
414102,0.14
414109,0.13
414117,0.16
414144,0.14
414149,0.11
414160,0.18
414166,0.43
414171,0.18
414172,0.15
414183,0.1
414186,0.12
414192,0.16
414194,0.16
414203,0.33
414206,0.05
414207,0.13
414229,0.14
414231,0.11
414248,0.09
414251,0.16
414252,0.09
414253,0.29
414254,0.16
414255,0.14
414262,0.07
414265,0.24
414266,0.16
414267,0.06
414269,0.16
414270,0.1
414271,0.12
414272,0.05
414273,0.18
414275,0.09
414323,0.21
414324,0.16
414328,0.18
414329,0.1
414333,0.11
414341,0.1
414357,0.06
414358,0.15
414359,0.08
414362,0.2
414363,0.07
414368,0.12
414372,0.1
414375,0.1
414376,0.13
414382,0.09
414383,0.21
414480,0.14
414481,0.24
414484,0.32
414485,0.05
414486,0.16
414487,0.15
414488,0.15
414489,0.12
414492,0.11
414493,0.16
414497,0.1
414501,0.16
414543,0.2
414544,0.16
414559,0.11
414560,0.2
414561,0.1
414573,0.11
414574,0.13
414575,0.18
414577,0.12
414584,0.31
414585,0.15
414586,0.29
414590,0.1
414591,0.13
414593,0.22
414597,0.14
414598,0.3
414621,0.18
414635,0.27
414639,0.16
414640,0.08
414648,0.13
414656,0.09
414659,0.16
414660,0.11
414663,0.13
414683,0.11
414691,0.2
414700,0.18
414705,0.1
414708,0.09
414711,0.13
414712,0.07
414716,0.19
414720,0.13
414733,0.08
414740,0.17
414748,0.13
414767,0.23
414771,0.17
414779,0.15
414785,0.18
414787,0.11
414793,0.11
414816,0.11
414830,0.23
414831,0.24
414859,0.09
414864,0.15
414867,0.09
414871,0.13
414879,0.12
414892,0.35
414895,0.14
414911,0.16
414915,0.13
414922,0.16
414939,0.09
414945,0.16
414960,0.14
414969,0.07
414973,0.15
414979,0.1
414985,0.12
414992,0.11
414996,0.15
415000,0.12
415001,0.08
415005,0.08
415024,0.19
415038,0.1
415041,0.27
415049,0.2
415055,0.15
415061,0.21
415064,0.19
415069,0.12
415070,0.11
415071,0.12
415072,0.13
415074,0.08
415078,0.26
415079,0.1
415080,0.11
415081,0.29
415082,0.1
415085,0.11
415086,0.14
415089,0.25
415090,0.13
415091,0.15
415092,0.14
415095,0.07
415100,0.27
415101,0.17
415102,0.33
415103,0.19
415104,0.1
415106,0.22
415107,0.13
415108,0.18
415109,0.38
415110,0.22
415111,0.07
415113,0.12
415114,0.05
415115,0.17
415116,0.12
415117,0.06
415118,0.29
415119,0.41
415120,0.13
415121,0.11
415122,0.33
415123,0.19
415124,0.39
415126,0.25
415152,0.09
415205,0.19
415209,0.08
415326,0.13
415409,0.19
415414,0.22
415430,0.15
415466,0.14
415467,0.16
415473,0.1
415474,0.08
415479,0.1
415480,0.07
415486,0.13
415488,0.17
415489,0.14
415490,0.1
415493,0.1
415494,0.13
415497,0.13
415498,0.15
415499,0.08
415505,0.12
415506,0.13
415509,0.15
415511,0.1
415514,0.09
415517,0.08
415519,0.14
415521,0.28
415522,0.1
415523,0.12
415525,0.25
415527,0.13
415529,0.11
415531,0.18
415533,0.19
415534,0.05
415536,0.14
415537,0.16
415539,0.14
415540,0.07
415541,0.33
415542,0.24
415543,0.17
415544,0.09
415545,0.2
415546,0.25
415547,0.31
415548,0.16
415549,0.12
415550,0.18
415652,0.08
415654,0.11
415686,0.19
415687,0.29
415695,0.12
415698,0.18
415701,0.17
415705,0.14
415707,0.1
415709,0.16
415712,0.12
415718,0.14
415724,0.09
415729,0.1
415730,0.14
415731,0.14
415733,0.06
415736,0.1
415737,0.18
415738,0.32
415741,0.08
415742,0.23
415743,0.24
415744,0.12
415745,0.08
415746,0.05
415747,0.19
415749,0.17
415750,0.18
415751,0.27
415752,0.12
415753,0.22
415754,0.12
415755,0.1
415756,0.16
415757,0.11
415850,0.22
415874,0.04
415930,0.13
415962,0.24
415994,0.2
415995,0.14
416088,0.15
416129,0.31
416228,0.06
416229,0.08
416239,0.14
416243,0.07
416245,0.08
416253,0.15
416263,0.14
416264,0.17
416265,0.1
416269,0.24
416272,0.09
416273,0.13
416274,0.24
416275,0.18
416276,0.1
416277,0.08
416278,0.18
416280,0.16
416283,0.14
416287,0.24
416288,0.23
416291,0.21
416292,0.13
416294,0.23
416295,0.19
416296,0.14
416300,0.04
416301,0.11
416302,0.19
416303,0.21
416305,0.14
416306,0.13
416307,0.14
416309,0.14
416310,0.35
416311,0.2
416312,0.18
416313,0.3
416314,0.14
416315,0.12
416316,0.15
416426,0.11
416435,0.07
416444,0.11
416477,0.21
416484,0.09
416488,0.12
416502,0.08
416542,0.17
416582,0.11
416647,0.17
416658,0.11
416659,0.17
416675,0.11
416676,0.28
416696,0.26
416721,0.1
416729,0.09
416743,0.17
416744,0.21
416761,0.11
416793,0.1
416826,0.1
416848,0.15
416850,0.14
416860,0.2
416861,0.19
416862,0.11
416865,0.16
416870,0.15
416871,0.18
416872,0.23
416874,0.19
416877,0.12
416879,0.13
416881,0.16
416882,0.13
416883,0.17
416884,0.08
416885,0.13
416886,0.16
416887,0.14
416888,0.22
416890,0.23
416893,0.12
416894,0.12
416895,0.27
416896,0.11
416897,0.13
416899,0.18
416900,0.19
416901,0.12
416902,0.05
416903,0.06
417043,0.17
417159,0.12
417182,0.19
417183,0.09
417187,0.18
417209,0.11
417226,0.28
417228,0.29
417232,0.18
417234,0.13
417241,0.18
417245,0.28
417246,0.1
417247,0.15
417250,0.21
417251,0.2
417253,0.05
417254,0.1
417255,0.13
417256,0.23
417257,0.12
417258,0.18
417259,0.11
417260,0.23
417261,0.09
417263,0.23
417264,0.15
417265,0.17
417266,0.13
417267,0.1
417268,0.13
417338,0.14
417342,0.22
417349,0.15
417382,0.14
417388,0.21
417389,0.16
417393,0.25
417395,0.15
417397,0.13
417398,0.1
417401,0.15
417403,0.21
417406,0.18
417407,0.22
417408,0.28
417409,0.13
417411,0.18
417412,0.16
417414,0.13
417416,0.24
417417,0.11
417420,0.11
417421,0.16
417422,0.35
417423,0.11
417426,0.17
417427,0.16
417428,0.1
417429,0.16
417430,0.18
417431,0.12
417432,0.13
417433,0.13
417435,0.18
417436,0.12
417438,0.12
417439,0.16
417440,0.09
417441,0.12
417442,0.16
417443,0.11
417444,0.11
417445,0.18
417446,0.12
417447,0.2
417448,0.11
417449,0.31
417450,0.08
417451,0.24
417452,0.16
417453,0.18
417454,0.18
417455,0.21
417456,0.09
417457,0.07
417513,0.08
417544,0.4
417555,0.2
417567,0.09
417612,0.08
417625,0.07
417626,0.08
417627,0.26
417648,0.18
417735,0.04
417736,0.22
417749,0.1
417778,0.1
417863,0.12
417893,0.14
417895,0.15
417903,0.22
417910,0.15
417915,0.18
417925,0.14
417927,0.13
417940,0.11
417949,0.13
417950,0.12
417952,0.18
417956,0.21
417969,0.11
417970,0.08
417974,0.25
417975,0.14
417976,0.1
417980,0.09
417982,0.17
417983,0.08
417987,0.12
417988,0.24
417989,0.06
417990,0.3
417993,0.18
417994,0.11
417995,0.13
417996,0.13
417997,0.13
417998,0.24
417999,0.1
418000,0.16
418001,0.22
418002,0.19
418003,0.16
418004,0.11
418005,0.08
418006,0.11
418009,0.25
418011,0.2
418012,0.07
418013,0.2
418014,0.23
418015,0.12
418029,0.19
418030,0.18
418132,0.15
418217,0.22
418222,0.1
418237,0.16
418272,0.22
418343,0.2
418344,0.15
418345,0.21
418386,0.1
418387,0.13
418402,0.13
418436,0.13
418456,0.18
418458,0.15
418460,0.09
418487,0.1
418514,0.21
418519,0.14
418532,0.19
418539,0.07
418549,0.19
418555,0.1
418556,0.22
418558,0.16
418559,0.13
418562,0.08
418568,0.27
418576,0.18
418578,0.14
418580,0.16
418581,0.06
418582,0.17
418584,0.14
418585,0.11
418587,0.09
418591,0.14
418592,0.05
418593,0.08
418595,0.12
418596,0.18
418597,0.1
418598,0.12
418599,0.09
418600,0.13
418601,0.22
418602,0.25
418603,0.24
418604,0.17
418606,0.22
418607,0.07
418608,0.13
418609,0.08
418610,0.17
418611,0.27
418612,0.12
418613,0.17
418614,0.15
418615,0.09
418616,0.05
418618,0.21
418651,0.11
418652,0.12
418653,0.14
418658,0.15
418692,0.19
418749,0.22
418820,0.21
418843,0.1
418863,0.1
418915,0.22
418938,0.29
418957,0.11
419024,0.14
419061,0.08
419063,0.1
419076,0.09
419093,0.13
419131,0.18
419132,0.1
419138,0.13
419139,0.2
419141,0.14
419142,0.13
419143,0.11
419145,0.05
419149,0.17
419151,0.18
419152,0.12
419153,0.11
419154,0.21
419155,0.13
419156,0.08
419157,0.11
419158,0.41
419159,0.23
419162,0.07
419163,0.14
419165,0.15
419168,0.15
419169,0.11
419170,0.16
419171,0.16
419172,0.16
419173,0.14
419174,0.23
419175,0.14
419176,0.25
419177,0.2
419178,0.12
419270,0.18
419305,0.19
419330,0.15
419485,0.11
419491,0.15
419499,0.16
419513,0.21
419514,0.16
419535,0.18
419538,0.1
419582,0.23
419601,0.09
419611,0.22
419644,0.32
419648,0.11
419649,0.05
419656,0.12
419671,0.05
419677,0.12
419685,0.2
419688,0.14
419689,0.16
419690,0.16
419691,0.17
419698,0.24
419699,0.15
419701,0.23
419703,0.3
419704,0.16
419705,0.11
419746,0.2
419750,0.23
419767,0.13
419775,0.13
419783,0.17
419787,0.17
419788,0.1
419790,0.23
419791,0.15
419792,0.06
419794,0.12
419795,0.12
419797,0.12
419798,0.12
419799,0.07
419804,0.11
419805,0.21
419806,0.11
419808,0.23
419810,0.11
419811,0.11
419812,0.21
419815,0.23
419816,0.09
419817,0.08
419818,0.17
419820,0.07
419821,0.15
419824,0.16
419825,0.15
419826,0.11
419827,0.08
419828,0.11
419829,0.09
419830,0.27
419831,0.12
419832,0.24
419833,0.18
419834,0.12
419835,0.17
419836,0.12
419837,0.2
419838,0.19
419839,0.16
419840,0.15
419841,0.13
419842,0.28
419843,0.27
419913,0.22
419916,0.12
419955,0.14
419956,0.17
419992,0.16
420150,0.11
420160,0.17
420190,0.05
420195,0.19
420204,0.06
420207,0.14
420210,0.11
420214,0.17
420218,0.12
420219,0.26
420220,0.15
420242,0.16
420249,0.12
420254,0.1
420255,0.1
420258,0.22
420260,0.12
420263,0.21
420265,0.17
420271,0.12
420273,0.17
420274,0.16
420275,0.11
420277,0.07
420278,0.18
420279,0.16
420280,0.16
420281,0.16
420283,0.15
420284,0.13
420285,0.11
420286,0.14
420287,0.19
420288,0.11
420290,0.11
420291,0.08
420293,0.12
420294,0.09
420295,0.13
420296,0.06
420297,0.27
420298,0.18
420299,0.12
420300,0.14
420344,0.21
420345,0.16
420347,0.12
420348,0.22
420349,0.12
420350,0.15
420351,0.11
420352,0.11
420353,0.07
420354,0.2
420355,0.17
420356,0.2
420357,0.1
420358,0.21
420359,0.09
420360,0.1
420361,0.07
420362,0.29
420363,0.15
420364,0.19
420365,0.15
420366,0.15
420383,0.09
420436,0.32
420446,0.11
420554,0.13
420565,0.14
420569,0.1
420573,0.15
420574,0.14
420587,0.24
420589,0.23
420593,0.18
420594,0.2
420595,0.15
420598,0.14
420601,0.11
420602,0.28
420603,0.19
420607,0.12
420611,0.17
420613,0.1
420614,0.28
420615,0.26
420616,0.08
420617,0.2
420618,0.1
420619,0.12
420620,0.11
420621,0.15
420622,0.16
420623,0.21
420624,0.15
420625,0.1
420626,0.19
420627,0.18
420628,0.14
420629,0.04
420631,0.14
420633,0.15
420634,0.12
420635,0.21
420636,0.15
420637,0.23
420662,0.15
420727,0.13
420728,0.14
420733,0.27
420787,0.12
420789,0.12
420792,0.24
420797,0.27
420814,0.1
420833,0.29
420839,0.08
420841,0.12
420843,0.13
420844,0.15
420847,0.15
420849,0.16
420851,0.19
420853,0.17
420854,0.11
420855,0.13
420856,0.11
420857,0.18
420858,0.15
420859,0.13
420860,0.39
420861,0.19
420862,0.15
420863,0.09
420864,0.15
420866,0.26
420867,0.14
420868,0.11
420869,0.15
420870,0.14
420871,0.17
420872,0.23
420873,0.06
420874,0.13
420875,0.22
420876,0.19
420878,0.09
420879,0.19
420880,0.06
420881,0.18
420882,0.08
420883,0.18
420884,0.25
420885,0.14
420886,0.13
420887,0.15
420888,0.12
420905,0.14
421015,0.11
421200,0.19
421269,0.09
421272,0.16
421290,0.26
421323,0.29
421342,0.12
421349,0.11
421355,0.22
421356,0.15
421363,0.13
421365,0.21
421381,0.18
421383,0.16
421386,0.23
421394,0.06
421395,0.12
421399,0.18
421431,0.25
421467,0.2
421554,0.12
421557,0.15
421558,0.23
421562,0.22
421614,0.16
421690,0.13
421758,0.37
421776,0.25
421827,0.2
421828,0.12
421829,0.13
421848,0.14
421862,0.11
421863,0.12
421868,0.06
421884,0.19
421921,0.24
421924,0.28
421958,0.21
421961,0.11
421964,0.06
421968,0.07
421974,0.25
421975,0.12
421977,0.21
421978,0.27
421979,0.09
421980,0.19
421982,0.09
421985,0.15
421986,0.09
421987,0.08
421988,0.1
421989,0.14
421990,0.2
421991,0.09
421993,0.18
421994,0.09
421996,0.43
421997,0.12
421998,0.1
421999,0.25
422000,0.17
422001,0.09
422002,0.13
422004,0.22
422005,0.14
422007,0.17
422008,0.15
422010,0.13
422011,0.05
422012,0.11
422014,0.12
422015,0.15
422016,0.08
422017,0.16
422018,0.17
422019,0.15
422039,0.1
422041,0.09
422042,0.12
422043,0.16
422044,0.13
422045,0.11
422047,0.15
422048,0.18
422049,0.18
422050,0.14
422051,0.25
422053,0.27
422054,0.18
422055,0.13
422056,0.19
422057,0.25
422058,0.07
422059,0.3
422060,0.07
422063,0.24
422064,0.14
422065,0.13
422066,0.1
422067,0.11
422068,0.05
422069,0.14
422070,0.19
422071,0.09
422072,0.08
422074,0.19
422152,0.13
422210,0.17
422227,0.19
422308,0.14
422339,0.21
422368,0.2
422391,0.09
422407,0.11
422485,0.14
422491,0.2
422506,0.18
422508,0.26
422512,0.11
422513,0.05
422514,0.06
422518,0.22
422519,0.1
422523,0.17
422524,0.12
422525,0.08
422526,0.11
422527,0.2
422531,0.3
422533,0.09
422534,0.08
422536,0.18
422537,0.2
422538,0.25
422540,0.17
422541,0.36
422543,0.2
422544,0.17
422545,0.1
422546,0.09
422547,0.15
422548,0.22
422549,0.16
422550,0.19
422551,0.11
422552,0.11
422553,0.13
422554,0.12
422555,0.2
422556,0.07
422639,0.18
422667,0.19
422734,0.06
422748,0.23
422749,0.21
422796,0.22
422810,0.1
422839,0.17
422850,0.16
422891,0.13
422940,0.13
422962,0.05
422964,0.17
423009,0.17
423022,0.06
423041,0.11
423046,0.14
423052,0.09
423055,0.18
423061,0.15
423075,0.06
423076,0.16
423077,0.1
423081,0.26
423083,0.16
423087,0.12
423089,0.14
423091,0.11
423098,0.14
423105,0.17
423106,0.16
423107,0.19
423114,0.16
423116,0.12
423120,0.21
423121,0.13
423125,0.12
423132,0.14
423133,0.09
423134,0.31
423135,0.16
423137,0.12
423138,0.13
423139,0.08
423140,0.15
423141,0.17
423143,0.12
423144,0.08
423145,0.11
423146,0.21
423147,0.16
423148,0.16
423149,0.12
423150,0.17
423151,0.19
423152,0.05
423153,0.17
423154,0.09
423155,0.08
423156,0.09
423157,0.1
423158,0.17
423159,0.16
423228,0.19
423237,0.16
423386,0.21
423416,0.3
423417,0.22
423489,0.12
423503,0.27
423522,0.16
423571,0.13
423574,0.15
423580,0.19
423621,0.15
423622,0.22
423624,0.08
423629,0.11
423631,0.2
423648,0.17
423651,0.11
423652,0.16
423658,0.18
423663,0.12
423664,0.13
423665,0.15
423668,0.16
423670,0.13
423671,0.19
423672,0.08
423679,0.17
423681,0.21
423687,0.15
423688,0.13
423690,0.17
423691,0.16
423693,0.11
423696,0.14
423698,0.13
423699,0.2
423700,0.17
423701,0.13
423702,0.19
423703,0.13
423704,0.15
423706,0.16
423707,0.14
423708,0.12
423709,0.16
423710,0.11
423711,0.07
423712,0.25
423713,0.15
423714,0.37
423715,0.06
423717,0.15
423718,0.15
423719,0.17
423720,0.08
423721,0.13
423722,0.1
423723,0.17
423724,0.09
423726,0.14
423730,0.09
423734,0.07
423735,0.07
423736,0.24
423737,0.11
423738,0.15
423739,0.1
423740,0.11
423741,0.13
423742,0.14
423743,0.11
423746,0.12
423747,0.12
423748,0.2
423749,0.12
423750,0.26
423751,0.13
423752,0.07
423753,0.28
423754,0.2
423755,0.06
423756,0.16
423800,0.17
423894,0.05
423938,0.3
423939,0.19
423940,0.19
423947,0.08
423957,0.27
423959,0.22
423966,0.28
423968,0.13
423972,0.12
423978,0.08
423979,0.16
423982,0.22
423983,0.26
423986,0.1
423990,0.12
423993,0.07
423994,0.12
423996,0.06
423998,0.17
423999,0.17
424000,0.11
424001,0.09
424002,0.12
424003,0.22
424004,0.13
424005,0.13
424006,0.12
424007,0.15
424008,0.28
424009,0.15
424010,0.16
424011,0.19
424012,0.1
424013,0.14
424014,0.26
424015,0.17
424016,0.1
424161,0.14
424189,0.16
424192,0.12
424198,0.17
424202,0.13
424203,0.2
424207,0.22
424208,0.19
424211,0.09
424214,0.14
424215,0.19
424216,0.09
424220,0.16
424222,0.16
424223,0.13
424232,0.08
424234,0.08
424235,0.15
424236,0.09
424241,0.1
424244,0.13
424245,0.26
424246,0.14
424248,0.29
424249,0.13
424251,0.15
424252,0.07
424253,0.14
424254,0.21
424255,0.19
424256,0.18
424257,0.09
424258,0.19
424259,0.14
424260,0.16
424261,0.13
424262,0.09
424264,0.08
424265,0.13
424266,0.22
424267,0.12
424268,0.19
424270,0.33
424271,0.25
424272,0.16
424273,0.13
424274,0.13
424275,0.21
424320,0.2
424354,0.12
424359,0.08
424360,0.22
424361,0.21
424362,0.19
424363,0.17
424364,0.18
424365,0.05
424491,0.1
424576,0.23
424639,0.12
424640,0.24
424653,0.24
424672,0.24
424708,0.11
424724,0.13
424725,0.19
424734,0.24
424755,0.09
424758,0.09
424765,0.1
424770,0.14
424773,0.16
424780,0.1
424784,0.16
424791,0.09
424797,0.15
424800,0.07
424807,0.14
424809,0.13
424812,0.14
424813,0.15
424816,0.15
424817,0.09
424820,0.18
424822,0.12
424823,0.22
424825,0.19
424826,0.33
424827,0.12
424828,0.28
424830,0.14
424831,0.13
424832,0.27
424833,0.07
424834,0.19
424835,0.17
424836,0.14
424837,0.21
424838,0.13
424839,0.13
424840,0.11
424841,0.26
424843,0.14
424845,0.21
424846,0.1
424847,0.11
424848,0.15
424849,0.16
424850,0.26
424851,0.08
424852,0.12
424853,0.11
424854,0.16
424856,0.22
424857,0.08
424947,0.19
425037,0.28
425039,0.19
425096,0.11
425107,0.1
425156,0.11
425191,0.14
425192,0.18
425230,0.1
425231,0.05
425237,0.09
425281,0.17
425301,0.09
425306,0.19
425312,0.2
425313,0.05
425317,0.09
425326,0.18
425330,0.13
425336,0.27
425338,0.19
425343,0.18
425345,0.12
425360,0.08
425364,0.15
425368,0.19
425369,0.13
425371,0.21
425372,0.12
425373,0.26
425374,0.14
425376,0.13
425379,0.15
425380,0.06
425381,0.1
425382,0.09
425383,0.05
425384,0.13
425385,0.11
425388,0.28
425389,0.09
425390,0.07
425391,0.21
425392,0.11
425394,0.19
425395,0.14
425396,0.13
425397,0.08
425398,0.05
425399,0.1
425400,0.18
425403,0.15
425404,0.19
425405,0.13
425406,0.18
425407,0.19
425408,0.19
425409,0.13
425411,0.12
425412,0.14
425413,0.28
425414,0.27
425415,0.15
425416,0.19
425418,0.21
425419,0.13
425423,0.13
425424,0.16
425425,0.32
425426,0.18
425429,0.21
425430,0.11
425431,0.16
425432,0.1
425433,0.13
425434,0.09
425435,0.24
425437,0.13
425438,0.07
425439,0.19
425440,0.16
425441,0.16
425442,0.23
425444,0.33
425446,0.08
425447,0.13
425448,0.09
425449,0.14
425450,0.12
425451,0.15
425453,0.25
425454,0.2
425455,0.17
425456,0.22
425457,0.2
425458,0.15
425459,0.15
425460,0.16
425461,0.11
425462,0.2
425511,0.09
425601,0.12
425810,0.19
425824,0.08
425830,0.22
425835,0.11
425838,0.12
425865,0.13
425877,0.17
425904,0.13
425905,0.09
425906,0.14
425909,0.13
425911,0.33
425913,0.17
425923,0.09
425932,0.11
425938,0.07
425939,0.18
425943,0.11
425944,0.16
425945,0.12
425946,0.03
425948,0.2
425950,0.09
425952,0.19
425954,0.08
425955,0.19
425957,0.22
425958,0.1
425959,0.21
425960,0.1
425961,0.12
425962,0.16
425964,0.22
425965,0.17
425966,0.17
425967,0.08
425968,0.16
425969,0.18
425970,0.07
425971,0.12
425972,0.1
425976,0.11
426050,0.12
426051,0.16
426052,0.21
426053,0.12
426124,0.12
426132,0.17
426154,0.08
426192,0.09
426235,0.1
426297,0.19
426387,0.25
426396,0.06
426436,0.14
426437,0.21
426460,0.15
426466,0.16
426469,0.19
426510,0.11
426617,0.18
426630,0.12
426631,0.08
426650,0.13
426688,0.19
426691,0.04
426855,0.07
426873,0.16
426890,0.19
426891,0.18
426895,0.16
426928,0.18
426929,0.12
426955,0.15
426957,0.08
427007,0.18
427009,0.18
427021,0.11
427023,0.06
427032,0.08
427036,0.19
427040,0.1
427041,0.22
427042,0.08
427044,0.13
427048,0.26
427050,0.09
427054,0.11
427057,0.14
427058,0.14
427059,0.21
427060,0.15
427062,0.14
427063,0.14
427064,0.11
427065,0.1
427067,0.25
427069,0.13
427070,0.13
427071,0.2
427072,0.1
427073,0.11
427074,0.15
427075,0.1
427076,0.15
427077,0.2
427078,0.12
427079,0.1
427080,0.13
427081,0.16
427082,0.2
427088,0.08
427109,0.14
427110,0.19
427111,0.15
427114,0.12
427115,0.22
427120,0.1
427121,0.08
427122,0.32
427125,0.11
427126,0.1
427127,0.05
427128,0.18
427129,0.18
427130,0.24
427131,0.08
427132,0.09
427133,0.08
427134,0.18
427135,0.07
427137,0.21
427138,0.07
427139,0.04
427140,0.17
427142,0.11
427143,0.13
427144,0.14
427145,0.11
427146,0.11
427147,0.2
427148,0.1
427149,0.17
427150,0.11
427151,0.09
427152,0.08
427153,0.06
427154,0.36
427155,0.17
427156,0.09
427157,0.14
427158,0.11
427159,0.19
427160,0.12
427161,0.22
427162,0.38
427163,0.23
427164,0.26
427165,0.14
427254,0.17
427263,0.19
427324,0.19
427330,0.24
427379,0.21
427465,0.07
427485,0.12
427489,0.07
427505,0.08
427567,0.16
427575,0.3
427578,0.15
427589,0.39
427612,0.13
427615,0.13
427618,0.17
427620,0.16
427622,0.13
427627,0.13
427628,0.14
427632,0.16
427634,0.09
427635,0.17
427637,0.07
427639,0.19
427640,0.16
427641,0.15
427642,0.2
427643,0.2
427645,0.19
427646,0.09
427647,0.06
427649,0.13
427650,0.13
427652,0.2
427653,0.14
427654,0.12
427655,0.16
427656,0.14
427657,0.21
427658,0.18
427659,0.15
427660,0.11
427661,0.21
427662,0.1
427663,0.16
427664,0.15
427665,0.11
427666,0.08
427667,0.18
427668,0.27
427669,0.17
427671,0.4
427672,0.19
427673,0.1
427676,0.15
427677,0.17
427703,0.15
427738,0.11
427809,0.11
427881,0.22
427949,0.15
427985,0.21
428047,0.17
428054,0.32
428080,0.21
428143,0.21
428162,0.25
428166,0.08
428187,0.13
428188,0.16
428189,0.12
428195,0.06
428196,0.18
428198,0.17
428200,0.16
428201,0.12
428204,0.27
428206,0.2
428207,0.24
428208,0.25
428210,0.11
428211,0.17
428212,0.15
428213,0.16
428215,0.05
428217,0.2
428218,0.21
428219,0.25
428220,0.19
428222,0.22
428223,0.18
428224,0.12
428225,0.12
428227,0.13
428228,0.24
428229,0.23
428230,0.2
428231,0.15
428232,0.14
428233,0.11
428234,0.2
428235,0.26
428236,0.17
428237,0.21
428238,0.14
428240,0.11
428241,0.13
428242,0.07
428243,0.17
428244,0.23
428311,0.17
428312,0.13
428313,0.21
428314,0.17
428409,0.1
428416,0.25
428423,0.21
428424,0.21
428463,0.18
428485,0.34
428517,0.08
428518,0.24
428561,0.1
428565,0.06
428590,0.13
428597,0.15
428614,0.09
428616,0.35
428621,0.18
428626,0.21
428629,0.12
428636,0.23
428647,0.12
428654,0.09
428659,0.1
428686,0.19
428690,0.13
428701,0.13
428708,0.19
428714,0.2
428722,0.1
428729,0.19
428745,0.14
428751,0.21
428757,0.19
428764,0.21
428774,0.17
428778,0.13
428783,0.16
428789,0.1
428797,0.1
428799,0.11
428801,0.36
428804,0.2
428806,0.12
428813,0.14
428816,0.13
428821,0.16
428832,0.21
428839,0.14
428842,0.17
428850,0.17
428859,0.13
428871,0.1
428907,0.22
428913,0.11
428920,0.23
428924,0.13
428928,0.16
428930,0.14
428933,0.21
428938,0.07
428944,0.2
428948,0.18
428963,0.09
428975,0.23
428979,0.17
428982,0.31
428984,0.17
428987,0.08
429015,0.05
429018,0.12
429028,0.12
429035,0.26
429037,0.13
429042,0.14
429055,0.13
429066,0.1
429067,0.26
429069,0.11
429077,0.12
429078,0.25
429083,0.09
429091,0.16
429093,0.13
429094,0.18
429103,0.1
429109,0.21
429121,0.29
429129,0.1
429134,0.12
429138,0.18
429164,0.15
429173,0.15
429182,0.11
429190,0.14
429199,0.05
429219,0.17
429224,0.09
429226,0.23
429230,0.13
429239,0.14
429243,0.23
429256,0.09
429266,0.19
429269,0.13
429294,0.08
429295,0.2
429297,0.16
429299,0.24
429302,0.12
429305,0.18
429308,0.17
429314,0.19
429318,0.14
429348,0.1
429356,0.4
429359,0.2
429372,0.1
429373,0.24
429384,0.17
429385,0.13
429398,0.1
429405,0.2
429407,0.1
429408,0.12
429412,0.19
429414,0.17
429415,0.17
429421,0.17
429422,0.13
429430,0.25
429432,0.16
429440,0.18
429442,0.28
429451,0.32
429459,0.08
429469,0.09
429471,0.09
429482,0.13
429483,0.2
429491,0.12
429493,0.2
429496,0.25
429498,0.07
429501,0.13
429502,0.12
429508,0.18
429509,0.09
429511,0.2
429528,0.22
429531,0.12
429539,0.12
429549,0.28
429555,0.18
429557,0.14
429567,0.23
429570,0.11
429576,0.17
429590,0.2
429591,0.28
429597,0.16
429600,0.23
429602,0.08
429604,0.16
429623,0.14
429625,0.21
429626,0.09
429628,0.13
429634,0.14
429637,0.22
429666,0.06
429667,0.15
429670,0.08
429673,0.12
429678,0.16
429693,0.21
429702,0.13
429708,0.15
429737,0.16
429739,0.14
429740,0.08
429750,0.21
429770,0.27
429774,0.16
429777,0.09
429780,0.07
429809,0.15
429810,0.06
429831,0.05
429835,0.15
429838,0.12
429846,0.18
429851,0.08
429852,0.19
429856,0.1
429857,0.07
429866,0.23
429871,0.21
429873,0.26
429879,0.2
429882,0.07
429885,0.15
429890,0.21
429897,0.12
429933,0.1
429936,0.1
429948,0.08
429952,0.19
429967,0.19
429982,0.06
429989,0.17
430000,0.11
430003,0.08
430011,0.09
430019,0.12
430035,0.1
430042,0.37
430047,0.18
430048,0.12
430059,0.1
430060,0.17
430077,0.11
430080,0.11
430083,0.25
430086,0.19
430090,0.19
430103,0.17
430107,0.22
430114,0.07
430116,0.12
430124,0.11
430129,0.15
430132,0.2
430146,0.1
430155,0.2
430156,0.13
430160,0.21
430168,0.15
430170,0.17
430176,0.15
430177,0.36
430186,0.35
430187,0.18
430195,0.16
430198,0.34
430204,0.19
430210,0.19
430211,0.38
430213,0.08
430216,0.21
430217,0.17
430227,0.14
430253,0.13
430266,0.18
430274,0.16
430280,0.11
430300,0.1
430301,0.12
430309,0.23
430313,0.18
430316,0.13
430319,0.24
430332,0.18
430346,0.16
430357,0.15
430359,0.12
430368,0.09
430376,0.11
430383,0.16
430389,0.12
430393,0.26
430394,0.15
430404,0.13
430405,0.16
430407,0.26
430433,0.13
430445,0.08
430446,0.21
430451,0.15
430452,0.12
430459,0.2
430466,0.19
430467,0.15
430473,0.21
430477,0.16
430483,0.23
430512,0.16
430521,0.13
430524,0.13
430529,0.21
430533,0.13
430536,0.16
430538,0.12
430540,0.18
430548,0.1
430549,0.1
430550,0.1
430566,0.11
430574,0.17
430576,0.1
430582,0.17
430585,0.15
430625,0.1
430627,0.1
430629,0.12
430637,0.12
430639,0.13
430641,0.16
430656,0.07
430659,0.05
430661,0.13
430671,0.12
430672,0.16
430673,0.16
430674,0.15
430676,0.16
430691,0.13
430698,0.17
430699,0.26
430708,0.22
430719,0.13
430726,0.15
430728,0.26
430730,0.2
430731,0.2
430732,0.06
430738,0.1
430770,0.19
430782,0.2
430785,0.22
430786,0.18
430806,0.31
430818,0.38
430819,0.21
430820,0.25
430835,0.14
430836,0.12
430837,0.16
430838,0.15
430839,0.22
430847,0.21
430853,0.11
430856,0.09
430876,0.11
430886,0.14
430887,0.15
430889,0.09
430927,0.08
430931,0.17
430939,0.11
430942,0.09
430949,0.13
430957,0.11
430960,0.09
430961,0.1
430962,0.21
430973,0.06
430975,0.07
430976,0.09
430981,0.19
430992,0.19
431007,0.26
431010,0.11
431013,0.07
431023,0.09
431027,0.18
431044,0.12
431056,0.1
431058,0.14
431065,0.1
431077,0.12
431080,0.17
431082,0.12
431088,0.19
431095,0.26
431100,0.22
431106,0.21
431107,0.13
431110,0.05
431114,0.08
431138,0.14
431144,0.16
431162,0.14
431170,0.23
431171,0.1
431176,0.13
431203,0.13
431211,0.08
431212,0.14
431215,0.15
431238,0.42
431241,0.21
431244,0.18
431254,0.17
431263,0.13
431278,0.23
431285,0.18
431286,0.21
431298,0.21
431305,0.09
431315,0.29
431323,0.08
431325,0.07
431334,0.14
431358,0.21
431372,0.22
431373,0.06
431374,0.33
431377,0.25
431386,0.16
431388,0.15
431395,0.06
431396,0.14
431413,0.09
431416,0.22
431418,0.17
431431,0.19
431444,0.18
431449,0.27
431467,0.06
431469,0.14
431479,0.15
431480,0.12
431481,0.1
431488,0.15
431492,0.25
431496,0.16
431497,0.09
431508,0.13
431511,0.17
431517,0.1
431520,0.16
431538,0.28
431540,0.1
431543,0.33
431545,0.15
431560,0.15
431561,0.09
431584,0.2
431591,0.32
431593,0.09
431625,0.11
431630,0.26
431633,0.13
431635,0.16
431649,0.1
431650,0.28
431651,0.13
431652,0.1
431667,0.17
431668,0.29
431672,0.09
431675,0.22
431680,0.28
431682,0.16
431683,0.06
431693,0.15
431697,0.06
431726,0.34
431731,0.2
431732,0.15
431744,0.07
431750,0.11
431755,0.07
431756,0.09
431757,0.2
431765,0.16
431766,0.08
431768,0.17
431770,0.12
431773,0.16
431775,0.15
431777,0.3
431778,0.28
431801,0.3
431807,0.1
431810,0.15
431815,0.12
431816,0.14
431823,0.13
431831,0.18
431837,0.15
431841,0.12
431845,0.1
431854,0.15
431857,0.07
431865,0.1
431866,0.16
431867,0.11
431869,0.12
431889,0.22
431899,0.13
431903,0.21
431909,0.14
431914,0.14
431916,0.16
431918,0.23
431931,0.06
431940,0.1
431948,0.15
431962,0.1
431965,0.08
431974,0.11
431976,0.11
431987,0.2
431988,0.11
431995,0.16
431999,0.08
432003,0.1
432005,0.2
432009,0.1
432011,0.14
432022,0.25
432028,0.15
432030,0.12
432037,0.12
432065,0.16
432070,0.1
432075,0.25
432078,0.13
432080,0.12
432085,0.18
432092,0.15
432111,0.13
432112,0.1
432115,0.1
432117,0.18
432118,0.24
432129,0.18
432132,0.16
432133,0.05
432145,0.15
432146,0.1
432148,0.12
432156,0.11
432167,0.16
432169,0.12
432188,0.12
432192,0.2
432221,0.14
432226,0.13
432231,0.14
432247,0.13
432252,0.13
432254,0.05
432263,0.11
432265,0.07
432271,0.15
432280,0.09
432282,0.11
432284,0.1
432291,0.36
432296,0.15
432298,0.14
432301,0.15
432309,0.16
432312,0.16
432320,0.16
432324,0.09
432330,0.12
432339,0.09
432356,0.09
432357,0.17
432362,0.11
432365,0.09
432366,0.15
432370,0.1
432377,0.19
432384,0.13
432391,0.2
432405,0.11
432406,0.13
432414,0.21
432415,0.16
432417,0.06
432419,0.08
432424,0.11
432425,0.12
432432,0.19
432438,0.11
432441,0.2
432444,0.38
432446,0.34
432452,0.25
432454,0.11
432473,0.2
432482,0.12
432489,0.1
432492,0.28
432495,0.14
432501,0.16
432507,0.17
432509,0.28
432510,0.15
432522,0.1
432525,0.08
432526,0.16
432527,0.18
432532,0.17
432535,0.09
432544,0.09
432547,0.12
432551,0.21
432553,0.11
432555,0.1
432560,0.18
432569,0.22
432577,0.18
432585,0.13
432590,0.09
432591,0.14
432594,0.17
432607,0.12
432608,0.25
432609,0.2
432612,0.23
432613,0.1
432616,0.11
432618,0.31
432622,0.2
432626,0.07
432639,0.1
432640,0.17
432642,0.26
432648,0.12
432653,0.18
432661,0.14
432668,0.11
432682,0.08
432686,0.17
432693,0.18
432695,0.24
432696,0.22
432698,0.18
432699,0.09
432702,0.17
432707,0.21
432712,0.13
432719,0.14
432724,0.13
432728,0.13
432737,0.23
432745,0.19
432746,0.11
432749,0.17
432752,0.09
432758,0.17
432769,0.21
432770,0.15
432771,0.14
432788,0.13
432804,0.08
432807,0.38
432830,0.21
432831,0.1
432842,0.08
432849,0.23
432876,0.31
432886,0.19
432888,0.12
432897,0.22
432918,0.11
432919,0.1
432920,0.07
432921,0.08
432930,0.15
432932,0.15
432943,0.17
432944,0.07
432951,0.1
432952,0.13
432965,0.23
432969,0.11
432981,0.16
432985,0.05
432986,0.11
432988,0.1
432991,0.21
432992,0.08
433002,0.13
433018,0.19
433019,0.16
433021,0.08
433024,0.03
433031,0.14
433035,0.14
433047,0.36
433050,0.13
433051,0.12
433055,0.12
433058,0.25
433069,0.15
433079,0.18
433098,0.15
433099,0.14
433104,0.12
433112,0.11
433117,0.08
433119,0.1
433130,0.13
433132,0.15
433158,0.25
433159,0.11
433162,0.12
433166,0.15
433169,0.21
433173,0.16
433174,0.14
433183,0.37
433184,0.11
433198,0.17
433205,0.18
433221,0.14
433271,0.26
433274,0.1
433276,0.25
433281,0.2
433283,0.21
433296,0.16
433300,0.12
433304,0.13
433308,0.12
433312,0.12
433313,0.15
433319,0.1
433332,0.21
433342,0.05
433343,0.14
433344,0.18
433345,0.09
433347,0.08
433350,0.11
433355,0.24
433356,0.18
433359,0.1
433361,0.09
433363,0.15
433370,0.12
433371,0.08
433374,0.15
433384,0.14
433390,0.11
433392,0.14
433396,0.22
433403,0.11
433405,0.16
433408,0.28
433410,0.21
433411,0.12
433424,0.28
433431,0.14
433432,0.27
433440,0.15
433441,0.16
433451,0.16
433452,0.18
433459,0.17
433463,0.13
433464,0.13
433470,0.11
433480,0.14
433482,0.19
433485,0.31
433494,0.16
433495,0.14
433496,0.07
433505,0.16
433509,0.1
433515,0.1
433518,0.11
433519,0.21
433527,0.13
433532,0.13
433535,0.09
433539,0.12
433561,0.09
433564,0.28
433566,0.14
433574,0.1
433575,0.09
433584,0.22
433591,0.2
433596,0.28
433598,0.22
433602,0.05
433606,0.1
433611,0.11
433617,0.14
433620,0.23
433628,0.08
433631,0.12
433651,0.17
433653,0.13
433657,0.17
433661,0.11
433662,0.16
433663,0.13
433668,0.24
433670,0.25
433680,0.22
433686,0.26
433709,0.09
433725,0.09
433731,0.13
433735,0.2
433745,0.13
433748,0.13
433754,0.18
433762,0.09
433766,0.15
433767,0.04
433779,0.14
433783,0.08
433785,0.23
433789,0.14
433794,0.14
433799,0.11
433800,0.09
433804,0.17
433816,0.09
433820,0.14
433829,0.16
433837,0.15
433840,0.14
433842,0.08
433849,0.12
433853,0.05
433862,0.07
433872,0.11
433882,0.16
433892,0.17
433896,0.16
433906,0.12
433913,0.07
433914,0.13
433957,0.15
433958,0.13
433965,0.2
433976,0.19
433984,0.1
433995,0.27
433996,0.12
434006,0.17
434007,0.19
434009,0.11
434019,0.17
434024,0.14
434026,0.33
434027,0.15
434034,0.26
434036,0.09
434037,0.1
434046,0.14
434050,0.08
434051,0.09
434052,0.18
434055,0.2
434061,0.14
434064,0.14
434108,0.13
434109,0.17
434121,0.27
434122,0.13
434140,0.18
434151,0.15
434156,0.12
434157,0.06
434160,0.21
434164,0.15
434167,0.23
434169,0.17
434173,0.15
434176,0.18
434177,0.2
434179,0.13
434180,0.11
434183,0.15
434192,0.1
434205,0.16
434209,0.2
434212,0.17
434214,0.16
434216,0.13
434222,0.18
434223,0.17
434224,0.17
434259,0.14
434261,0.16
434263,0.15
434264,0.11
434282,0.08
434283,0.12
434293,0.36
434317,0.25
434322,0.07
434326,0.21
434327,0.13
434328,0.15
434336,0.18
434340,0.21
434342,0.15
434350,0.18
434355,0.14
434375,0.17
434387,0.16
434390,0.14
434391,0.07
434408,0.09
434410,0.09
434423,0.12
434439,0.27
434442,0.14
434445,0.19
434448,0.17
434460,0.15
434465,0.06
434467,0.23
434468,0.28
434501,0.25
434504,0.25
434505,0.28
434507,0.09
434514,0.16
434535,0.12
434538,0.34
434542,0.19
434545,0.09
434554,0.17
434556,0.21
434568,0.15
434569,0.1
434571,0.2
434574,0.13
434579,0.14
434599,0.16
434604,0.16
434606,0.11
434607,0.14
434608,0.12
434610,0.12
434615,0.17
434616,0.2
434619,0.21
434658,0.18
434669,0.07
434675,0.04
434678,0.16
434680,0.13
434690,0.21
434698,0.14
434702,0.19
434704,0.08
434722,0.15
434727,0.12
434730,0.09
434735,0.14
434739,0.22
434765,0.09
434767,0.29
434784,0.15
434787,0.18
434788,0.25
434789,0.09
434790,0.14
434791,0.18
434802,0.1
434806,0.18
434807,0.18
434808,0.27
434815,0.18
434816,0.25
434817,0.18
434818,0.27
434830,0.21
434918,0.13
434920,0.17
434921,0.09
434922,0.23
434937,0.08
434948,0.19
434949,0.18
434952,0.09
434954,0.15
434957,0.12
434968,0.05
434974,0.18
434982,0.09
434986,0.17
434993,0.13
434995,0.21
435005,0.12
435013,0.13
435027,0.09
435034,0.41
435056,0.28
435060,0.16
435062,0.2
435068,0.11
435069,0.13
435071,0.15
435079,0.09
435086,0.22
435092,0.09
435099,0.12
435100,0.07
435108,0.15
435118,0.15
435120,0.1
435129,0.15
435132,0.25
435138,0.13
435139,0.24
435142,0.14
435147,0.15
435148,0.18
435151,0.08
435153,0.07
435154,0.12
435164,0.28
435173,0.16
435174,0.12
435179,0.08
435199,0.12
435202,0.12
435203,0.17
435214,0.2
435217,0.18
435222,0.1
435229,0.38
435239,0.11
435248,0.12
435259,0.21
435260,0.13
435263,0.15
435264,0.08
435267,0.11
435274,0.27
435286,0.13
435296,0.23
435308,0.18
435328,0.18
435333,0.1
435363,0.13
435366,0.16
435375,0.12
435378,0.21
435400,0.22
435408,0.31
435409,0.12
435415,0.08
435419,0.27
435422,0.24
435428,0.24
435432,0.22
435434,0.24
435435,0.24
435440,0.21
435455,0.2
435464,0.16
435470,0.05
435475,0.25
435478,0.12
435480,0.22
435482,0.05
435490,0.06
435507,0.14
435509,0.18
435510,0.12
435519,0.11
435527,0.2
435533,0.13
435534,0.31
435535,0.17
435536,0.08
435540,0.12
435551,0.1
435562,0.33
435564,0.21
435585,0.12
435590,0.1
435609,0.09
435610,0.14
435611,0.08
435623,0.17
435681,0.17
435682,0.11
435683,0.12
435704,0.15
435711,0.05
435713,0.22
435714,0.09
435716,0.13
435717,0.23
435718,0.27
435719,0.24
435741,0.08
435765,0.21
435766,0.19
435767,0.1
435773,0.18
435802,0.09
435806,0.11
435807,0.19
435809,0.12
435811,0.24
435816,0.16
435823,0.08
435835,0.18
435848,0.18
435849,0.35
435858,0.16
435870,0.1
435874,0.08
435890,0.21
435892,0.09
435911,0.16
435915,0.26
435924,0.06
435937,0.14
435943,0.21
435958,0.08
435962,0.13
435965,0.21
435968,0.18
435997,0.11
435998,0.32
435999,0.12
436009,0.15
436021,0.12
436022,0.13
436026,0.24
436032,0.07
436037,0.16
436049,0.11
436058,0.06
436059,0.21
436062,0.3
436068,0.11
436079,0.16
436082,0.09
436083,0.27
436093,0.23
436098,0.1
436113,0.13
436127,0.24
436148,0.11
436152,0.19
436159,0.11
436165,0.13
436170,0.08
436174,0.09
436176,0.14
436183,0.12
436194,0.09
436196,0.18
436204,0.12
436207,0.25
436210,0.17
436219,0.27
436227,0.21
436230,0.13
436233,0.15
436235,0.15
436250,0.14
436260,0.21
436285,0.17
436291,0.08
436304,0.17
436307,0.19
436308,0.17
436311,0.14
436314,0.14
436322,0.19
436323,0.33
436339,0.19
436350,0.17
436358,0.2
436359,0.13
436363,0.21
436365,0.12
436369,0.12
436377,0.12
436378,0.15
436387,0.12
436394,0.28
436397,0.15
436399,0.22
436401,0.11
436404,0.12
436421,0.15
436422,0.29
436426,0.03
436430,0.18
436464,0.09
436471,0.08
436476,0.13
436478,0.17
436486,0.06
436497,0.12
436508,0.14
436509,0.2
436510,0.17
436511,0.26
436528,0.27
436531,0.1
436534,0.22
436535,0.12
436536,0.12
436537,0.11
436560,0.1
436562,0.17
436563,0.13
436564,0.12
436598,0.07
436599,0.13
436600,0.14
436637,0.07
436674,0.2
436706,0.1
436721,0.2
436722,0.19
436735,0.18
436747,0.26
436748,0.19
436750,0.19
436757,0.24
436767,0.2
436771,0.18
436781,0.19
436786,0.09
436799,0.18
436807,0.15
436812,0.14
436821,0.14
436835,0.13
436836,0.3
436846,0.14
436874,0.16
436880,0.33
436882,0.19
436885,0.14
436893,0.18
436894,0.08
436896,0.1
436902,0.17
436918,0.08
436921,0.11
436935,0.21
436955,0.11
436961,0.11
436963,0.1
436964,0.15
436970,0.11
436975,0.09
437005,0.13
437014,0.12
437020,0.12
437043,0.12
437045,0.1
437070,0.11
437078,0.1
437095,0.15
437097,0.07
437123,0.09
437127,0.08
437128,0.12
437130,0.12
437147,0.24
437156,0.11
437157,0.14
437160,0.21
437161,0.07
437169,0.08
437189,0.19
437196,0.22
437198,0.17
437200,0.19
437206,0.18
437211,0.11
437215,0.2
437218,0.09
437226,0.16
437229,0.26
437235,0.09
437244,0.09
437245,0.24
437246,0.23
437264,0.15
437266,0.13
437268,0.16
437269,0.19
437273,0.13
437275,0.2
437276,0.16
437302,0.07
437304,0.12
437305,0.2
437306,0.14
437334,0.11
437335,0.2
437336,0.13
437338,0.16
437343,0.36
437356,0.22
437357,0.15
437358,0.17
437359,0.1
437360,0.18
437393,0.14
437397,0.19
437403,0.08
437409,0.14
437426,0.17
437430,0.19
437446,0.23
437459,0.08
437461,0.08
437462,0.11
437463,0.13
437475,0.09
437478,0.07
437480,0.1
437482,0.08
437486,0.08
437491,0.19
437492,0.16
437493,0.24
437496,0.28
437510,0.09
437515,0.12
437516,0.15
437519,0.08
437522,0.14
437524,0.14
437532,0.12
437538,0.14
437546,0.18
437551,0.27
437553,0.26
437556,0.14
437573,0.27
437575,0.18
437584,0.21
437591,0.28
437592,0.15
437595,0.19
437602,0.11
437610,0.08
437611,0.15
437621,0.22
437622,0.19
437624,0.05
437630,0.18
437631,0.19
437636,0.26
437666,0.1
437672,0.13
437676,0.14
437687,0.09
437689,0.24
437706,0.23
437712,0.3
437735,0.1
437757,0.12
437763,0.15
437790,0.11
437791,0.11
437795,0.12
437803,0.07
437810,0.15
437811,0.18
437813,0.13
437820,0.16
437823,0.07
437832,0.1
437841,0.17
437852,0.23
437858,0.21
437862,0.09
437892,0.15
437896,0.12
437903,0.3
437905,0.07
437911,0.23
437913,0.11
437918,0.12
437922,0.19
437933,0.16
437936,0.15
437945,0.15
437966,0.1
437967,0.15
437972,0.14
437977,0.14
437984,0.22
437996,0.1
437997,0.08
437999,0.11
438001,0.13
438004,0.12
438007,0.11
438029,0.09
438031,0.1
438034,0.13
438038,0.27
438054,0.18
438058,0.14
438064,0.18
438065,0.2
438074,0.12
438084,0.14
438088,0.21
438089,0.15
438090,0.15
438117,0.17
438118,0.04
438151,0.19
438152,0.12
438153,0.14
438154,0.15
438167,0.11
438187,0.25
438192,0.25
438195,0.09
438196,0.22
438220,0.1
438223,0.31
438229,0.11
438256,0.13
438258,0.15
438260,0.15
438264,0.14
438273,0.14
438306,0.23
438307,0.23
438308,0.1
438309,0.11
438310,0.2
438341,0.18
438348,0.12
438349,0.11
438364,0.23
438368,0.15
438380,0.12
438382,0.14
438402,0.08
438404,0.23
438408,0.28
438410,0.14
438429,0.18
438434,0.12
438435,0.17
438437,0.14
438438,0.18
438444,0.1
438471,0.08
438506,0.16
438521,0.19
438524,0.25
438525,0.15
438534,0.09
438541,0.13
438546,0.09
438547,0.18
438564,0.06
438568,0.11
438570,0.13
438578,0.2
438582,0.19
438587,0.11
438604,0.14
438620,0.2
438621,0.17
438624,0.1
438634,0.32
438644,0.16
438645,0.16
438651,0.2
438659,0.14
438660,0.09
438662,0.14
438668,0.14
438673,0.19
438677,0.16
438683,0.33
438687,0.2
438700,0.17
438713,0.16
438714,0.13
438715,0.15
438717,0.12
438721,0.18
438738,0.12
438749,0.1
438750,0.11
438756,0.19
438771,0.15
438777,0.1
438781,0.11
438783,0.29
438786,0.47
438792,0.08
438802,0.16
438808,0.13
438814,0.1
438829,0.26
438846,0.15
438851,0.18
438856,0.45
438858,0.17
438861,0.08
438862,0.35
438876,0.24
438880,0.13
438891,0.17
438896,0.24
438898,0.2
438904,0.23
438908,0.1
438921,0.09
438923,0.16
438929,0.12
438942,0.13
438950,0.07
438979,0.4
438994,0.15
438995,0.08
438996,0.13
439002,0.27
439013,0.1
439015,0.14
439017,0.11
439029,0.12
439047,0.28
439048,0.06
439049,0.25
439050,0.13
439061,0.18
439065,0.25
439069,0.14
439070,0.2
439071,0.12
439072,0.15
439073,0.12
439076,0.06
439077,0.27
439078,0.13
439089,0.12
439095,0.15
439113,0.1
439122,0.12
439127,0.11
439153,0.13
439154,0.14
439157,0.15
439197,0.15
439205,0.14
439207,0.2
439209,0.09
439213,0.09
439218,0.19
439222,0.13
439229,0.18
439233,0.06
439235,0.06
439236,0.12
439239,0.2
439248,0.13
439255,0.24
439265,0.12
439266,0.3
439268,0.11
439270,0.12
439276,0.2
439285,0.07
439294,0.11
439296,0.26
439299,0.15
439310,0.21
439319,0.13
439320,0.1
439325,0.13
439327,0.11
439328,0.1
439334,0.06
439335,0.15
439339,0.19
439343,0.09
439353,0.17
439356,0.2
439374,0.13
439391,0.15
439400,0.14
439405,0.23
439413,0.07
439448,0.07
439451,0.1
439455,0.14
439468,0.12
439472,0.12
439473,0.21
439477,0.13
439483,0.07
439484,0.15
439501,0.22
439505,0.2
439512,0.16
439515,0.12
439525,0.14
439535,0.18
439539,0.11
439548,0.34
439549,0.14
439550,0.17
439551,0.16
439558,0.15
439562,0.08
439566,0.16
439571,0.18
439587,0.11
439591,0.25
439595,0.19
439611,0.15
439614,0.18
439618,0.36
439620,0.17
439626,0.18
439633,0.19
439657,0.13
439660,0.2
439661,0.15
439666,0.11
439673,0.09
439675,0.17
439705,0.17
439707,0.12
439720,0.15
439727,0.15
439733,0.22
439736,0.21
439737,0.13
439746,0.19
439755,0.16
439763,0.17
439765,0.12
439766,0.09
439768,0.12
439774,0.07
439779,0.07
439781,0.16
439784,0.15
439808,0.13
439816,0.12
439818,0.07
439820,0.1
439824,0.13
439830,0.14
439839,0.1
439841,0.37
439845,0.13
439874,0.14
439875,0.07
439879,0.16
439882,0.13
439883,0.16
439900,0.14
439901,0.11
439906,0.11
439909,0.16
439911,0.25
439914,0.08
439936,0.16
439937,0.12
439945,0.18
439950,0.15
439955,0.13
439956,0.11
439971,0.21
439977,0.13
439984,0.27
439985,0.17
439990,0.08
439994,0.18
440003,0.04
440030,0.12
440042,0.15
440048,0.13
440054,0.19
440073,0.19
440074,0.14
440080,0.14
440082,0.1
440085,0.13
440088,0.15
440091,0.07
440100,0.15
440103,0.1
440113,0.36
440119,0.11
440127,0.1
440130,0.19
440131,0.17
440135,0.22
440139,0.1
440147,0.22
440156,0.1
440158,0.13
440162,0.07
440163,0.14
440176,0.11
440181,0.15
440191,0.15
440192,0.14
440215,0.09
440219,0.24
440222,0.14
440238,0.08
440239,0.13
440244,0.12
440245,0.13
440252,0.12
440266,0.13
440267,0.11
440281,0.2
440283,0.14
440292,0.13
440307,0.18
440309,0.13
440313,0.1
440315,0.21
440320,0.19
440332,0.18
440336,0.14
440338,0.13
440342,0.22
440350,0.15
440352,0.08
440356,0.11
440359,0.07
440384,0.23
440395,0.14
440396,0.04
440397,0.2
440401,0.14
440408,0.19
440411,0.16
440425,0.11
440439,0.13
440451,0.22
440460,0.27
440463,0.15
440473,0.1
440479,0.14
440497,0.1
440506,0.17
440509,0.07
440518,0.14
440528,0.1
440536,0.25
440543,0.17
440561,0.11
440562,0.18
440566,0.16
440572,0.14
440574,0.13
440585,0.18
440592,0.13
440601,0.22
440606,0.21
440632,0.22
440643,0.13
440653,0.04
440669,0.12
440682,0.11
440691,0.11
440701,0.1
440706,0.24
440708,0.14
440714,0.28
440721,0.27
440723,0.26
440750,0.04
440759,0.24
440773,0.07
440792,0.25
440793,0.05
440798,0.29
440804,0.09
440819,0.16
440827,0.24
440851,0.14
440861,0.12
440862,0.17
440868,0.16
440874,0.15
440877,0.21
440883,0.06
440884,0.25
440886,0.09
440900,0.34
440902,0.11
440904,0.19
440910,0.13
440913,0.12
440915,0.12
440923,0.22
440924,0.08
440927,0.07
440936,0.09
440968,0.16
440973,0.09
440975,0.16
440979,0.16
440986,0.23
440987,0.08
440995,0.15
440998,0.16
441000,0.2
441004,0.23
441007,0.23
441014,0.18
441026,0.19
441032,0.2
441042,0.13
441051,0.27
441060,0.07
441061,0.1
441081,0.15
441082,0.16
441085,0.16
441087,0.1
441089,0.06
441091,0.14
441095,0.17
441114,0.13
441128,0.15
441138,0.13
441154,0.11
441156,0.2
441157,0.29
441175,0.16
441183,0.12
441189,0.18
441207,0.07
441209,0.32
441217,0.24
441228,0.11
441229,0.07
441239,0.14
441244,0.09
441256,0.12
441275,0.09
441278,0.18
441284,0.13
441288,0.16
441293,0.22
441294,0.23
441297,0.25
441298,0.13
441304,0.12
441316,0.11
441318,0.09
441351,0.15
441354,0.22
441363,0.1
441373,0.27
441375,0.13
441382,0.18
441385,0.06
441388,0.07
441392,0.29
441402,0.25
441413,0.22
441417,0.32
441427,0.18
441437,0.18
441453,0.29
441458,0.14
441459,0.15
441463,0.14
441466,0.22
441475,0.08
441479,0.1
441497,0.16
441501,0.2
441509,0.12
441513,0.12
441546,0.27
441547,0.07
441563,0.29
441565,0.1
441567,0.17
441576,0.17
441577,0.14
441578,0.16
441597,0.17
441607,0.06
441609,0.11
441611,0.13
441613,0.21
441622,0.16
441637,0.18
441638,0.08
441652,0.16
441660,0.14
441667,0.23
441671,0.13
441672,0.1
441675,0.22
441679,0.11
441700,0.08
441701,0.13
441711,0.07
441725,0.13
441732,0.14
441741,0.09
441743,0.12
441761,0.14
441763,0.16
441766,0.1
441778,0.13
441780,0.11
441782,0.17
441785,0.1
441796,0.13
441808,0.22
441809,0.17
441811,0.12
441825,0.08
441828,0.14
441835,0.18
441860,0.11
441865,0.17
441871,0.1
441874,0.13
441876,0.18
441885,0.17
441896,0.22
441908,0.13
441913,0.09
441921,0.18
441926,0.12
441936,0.15
441941,0.14
441947,0.13
441957,0.24
441961,0.17
441969,0.11
441979,0.24
441986,0.07
441987,0.05
441996,0.19
441997,0.09
441998,0.19
442001,0.1
442002,0.16
442003,0.11
442010,0.11
442013,0.12
442015,0.26
442026,0.15
442030,0.1
442032,0.28
442033,0.31
442039,0.19
442049,0.14
442054,0.12
442060,0.13
442065,0.15
442067,0.25
442074,0.05
442076,0.23
442080,0.16
442085,0.11
442093,0.08
442100,0.13
442123,0.17
442124,0.15
442128,0.16
442149,0.18
442151,0.21
442157,0.18
442158,0.17
442159,0.1
442161,0.05
442179,0.16
442187,0.15
442190,0.16
442195,0.2
442199,0.13
442233,0.09
442234,0.26
442235,0.19
442250,0.03
442256,0.11
442258,0.21
442264,0.22
442280,0.09
442288,0.09
442290,0.19
442293,0.15
442299,0.21
442303,0.31
442306,0.08
442308,0.11
442312,0.16
442315,0.11
442320,0.2
442321,0.2
442328,0.21
442331,0.26
442359,0.12
442361,0.11
442366,0.17
442368,0.15
442372,0.2
442378,0.19
442392,0.12
442393,0.16
442399,0.06
442401,0.26
442404,0.17
442405,0.18
442438,0.14
442442,0.19
442451,0.18
442452,0.12
442458,0.08
442461,0.15
442464,0.18
442468,0.1
442479,0.24
442484,0.14
442504,0.17
442505,0.07
442513,0.1
442520,0.12
442527,0.23
442539,0.12
442540,0.25
442541,0.15
442555,0.18
442577,0.12
442586,0.2
442588,0.12
442613,0.11
442616,0.24
442622,0.19
442626,0.13
442627,0.26
442641,0.14
442647,0.07
442653,0.15
442656,0.09
442662,0.12
442672,0.11
442682,0.14
442684,0.09
442685,0.14
442698,0.22
442709,0.16
442716,0.12
442718,0.15
442723,0.19
442724,0.2
442737,0.17
442742,0.25
442743,0.12
442746,0.19
442766,0.1
442767,0.27
442769,0.17
442792,0.09
442797,0.23
442799,0.06
442804,0.1
442807,0.1
442816,0.35
442819,0.13
442826,0.22
442831,0.23
442846,0.13
442854,0.2
442861,0.08
442862,0.17
442870,0.17
442875,0.09
442890,0.1
442891,0.22
442896,0.12
442897,0.15
442902,0.07
442903,0.2
442905,0.1
442915,0.2
442937,0.12
442947,0.35
442949,0.1
442954,0.28
442972,0.16
443012,0.25
443018,0.16
443029,0.12
443031,0.12
443033,0.07
443035,0.14
443039,0.09
443040,0.21
443051,0.27
443062,0.13
443069,0.19
443080,0.17
443081,0.16
443090,0.17
443092,0.06
443106,0.2
443119,0.16
443134,0.11
443161,0.09
443170,0.21
443177,0.14
443189,0.07
443193,0.17
443199,0.25
443212,0.21
443226,0.26
443230,0.09
443239,0.18
443241,0.09
443244,0.08
443249,0.14
443253,0.09
443262,0.05
443264,0.31
443266,0.11
443274,0.13
443283,0.09
443295,0.06
443304,0.23
443313,0.17
443317,0.09
443324,0.13
443339,0.13
443344,0.22
443345,0.11
443352,0.14
443355,0.17
443356,0.31
443360,0.19
443364,0.32
443368,0.17
443375,0.25
443380,0.18
443391,0.18
443392,0.06
443397,0.06
443403,0.1
443406,0.24
443420,0.17
443431,0.08
443441,0.2
443456,0.12
443457,0.2
443459,0.08
443460,0.13
443471,0.11
443474,0.09
443486,0.15
443487,0.16
443490,0.11
443492,0.22
443495,0.16
443505,0.19
443512,0.2
443555,0.11
443576,0.15
443582,0.07
443583,0.11
443585,0.17
443588,0.13
443592,0.13
443596,0.19
443597,0.05
443606,0.1
443607,0.14
443608,0.15
443611,0.12
443612,0.15
443618,0.4
443623,0.19
443632,0.16
443633,0.19
443634,0.17
443637,0.08
443638,0.27
443669,0.17
443672,0.16
443685,0.13
443686,0.15
443694,0.17
443695,0.13
443697,0.27
443700,0.18
443734,0.27
443738,0.17
443742,0.08
443759,0.08
443760,0.14
443770,0.07
443776,0.15
443788,0.1
443791,0.06
443792,0.14
443803,0.17
443808,0.08
443832,0.05
443842,0.17
443847,0.1
443853,0.1
443854,0.29
443868,0.12
443873,0.21
443879,0.07
443883,0.15
443891,0.11
443908,0.12
443910,0.19
443918,0.05
443927,0.09
443935,0.12
443965,0.29
443974,0.12
443984,0.1
443986,0.17
443991,0.1
443996,0.11
444008,0.1
444014,0.11
444015,0.08
444016,0.11
444018,0.15
444053,0.2
444058,0.13
444065,0.14
444069,0.09
444082,0.14
444087,0.15
444089,0.23
444093,0.28
444104,0.13
444113,0.08
444118,0.13
444122,0.06
444123,0.14
444128,0.19
444136,0.15
444152,0.16
444155,0.24
444182,0.11
444183,0.22
444185,0.18
444213,0.13
444229,0.17
444231,0.16
444234,0.11
444240,0.15
444249,0.18
444265,0.18
444268,0.12
444271,0.08
444278,0.11
444279,0.18
444283,0.18
444285,0.1
444291,0.12
444297,0.07
444313,0.2
444318,0.09
444322,0.13
444333,0.14
444334,0.13
444359,0.13
444367,0.17
444369,0.12
444370,0.24
444376,0.09
444384,0.1
444387,0.21
444406,0.15
444409,0.18
444412,0.07
444418,0.16
444420,0.23
444424,0.19
444429,0.12
444432,0.11
444434,0.12
444440,0.16
444444,0.14
444450,0.07
444456,0.17
444457,0.1
444461,0.28
444504,0.06
444515,0.22
444516,0.24
444517,0.15
444519,0.23
444540,0.07
444573,0.16
444581,0.07
444582,0.2
444602,0.29
444605,0.16
444611,0.1
444614,0.14
444622,0.22
444624,0.15
444625,0.22
444639,0.1
444658,0.2
444673,0.24
444696,0.1
444719,0.11
444729,0.25
444737,0.09
444743,0.25
444758,0.22
444764,0.17
444780,0.14
444789,0.16
444795,0.17
444811,0.22
444814,0.18
444825,0.07
444831,0.11
444832,0.11
444835,0.19
444840,0.26
444841,0.15
444842,0.13
444846,0.12
444849,0.2
444867,0.07
444876,0.28
444893,0.1
444896,0.14
444897,0.18
444907,0.11
444908,0.14
444932,0.17
444933,0.15
444936,0.11
444941,0.17
444942,0.16
444950,0.08
444956,0.09
444965,0.16
444966,0.14
444970,0.18
444971,0.26
444978,0.15
444982,0.13
444984,0.08
444986,0.19
445001,0.11
445016,0.05
445027,0.14
445029,0.11
445032,0.19
445037,0.17
445043,0.09
445044,0.19
445047,0.17
445052,0.21
445073,0.19
445075,0.07
445076,0.11
445092,0.15
445095,0.16
445106,0.1
445110,0.12
445123,0.1
445124,0.1
445141,0.14
445151,0.2
445160,0.18
445161,0.11
445164,0.19
445165,0.1
445169,0.24
445175,0.3
445178,0.12
445182,0.22
445183,0.18
445192,0.08
445193,0.19
445200,0.14
445202,0.09
445203,0.14
445207,0.15
445245,0.11
445256,0.1
445282,0.11
445294,0.18
445300,0.23
445316,0.16
445331,0.11
445332,0.05
445343,0.06
445345,0.23
445346,0.1
445354,0.12
445355,0.3
445356,0.1
445366,0.24
445369,0.16
445390,0.11
445392,0.16
445398,0.17
445401,0.16
445417,0.15
445427,0.09
445465,0.22
445469,0.1
445472,0.1
445475,0.19
445483,0.14
445484,0.17
445493,0.14
445496,0.16
445504,0.12
445505,0.21
445507,0.1
445531,0.35
445536,0.16
445544,0.08
445559,0.21
445580,0.07
445589,0.07
445591,0.08
445595,0.13
445601,0.08
445612,0.21
445639,0.12
445656,0.23
445666,0.09
445682,0.34
445686,0.18
445700,0.1
445713,0.23
445716,0.13
445725,0.14
445728,0.06
445731,0.08
445742,0.06
445743,0.32
445755,0.15
445766,0.18
445781,0.29
445798,0.1
445799,0.11
445801,0.23
445810,0.09
445813,0.18
445822,0.08
445824,0.18
445826,0.15
445828,0.08
445829,0.06
445838,0.12
445840,0.07
445845,0.15
445847,0.13
445849,0.15
445852,0.08
445853,0.19
445856,0.16
445863,0.15
445864,0.21
445871,0.25
445907,0.2
445908,0.09
445917,0.22
445919,0.23
445925,0.13
445930,0.05
445938,0.17
445943,0.23
445946,0.08
445948,0.2
445970,0.03
445972,0.08
445974,0.38
445976,0.03
445979,0.15
445993,0.1
446001,0.25
446004,0.21
446025,0.1
446026,0.12
446046,0.08
446048,0.12
446055,0.17
446064,0.29
446068,0.11
446078,0.09
446094,0.1
446096,0.27
446120,0.16
446131,0.14
446139,0.25
446157,0.14
446179,0.12
446180,0.23
446186,0.2
446189,0.26
446200,0.16
446208,0.37
446210,0.08
446214,0.09
446226,0.12
446229,0.13
446237,0.12
446247,0.08
446256,0.13
446273,0.17
446286,0.11
446296,0.09
446302,0.14
446310,0.11
446315,0.16
446319,0.3
446320,0.1
446322,0.13
446356,0.25
446374,0.22
446375,0.11
446406,0.06
446407,0.1
446426,0.14
446428,0.18
446431,0.16
446433,0.05
446437,0.13
446441,0.12
446452,0.14
446464,0.18
446466,0.14
446468,0.16
446469,0.09
446472,0.28
446476,0.17
446478,0.05
446485,0.09
446499,0.05
446503,0.12
446504,0.05
446509,0.09
446512,0.28
446525,0.11
446534,0.1
446535,0.21
446543,0.24
446546,0.11
446550,0.2
446555,0.34
446560,0.15
446564,0.15
446572,0.08
446593,0.14
446616,0.24
446617,0.06
446625,0.11
446626,0.15
446631,0.28
446643,0.16
446647,0.08
446652,0.11
446655,0.17
446657,0.22
446663,0.16
446665,0.21
446676,0.07
446684,0.22
446694,0.07
446699,0.11
446702,0.12
446713,0.15
446720,0.19
446724,0.14
446728,0.29
446730,0.17
446738,0.16
446742,0.13
446743,0.07
446744,0.11
446750,0.11
446759,0.1
446760,0.24
446772,0.08
446786,0.13
446799,0.06
446800,0.3
446803,0.26
446812,0.11
446813,0.19
446815,0.13
446816,0.09
446832,0.21
446845,0.12
446846,0.07
446847,0.09
446850,0.1
446851,0.28
446855,0.08
446856,0.09
446867,0.04
446877,0.2
446880,0.16
446885,0.14
446892,0.17
446905,0.28
446909,0.24
446924,0.14
446935,0.06
446944,0.16
446945,0.13
446949,0.1
446952,0.05
446957,0.11
446961,0.1
446979,0.14
446980,0.17
446987,0.19
446991,0.12
447001,0.05
447013,0.17
447014,0.14
447023,0.15
447062,0.04
447072,0.14
447082,0.19
447084,0.18
447087,0.19
447092,0.12
447106,0.16
447107,0.23
447112,0.08
447147,0.19
447160,0.17
447176,0.12
447184,0.19
447188,0.1
447190,0.16
447191,0.18
447198,0.21
447199,0.1
447200,0.15
447202,0.1
447209,0.28
447210,0.19
447228,0.23
447230,0.16
447235,0.18
447246,0.23
447248,0.12
447263,0.14
447265,0.2
447272,0.06
447285,0.12
447293,0.2
447305,0.18
447312,0.16
447326,0.15
447327,0.16
447361,0.16
447367,0.28
447381,0.21
447387,0.24
447390,0.14
447391,0.13
447416,0.12
447419,0.14
447420,0.08
447422,0.11
447425,0.1
447444,0.21
447458,0.12
447460,0.12
447467,0.09
447479,0.16
447482,0.15
447496,0.17
447504,0.11
447507,0.14
447519,0.11
447522,0.17
447528,0.16
447529,0.14
447532,0.12
447540,0.17
447543,0.12
447546,0.13
447554,0.09
447571,0.17
447575,0.09
447591,0.11
447599,0.22
447600,0.17
447601,0.12
447606,0.09
447607,0.11
447618,0.17
447621,0.08
447633,0.16
447638,0.05
447642,0.11
447644,0.17
447654,0.32
447670,0.08
447671,0.12
447672,0.14
447674,0.14
447676,0.18
447692,0.33
447696,0.13
447698,0.12
447704,0.12
447705,0.12
447708,0.12
447709,0.25
447715,0.13
447727,0.15
447736,0.16
447742,0.2
447743,0.18
447745,0.2
447748,0.32
447751,0.21
447752,0.15
447796,0.05
447810,0.12
447812,0.15
447814,0.36
447815,0.16
447816,0.17
447817,0.25
447835,0.12
447842,0.15
447844,0.15
447862,0.3
447865,0.15
447868,0.15
447873,0.09
447876,0.12
447881,0.17
447882,0.32
447883,0.13
447904,0.12
447907,0.26
447915,0.29
447931,0.13
447945,0.2
447947,0.13
447958,0.11
447967,0.14
447968,0.2
447972,0.15
447975,0.18
447976,0.11
447978,0.05
447983,0.08
447993,0.22
447998,0.15
448001,0.12
448005,0.13
448007,0.27
448011,0.17
448012,0.11
448016,0.12
448030,0.09
448039,0.31
448040,0.06
448045,0.16
448046,0.2
448051,0.11
448084,0.16
448091,0.27
448100,0.12
448125,0.17
448143,0.14
448146,0.14
448150,0.17
448160,0.19
448163,0.11
448165,0.2
448182,0.07
448185,0.15
448188,0.14
448189,0.12
448209,0.21
448210,0.13
448218,0.08
448224,0.18
448241,0.1
448243,0.1
448244,0.11
448245,0.13
448254,0.18
448278,0.1
448279,0.11
448282,0.23
448284,0.11
448285,0.34
448301,0.14
448302,0.4
448305,0.09
448317,0.12
448330,0.18
448335,0.13
448338,0.09
448340,0.08
448341,0.07
448347,0.41
448350,0.18
448353,0.2
448361,0.1
448370,0.17
448380,0.27
448400,0.2
448411,0.18
448412,0.22
448417,0.15
448420,0.14
448422,0.11
448424,0.06
448447,0.22
448459,0.17
448464,0.09
448470,0.1
448490,0.07
448494,0.1
448500,0.23
448515,0.07
448522,0.19
448526,0.12
448536,0.32
448548,0.08
448566,0.15
448573,0.15
448584,0.12
448585,0.1
448597,0.08
448599,0.21
448601,0.09
448604,0.18
448606,0.12
448610,0.11
448642,0.15
448660,0.13
448669,0.14
448674,0.18
448675,0.19
448678,0.15
448690,0.11
448693,0.12
448695,0.21
448700,0.1
448703,0.08
448704,0.11
448707,0.09
448720,0.35
448727,0.24
448728,0.2
448734,0.3
448746,0.17
448755,0.09
448760,0.18
448770,0.14
448778,0.21
448788,0.18
448790,0.28
448801,0.15
448805,0.11
448806,0.11
448812,0.11
448817,0.15
448834,0.11
448837,0.3
448838,0.17
448853,0.21
448856,0.16
448868,0.11
448876,0.16
448909,0.31
448917,0.14
448919,0.19
448922,0.25
448931,0.05
448935,0.09
448937,0.11
448940,0.1
448948,0.16
448958,0.14
448967,0.23
448968,0.1
448973,0.25
448993,0.13
449000,0.24
449011,0.26
449015,0.15
449030,0.18
449035,0.09
449040,0.08
449045,0.12
449060,0.17
449081,0.08
449082,0.15
449087,0.23
449095,0.12
449105,0.16
449110,0.14
449117,0.13
449126,0.14
449134,0.19
449141,0.14
449148,0.2
449155,0.13
449158,0.29
449160,0.09
449178,0.24
449180,0.12
449183,0.11
449186,0.1
449193,0.08
449196,0.13
449203,0.11
449213,0.2
449214,0.08
449215,0.17
449216,0.14
449224,0.12
449227,0.13
449230,0.06
449233,0.3
449253,0.11
449254,0.15
449264,0.3
449289,0.3
449302,0.14
449308,0.21
449314,0.08
449322,0.2
449323,0.16
449364,0.1
449368,0.08
449391,0.08
449403,0.13
449408,0.07
449409,0.05
449412,0.16
449424,0.27
449427,0.13
449462,0.19
449465,0.06
449469,0.12
449475,0.08
449476,0.3
449483,0.1
449484,0.14
449487,0.09
449492,0.13
449499,0.23
449502,0.14
449506,0.14
449508,0.11
449514,0.11
449517,0.17
449534,0.13
449540,0.06
449543,0.2
449545,0.18
449548,0.19
449555,0.14
449556,0.26
449558,0.05
449566,0.15
449574,0.15
449576,0.1
449578,0.15
449581,0.08
449586,0.12
449591,0.14
449594,0.24
449599,0.12
449606,0.12
449615,0.1
449616,0.11
449625,0.16
449633,0.13
449636,0.23
449637,0.28
449642,0.19
449683,0.27
449684,0.11
449711,0.09
449713,0.09
449716,0.27
449741,0.08
449745,0.11
449747,0.12
449756,0.11
449759,0.13
449760,0.22
449768,0.15
449773,0.24
449775,0.09
449780,0.09
449788,0.12
449792,0.09
449802,0.18
449812,0.21
449815,0.21
449818,0.1
449820,0.17
449821,0.14
449822,0.21
449831,0.1
449837,0.11
449855,0.2
449857,0.15
449865,0.17
449866,0.08
449871,0.06
449873,0.14
449874,0.11
449877,0.09
449881,0.08
449889,0.19
449893,0.1
449894,0.21
449897,0.24
449900,0.14
449910,0.06
449924,0.26
449928,0.15
449932,0.4
449942,0.11
449947,0.24
449955,0.08
449972,0.17
449984,0.19
450004,0.1
450027,0.13
450029,0.13
450035,0.21
450038,0.12
450042,0.38
450044,0.12
450060,0.13
450065,0.1
450076,0.17
450081,0.21
450083,0.11
450096,0.19
450102,0.17
450107,0.24
450109,0.16
450110,0.09
450111,0.16
450114,0.13
450117,0.15
450118,0.15
450124,0.22
450141,0.19
450145,0.08
450148,0.16
450169,0.16
450172,0.21
450173,0.13
450180,0.13
450182,0.12
450190,0.11
450200,0.16
450216,0.1
450221,0.17
450227,0.22
450229,0.14
450233,0.1
450244,0.16
450251,0.37
450260,0.1
450266,0.18
450267,0.26
450272,0.07
450280,0.1
450287,0.16
450290,0.15
450291,0.39
450303,0.03
450310,0.09
450311,0.14
450358,0.18
450373,0.19
450376,0.21
450383,0.08
450395,0.26
450398,0.3
450412,0.2
450415,0.09
450420,0.12
450421,0.31
450427,0.07
450428,0.08
450429,0.12
450433,0.12
450443,0.1
450453,0.13
450454,0.1
450458,0.1
450464,0.16
450469,0.23
450475,0.25
450478,0.25
450498,0.11
450501,0.26
450503,0.09
450513,0.23
450523,0.18
450530,0.24
450537,0.13
450543,0.13
450554,0.21
450555,0.17
450558,0.18
450568,0.13
450569,0.07
450580,0.16
450581,0.14
450588,0.17
450589,0.19
450602,0.18
450603,0.05
450621,0.15
450626,0.42
450640,0.13
450641,0.13
450644,0.17
450658,0.19
450672,0.33
450685,0.16
450687,0.34
450689,0.18
450690,0.12
450693,0.15
450699,0.1
450706,0.22
450708,0.21
450710,0.12
450716,0.15
450722,0.13
450752,0.24
450759,0.14
450763,0.12
450767,0.18
450768,0.21
450772,0.13
450778,0.16
450781,0.17
450788,0.12
450792,0.11
450817,0.06
450820,0.13
450835,0.29
450848,0.3
450853,0.39
450865,0.13
450878,0.14
450883,0.1
450885,0.21
450896,0.18
450897,0.13
450898,0.26
450904,0.17
450908,0.27
450917,0.1
450921,0.17
450923,0.15
450926,0.19
450929,0.17
450937,0.18
450963,0.15
450971,0.19
450973,0.18
450978,0.23
450982,0.09
450995,0.22
450997,0.14
451033,0.07
451035,0.09
451037,0.22
451039,0.1
451063,0.09
451079,0.16
451081,0.09
451083,0.15
451100,0.13
451101,0.09
451104,0.1
451109,0.14
451119,0.08
451124,0.1
451126,0.05
451146,0.23
451155,0.13
451156,0.13
451160,0.24
451163,0.16
451168,0.17
451175,0.05
451184,0.1
451189,0.18
451206,0.15
451208,0.14
451225,0.08
451226,0.11
451228,0.25
451230,0.22
451235,0.17
451239,0.12
451242,0.06
451247,0.21
451248,0.12
451255,0.17
451261,0.19
451270,0.25
451277,0.09
451278,0.23
451282,0.19
451283,0.13
451302,0.11
451310,0.16
451315,0.14
451328,0.14
451330,0.2
451331,0.26
451338,0.12
451342,0.27
451347,0.13
451350,0.17
451351,0.12
451354,0.15
451358,0.1
451370,0.08
451379,0.23
451383,0.14
451390,0.24
451391,0.17
451392,0.21
451412,0.17
451422,0.13
451429,0.12
451432,0.12
451437,0.14
451442,0.17
451455,0.2
451457,0.18
451464,0.1
451472,0.19
451474,0.24
451488,0.15
451512,0.15
451516,0.28
451519,0.37
451528,0.13
451531,0.21
451551,0.19
451564,0.1
451570,0.15
451571,0.2
451575,0.12
451576,0.18
451582,0.27
451586,0.13
451587,0.22
451594,0.2
451596,0.16
451600,0.22
451615,0.14
451616,0.16
451646,0.25
451648,0.19
451650,0.15
451651,0.13
451662,0.12
451675,0.12
451680,0.09
451682,0.16
451688,0.22
451691,0.14
451698,0.12
451703,0.12
451709,0.17
451714,0.12
451716,0.15
451719,0.15
451724,0.2
451726,0.17
451733,0.13
451743,0.2
451747,0.11
451756,0.1
451761,0.17
451762,0.14
451768,0.08
451785,0.09
451805,0.1
451811,0.3
451817,0.18
451823,0.29
451831,0.1
451840,0.08
451845,0.15
451852,0.3
451855,0.13
451856,0.11
451871,0.19
451873,0.19
451897,0.15
451907,0.24
451908,0.2
451919,0.13
451932,0.12
451934,0.11
451935,0.16
451936,0.28
451938,0.13
451954,0.17
451958,0.23
451976,0.29
451977,0.12
451983,0.23
452000,0.17
452023,0.12
452024,0.06
452028,0.09
452039,0.13
452043,0.08
452047,0.11
452067,0.26
452069,0.14
452071,0.13
452096,0.22
452101,0.19
452107,0.19
452108,0.24
452109,0.18
452123,0.11
452127,0.08
452131,0.15
452133,0.12
452136,0.2
452137,0.19
452142,0.16
452147,0.11
452158,0.17
452172,0.18
452190,0.19
452191,0.09
452192,0.08
452195,0.12
452209,0.15
452237,0.11
452239,0.1
452242,0.2
452246,0.08
452249,0.17
452263,0.15
452267,0.15
452273,0.21
452274,0.3
452291,0.28
452310,0.29
452319,0.22
452325,0.14
452328,0.18
452330,0.16
452332,0.19
452337,0.14
452353,0.25
452356,0.27
452368,0.07
452379,0.25
452380,0.36
452396,0.18
452398,0.14
452401,0.09
452408,0.13
452409,0.28
452414,0.14
452418,0.23
452422,0.26
452430,0.2
452432,0.11
452451,0.15
452455,0.12
452495,0.2
452497,0.22
452511,0.11
452514,0.12
452522,0.18
452529,0.15
452530,0.24
452542,0.14
452545,0.15
452558,0.12
452592,0.14
452604,0.11
452616,0.16
452619,0.14
452620,0.12
452630,0.12
452644,0.25
452658,0.17
452663,0.14
452668,0.13
452672,0.18
452679,0.17
452685,0.16
452690,0.24
452701,0.12
452702,0.23
452708,0.15
452714,0.14
452718,0.16
452731,0.13
452733,0.21
452741,0.12
452748,0.17
452750,0.08
452753,0.08
452759,0.09
452767,0.26
452768,0.36
452788,0.16
452802,0.1
452807,0.18
452819,0.14
452820,0.09
452821,0.04
452840,0.29
452851,0.19
452861,0.15
452865,0.1
452871,0.19
452882,0.14
452903,0.14
452906,0.22
452907,0.18
452914,0.14
452929,0.12
452931,0.28
452932,0.2
452948,0.11
452950,0.07
452963,0.2
452974,0.1
452982,0.12
452984,0.26
452994,0.1
452995,0.31
452998,0.13
453003,0.26
453021,0.12
453040,0.18
453042,0.23
453052,0.13
453056,0.1
453066,0.19
453067,0.12
453072,0.15
453085,0.17
453093,0.12
453094,0.08
453100,0.1
453101,0.04
453107,0.21
453110,0.2
453111,0.33
453113,0.1
453114,0.13
453124,0.12
453129,0.14
453142,0.14
453145,0.19
453152,0.09
453159,0.11
453168,0.12
453196,0.27
453212,0.16
453214,0.22
453215,0.13
453220,0.18
453230,0.26
453233,0.16
453235,0.09
453244,0.13
453248,0.26
453262,0.1
453268,0.18
453283,0.07
453284,0.22
453287,0.14
453299,0.12
453314,0.13
453322,0.1
453349,0.34
453354,0.25
453356,0.19
453359,0.14
453366,0.23
453367,0.25
453372,0.12
453378,0.3
453390,0.12
453397,0.18
453403,0.17
453406,0.28
453412,0.22
453415,0.27
453428,0.19
453431,0.11
453442,0.11
453449,0.2
453465,0.12
453473,0.26
453476,0.21
453479,0.12
453480,0.11
453481,0.12
453493,0.11
453494,0.18
453507,0.16
453509,0.15
453514,0.18
453524,0.08
453534,0.12
453538,0.19
453544,0.28
453549,0.17
453550,0.18
453551,0.09
453556,0.1
453560,0.23
453566,0.15
453569,0.15
453579,0.1
453582,0.13
453586,0.28
453618,0.08
453620,0.2
453655,0.2
453659,0.1
453668,0.09
453681,0.09
453686,0.16
453687,0.17
453704,0.13
453707,0.2
453708,0.06
453709,0.17
453715,0.13
453721,0.15
453725,0.13
453727,0.09
453747,0.13
453753,0.18
453755,0.09
453761,0.16
453763,0.15
453766,0.1
453774,0.05
453781,0.3
453790,0.17
453797,0.31
453808,0.22
453814,0.24
453836,0.22
453837,0.11
453843,0.11
453844,0.1
453871,0.17
453881,0.3
453892,0.25
453893,0.11
453894,0.16
453895,0.11
453903,0.25
453906,0.2
453918,0.15
453924,0.23
453930,0.3
453940,0.11
453944,0.2
453947,0.25
453949,0.14
453952,0.15
453959,0.3
453971,0.15
453986,0.28
453988,0.1
453989,0.23
453999,0.16
454007,0.22
454021,0.12
454023,0.26
454036,0.22
454046,0.11
454052,0.15
454066,0.12
454070,0.21
454071,0.12
454075,0.15
454080,0.12
454085,0.13
454097,0.22
454103,0.11
454105,0.12
454108,0.17
454109,0.11
454137,0.18
454150,0.12
454155,0.1
454164,0.21
454165,0.15
454170,0.23
454173,0.17
454181,0.22
454183,0.28
454188,0.2
454192,0.11
454198,0.25
454200,0.11
454209,0.06
454211,0.24
454212,0.13
454218,0.29
454220,0.14
454231,0.13
454242,0.1
454245,0.12
454261,0.17
454269,0.1
454271,0.15
454287,0.23
454293,0.13
454296,0.18
454304,0.17
454313,0.22
454315,0.3
454321,0.09
454333,0.21
454334,0.13
454345,0.17
454347,0.15
454361,0.2
454380,0.14
454382,0.25
454386,0.15
454390,0.2
454396,0.15
454398,0.31
454403,0.15
454405,0.19
454406,0.13
454412,0.1
454418,0.17
454436,0.2
454443,0.08
454449,0.1
454457,0.3
454466,0.13
454471,0.21
454476,0.35
454489,0.34
454493,0.2
454495,0.13
454497,0.1
454522,0.06
454554,0.29
454557,0.11
454560,0.11
454561,0.06
454563,0.12
454565,0.1
454566,0.13
454578,0.19
454605,0.12
454608,0.19
454612,0.17
454618,0.13
454622,0.12
454631,0.24
454638,0.21
454639,0.19
454640,0.21
454653,0.18
454663,0.15
454664,0.18
454674,0.27
454678,0.22
454680,0.16
454687,0.12
454690,0.08
454698,0.25
454700,0.2
454707,0.07
454714,0.14
454722,0.17
454723,0.13
454739,0.14
454745,0.08
454763,0.16
454765,0.14
454774,0.11
454778,0.12
454780,0.23
454781,0.19
454789,0.16
454801,0.19
454802,0.21
454835,0.19
454837,0.17
454841,0.12
454872,0.26
454878,0.1
454884,0.11
454891,0.14
454897,0.17
454908,0.1
454912,0.14
454922,0.06
454929,0.09
454935,0.09
454946,0.27
454959,0.18
454970,0.13
454991,0.09
455002,0.29
455005,0.2
455016,0.23
455021,0.1
455022,0.12
455024,0.23
455044,0.18
455050,0.09
455055,0.19
455056,0.16
455067,0.18
455069,0.19
455082,0.22
455087,0.06
455088,0.12
455112,0.16
455126,0.14
455132,0.1
455135,0.18
455148,0.15
455156,0.13
455161,0.17
455162,0.21
455164,0.29
455171,0.24
455174,0.07
455175,0.14
455184,0.25
455188,0.11
455200,0.22
455209,0.17
455212,0.18
455217,0.19
455222,0.15
455223,0.14
455228,0.16
455243,0.13
455246,0.11
455255,0.16
455262,0.19
455268,0.14
455277,0.27
455281,0.24
455296,0.16
455297,0.13
455322,0.07
455326,0.41
455327,0.3
455328,0.13
455368,0.08
455374,0.29
455377,0.07
455378,0.13
455379,0.17
455395,0.12
455424,0.3
455425,0.13
455429,0.12
455434,0.26
455436,0.16
455438,0.2
455439,0.15
455440,0.22
455441,0.11
455481,0.05
455482,0.12
455483,0.11
455484,0.17
455489,0.18
455490,0.15
455513,0.31
455515,0.15
455536,0.09
455537,0.12
455538,0.11
455539,0.25
455567,0.26
455583,0.12
455607,0.09
455636,0.26
455638,0.22
455640,0.28
455644,0.15
455645,0.16
455648,0.14
455650,0.12
455658,0.14
455694,0.1
455695,0.1
455696,0.15
455703,0.16
455742,0.11
455748,0.12
455749,0.22
455750,0.25
455751,0.2
455752,0.16
455787,0.16
455798,0.13
455802,0.17
455803,0.15
455804,0.19
455805,0.17
455829,0.19
455840,0.15
455849,0.09
455850,0.2
455852,0.27
455854,0.19
455863,0.17
455897,0.17
455902,0.16
455907,0.08
455908,0.08
455909,0.12
455940,0.17
455955,0.2
455958,0.17
455959,0.22
455960,0.08
455961,0.21
455962,0.23
455963,0.23
455965,0.06
456007,0.31
456008,0.19
456009,0.13
456010,0.15
456011,0.13
456013,0.2
456028,0.21
456058,0.21
456111,0.24
456114,0.25
456115,0.16
456116,0.09
456119,0.17
456120,0.19
456122,0.28
456123,0.16
456166,0.2
456167,0.16
456168,0.1
456169,0.16
456170,0.14
456189,0.09
456202,0.27
456221,0.17
456222,0.15
456223,0.12
456224,0.06
456250,0.19
